Date,Symbol,Available Supply,Unlocked Supply,Initial Core Contributors,Early Backers: Series A&B,Early Backers: Seed,R&D & Ecosystem,Public Allocation
Oct 30 2027,TIA,1000000000.00,1000000000.00,176000000.00,197000000.00,159000000.00,268000000.00,200000000.00
Oct 28 2027,TIA,999525799.09,999525799.09,176000000.00,197000000.00,159000000.00,267525799.09,200000000.00
Oct 27 2027,TIA,999342237.44,999342237.44,176000000.00,197000000.00,159000000.00,267342237.44,200000000.00
Oct 25 2027,TIA,998975114.16,998975114.16,176000000.00,197000000.00,159000000.00,266975114.16,200000000.00
Oct 23 2027,TIA,998607990.87,998607990.87,176000000.00,197000000.00,159000000.00,266607990.87,200000000.00
Oct 22 2027,TIA,998424429.22,998424429.22,176000000.00,197000000.00,159000000.00,266424429.22,200000000.00
Oct 20 2027,TIA,998057305.94,998057305.94,176000000.00,197000000.00,159000000.00,266057305.94,200000000.00
Oct 19 2027,TIA,997873744.29,997873744.29,176000000.00,197000000.00,159000000.00,265873744.29,200000000.00
Oct 17 2027,TIA,997506621.00,997506621.00,176000000.00,197000000.00,159000000.00,265506621.00,200000000.00
Oct 15 2027,TIA,997139497.72,997139497.72,176000000.00,197000000.00,159000000.00,265139497.72,200000000.00
Oct 14 2027,TIA,996955936.07,996955936.07,176000000.00,197000000.00,159000000.00,264955936.07,200000000.00
Oct 12 2027,TIA,996588812.79,996588812.79,176000000.00,197000000.00,159000000.00,264588812.79,200000000.00
Oct 10 2027,TIA,996221689.50,996221689.50,176000000.00,197000000.00,159000000.00,264221689.50,200000000.00
Oct 09 2027,TIA,996038127.85,996038127.85,176000000.00,197000000.00,159000000.00,264038127.85,200000000.00
Oct 07 2027,TIA,995671004.57,995671004.57,176000000.00,197000000.00,159000000.00,263671004.57,200000000.00
Oct 05 2027,TIA,995303881.28,995303881.28,176000000.00,197000000.00,159000000.00,263303881.28,200000000.00
Oct 04 2027,TIA,995120319.63,995120319.63,176000000.00,197000000.00,159000000.00,263120319.63,200000000.00
Oct 02 2027,TIA,994753196.35,994753196.35,176000000.00,197000000.00,159000000.00,262753196.35,200000000.00
Oct 01 2027,TIA,994569634.70,994569634.70,176000000.00,197000000.00,159000000.00,262569634.70,200000000.00
Sep 29 2027,TIA,994202511.42,994202511.42,176000000.00,197000000.00,159000000.00,262202511.42,200000000.00
Sep 27 2027,TIA,993835388.13,993835388.13,176000000.00,197000000.00,159000000.00,261835388.13,200000000.00
Sep 26 2027,TIA,993651826.48,993651826.48,176000000.00,197000000.00,159000000.00,261651826.48,200000000.00
Sep 24 2027,TIA,993284703.20,993284703.20,176000000.00,197000000.00,159000000.00,261284703.20,200000000.00
Sep 22 2027,TIA,992917579.91,992917579.91,176000000.00,197000000.00,159000000.00,260917579.91,200000000.00
Sep 21 2027,TIA,992734018.26,992734018.26,176000000.00,197000000.00,159000000.00,260734018.26,200000000.00
Sep 19 2027,TIA,992366894.98,992366894.98,176000000.00,197000000.00,159000000.00,260366894.98,200000000.00
Sep 17 2027,TIA,991999771.69,991999771.69,176000000.00,197000000.00,159000000.00,259999771.69,200000000.00
Sep 16 2027,TIA,991816210.05,991816210.05,176000000.00,197000000.00,159000000.00,259816210.05,200000000.00
Sep 14 2027,TIA,991449086.76,991449086.76,176000000.00,197000000.00,159000000.00,259449086.76,200000000.00
Sep 12 2027,TIA,991081963.47,991081963.47,176000000.00,197000000.00,159000000.00,259081963.47,200000000.00
Sep 11 2027,TIA,990898401.83,990898401.83,176000000.00,197000000.00,159000000.00,258898401.83,200000000.00
Sep 09 2027,TIA,990531278.54,990531278.54,176000000.00,197000000.00,159000000.00,258531278.54,200000000.00
Sep 08 2027,TIA,990347716.89,990347716.89,176000000.00,197000000.00,159000000.00,258347716.89,200000000.00
Sep 06 2027,TIA,989980593.61,989980593.61,176000000.00,197000000.00,159000000.00,257980593.61,200000000.00
Sep 04 2027,TIA,989613470.32,989613470.32,176000000.00,197000000.00,159000000.00,257613470.32,200000000.00
Sep 03 2027,TIA,989429908.68,989429908.68,176000000.00,197000000.00,159000000.00,257429908.68,200000000.00
Sep 01 2027,TIA,989062785.39,989062785.39,176000000.00,197000000.00,159000000.00,257062785.39,200000000.00
Aug 30 2027,TIA,988695662.10,988695662.10,176000000.00,197000000.00,159000000.00,256695662.10,200000000.00
Aug 29 2027,TIA,988512100.46,988512100.46,176000000.00,197000000.00,159000000.00,256512100.46,200000000.00
Aug 27 2027,TIA,988144977.17,988144977.17,176000000.00,197000000.00,159000000.00,256144977.17,200000000.00
Aug 25 2027,TIA,987777853.88,987777853.88,176000000.00,197000000.00,159000000.00,255777853.88,200000000.00
Aug 24 2027,TIA,987594292.24,987594292.24,176000000.00,197000000.00,159000000.00,255594292.24,200000000.00
Aug 22 2027,TIA,987227168.95,987227168.95,176000000.00,197000000.00,159000000.00,255227168.95,200000000.00
Aug 21 2027,TIA,987043607.31,987043607.31,176000000.00,197000000.00,159000000.00,255043607.31,200000000.00
Aug 19 2027,TIA,986676484.02,986676484.02,176000000.00,197000000.00,159000000.00,254676484.02,200000000.00
Aug 17 2027,TIA,986309360.73,986309360.73,176000000.00,197000000.00,159000000.00,254309360.73,200000000.00
Aug 16 2027,TIA,986125799.09,986125799.09,176000000.00,197000000.00,159000000.00,254125799.09,200000000.00
Aug 14 2027,TIA,985758675.80,985758675.80,176000000.00,197000000.00,159000000.00,253758675.80,200000000.00
Aug 12 2027,TIA,985391552.51,985391552.51,176000000.00,197000000.00,159000000.00,253391552.51,200000000.00
Aug 11 2027,TIA,985207990.87,985207990.87,176000000.00,197000000.00,159000000.00,253207990.87,200000000.00
Aug 09 2027,TIA,984840867.58,984840867.58,176000000.00,197000000.00,159000000.00,252840867.58,200000000.00
Aug 07 2027,TIA,984473744.29,984473744.29,176000000.00,197000000.00,159000000.00,252473744.29,200000000.00
Aug 06 2027,TIA,984290182.65,984290182.65,176000000.00,197000000.00,159000000.00,252290182.65,200000000.00
Aug 04 2027,TIA,983923059.36,983923059.36,176000000.00,197000000.00,159000000.00,251923059.36,200000000.00
Aug 03 2027,TIA,983739497.72,983739497.72,176000000.00,197000000.00,159000000.00,251739497.72,200000000.00
Aug 01 2027,TIA,983372374.43,983372374.43,176000000.00,197000000.00,159000000.00,251372374.43,200000000.00
Jul 30 2027,TIA,983005251.14,983005251.14,176000000.00,197000000.00,159000000.00,251005251.14,200000000.00
Jul 29 2027,TIA,982821689.50,982821689.50,176000000.00,197000000.00,159000000.00,250821689.50,200000000.00
Jul 27 2027,TIA,982454566.21,982454566.21,176000000.00,197000000.00,159000000.00,250454566.21,200000000.00
Jul 25 2027,TIA,982087442.92,982087442.92,176000000.00,197000000.00,159000000.00,250087442.92,200000000.00
Jul 24 2027,TIA,981903881.28,981903881.28,176000000.00,197000000.00,159000000.00,249903881.28,200000000.00
Jul 22 2027,TIA,981536757.99,981536757.99,176000000.00,197000000.00,159000000.00,249536757.99,200000000.00
Jul 20 2027,TIA,981169634.70,981169634.70,176000000.00,197000000.00,159000000.00,249169634.70,200000000.00
Jul 19 2027,TIA,980986073.06,980986073.06,176000000.00,197000000.00,159000000.00,248986073.06,200000000.00
Jul 17 2027,TIA,980618949.77,980618949.77,176000000.00,197000000.00,159000000.00,248618949.77,200000000.00
Jul 15 2027,TIA,980251826.48,980251826.48,176000000.00,197000000.00,159000000.00,248251826.48,200000000.00
Jul 14 2027,TIA,980068264.84,980068264.84,176000000.00,197000000.00,159000000.00,248068264.84,200000000.00
Jul 12 2027,TIA,979701141.55,979701141.55,176000000.00,197000000.00,159000000.00,247701141.55,200000000.00
Jul 11 2027,TIA,979517579.91,979517579.91,176000000.00,197000000.00,159000000.00,247517579.91,200000000.00
Jul 09 2027,TIA,979150456.62,979150456.62,176000000.00,197000000.00,159000000.00,247150456.62,200000000.00
Jul 07 2027,TIA,978783333.33,978783333.33,176000000.00,197000000.00,159000000.00,246783333.33,200000000.00
Jul 06 2027,TIA,978599771.69,978599771.69,176000000.00,197000000.00,159000000.00,246599771.69,200000000.00
Jul 04 2027,TIA,978232648.40,978232648.40,176000000.00,197000000.00,159000000.00,246232648.40,200000000.00
Jul 02 2027,TIA,977865525.11,977865525.11,176000000.00,197000000.00,159000000.00,245865525.11,200000000.00
Jul 01 2027,TIA,977681963.47,977681963.47,176000000.00,197000000.00,159000000.00,245681963.47,200000000.00
Jun 29 2027,TIA,977314840.18,977314840.18,176000000.00,197000000.00,159000000.00,245314840.18,200000000.00
Jun 27 2027,TIA,976947716.89,976947716.89,176000000.00,197000000.00,159000000.00,244947716.89,200000000.00
Jun 26 2027,TIA,976764155.25,976764155.25,176000000.00,197000000.00,159000000.00,244764155.25,200000000.00
Jun 24 2027,TIA,976397031.96,976397031.96,176000000.00,197000000.00,159000000.00,244397031.96,200000000.00
Jun 23 2027,TIA,976213470.32,976213470.32,176000000.00,197000000.00,159000000.00,244213470.32,200000000.00
Jun 21 2027,TIA,975846347.03,975846347.03,176000000.00,197000000.00,159000000.00,243846347.03,200000000.00
Jun 19 2027,TIA,975479223.74,975479223.74,176000000.00,197000000.00,159000000.00,243479223.74,200000000.00
Jun 18 2027,TIA,975295662.10,975295662.10,176000000.00,197000000.00,159000000.00,243295662.10,200000000.00
Jun 16 2027,TIA,974928538.81,974928538.81,176000000.00,197000000.00,159000000.00,242928538.81,200000000.00
Jun 14 2027,TIA,974561415.53,974561415.53,176000000.00,197000000.00,159000000.00,242561415.53,200000000.00
Jun 13 2027,TIA,974377853.88,974377853.88,176000000.00,197000000.00,159000000.00,242377853.88,200000000.00
Jun 11 2027,TIA,974010730.59,974010730.59,176000000.00,197000000.00,159000000.00,242010730.59,200000000.00
Jun 09 2027,TIA,973643607.31,973643607.31,176000000.00,197000000.00,159000000.00,241643607.31,200000000.00
Jun 08 2027,TIA,973460045.66,973460045.66,176000000.00,197000000.00,159000000.00,241460045.66,200000000.00
Jun 06 2027,TIA,973092922.37,973092922.37,176000000.00,197000000.00,159000000.00,241092922.37,200000000.00
Jun 05 2027,TIA,972909360.73,972909360.73,176000000.00,197000000.00,159000000.00,240909360.73,200000000.00
Jun 03 2027,TIA,972542237.44,972542237.44,176000000.00,197000000.00,159000000.00,240542237.44,200000000.00
Jun 01 2027,TIA,972175114.16,972175114.16,176000000.00,197000000.00,159000000.00,240175114.16,200000000.00
May 31 2027,TIA,971991552.51,971991552.51,176000000.00,197000000.00,159000000.00,239991552.51,200000000.00
May 29 2027,TIA,971624429.22,971624429.22,176000000.00,197000000.00,159000000.00,239624429.22,200000000.00
May 27 2027,TIA,971257305.94,971257305.94,176000000.00,197000000.00,159000000.00,239257305.94,200000000.00
May 26 2027,TIA,971073744.29,971073744.29,176000000.00,197000000.00,159000000.00,239073744.29,200000000.00
May 24 2027,TIA,970706621.00,970706621.00,176000000.00,197000000.00,159000000.00,238706621.00,200000000.00
May 22 2027,TIA,970339497.72,970339497.72,176000000.00,197000000.00,159000000.00,238339497.72,200000000.00
May 21 2027,TIA,970155936.07,970155936.07,176000000.00,197000000.00,159000000.00,238155936.07,200000000.00
May 19 2027,TIA,969788812.79,969788812.79,176000000.00,197000000.00,159000000.00,237788812.79,200000000.00
May 18 2027,TIA,969605251.14,969605251.14,176000000.00,197000000.00,159000000.00,237605251.14,200000000.00
May 16 2027,TIA,969238127.85,969238127.85,176000000.00,197000000.00,159000000.00,237238127.85,200000000.00
May 14 2027,TIA,968871004.57,968871004.57,176000000.00,197000000.00,159000000.00,236871004.57,200000000.00
May 13 2027,TIA,968687442.92,968687442.92,176000000.00,197000000.00,159000000.00,236687442.92,200000000.00
May 11 2027,TIA,968320319.63,968320319.63,176000000.00,197000000.00,159000000.00,236320319.63,200000000.00
May 09 2027,TIA,967953196.35,967953196.35,176000000.00,197000000.00,159000000.00,235953196.35,200000000.00
May 08 2027,TIA,967769634.70,967769634.70,176000000.00,197000000.00,159000000.00,235769634.70,200000000.00
May 06 2027,TIA,967402511.42,967402511.42,176000000.00,197000000.00,159000000.00,235402511.42,200000000.00
May 04 2027,TIA,967035388.13,967035388.13,176000000.00,197000000.00,159000000.00,235035388.13,200000000.00
May 03 2027,TIA,966851826.48,966851826.48,176000000.00,197000000.00,159000000.00,234851826.48,200000000.00
May 01 2027,TIA,966484703.20,966484703.20,176000000.00,197000000.00,159000000.00,234484703.20,200000000.00
Apr 29 2027,TIA,966117579.91,966117579.91,176000000.00,197000000.00,159000000.00,234117579.91,200000000.00
Apr 28 2027,TIA,965934018.26,965934018.26,176000000.00,197000000.00,159000000.00,233934018.26,200000000.00
Apr 26 2027,TIA,965566894.98,965566894.98,176000000.00,197000000.00,159000000.00,233566894.98,200000000.00
Apr 25 2027,TIA,965383333.33,965383333.33,176000000.00,197000000.00,159000000.00,233383333.33,200000000.00
Apr 23 2027,TIA,965016210.05,965016210.05,176000000.00,197000000.00,159000000.00,233016210.05,200000000.00
Apr 21 2027,TIA,964649086.76,964649086.76,176000000.00,197000000.00,159000000.00,232649086.76,200000000.00
Apr 20 2027,TIA,964465525.11,964465525.11,176000000.00,197000000.00,159000000.00,232465525.11,200000000.00
Apr 18 2027,TIA,964098401.83,964098401.83,176000000.00,197000000.00,159000000.00,232098401.83,200000000.00
Apr 16 2027,TIA,963731278.54,963731278.54,176000000.00,197000000.00,159000000.00,231731278.54,200000000.00
Apr 15 2027,TIA,963547716.89,963547716.89,176000000.00,197000000.00,159000000.00,231547716.89,200000000.00
Apr 13 2027,TIA,963180593.61,963180593.61,176000000.00,197000000.00,159000000.00,231180593.61,200000000.00
Apr 11 2027,TIA,962813470.32,962813470.32,176000000.00,197000000.00,159000000.00,230813470.32,200000000.00
Apr 10 2027,TIA,962629908.68,962629908.68,176000000.00,197000000.00,159000000.00,230629908.68,200000000.00
Apr 08 2027,TIA,962262785.39,962262785.39,176000000.00,197000000.00,159000000.00,230262785.39,200000000.00
Apr 07 2027,TIA,962079223.74,962079223.74,176000000.00,197000000.00,159000000.00,230079223.74,200000000.00
Apr 05 2027,TIA,961712100.46,961712100.46,176000000.00,197000000.00,159000000.00,229712100.46,200000000.00
Apr 03 2027,TIA,961344977.17,961344977.17,176000000.00,197000000.00,159000000.00,229344977.17,200000000.00
Apr 02 2027,TIA,961161415.53,961161415.53,176000000.00,197000000.00,159000000.00,229161415.53,200000000.00
Mar 31 2027,TIA,960794292.24,960794292.24,176000000.00,197000000.00,159000000.00,228794292.24,200000000.00
Mar 29 2027,TIA,960427168.95,960427168.95,176000000.00,197000000.00,159000000.00,228427168.95,200000000.00
Mar 28 2027,TIA,960243607.31,960243607.31,176000000.00,197000000.00,159000000.00,228243607.31,200000000.00
Mar 26 2027,TIA,959876484.02,959876484.02,176000000.00,197000000.00,159000000.00,227876484.02,200000000.00
Mar 24 2027,TIA,959509360.73,959509360.73,176000000.00,197000000.00,159000000.00,227509360.73,200000000.00
Mar 23 2027,TIA,959325799.09,959325799.09,176000000.00,197000000.00,159000000.00,227325799.09,200000000.00
Mar 21 2027,TIA,958958675.80,958958675.80,176000000.00,197000000.00,159000000.00,226958675.80,200000000.00
Mar 20 2027,TIA,958775114.16,958775114.16,176000000.00,197000000.00,159000000.00,226775114.16,200000000.00
Mar 18 2027,TIA,958407990.87,958407990.87,176000000.00,197000000.00,159000000.00,226407990.87,200000000.00
Mar 16 2027,TIA,958040867.58,958040867.58,176000000.00,197000000.00,159000000.00,226040867.58,200000000.00
Mar 15 2027,TIA,957857305.94,957857305.94,176000000.00,197000000.00,159000000.00,225857305.94,200000000.00
Mar 13 2027,TIA,957490182.65,957490182.65,176000000.00,197000000.00,159000000.00,225490182.65,200000000.00
Mar 11 2027,TIA,957123059.36,957123059.36,176000000.00,197000000.00,159000000.00,225123059.36,200000000.00
Mar 10 2027,TIA,956939497.72,956939497.72,176000000.00,197000000.00,159000000.00,224939497.72,200000000.00
Mar 08 2027,TIA,956572374.43,956572374.43,176000000.00,197000000.00,159000000.00,224572374.43,200000000.00
Mar 06 2027,TIA,956205251.14,956205251.14,176000000.00,197000000.00,159000000.00,224205251.14,200000000.00
Mar 05 2027,TIA,956021689.50,956021689.50,176000000.00,197000000.00,159000000.00,224021689.50,200000000.00
Mar 03 2027,TIA,955654566.21,955654566.21,176000000.00,197000000.00,159000000.00,223654566.21,200000000.00
Mar 01 2027,TIA,955287442.92,955287442.92,176000000.00,197000000.00,159000000.00,223287442.92,200000000.00
Feb 28 2027,TIA,955103881.28,955103881.28,176000000.00,197000000.00,159000000.00,223103881.28,200000000.00
Feb 26 2027,TIA,954736757.99,954736757.99,176000000.00,197000000.00,159000000.00,222736757.99,200000000.00
Feb 25 2027,TIA,954553196.35,954553196.35,176000000.00,197000000.00,159000000.00,222553196.35,200000000.00
Feb 23 2027,TIA,954186073.06,954186073.06,176000000.00,197000000.00,159000000.00,222186073.06,200000000.00
Feb 21 2027,TIA,953818949.77,953818949.77,176000000.00,197000000.00,159000000.00,221818949.77,200000000.00
Feb 20 2027,TIA,953635388.13,953635388.13,176000000.00,197000000.00,159000000.00,221635388.13,200000000.00
Feb 18 2027,TIA,953268264.84,953268264.84,176000000.00,197000000.00,159000000.00,221268264.84,200000000.00
Feb 16 2027,TIA,952901141.55,952901141.55,176000000.00,197000000.00,159000000.00,220901141.55,200000000.00
Feb 15 2027,TIA,952717579.91,952717579.91,176000000.00,197000000.00,159000000.00,220717579.91,200000000.00
Feb 13 2027,TIA,952350456.62,952350456.62,176000000.00,197000000.00,159000000.00,220350456.62,200000000.00
Feb 11 2027,TIA,951983333.33,951983333.33,176000000.00,197000000.00,159000000.00,219983333.33,200000000.00
Feb 10 2027,TIA,951799771.69,951799771.69,176000000.00,197000000.00,159000000.00,219799771.69,200000000.00
Feb 08 2027,TIA,951432648.40,951432648.40,176000000.00,197000000.00,159000000.00,219432648.40,200000000.00
Feb 07 2027,TIA,951249086.76,951249086.76,176000000.00,197000000.00,159000000.00,219249086.76,200000000.00
Feb 05 2027,TIA,950881963.47,950881963.47,176000000.00,197000000.00,159000000.00,218881963.47,200000000.00
Feb 03 2027,TIA,950514840.18,950514840.18,176000000.00,197000000.00,159000000.00,218514840.18,200000000.00
Feb 02 2027,TIA,950331278.54,950331278.54,176000000.00,197000000.00,159000000.00,218331278.54,200000000.00
Jan 31 2027,TIA,949964155.25,949964155.25,176000000.00,197000000.00,159000000.00,217964155.25,200000000.00
Jan 29 2027,TIA,949597031.96,949597031.96,176000000.00,197000000.00,159000000.00,217597031.96,200000000.00
Jan 28 2027,TIA,949413470.32,949413470.32,176000000.00,197000000.00,159000000.00,217413470.32,200000000.00
Jan 26 2027,TIA,949046347.03,949046347.03,176000000.00,197000000.00,159000000.00,217046347.03,200000000.00
Jan 24 2027,TIA,948679223.74,948679223.74,176000000.00,197000000.00,159000000.00,216679223.74,200000000.00
Jan 23 2027,TIA,948495662.10,948495662.10,176000000.00,197000000.00,159000000.00,216495662.10,200000000.00
Jan 21 2027,TIA,948128538.81,948128538.81,176000000.00,197000000.00,159000000.00,216128538.81,200000000.00
Jan 20 2027,TIA,947944977.17,947944977.17,176000000.00,197000000.00,159000000.00,215944977.17,200000000.00
Jan 18 2027,TIA,947577853.88,947577853.88,176000000.00,197000000.00,159000000.00,215577853.88,200000000.00
Jan 16 2027,TIA,947210730.59,947210730.59,176000000.00,197000000.00,159000000.00,215210730.59,200000000.00
Jan 15 2027,TIA,947027168.95,947027168.95,176000000.00,197000000.00,159000000.00,215027168.95,200000000.00
Jan 13 2027,TIA,946660045.66,946660045.66,176000000.00,197000000.00,159000000.00,214660045.66,200000000.00
Jan 11 2027,TIA,946292922.37,946292922.37,176000000.00,197000000.00,159000000.00,214292922.37,200000000.00
Jan 10 2027,TIA,946109360.73,946109360.73,176000000.00,197000000.00,159000000.00,214109360.73,200000000.00
Jan 08 2027,TIA,945742237.44,945742237.44,176000000.00,197000000.00,159000000.00,213742237.44,200000000.00
Jan 06 2027,TIA,945375114.16,945375114.16,176000000.00,197000000.00,159000000.00,213375114.16,200000000.00
Jan 05 2027,TIA,945191552.51,945191552.51,176000000.00,197000000.00,159000000.00,213191552.51,200000000.00
Jan 03 2027,TIA,944824429.22,944824429.22,176000000.00,197000000.00,159000000.00,212824429.22,200000000.00
Jan 01 2027,TIA,944457305.94,944457305.94,176000000.00,197000000.00,159000000.00,212457305.94,200000000.00
Dec 31 2026,TIA,944273744.29,944273744.29,176000000.00,197000000.00,159000000.00,212273744.29,200000000.00
Dec 29 2026,TIA,943906621.00,943906621.00,176000000.00,197000000.00,159000000.00,211906621.00,200000000.00
Dec 28 2026,TIA,943723059.36,943723059.36,176000000.00,197000000.00,159000000.00,211723059.36,200000000.00
Dec 26 2026,TIA,943355936.07,943355936.07,176000000.00,197000000.00,159000000.00,211355936.07,200000000.00
Dec 24 2026,TIA,942988812.79,942988812.79,176000000.00,197000000.00,159000000.00,210988812.79,200000000.00
Dec 23 2026,TIA,942805251.14,942805251.14,176000000.00,197000000.00,159000000.00,210805251.14,200000000.00
Dec 21 2026,TIA,942438127.85,942438127.85,176000000.00,197000000.00,159000000.00,210438127.85,200000000.00
Dec 19 2026,TIA,942071004.57,942071004.57,176000000.00,197000000.00,159000000.00,210071004.57,200000000.00
Dec 18 2026,TIA,941887442.92,941887442.92,176000000.00,197000000.00,159000000.00,209887442.92,200000000.00
Dec 16 2026,TIA,941520319.63,941520319.63,176000000.00,197000000.00,159000000.00,209520319.63,200000000.00
Dec 14 2026,TIA,941153196.35,941153196.35,176000000.00,197000000.00,159000000.00,209153196.35,200000000.00
Dec 13 2026,TIA,940969634.70,940969634.70,176000000.00,197000000.00,159000000.00,208969634.70,200000000.00
Dec 11 2026,TIA,940602511.42,940602511.42,176000000.00,197000000.00,159000000.00,208602511.42,200000000.00
Dec 10 2026,TIA,940418949.77,940418949.77,176000000.00,197000000.00,159000000.00,208418949.77,200000000.00
Dec 08 2026,TIA,940051826.48,940051826.48,176000000.00,197000000.00,159000000.00,208051826.48,200000000.00
Dec 06 2026,TIA,939684703.20,939684703.20,176000000.00,197000000.00,159000000.00,207684703.20,200000000.00
Dec 05 2026,TIA,939501141.55,939501141.55,176000000.00,197000000.00,159000000.00,207501141.55,200000000.00
Dec 03 2026,TIA,939134018.26,939134018.26,176000000.00,197000000.00,159000000.00,207134018.26,200000000.00
Dec 01 2026,TIA,938766894.98,938766894.98,176000000.00,197000000.00,159000000.00,206766894.98,200000000.00
Nov 30 2026,TIA,938583333.33,938583333.33,176000000.00,197000000.00,159000000.00,206583333.33,200000000.00
Nov 28 2026,TIA,938216210.05,938216210.05,176000000.00,197000000.00,159000000.00,206216210.05,200000000.00
Nov 26 2026,TIA,937849086.76,937849086.76,176000000.00,197000000.00,159000000.00,205849086.76,200000000.00
Nov 25 2026,TIA,937665525.11,937665525.11,176000000.00,197000000.00,159000000.00,205665525.11,200000000.00
Nov 23 2026,TIA,937298401.83,937298401.83,176000000.00,197000000.00,159000000.00,205298401.83,200000000.00
Nov 22 2026,TIA,937114840.18,937114840.18,176000000.00,197000000.00,159000000.00,205114840.18,200000000.00
Nov 20 2026,TIA,936747716.89,936747716.89,176000000.00,197000000.00,159000000.00,204747716.89,200000000.00
Nov 18 2026,TIA,936380593.61,936380593.61,176000000.00,197000000.00,159000000.00,204380593.61,200000000.00
Nov 17 2026,TIA,936197031.96,936197031.96,176000000.00,197000000.00,159000000.00,204197031.96,200000000.00
Nov 15 2026,TIA,935829908.68,935829908.68,176000000.00,197000000.00,159000000.00,203829908.68,200000000.00
Nov 13 2026,TIA,935462785.39,935462785.39,176000000.00,197000000.00,159000000.00,203462785.39,200000000.00
Nov 12 2026,TIA,935279223.74,935279223.74,176000000.00,197000000.00,159000000.00,203279223.74,200000000.00
Nov 10 2026,TIA,934912100.46,934912100.46,176000000.00,197000000.00,159000000.00,202912100.46,200000000.00
Nov 08 2026,TIA,934544977.17,934544977.17,176000000.00,197000000.00,159000000.00,202544977.17,200000000.00
Nov 07 2026,TIA,934361415.53,934361415.53,176000000.00,197000000.00,159000000.00,202361415.53,200000000.00
Nov 05 2026,TIA,933994292.24,933994292.24,176000000.00,197000000.00,159000000.00,201994292.24,200000000.00
Nov 04 2026,TIA,933810730.59,933810730.59,176000000.00,197000000.00,159000000.00,201810730.59,200000000.00
Nov 02 2026,TIA,933443607.31,933443607.31,176000000.00,197000000.00,159000000.00,201443607.31,200000000.00
Oct 31 2026,TIA,933076484.02,933076484.02,176000000.00,197000000.00,159000000.00,201076484.02,200000000.00
Oct 30 2026,TIA,932892922.37,932892922.37,176000000.00,197000000.00,159000000.00,200892922.37,200000000.00
Oct 28 2026,TIA,932108502.28,932108502.28,175582703.20,197000000.00,159000000.00,200525799.09,200000000.00
Oct 26 2026,TIA,931418310.50,931418310.50,175259634.70,197000000.00,159000000.00,200158675.80,200000000.00
Oct 25 2026,TIA,931073214.61,931073214.61,175098100.46,197000000.00,159000000.00,199975114.16,200000000.00
Oct 23 2026,TIA,930383022.83,930383022.83,174775031.96,197000000.00,159000000.00,199607990.87,200000000.00
Oct 21 2026,TIA,929692831.05,929692831.05,174451963.47,197000000.00,159000000.00,199240867.58,200000000.00
Oct 20 2026,TIA,929347735.16,929347735.16,174290429.22,197000000.00,159000000.00,199057305.94,200000000.00
Oct 18 2026,TIA,928657543.38,928657543.38,173967360.73,197000000.00,159000000.00,198690182.65,200000000.00
Oct 16 2026,TIA,927967351.60,927967351.60,173644292.24,197000000.00,159000000.00,198323059.36,200000000.00
Oct 15 2026,TIA,927622255.71,927622255.71,173482757.99,197000000.00,159000000.00,198139497.72,200000000.00
Oct 13 2026,TIA,926932063.93,926932063.93,173159689.50,197000000.00,159000000.00,197772374.43,200000000.00
Oct 12 2026,TIA,926586968.04,926586968.04,172998155.25,197000000.00,159000000.00,197588812.79,200000000.00
Oct 10 2026,TIA,925896776.26,925896776.26,172675086.76,197000000.00,159000000.00,197221689.50,200000000.00
Oct 08 2026,TIA,925206584.47,925206584.47,172352018.26,197000000.00,159000000.00,196854566.21,200000000.00
Oct 07 2026,TIA,924861488.58,924861488.58,172190484.02,197000000.00,159000000.00,196671004.57,200000000.00
Oct 05 2026,TIA,924171296.80,924171296.80,171867415.53,197000000.00,159000000.00,196303881.28,200000000.00
Oct 03 2026,TIA,923481105.02,923481105.02,171544347.03,197000000.00,159000000.00,195936757.99,200000000.00
Oct 02 2026,TIA,923136009.13,923136009.13,171382812.79,197000000.00,159000000.00,195753196.35,200000000.00
Sep 30 2026,TIA,922445817.35,922445817.35,171059744.29,197000000.00,159000000.00,195386073.06,200000000.00
Sep 28 2026,TIA,921755625.57,921755625.57,170736675.80,197000000.00,159000000.00,195018949.77,200000000.00
Sep 27 2026,TIA,921410529.68,921410529.68,170575141.55,197000000.00,159000000.00,194835388.13,200000000.00
Sep 25 2026,TIA,920720337.90,920720337.90,170252073.06,197000000.00,159000000.00,194468264.84,200000000.00
Sep 24 2026,TIA,920375242.01,920375242.01,170090538.81,197000000.00,159000000.00,194284703.20,200000000.00
Sep 22 2026,TIA,919685050.23,919685050.23,169767470.32,197000000.00,159000000.00,193917579.91,200000000.00
Sep 20 2026,TIA,918994858.45,918994858.45,169444401.83,197000000.00,159000000.00,193550456.62,200000000.00
Sep 19 2026,TIA,918649762.56,918649762.56,169282867.58,197000000.00,159000000.00,193366894.98,200000000.00
Sep 17 2026,TIA,917959570.78,917959570.78,168959799.09,197000000.00,159000000.00,192999771.69,200000000.00
Sep 15 2026,TIA,917269379.00,917269379.00,168636730.59,197000000.00,159000000.00,192632648.40,200000000.00
Sep 14 2026,TIA,916924283.11,916924283.11,168475196.35,197000000.00,159000000.00,192449086.76,200000000.00
Sep 12 2026,TIA,916234091.32,916234091.32,168152127.85,197000000.00,159000000.00,192081963.47,200000000.00
Sep 10 2026,TIA,915543899.54,915543899.54,167829059.36,197000000.00,159000000.00,191714840.18,200000000.00
Sep 09 2026,TIA,915198803.65,915198803.65,167667525.11,197000000.00,159000000.00,191531278.54,200000000.00
Sep 07 2026,TIA,914508611.87,914508611.87,167344456.62,197000000.00,159000000.00,191164155.25,200000000.00
Sep 06 2026,TIA,914163515.98,914163515.98,167182922.37,197000000.00,159000000.00,190980593.61,200000000.00
Sep 04 2026,TIA,913473324.20,913473324.20,166859853.88,197000000.00,159000000.00,190613470.32,200000000.00
Sep 02 2026,TIA,912783132.42,912783132.42,166536785.39,197000000.00,159000000.00,190246347.03,200000000.00
Sep 01 2026,TIA,912438036.53,912438036.53,166375251.14,197000000.00,159000000.00,190062785.39,200000000.00
Aug 30 2026,TIA,911747844.75,911747844.75,166052182.65,197000000.00,159000000.00,189695662.10,200000000.00
Aug 28 2026,TIA,911057652.97,911057652.97,165729114.16,197000000.00,159000000.00,189328538.81,200000000.00
Aug 27 2026,TIA,910712557.08,910712557.08,165567579.91,197000000.00,159000000.00,189144977.17,200000000.00
Aug 25 2026,TIA,910022365.30,910022365.30,165244511.42,197000000.00,159000000.00,188777853.88,200000000.00
Aug 23 2026,TIA,909332173.52,909332173.52,164921442.92,197000000.00,159000000.00,188410730.59,200000000.00
Aug 22 2026,TIA,908987077.63,908987077.63,164759908.68,197000000.00,159000000.00,188227168.95,200000000.00
Aug 20 2026,TIA,908296885.84,908296885.84,164436840.18,197000000.00,159000000.00,187860045.66,200000000.00
Aug 18 2026,TIA,907606694.06,907606694.06,164113771.69,197000000.00,159000000.00,187492922.37,200000000.00
Aug 17 2026,TIA,907261598.17,907261598.17,163952237.44,197000000.00,159000000.00,187309360.73,200000000.00
Aug 15 2026,TIA,906571406.39,906571406.39,163629168.95,197000000.00,159000000.00,186942237.44,200000000.00
Aug 14 2026,TIA,906226310.50,906226310.50,163467634.70,197000000.00,159000000.00,186758675.80,200000000.00
Aug 12 2026,TIA,905536118.72,905536118.72,163144566.21,197000000.00,159000000.00,186391552.51,200000000.00
Aug 10 2026,TIA,904845926.94,904845926.94,162821497.72,197000000.00,159000000.00,186024429.22,200000000.00
Aug 09 2026,TIA,904500831.05,904500831.05,162659963.47,197000000.00,159000000.00,185840867.58,200000000.00
Aug 07 2026,TIA,903810639.27,903810639.27,162336894.98,197000000.00,159000000.00,185473744.29,200000000.00
Aug 05 2026,TIA,903120447.49,903120447.49,162013826.48,197000000.00,159000000.00,185106621.00,200000000.00
Aug 04 2026,TIA,902775351.60,902775351.60,161852292.24,197000000.00,159000000.00,184923059.36,200000000.00
Aug 02 2026,TIA,902085159.82,902085159.82,161529223.74,197000000.00,159000000.00,184555936.07,200000000.00
Jul 31 2026,TIA,901394968.04,901394968.04,161206155.25,197000000.00,159000000.00,184188812.79,200000000.00
Jul 30 2026,TIA,901049872.15,901049872.15,161044621.00,197000000.00,159000000.00,184005251.14,200000000.00
Jul 28 2026,TIA,900359680.37,900359680.37,160721552.51,197000000.00,159000000.00,183638127.85,200000000.00
Jul 27 2026,TIA,900014584.47,900014584.47,160560018.26,197000000.00,159000000.00,183454566.21,200000000.00
Jul 25 2026,TIA,899324392.69,899324392.69,160236949.77,197000000.00,159000000.00,183087442.92,200000000.00
Jul 23 2026,TIA,898634200.91,898634200.91,159913881.28,197000000.00,159000000.00,182720319.63,200000000.00
Jul 22 2026,TIA,898289105.02,898289105.02,159752347.03,197000000.00,159000000.00,182536757.99,200000000.00
Jul 20 2026,TIA,897598913.24,897598913.24,159429278.54,197000000.00,159000000.00,182169634.70,200000000.00
Jul 18 2026,TIA,896908721.46,896908721.46,159106210.05,197000000.00,159000000.00,181802511.42,200000000.00
Jul 17 2026,TIA,896563625.57,896563625.57,158944675.80,197000000.00,159000000.00,181618949.77,200000000.00
Jul 15 2026,TIA,895873433.79,895873433.79,158621607.31,197000000.00,159000000.00,181251826.48,200000000.00
Jul 13 2026,TIA,895183242.01,895183242.01,158298538.81,197000000.00,159000000.00,180884703.20,200000000.00
Jul 12 2026,TIA,894838146.12,894838146.12,158137004.57,197000000.00,159000000.00,180701141.55,200000000.00
Jul 10 2026,TIA,894147954.34,894147954.34,157813936.07,197000000.00,159000000.00,180334018.26,200000000.00
Jul 09 2026,TIA,893802858.45,893802858.45,157652401.83,197000000.00,159000000.00,180150456.62,200000000.00
Jul 07 2026,TIA,893112666.67,893112666.67,157329333.33,197000000.00,159000000.00,179783333.33,200000000.00
Jul 05 2026,TIA,892422474.89,892422474.89,157006264.84,197000000.00,159000000.00,179416210.05,200000000.00
Jul 04 2026,TIA,892077379.00,892077379.00,156844730.59,197000000.00,159000000.00,179232648.40,200000000.00
Jul 02 2026,TIA,891387187.21,891387187.21,156521662.10,197000000.00,159000000.00,178865525.11,200000000.00
Jun 30 2026,TIA,890696995.43,890696995.43,156198593.61,197000000.00,159000000.00,178498401.83,200000000.00
Jun 29 2026,TIA,890351899.54,890351899.54,156037059.36,197000000.00,159000000.00,178314840.18,200000000.00
Jun 27 2026,TIA,889661707.76,889661707.76,155713990.87,197000000.00,159000000.00,177947716.89,200000000.00
Jun 25 2026,TIA,888971515.98,888971515.98,155390922.37,197000000.00,159000000.00,177580593.61,200000000.00
Jun 24 2026,TIA,888626420.09,888626420.09,155229388.13,197000000.00,159000000.00,177397031.96,200000000.00
Jun 22 2026,TIA,887936228.31,887936228.31,154906319.63,197000000.00,159000000.00,177029908.68,200000000.00
Jun 21 2026,TIA,887591132.42,887591132.42,154744785.39,197000000.00,159000000.00,176846347.03,200000000.00
Jun 19 2026,TIA,886900940.64,886900940.64,154421716.89,197000000.00,159000000.00,176479223.74,200000000.00
Jun 17 2026,TIA,886210748.86,886210748.86,154098648.40,197000000.00,159000000.00,176112100.46,200000000.00
Jun 16 2026,TIA,885865652.97,885865652.97,153937114.16,197000000.00,159000000.00,175928538.81,200000000.00
Jun 14 2026,TIA,885175461.19,885175461.19,153614045.66,197000000.00,159000000.00,175561415.53,200000000.00
Jun 12 2026,TIA,884485269.41,884485269.41,153290977.17,197000000.00,159000000.00,175194292.24,200000000.00
Jun 11 2026,TIA,884140173.52,884140173.52,153129442.92,197000000.00,159000000.00,175010730.59,200000000.00
Jun 09 2026,TIA,883449981.74,883449981.74,152806374.43,197000000.00,159000000.00,174643607.31,200000000.00
Jun 07 2026,TIA,882759789.95,882759789.95,152483305.94,197000000.00,159000000.00,174276484.02,200000000.00
Jun 06 2026,TIA,882414694.06,882414694.06,152321771.69,197000000.00,159000000.00,174092922.37,200000000.00
Jun 04 2026,TIA,881724502.28,881724502.28,151998703.20,197000000.00,159000000.00,173725799.09,200000000.00
Jun 02 2026,TIA,881034310.50,881034310.50,151675634.70,197000000.00,159000000.00,173358675.80,200000000.00
Jun 01 2026,TIA,880689214.61,880689214.61,151514100.46,197000000.00,159000000.00,173175114.16,200000000.00
May 30 2026,TIA,879999022.83,879999022.83,151191031.96,197000000.00,159000000.00,172807990.87,200000000.00
May 29 2026,TIA,879653926.94,879653926.94,151029497.72,197000000.00,159000000.00,172624429.22,200000000.00
May 27 2026,TIA,878963735.16,878963735.16,150706429.22,197000000.00,159000000.00,172257305.94,200000000.00
May 25 2026,TIA,878273543.38,878273543.38,150383360.73,197000000.00,159000000.00,171890182.65,200000000.00
May 24 2026,TIA,877928447.49,877928447.49,150221826.48,197000000.00,159000000.00,171706621.00,200000000.00
May 22 2026,TIA,877238255.71,877238255.71,149898757.99,197000000.00,159000000.00,171339497.72,200000000.00
May 20 2026,TIA,876548063.93,876548063.93,149575689.50,197000000.00,159000000.00,170972374.43,200000000.00
May 19 2026,TIA,876202968.04,876202968.04,149414155.25,197000000.00,159000000.00,170788812.79,200000000.00
May 17 2026,TIA,875512776.26,875512776.26,149091086.76,197000000.00,159000000.00,170421689.50,200000000.00
May 15 2026,TIA,874822584.47,874822584.47,148768018.26,197000000.00,159000000.00,170054566.21,200000000.00
May 14 2026,TIA,874477488.58,874477488.58,148606484.02,197000000.00,159000000.00,169871004.57,200000000.00
May 12 2026,TIA,873787296.80,873787296.80,148283415.53,197000000.00,159000000.00,169503881.28,200000000.00
May 11 2026,TIA,873442200.91,873442200.91,148121881.28,197000000.00,159000000.00,169320319.63,200000000.00
May 09 2026,TIA,872752009.13,872752009.13,147798812.79,197000000.00,159000000.00,168953196.35,200000000.00
May 07 2026,TIA,872061817.35,872061817.35,147475744.29,197000000.00,159000000.00,168586073.06,200000000.00
May 06 2026,TIA,871716721.46,871716721.46,147314210.05,197000000.00,159000000.00,168402511.42,200000000.00
May 04 2026,TIA,871026529.68,871026529.68,146991141.55,197000000.00,159000000.00,168035388.13,200000000.00
May 02 2026,TIA,870336337.90,870336337.90,146668073.06,197000000.00,159000000.00,167668264.84,200000000.00
May 01 2026,TIA,869991242.01,869991242.01,146506538.81,197000000.00,159000000.00,167484703.20,200000000.00
Apr 29 2026,TIA,869301050.23,869301050.23,146183470.32,197000000.00,159000000.00,167117579.91,200000000.00
Apr 27 2026,TIA,868610858.45,868610858.45,145860401.83,197000000.00,159000000.00,166750456.62,200000000.00
Apr 26 2026,TIA,868265762.56,868265762.56,145698867.58,197000000.00,159000000.00,166566894.98,200000000.00
Apr 24 2026,TIA,867575570.78,867575570.78,145375799.09,197000000.00,159000000.00,166199771.69,200000000.00
Apr 23 2026,TIA,867230474.89,867230474.89,145214264.84,197000000.00,159000000.00,166016210.05,200000000.00
Apr 21 2026,TIA,866540283.11,866540283.11,144891196.35,197000000.00,159000000.00,165649086.76,200000000.00
Apr 19 2026,TIA,865850091.32,865850091.32,144568127.85,197000000.00,159000000.00,165281963.47,200000000.00
Apr 18 2026,TIA,865504995.43,865504995.43,144406593.61,197000000.00,159000000.00,165098401.83,200000000.00
Apr 16 2026,TIA,864814803.65,864814803.65,144083525.11,197000000.00,159000000.00,164731278.54,200000000.00
Apr 14 2026,TIA,864124611.87,864124611.87,143760456.62,197000000.00,159000000.00,164364155.25,200000000.00
Apr 13 2026,TIA,863779515.98,863779515.98,143598922.37,197000000.00,159000000.00,164180593.61,200000000.00
Apr 11 2026,TIA,863089324.20,863089324.20,143275853.88,197000000.00,159000000.00,163813470.32,200000000.00
Apr 09 2026,TIA,862399132.42,862399132.42,142952785.39,197000000.00,159000000.00,163446347.03,200000000.00
Apr 08 2026,TIA,862054036.53,862054036.53,142791251.14,197000000.00,159000000.00,163262785.39,200000000.00
Apr 06 2026,TIA,861363844.75,861363844.75,142468182.65,197000000.00,159000000.00,162895662.10,200000000.00
Apr 04 2026,TIA,860673652.97,860673652.97,142145114.16,197000000.00,159000000.00,162528538.81,200000000.00
Apr 03 2026,TIA,860328557.08,860328557.08,141983579.91,197000000.00,159000000.00,162344977.17,200000000.00
Apr 01 2026,TIA,859638365.30,859638365.30,141660511.42,197000000.00,159000000.00,161977853.88,200000000.00
Mar 31 2026,TIA,859293269.41,859293269.41,141498977.17,197000000.00,159000000.00,161794292.24,200000000.00
Mar 29 2026,TIA,858603077.63,858603077.63,141175908.68,197000000.00,159000000.00,161427168.95,200000000.00
Mar 27 2026,TIA,857912885.84,857912885.84,140852840.18,197000000.00,159000000.00,161060045.66,200000000.00
Mar 26 2026,TIA,857567789.95,857567789.95,140691305.94,197000000.00,159000000.00,160876484.02,200000000.00
Mar 24 2026,TIA,856877598.17,856877598.17,140368237.44,197000000.00,159000000.00,160509360.73,200000000.00
Mar 22 2026,TIA,856187406.39,856187406.39,140045168.95,197000000.00,159000000.00,160142237.44,200000000.00
Mar 21 2026,TIA,855842310.50,855842310.50,139883634.70,197000000.00,159000000.00,159958675.80,200000000.00
Mar 19 2026,TIA,855152118.72,855152118.72,139560566.21,197000000.00,159000000.00,159591552.51,200000000.00
Mar 17 2026,TIA,854461926.94,854461926.94,139237497.72,197000000.00,159000000.00,159224429.22,200000000.00
Mar 16 2026,TIA,854116831.05,854116831.05,139075963.47,197000000.00,159000000.00,159040867.58,200000000.00
Mar 14 2026,TIA,853426639.27,853426639.27,138752894.98,197000000.00,159000000.00,158673744.29,200000000.00
Mar 13 2026,TIA,853081543.38,853081543.38,138591360.73,197000000.00,159000000.00,158490182.65,200000000.00
Mar 11 2026,TIA,852391351.60,852391351.60,138268292.24,197000000.00,159000000.00,158123059.36,200000000.00
Mar 09 2026,TIA,851701159.82,851701159.82,137945223.74,197000000.00,159000000.00,157755936.07,200000000.00
Mar 08 2026,TIA,851356063.93,851356063.93,137783689.50,197000000.00,159000000.00,157572374.43,200000000.00
Mar 06 2026,TIA,850665872.15,850665872.15,137460621.00,197000000.00,159000000.00,157205251.14,200000000.00
Mar 04 2026,TIA,849975680.37,849975680.37,137137552.51,197000000.00,159000000.00,156838127.85,200000000.00
Mar 03 2026,TIA,849630584.47,849630584.47,136976018.26,197000000.00,159000000.00,156654566.21,200000000.00
Mar 01 2026,TIA,848940392.69,848940392.69,136652949.77,197000000.00,159000000.00,156287442.92,200000000.00
Feb 27 2026,TIA,848250200.91,848250200.91,136329881.28,197000000.00,159000000.00,155920319.63,200000000.00
Feb 26 2026,TIA,847905105.02,847905105.02,136168347.03,197000000.00,159000000.00,155736757.99,200000000.00
Feb 24 2026,TIA,847214913.24,847214913.24,135845278.54,197000000.00,159000000.00,155369634.70,200000000.00
Feb 23 2026,TIA,846869817.35,846869817.35,135683744.29,197000000.00,159000000.00,155186073.06,200000000.00
Feb 21 2026,TIA,846179625.57,846179625.57,135360675.80,197000000.00,159000000.00,154818949.77,200000000.00
Feb 19 2026,TIA,845489433.79,845489433.79,135037607.31,197000000.00,159000000.00,154451826.48,200000000.00
Feb 18 2026,TIA,845144337.90,845144337.90,134876073.06,197000000.00,159000000.00,154268264.84,200000000.00
Feb 16 2026,TIA,844454146.12,844454146.12,134553004.57,197000000.00,159000000.00,153901141.55,200000000.00
Feb 14 2026,TIA,843763954.34,843763954.34,134229936.07,197000000.00,159000000.00,153534018.26,200000000.00
Feb 13 2026,TIA,843418858.45,843418858.45,134068401.83,197000000.00,159000000.00,153350456.62,200000000.00
Feb 11 2026,TIA,842728666.67,842728666.67,133745333.33,197000000.00,159000000.00,152983333.33,200000000.00
Feb 09 2026,TIA,842038474.89,842038474.89,133422264.84,197000000.00,159000000.00,152616210.05,200000000.00
Feb 08 2026,TIA,841693379.00,841693379.00,133260730.59,197000000.00,159000000.00,152432648.40,200000000.00
Feb 06 2026,TIA,841003187.21,841003187.21,132937662.10,197000000.00,159000000.00,152065525.11,200000000.00
Feb 04 2026,TIA,840312995.43,840312995.43,132614593.61,197000000.00,159000000.00,151698401.83,200000000.00
Feb 03 2026,TIA,839967899.54,839967899.54,132453059.36,197000000.00,159000000.00,151514840.18,200000000.00
Feb 01 2026,TIA,839277707.76,839277707.76,132129990.87,197000000.00,159000000.00,151147716.89,200000000.00
Jan 31 2026,TIA,838932611.87,838932611.87,131968456.62,197000000.00,159000000.00,150964155.25,200000000.00
Jan 29 2026,TIA,838242420.09,838242420.09,131645388.13,197000000.00,159000000.00,150597031.96,200000000.00
Jan 27 2026,TIA,837552228.31,837552228.31,131322319.63,197000000.00,159000000.00,150229908.68,200000000.00
Jan 26 2026,TIA,837207132.42,837207132.42,131160785.39,197000000.00,159000000.00,150046347.03,200000000.00
Jan 24 2026,TIA,836516940.64,836516940.64,130837716.89,197000000.00,159000000.00,149679223.74,200000000.00
Jan 22 2026,TIA,835826748.86,835826748.86,130514648.40,197000000.00,159000000.00,149312100.46,200000000.00
Jan 21 2026,TIA,835481652.97,835481652.97,130353114.16,197000000.00,159000000.00,149128538.81,200000000.00
Jan 19 2026,TIA,834791461.19,834791461.19,130030045.66,197000000.00,159000000.00,148761415.53,200000000.00
Jan 17 2026,TIA,834101269.41,834101269.41,129706977.17,197000000.00,159000000.00,148394292.24,200000000.00
Jan 16 2026,TIA,833756173.52,833756173.52,129545442.92,197000000.00,159000000.00,148210730.59,200000000.00
Jan 14 2026,TIA,833065981.74,833065981.74,129222374.43,197000000.00,159000000.00,147843607.31,200000000.00
Jan 13 2026,TIA,832720885.84,832720885.84,129060840.18,197000000.00,159000000.00,147660045.66,200000000.00
Jan 11 2026,TIA,832030694.06,832030694.06,128737771.69,197000000.00,159000000.00,147292922.37,200000000.00
Jan 09 2026,TIA,831340502.28,831340502.28,128414703.20,197000000.00,159000000.00,146925799.09,200000000.00
Jan 08 2026,TIA,830995406.39,830995406.39,128253168.95,197000000.00,159000000.00,146742237.44,200000000.00
Jan 06 2026,TIA,830305214.61,830305214.61,127930100.46,197000000.00,159000000.00,146375114.16,200000000.00
Jan 04 2026,TIA,829615022.83,829615022.83,127607031.96,197000000.00,159000000.00,146007990.87,200000000.00
Jan 03 2026,TIA,829269926.94,829269926.94,127445497.72,197000000.00,159000000.00,145824429.22,200000000.00
Jan 01 2026,TIA,828579735.16,828579735.16,127122429.22,197000000.00,159000000.00,145457305.94,200000000.00
Dec 30 2025,TIA,827889543.38,827889543.38,126799360.73,197000000.00,159000000.00,145090182.65,200000000.00
Dec 29 2025,TIA,827544447.49,827544447.49,126637826.48,197000000.00,159000000.00,144906621.00,200000000.00
Dec 27 2025,TIA,826854255.71,826854255.71,126314757.99,197000000.00,159000000.00,144539497.72,200000000.00
Dec 26 2025,TIA,826509159.82,826509159.82,126153223.74,197000000.00,159000000.00,144355936.07,200000000.00
Dec 24 2025,TIA,825818968.04,825818968.04,125830155.25,197000000.00,159000000.00,143988812.79,200000000.00
Dec 22 2025,TIA,825128776.26,825128776.26,125507086.76,197000000.00,159000000.00,143621689.50,200000000.00
Dec 21 2025,TIA,824783680.37,824783680.37,125345552.51,197000000.00,159000000.00,143438127.85,200000000.00
Dec 19 2025,TIA,824093488.58,824093488.58,125022484.02,197000000.00,159000000.00,143071004.57,200000000.00
Dec 17 2025,TIA,823403296.80,823403296.80,124699415.53,197000000.00,159000000.00,142703881.28,200000000.00
Dec 16 2025,TIA,823058200.91,823058200.91,124537881.28,197000000.00,159000000.00,142520319.63,200000000.00
Dec 14 2025,TIA,822368009.13,822368009.13,124214812.79,197000000.00,159000000.00,142153196.35,200000000.00
Dec 12 2025,TIA,821677817.35,821677817.35,123891744.29,197000000.00,159000000.00,141786073.06,200000000.00
Dec 11 2025,TIA,821332721.46,821332721.46,123730210.05,197000000.00,159000000.00,141602511.42,200000000.00
Dec 09 2025,TIA,820642529.68,820642529.68,123407141.55,197000000.00,159000000.00,141235388.13,200000000.00
Dec 08 2025,TIA,820297433.79,820297433.79,123245607.31,197000000.00,159000000.00,141051826.48,200000000.00
Dec 06 2025,TIA,819607242.01,819607242.01,122922538.81,197000000.00,159000000.00,140684703.20,200000000.00
Dec 04 2025,TIA,818917050.23,818917050.23,122599470.32,197000000.00,159000000.00,140317579.91,200000000.00
Dec 03 2025,TIA,818571954.34,818571954.34,122437936.07,197000000.00,159000000.00,140134018.26,200000000.00
Dec 01 2025,TIA,817881762.56,817881762.56,122114867.58,197000000.00,159000000.00,139766894.98,200000000.00
Nov 29 2025,TIA,817191570.78,817191570.78,121791799.09,197000000.00,159000000.00,139399771.69,200000000.00
Nov 28 2025,TIA,816846474.89,816846474.89,121630264.84,197000000.00,159000000.00,139216210.05,200000000.00
Nov 26 2025,TIA,816156283.11,816156283.11,121307196.35,197000000.00,159000000.00,138849086.76,200000000.00
Nov 24 2025,TIA,815466091.32,815466091.32,120984127.85,197000000.00,159000000.00,138481963.47,200000000.00
Nov 23 2025,TIA,815120995.43,815120995.43,120822593.61,197000000.00,159000000.00,138298401.83,200000000.00
Nov 21 2025,TIA,814430803.65,814430803.65,120499525.11,197000000.00,159000000.00,137931278.54,200000000.00
Nov 19 2025,TIA,813740611.87,813740611.87,120176456.62,197000000.00,159000000.00,137564155.25,200000000.00
Nov 18 2025,TIA,813395515.98,813395515.98,120014922.37,197000000.00,159000000.00,137380593.61,200000000.00
Nov 16 2025,TIA,812705324.20,812705324.20,119691853.88,197000000.00,159000000.00,137013470.32,200000000.00
Nov 15 2025,TIA,812360228.31,812360228.31,119530319.63,197000000.00,159000000.00,136829908.68,200000000.00
Nov 13 2025,TIA,811670036.53,811670036.53,119207251.14,197000000.00,159000000.00,136462785.39,200000000.00
Nov 11 2025,TIA,810979844.75,810979844.75,118884182.65,197000000.00,159000000.00,136095662.10,200000000.00
Nov 10 2025,TIA,810634748.86,810634748.86,118722648.40,197000000.00,159000000.00,135912100.46,200000000.00
Nov 08 2025,TIA,809944557.08,809944557.08,118399579.91,197000000.00,159000000.00,135544977.17,200000000.00
Nov 06 2025,TIA,809254365.30,809254365.30,118076511.42,197000000.00,159000000.00,135177853.88,200000000.00
Nov 05 2025,TIA,808909269.41,808909269.41,117914977.17,197000000.00,159000000.00,134994292.24,200000000.00
Nov 03 2025,TIA,808219077.63,808219077.63,117591908.68,197000000.00,159000000.00,134627168.95,200000000.00
Nov 01 2025,TIA,807528885.84,807528885.84,117268840.18,197000000.00,159000000.00,134260045.66,200000000.00
Oct 31 2025,TIA,807183789.95,807183789.95,117107305.94,197000000.00,159000000.00,134076484.02,200000000.00
Oct 29 2025,TIA,805458922.37,805458922.37,116784237.44,196427440.64,158537883.56,133709360.73,200000000.00
Oct 28 2025,TIA,804460347.03,804460347.03,116622703.20,196065824.20,158246020.55,133525799.09,200000000.00
Oct 26 2025,TIA,802463196.35,802463196.35,116299634.70,195342591.32,157662294.52,133158675.80,200000000.00
Oct 24 2025,TIA,800466045.66,800466045.66,115976566.21,194619358.45,157078568.49,132791552.51,200000000.00
Oct 23 2025,TIA,799467470.32,799467470.32,115815031.96,194257742.01,156786705.48,132607990.87,200000000.00
Oct 21 2025,TIA,797470319.63,797470319.63,115491963.47,193534509.13,156202979.45,132240867.58,200000000.00
Oct 19 2025,TIA,795473168.95,795473168.95,115168894.98,192811276.26,155619253.42,131873744.29,200000000.00
Oct 18 2025,TIA,794474593.61,794474593.61,115007360.73,192449659.82,155327390.41,131690182.65,200000000.00
Oct 16 2025,TIA,792477442.92,792477442.92,114684292.24,191726426.94,154743664.38,131323059.36,200000000.00
Oct 14 2025,TIA,790480292.24,790480292.24,114361223.74,191003194.06,154159938.36,130955936.07,200000000.00
Oct 13 2025,TIA,789481716.89,789481716.89,114199689.50,190641577.63,153868075.34,130772374.43,200000000.00
Oct 11 2025,TIA,787484566.21,787484566.21,113876621.00,189918344.75,153284349.32,130405251.14,200000000.00
Oct 10 2025,TIA,786485990.87,786485990.87,113715086.76,189556728.31,152992486.30,130221689.50,200000000.00
Oct 08 2025,TIA,784488840.18,784488840.18,113392018.26,188833495.43,152408760.27,129854566.21,200000000.00
Oct 06 2025,TIA,782491689.50,782491689.50,113068949.77,188110262.56,151825034.25,129487442.92,200000000.00
Oct 05 2025,TIA,781493114.16,781493114.16,112907415.53,187748646.12,151533171.23,129303881.28,200000000.00
Oct 03 2025,TIA,779495963.47,779495963.47,112584347.03,187025413.24,150949445.21,128936757.99,200000000.00
Oct 01 2025,TIA,777498812.79,777498812.79,112261278.54,186302180.37,150365719.18,128569634.70,200000000.00
Sep 30 2025,TIA,776500237.44,776500237.44,112099744.29,185940563.93,150073856.16,128386073.06,200000000.00
Sep 28 2025,TIA,774503086.76,774503086.76,111776675.80,185217331.05,149490130.14,128018949.77,200000000.00
Sep 26 2025,TIA,772505936.07,772505936.07,111453607.31,184494098.17,148906404.11,127651826.48,200000000.00
Sep 25 2025,TIA,771507360.73,771507360.73,111292073.06,184132481.74,148614541.10,127468264.84,200000000.00
Sep 23 2025,TIA,769510210.05,769510210.05,110969004.57,183409248.86,148030815.07,127101141.55,200000000.00
Sep 21 2025,TIA,767513059.36,767513059.36,110645936.07,182686015.98,147447089.04,126734018.26,200000000.00
Sep 21 2025,TIA,767513059.36,767513059.36,110645936.07,182686015.98,147447089.04,126734018.26,200000000.00
Sep 20 2025,TIA,766514484.02,766514484.02,110484401.83,182324399.54,147155226.03,126550456.62,200000000.00
Sep 18 2025,TIA,764517333.33,764517333.33,110161333.33,181601166.67,146571500.00,126183333.33,200000000.00
Sep 17 2025,TIA,763518757.99,763518757.99,109999799.09,181239550.23,146279636.99,125999771.69,200000000.00
Sep 15 2025,TIA,761521607.31,761521607.31,109676730.59,180516317.35,145695910.96,125632648.40,200000000.00
Sep 13 2025,TIA,759524456.62,759524456.62,109353662.10,179793084.47,145112184.93,125265525.11,200000000.00
Sep 12 2025,TIA,758525881.28,758525881.28,109192127.85,179431468.04,144820321.92,125081963.47,200000000.00
Sep 10 2025,TIA,756528730.59,756528730.59,108869059.36,178708235.16,144236595.89,124714840.18,200000000.00
Sep 08 2025,TIA,754531579.91,754531579.91,108545990.87,177985002.28,143652869.86,124347716.89,200000000.00
Sep 07 2025,TIA,753533004.57,753533004.57,108384456.62,177623385.84,143361006.85,124164155.25,200000000.00
Sep 05 2025,TIA,751535853.88,751535853.88,108061388.13,176900152.97,142777280.82,123797031.96,200000000.00
Sep 03 2025,TIA,749538703.20,749538703.20,107738319.63,176176920.09,142193554.79,123429908.68,200000000.00
Sep 02 2025,TIA,748540127.85,748540127.85,107576785.39,175815303.65,141901691.78,123246347.03,200000000.00
Aug 31 2025,TIA,746542977.17,746542977.17,107253716.89,175092070.78,141317965.75,122879223.74,200000000.00
Aug 30 2025,TIA,745544401.83,745544401.83,107092182.65,174730454.34,141026102.74,122695662.10,200000000.00
Aug 28 2025,TIA,743547251.14,743547251.14,106769114.16,174007221.46,140442376.71,122328538.81,200000000.00
Aug 26 2025,TIA,741550100.46,741550100.46,106446045.66,173283988.58,139858650.68,121961415.53,200000000.00
Aug 25 2025,TIA,740551525.11,740551525.11,106284511.42,172922372.15,139566787.67,121777853.88,200000000.00
Aug 23 2025,TIA,738554374.43,738554374.43,105961442.92,172199139.27,138983061.64,121410730.59,200000000.00
Aug 21 2025,TIA,736557223.74,736557223.74,105638374.43,171475906.39,138399335.62,121043607.31,200000000.00
Aug 20 2025,TIA,735558648.40,735558648.40,105476840.18,171114289.95,138107472.60,120860045.66,200000000.00
Aug 18 2025,TIA,733561497.72,733561497.72,105153771.69,170391057.08,137523746.58,120492922.37,200000000.00
Aug 16 2025,TIA,731564347.03,731564347.03,104830703.20,169667824.20,136940020.55,120125799.09,200000000.00
Aug 15 2025,TIA,730565771.69,730565771.69,104669168.95,169306207.76,136648157.53,119942237.44,200000000.00
Aug 13 2025,TIA,728568621.00,728568621.00,104346100.46,168582974.89,136064431.51,119575114.16,200000000.00
Aug 12 2025,TIA,727570045.66,727570045.66,104184566.21,168221358.45,135772568.49,119391552.51,200000000.00
Aug 10 2025,TIA,725572894.98,725572894.98,103861497.72,167498125.57,135188842.47,119024429.22,200000000.00
Aug 08 2025,TIA,723575744.29,723575744.29,103538429.22,166774892.69,134605116.44,118657305.94,200000000.00
Aug 07 2025,TIA,722577168.95,722577168.95,103376894.98,166413276.26,134313253.42,118473744.29,200000000.00
Aug 05 2025,TIA,720580018.26,720580018.26,103053826.48,165690043.38,133729527.40,118106621.00,200000000.00
Aug 03 2025,TIA,718582867.58,718582867.58,102730757.99,164966810.50,133145801.37,117739497.72,200000000.00
Aug 02 2025,TIA,717584292.24,717584292.24,102569223.74,164605194.06,132853938.36,117555936.07,200000000.00
Jul 31 2025,TIA,715587141.55,715587141.55,102246155.25,163881961.19,132270212.33,117188812.79,200000000.00
Jul 29 2025,TIA,713589990.87,713589990.87,101923086.76,163158728.31,131686486.30,116821689.50,200000000.00
Jul 28 2025,TIA,712591415.53,712591415.53,101761552.51,162797111.87,131394623.29,116638127.85,200000000.00
Jul 26 2025,TIA,710594264.84,710594264.84,101438484.02,162073879.00,130810897.26,116271004.57,200000000.00
Jul 25 2025,TIA,709595689.50,709595689.50,101276949.77,161712262.56,130519034.25,116087442.92,200000000.00
Jul 23 2025,TIA,707598538.81,707598538.81,100953881.28,160989029.68,129935308.22,115720319.63,200000000.00
Jul 21 2025,TIA,705601388.13,705601388.13,100630812.79,160265796.80,129351582.19,115353196.35,200000000.00
Jul 20 2025,TIA,704602812.79,704602812.79,100469278.54,159904180.37,129059719.18,115169634.70,200000000.00
Jul 18 2025,TIA,702605662.10,702605662.10,100146210.05,159180947.49,128475993.15,114802511.42,200000000.00
Jul 16 2025,TIA,700608511.42,700608511.42,99823141.55,158457714.61,127892267.12,114435388.13,200000000.00
Jul 15 2025,TIA,699609936.07,699609936.07,99661607.31,158096098.17,127600404.11,114251826.48,200000000.00
Jul 13 2025,TIA,697612785.39,697612785.39,99338538.81,157372865.30,127016678.08,113884703.20,200000000.00
Jul 11 2025,TIA,695615634.70,695615634.70,99015470.32,156649632.42,126432952.05,113517579.91,200000000.00
Jul 10 2025,TIA,694617059.36,694617059.36,98853936.07,156288015.98,126141089.04,113334018.26,200000000.00
Jul 08 2025,TIA,692619908.68,692619908.68,98530867.58,155564783.11,125557363.01,112966894.98,200000000.00
Jul 06 2025,TIA,690622757.99,690622757.99,98207799.09,154841550.23,124973636.99,112599771.69,200000000.00
Jul 05 2025,TIA,689624182.65,689624182.65,98046264.84,154479933.79,124681773.97,112416210.05,200000000.00
Jul 03 2025,TIA,687627031.96,687627031.96,97723196.35,153756700.91,124098047.95,112049086.76,200000000.00
Jul 02 2025,TIA,686628456.62,686628456.62,97561662.10,153395084.47,123806184.93,111865525.11,200000000.00
Jun 30 2025,TIA,684631305.94,684631305.94,97238593.61,152671851.60,123222458.90,111498401.83,200000000.00
Jun 28 2025,TIA,682634155.25,682634155.25,96915525.11,151948618.72,122638732.88,111131278.54,200000000.00
Jun 27 2025,TIA,681635579.91,681635579.91,96753990.87,151587002.28,122346869.86,110947716.89,200000000.00
Jun 25 2025,TIA,679638429.22,679638429.22,96430922.37,150863769.41,121763143.84,110580593.61,200000000.00
Jun 23 2025,TIA,677641278.54,677641278.54,96107853.88,150140536.53,121179417.81,110213470.32,200000000.00
Jun 22 2025,TIA,676642703.20,676642703.20,95946319.63,149778920.09,120887554.79,110029908.68,200000000.00
Jun 20 2025,TIA,674645552.51,674645552.51,95623251.14,149055687.21,120303828.77,109662785.39,200000000.00
Jun 18 2025,TIA,672648401.83,672648401.83,95300182.65,148332454.34,119720102.74,109295662.10,200000000.00
Jun 17 2025,TIA,671649826.48,671649826.48,95138648.40,147970837.90,119428239.73,109112100.46,200000000.00
Jun 15 2025,TIA,669652675.80,669652675.80,94815579.91,147247605.02,118844513.70,108744977.17,200000000.00
Jun 14 2025,TIA,668654100.46,668654100.46,94654045.66,146885988.58,118552650.68,108561415.53,200000000.00
Jun 12 2025,TIA,666656949.77,666656949.77,94330977.17,146162755.71,117968924.66,108194292.24,200000000.00
Jun 10 2025,TIA,664659799.09,664659799.09,94007908.68,145439522.83,117385198.63,107827168.95,200000000.00
Jun 09 2025,TIA,663661223.74,663661223.74,93846374.43,145077906.39,117093335.62,107643607.31,200000000.00
Jun 07 2025,TIA,661664073.06,661664073.06,93523305.94,144354673.52,116509609.59,107276484.02,200000000.00
Jun 05 2025,TIA,659666922.37,659666922.37,93200237.44,143631440.64,115925883.56,106909360.73,200000000.00
Jun 04 2025,TIA,658668347.03,658668347.03,93038703.20,143269824.20,115634020.55,106725799.09,200000000.00
Jun 02 2025,TIA,656671196.35,656671196.35,92715634.70,142546591.32,115050294.52,106358675.80,200000000.00
May 31 2025,TIA,654674045.66,654674045.66,92392566.21,141823358.45,114466568.49,105991552.51,200000000.00
May 30 2025,TIA,653675470.32,653675470.32,92231031.96,141461742.01,114174705.48,105807990.87,200000000.00
May 28 2025,TIA,651678319.63,651678319.63,91907963.47,140738509.13,113590979.45,105440867.58,200000000.00
May 27 2025,TIA,650679744.29,650679744.29,91746429.22,140376892.69,113299116.44,105257305.94,200000000.00
May 25 2025,TIA,648682593.61,648682593.61,91423360.73,139653659.82,112715390.41,104890182.65,200000000.00
May 23 2025,TIA,646685442.92,646685442.92,91100292.24,138930426.94,112131664.38,104523059.36,200000000.00
May 22 2025,TIA,645686867.58,645686867.58,90938757.99,138568810.50,111839801.37,104339497.72,200000000.00
May 20 2025,TIA,643689716.89,643689716.89,90615689.50,137845577.63,111256075.34,103972374.43,200000000.00
May 18 2025,TIA,641692566.21,641692566.21,90292621.00,137122344.75,110672349.32,103605251.14,200000000.00
May 17 2025,TIA,640693990.87,640693990.87,90131086.76,136760728.31,110380486.30,103421689.50,200000000.00
May 15 2025,TIA,638696840.18,638696840.18,89808018.26,136037495.43,109796760.27,103054566.21,200000000.00
May 13 2025,TIA,636699689.50,636699689.50,89484949.77,135314262.56,109213034.25,102687442.92,200000000.00
May 12 2025,TIA,635701114.16,635701114.16,89323415.53,134952646.12,108921171.23,102503881.28,200000000.00
May 10 2025,TIA,633703963.47,633703963.47,89000347.03,134229413.24,108337445.21,102136757.99,200000000.00
May 08 2025,TIA,631706812.79,631706812.79,88677278.54,133506180.37,107753719.18,101769634.70,200000000.00
May 07 2025,TIA,630708237.44,630708237.44,88515744.29,133144563.93,107461856.16,101586073.06,200000000.00
May 05 2025,TIA,628711086.76,628711086.76,88192675.80,132421331.05,106878130.14,101218949.77,200000000.00
May 04 2025,TIA,627712511.42,627712511.42,88031141.55,132059714.61,106586267.12,101035388.13,200000000.00
May 02 2025,TIA,625715360.73,625715360.73,87708073.06,131336481.74,106002541.10,100668264.84,200000000.00
Apr 30 2025,TIA,623718210.05,623718210.05,87385004.57,130613248.86,105418815.07,100301141.55,200000000.00
Apr 29 2025,TIA,622719634.70,622719634.70,87223470.32,130251632.42,105126952.05,100117579.91,200000000.00
Apr 27 2025,TIA,620722484.02,620722484.02,86900401.83,129528399.54,104543226.03,99750456.62,200000000.00
Apr 25 2025,TIA,618725333.33,618725333.33,86577333.33,128805166.67,103959500.00,99383333.33,200000000.00
Apr 24 2025,TIA,617726757.99,617726757.99,86415799.09,128443550.23,103667636.99,99199771.69,200000000.00
Apr 22 2025,TIA,615729607.31,615729607.31,86092730.59,127720317.35,103083910.96,98832648.40,200000000.00
Apr 20 2025,TIA,613732456.62,613732456.62,85769662.10,126997084.47,102500184.93,98465525.11,200000000.00
Apr 19 2025,TIA,612733881.28,612733881.28,85608127.85,126635468.04,102208321.92,98281963.47,200000000.00
Apr 17 2025,TIA,610736730.59,610736730.59,85285059.36,125912235.16,101624595.89,97914840.18,200000000.00
Apr 16 2025,TIA,609738155.25,609738155.25,85123525.11,125550618.72,101332732.88,97731278.54,200000000.00
Apr 14 2025,TIA,607741004.57,607741004.57,84800456.62,124827385.84,100749006.85,97364155.25,200000000.00
Apr 12 2025,TIA,605743853.88,605743853.88,84477388.13,124104152.97,100165280.82,96997031.96,200000000.00
Apr 11 2025,TIA,604745278.54,604745278.54,84315853.88,123742536.53,99873417.81,96813470.32,200000000.00
Apr 09 2025,TIA,602748127.85,602748127.85,83992785.39,123019303.65,99289691.78,96446347.03,200000000.00
Apr 07 2025,TIA,600750977.17,600750977.17,83669716.89,122296070.78,98705965.75,96079223.74,200000000.00
Apr 06 2025,TIA,599752401.83,599752401.83,83508182.65,121934454.34,98414102.74,95895662.10,200000000.00
Apr 04 2025,TIA,597755251.14,597755251.14,83185114.16,121211221.46,97830376.71,95528538.81,200000000.00
Apr 02 2025,TIA,595758100.46,595758100.46,82862045.66,120487988.58,97246650.68,95161415.53,200000000.00
Apr 01 2025,TIA,594759525.11,594759525.11,82700511.42,120126372.15,96954787.67,94977853.88,200000000.00
Mar 30 2025,TIA,592762374.43,592762374.43,82377442.92,119403139.27,96371061.64,94610730.59,200000000.00
Mar 29 2025,TIA,591763799.09,591763799.09,82215908.68,119041522.83,96079198.63,94427168.95,200000000.00
Mar 27 2025,TIA,589766648.40,589766648.40,81892840.18,118318289.95,95495472.60,94060045.66,200000000.00
Mar 25 2025,TIA,587769497.72,587769497.72,81569771.69,117595057.08,94911746.58,93692922.37,200000000.00
Mar 24 2025,TIA,586770922.37,586770922.37,81408237.44,117233440.64,94619883.56,93509360.73,200000000.00
Mar 22 2025,TIA,584773771.69,584773771.69,81085168.95,116510207.76,94036157.53,93142237.44,200000000.00
Mar 20 2025,TIA,582776621.00,582776621.00,80762100.46,115786974.89,93452431.51,92775114.16,200000000.00
Mar 19 2025,TIA,581778045.66,581778045.66,80600566.21,115425358.45,93160568.49,92591552.51,200000000.00
Mar 17 2025,TIA,579780894.98,579780894.98,80277497.72,114702125.57,92576842.47,92224429.22,200000000.00
Mar 15 2025,TIA,577783744.29,577783744.29,79954429.22,113978892.69,91993116.44,91857305.94,200000000.00
Mar 14 2025,TIA,576785168.95,576785168.95,79792894.98,113617276.26,91701253.42,91673744.29,200000000.00
Mar 12 2025,TIA,574788018.26,574788018.26,79469826.48,112894043.38,91117527.40,91306621.00,200000000.00
Mar 10 2025,TIA,572790867.58,572790867.58,79146757.99,112170810.50,90533801.37,90939497.72,200000000.00
Mar 09 2025,TIA,571792292.24,571792292.24,78985223.74,111809194.06,90241938.36,90755936.07,200000000.00
Mar 07 2025,TIA,569795141.55,569795141.55,78662155.25,111085961.19,89658212.33,90388812.79,200000000.00
Mar 06 2025,TIA,568796566.21,568796566.21,78500621.00,110724344.75,89366349.32,90205251.14,200000000.00
Mar 04 2025,TIA,566799415.53,566799415.53,78177552.51,110001111.87,88782623.29,89838127.85,200000000.00
Mar 02 2025,TIA,564802264.84,564802264.84,77854484.02,109277879.00,88198897.26,89471004.57,200000000.00
Mar 01 2025,TIA,563803689.50,563803689.50,77692949.77,108916262.56,87907034.25,89287442.92,200000000.00
Feb 27 2025,TIA,561806538.81,561806538.81,77369881.28,108193029.68,87323308.22,88920319.63,200000000.00
Feb 25 2025,TIA,559809388.13,559809388.13,77046812.79,107469796.80,86739582.19,88553196.35,200000000.00
Feb 24 2025,TIA,558810812.79,558810812.79,76885278.54,107108180.37,86447719.18,88369634.70,200000000.00
Feb 22 2025,TIA,556813662.10,556813662.10,76562210.05,106384947.49,85863993.15,88002511.42,200000000.00
Feb 20 2025,TIA,554816511.42,554816511.42,76239141.55,105661714.61,85280267.12,87635388.13,200000000.00
Feb 19 2025,TIA,553817936.07,553817936.07,76077607.31,105300098.17,84988404.11,87451826.48,200000000.00
Feb 17 2025,TIA,551820785.39,551820785.39,75754538.81,104576865.30,84404678.08,87084703.20,200000000.00
Feb 16 2025,TIA,550822210.05,550822210.05,75593004.57,104215248.86,84112815.07,86901141.55,200000000.00
Feb 14 2025,TIA,548825059.36,548825059.36,75269936.07,103492015.98,83529089.04,86534018.26,200000000.00
Feb 12 2025,TIA,546827908.68,546827908.68,74946867.58,102768783.11,82945363.01,86166894.98,200000000.00
Feb 11 2025,TIA,545829333.33,545829333.33,74785333.33,102407166.67,82653500.00,85983333.33,200000000.00
Feb 09 2025,TIA,543832182.65,543832182.65,74462264.84,101683933.79,82069773.97,85616210.05,200000000.00
Feb 07 2025,TIA,541835031.96,541835031.96,74139196.35,100960700.91,81486047.95,85249086.76,200000000.00
Feb 06 2025,TIA,540836456.62,540836456.62,73977662.10,100599084.47,81194184.93,85065525.11,200000000.00
Feb 04 2025,TIA,538839305.94,538839305.94,73654593.61,99875851.60,80610458.90,84698401.83,200000000.00
Feb 02 2025,TIA,536842155.25,536842155.25,73331525.11,99152618.72,80026732.88,84331278.54,200000000.00
Feb 01 2025,TIA,535843579.91,535843579.91,73169990.87,98791002.28,79734869.86,84147716.89,200000000.00
Jan 30 2025,TIA,533846429.22,533846429.22,72846922.37,98067769.41,79151143.84,83780593.61,200000000.00
Jan 29 2025,TIA,532847853.88,532847853.88,72685388.13,97706152.97,78859280.82,83597031.96,200000000.00
Jan 27 2025,TIA,530850703.20,530850703.20,72362319.63,96982920.09,78275554.79,83229908.68,200000000.00
Jan 25 2025,TIA,528853552.51,528853552.51,72039251.14,96259687.21,77691828.77,82862785.39,200000000.00
Jan 24 2025,TIA,527854977.17,527854977.17,71877716.89,95898070.78,77399965.75,82679223.74,200000000.00
Jan 22 2025,TIA,525857826.48,525857826.48,71554648.40,95174837.90,76816239.73,82312100.46,200000000.00
Jan 20 2025,TIA,523860675.80,523860675.80,71231579.91,94451605.02,76232513.70,81944977.17,200000000.00
Jan 19 2025,TIA,522862100.46,522862100.46,71070045.66,94089988.58,75940650.68,81761415.53,200000000.00
Jan 17 2025,TIA,520864949.77,520864949.77,70746977.17,93366755.71,75356924.66,81394292.24,200000000.00
Jan 15 2025,TIA,518867799.09,518867799.09,70423908.68,92643522.83,74773198.63,81027168.95,200000000.00
Jan 14 2025,TIA,517869223.74,517869223.74,70262374.43,92281906.39,74481335.62,80843607.31,200000000.00
Jan 12 2025,TIA,515872073.06,515872073.06,69939305.94,91558673.52,73897609.59,80476484.02,200000000.00
Jan 11 2025,TIA,514873497.72,514873497.72,69777771.69,91197057.08,73605746.58,80292922.37,200000000.00
Jan 09 2025,TIA,512876347.03,512876347.03,69454703.20,90473824.20,73022020.55,79925799.09,200000000.00
Jan 07 2025,TIA,510879196.35,510879196.35,69131634.70,89750591.32,72438294.52,79558675.80,200000000.00
Jan 06 2025,TIA,509880621.00,509880621.00,68970100.46,89388974.89,72146431.51,79375114.16,200000000.00
Jan 04 2025,TIA,507883470.32,507883470.32,68647031.96,88665742.01,71562705.48,79007990.87,200000000.00
Jan 02 2025,TIA,505886319.63,505886319.63,68323963.47,87942509.13,70978979.45,78640867.58,200000000.00
Jan 01 2025,TIA,504887744.29,504887744.29,68162429.22,87580892.69,70687116.44,78457305.94,200000000.00
Dec 30 2024,TIA,502890593.61,502890593.61,67839360.73,86857659.82,70103390.41,78090182.65,200000000.00
Dec 28 2024,TIA,500893442.92,500893442.92,67516292.24,86134426.94,69519664.38,77723059.36,200000000.00
Dec 27 2024,TIA,499894867.58,499894867.58,67354757.99,85772810.50,69227801.37,77539497.72,200000000.00
Dec 25 2024,TIA,497897716.89,497897716.89,67031689.50,85049577.63,68644075.34,77172374.43,200000000.00
Dec 23 2024,TIA,495900566.21,495900566.21,66708621.00,84326344.75,68060349.32,76805251.14,200000000.00
Dec 22 2024,TIA,494901990.87,494901990.87,66547086.76,83964728.31,67768486.30,76621689.50,200000000.00
Dec 20 2024,TIA,492904840.18,492904840.18,66224018.26,83241495.43,67184760.27,76254566.21,200000000.00
Dec 19 2024,TIA,491906264.84,491906264.84,66062484.02,82879879.00,66892897.26,76071004.57,200000000.00
Dec 17 2024,TIA,489909114.16,489909114.16,65739415.53,82156646.12,66309171.23,75703881.28,200000000.00
Dec 15 2024,TIA,487911963.47,487911963.47,65416347.03,81433413.24,65725445.21,75336757.99,200000000.00
Dec 14 2024,TIA,486913388.13,486913388.13,65254812.79,81071796.80,65433582.19,75153196.35,200000000.00
Dec 12 2024,TIA,484916237.44,484916237.44,64931744.29,80348563.93,64849856.16,74786073.06,200000000.00
Dec 10 2024,TIA,482919086.76,482919086.76,64608675.80,79625331.05,64266130.14,74418949.77,200000000.00
Dec 09 2024,TIA,481920511.42,481920511.42,64447141.55,79263714.61,63974267.12,74235388.13,200000000.00
Dec 07 2024,TIA,479923360.73,479923360.73,64124073.06,78540481.74,63390541.10,73868264.84,200000000.00
Dec 05 2024,TIA,477926210.05,477926210.05,63801004.57,77817248.86,62806815.07,73501141.55,200000000.00
Dec 04 2024,TIA,476927634.70,476927634.70,63639470.32,77455632.42,62514952.05,73317579.91,200000000.00
Dec 02 2024,TIA,474930484.02,474930484.02,63316401.83,76732399.54,61931226.03,72950456.62,200000000.00
Dec 01 2024,TIA,473931908.68,473931908.68,63154867.58,76370783.11,61639363.01,72766894.98,200000000.00
Nov 29 2024,TIA,471934757.99,471934757.99,62831799.09,75647550.23,61055636.99,72399771.69,200000000.00
Nov 27 2024,TIA,469937607.31,469937607.31,62508730.59,74924317.35,60471910.96,72032648.40,200000000.00
Nov 26 2024,TIA,468939031.96,468939031.96,62347196.35,74562700.91,60180047.95,71849086.76,200000000.00
Nov 24 2024,TIA,466941881.28,466941881.28,62024127.85,73839468.04,59596321.92,71481963.47,200000000.00
Nov 22 2024,TIA,464944730.59,464944730.59,61701059.36,73116235.16,59012595.89,71114840.18,200000000.00
Nov 21 2024,TIA,463946155.25,463946155.25,61539525.11,72754618.72,58720732.88,70931278.54,200000000.00
Nov 19 2024,TIA,461949004.57,461949004.57,61216456.62,72031385.84,58137006.85,70564155.25,200000000.00
Nov 17 2024,TIA,459951853.88,459951853.88,60893388.13,71308152.97,57553280.82,70197031.96,200000000.00
Nov 16 2024,TIA,458953278.54,458953278.54,60731853.88,70946536.53,57261417.81,70013470.32,200000000.00
Nov 14 2024,TIA,456956127.85,456956127.85,60408785.39,70223303.65,56677691.78,69646347.03,200000000.00
Nov 13 2024,TIA,455957552.51,455957552.51,60247251.14,69861687.21,56385828.77,69462785.39,200000000.00
Nov 11 2024,TIA,453960401.83,453960401.83,59924182.65,69138454.34,55802102.74,69095662.10,200000000.00
Nov 09 2024,TIA,451963251.14,451963251.14,59601114.16,68415221.46,55218376.71,68728538.81,200000000.00
Nov 08 2024,TIA,450964675.80,450964675.80,59439579.91,68053605.02,54926513.70,68544977.17,200000000.00
Nov 06 2024,TIA,448967525.11,448967525.11,59116511.42,67330372.15,54342787.67,68177853.88,200000000.00
Nov 04 2024,TIA,446970374.43,446970374.43,58793442.92,66607139.27,53759061.64,67810730.59,200000000.00
Nov 03 2024,TIA,445971799.09,445971799.09,58631908.68,66245522.83,53467198.63,67627168.95,200000000.00
Nov 01 2024,TIA,443974648.40,443974648.40,58308840.18,65522289.95,52883472.60,67260045.66,200000000.00
Oct 30 2024,TIA,442560000.00,442560000.00,58080000.00,65010000.00,52470000.00,67000000.00,200000000.00
Oct 29 2024,TIA,267000000.00,267000000.00,0,0,0,67000000.00,200000000.00
Oct 27 2024,TIA,267000000.00,267000000.00,0,0,0,67000000.00,200000000.00
Oct 25 2024,TIA,267000000.00,267000000.00,0,0,0,67000000.00,200000000.00
Oct 24 2024,TIA,267000000.00,267000000.00,0,0,0,67000000.00,200000000.00
Oct 22 2024,TIA,267000000.00,267000000.00,0,0,0,67000000.00,200000000.00
Oct 21 2024,TIA,267000000.00,267000000.00,0,0,0,67000000.00,200000000.00
Oct 19 2024,TIA,267000000.00,267000000.00,0,0,0,67000000.00,200000000.00
Oct 17 2024,TIA,267000000.00,267000000.00,0,0,0,67000000.00,200000000.00
Oct 16 2024,TIA,267000000.00,267000000.00,0,0,0,67000000.00,200000000.00
Oct 14 2024,TIA,267000000.00,267000000.00,0,0,0,67000000.00,200000000.00
Oct 12 2024,TIA,267000000.00,267000000.00,0,0,0,67000000.00,200000000.00
Oct 11 2024,TIA,267000000.00,267000000.00,0,0,0,67000000.00,200000000.00
Oct 09 2024,TIA,267000000.00,267000000.00,0,0,0,67000000.00,200000000.00
Oct 07 2024,TIA,267000000.00,267000000.00,0,0,0,67000000.00,200000000.00
Oct 06 2024,TIA,267000000.00,267000000.00,0,0,0,67000000.00,200000000.00
Oct 04 2024,TIA,267000000.00,267000000.00,0,0,0,67000000.00,200000000.00
Oct 03 2024,TIA,267000000.00,267000000.00,0,0,0,67000000.00,200000000.00
Oct 01 2024,TIA,267000000.00,267000000.00,0,0,0,67000000.00,200000000.00
Sep 29 2024,TIA,267000000.00,267000000.00,0,0,0,67000000.00,200000000.00
Sep 28 2024,TIA,267000000.00,267000000.00,0,0,0,67000000.00,200000000.00
Sep 26 2024,TIA,267000000.00,267000000.00,0,0,0,67000000.00,200000000.00
Sep 24 2024,TIA,267000000.00,267000000.00,0,0,0,67000000.00,200000000.00
Sep 23 2024,TIA,267000000.00,267000000.00,0,0,0,67000000.00,200000000.00
Sep 21 2024,TIA,267000000.00,267000000.00,0,0,0,67000000.00,200000000.00
Sep 19 2024,TIA,267000000.00,267000000.00,0,0,0,67000000.00,200000000.00
Sep 18 2024,TIA,267000000.00,267000000.00,0,0,0,67000000.00,200000000.00
Sep 16 2024,TIA,267000000.00,267000000.00,0,0,0,67000000.00,200000000.00
Sep 15 2024,TIA,267000000.00,267000000.00,0,0,0,67000000.00,200000000.00
Sep 13 2024,TIA,267000000.00,267000000.00,0,0,0,67000000.00,200000000.00
Sep 11 2024,TIA,267000000.00,267000000.00,0,0,0,67000000.00,200000000.00
Sep 10 2024,TIA,267000000.00,267000000.00,0,0,0,67000000.00,200000000.00
Sep 08 2024,TIA,267000000.00,267000000.00,0,0,0,67000000.00,200000000.00
Sep 06 2024,TIA,267000000.00,267000000.00,0,0,0,67000000.00,200000000.00
Sep 05 2024,TIA,267000000.00,267000000.00,0,0,0,67000000.00,200000000.00
Sep 03 2024,TIA,267000000.00,267000000.00,0,0,0,67000000.00,200000000.00
Sep 01 2024,TIA,267000000.00,267000000.00,0,0,0,67000000.00,200000000.00
Aug 31 2024,TIA,267000000.00,267000000.00,0,0,0,67000000.00,200000000.00
Aug 29 2024,TIA,267000000.00,267000000.00,0,0,0,67000000.00,200000000.00
Aug 28 2024,TIA,267000000.00,267000000.00,0,0,0,67000000.00,200000000.00
Aug 26 2024,TIA,267000000.00,267000000.00,0,0,0,67000000.00,200000000.00
Aug 24 2024,TIA,267000000.00,267000000.00,0,0,0,67000000.00,200000000.00
Aug 23 2024,TIA,267000000.00,267000000.00,0,0,0,67000000.00,200000000.00
Aug 21 2024,TIA,267000000.00,267000000.00,0,0,0,67000000.00,200000000.00
Aug 19 2024,TIA,267000000.00,267000000.00,0,0,0,67000000.00,200000000.00
Aug 18 2024,TIA,267000000.00,267000000.00,0,0,0,67000000.00,200000000.00
Aug 16 2024,TIA,267000000.00,267000000.00,0,0,0,67000000.00,200000000.00
Aug 14 2024,TIA,267000000.00,267000000.00,0,0,0,67000000.00,200000000.00
Aug 13 2024,TIA,267000000.00,267000000.00,0,0,0,67000000.00,200000000.00
Aug 11 2024,TIA,267000000.00,267000000.00,0,0,0,67000000.00,200000000.00
Aug 09 2024,TIA,267000000.00,267000000.00,0,0,0,67000000.00,200000000.00
Aug 08 2024,TIA,267000000.00,267000000.00,0,0,0,67000000.00,200000000.00
Aug 06 2024,TIA,267000000.00,267000000.00,0,0,0,67000000.00,200000000.00
Aug 05 2024,TIA,267000000.00,267000000.00,0,0,0,67000000.00,200000000.00
Aug 03 2024,TIA,267000000.00,267000000.00,0,0,0,67000000.00,200000000.00
Aug 01 2024,TIA,267000000.00,267000000.00,0,0,0,67000000.00,200000000.00
Jul 31 2024,TIA,267000000.00,267000000.00,0,0,0,67000000.00,200000000.00
Jul 29 2024,TIA,267000000.00,267000000.00,0,0,0,67000000.00,200000000.00
Jul 27 2024,TIA,267000000.00,267000000.00,0,0,0,67000000.00,200000000.00
Jul 26 2024,TIA,267000000.00,267000000.00,0,0,0,67000000.00,200000000.00
Jul 24 2024,TIA,267000000.00,267000000.00,0,0,0,67000000.00,200000000.00
Jul 22 2024,TIA,267000000.00,267000000.00,0,0,0,67000000.00,200000000.00
Jul 21 2024,TIA,267000000.00,267000000.00,0,0,0,67000000.00,200000000.00
Jul 19 2024,TIA,267000000.00,267000000.00,0,0,0,67000000.00,200000000.00
Jul 18 2024,TIA,267000000.00,267000000.00,0,0,0,67000000.00,200000000.00
Jul 16 2024,TIA,267000000.00,267000000.00,0,0,0,67000000.00,200000000.00
Jul 14 2024,TIA,267000000.00,267000000.00,0,0,0,67000000.00,200000000.00
Jul 13 2024,TIA,267000000.00,267000000.00,0,0,0,67000000.00,200000000.00
Jul 11 2024,TIA,267000000.00,267000000.00,0,0,0,67000000.00,200000000.00
Jul 09 2024,TIA,267000000.00,267000000.00,0,0,0,67000000.00,200000000.00
Jul 08 2024,TIA,267000000.00,267000000.00,0,0,0,67000000.00,200000000.00
Jul 06 2024,TIA,267000000.00,267000000.00,0,0,0,67000000.00,200000000.00
Jul 04 2024,TIA,267000000.00,267000000.00,0,0,0,67000000.00,200000000.00
Jul 03 2024,TIA,267000000.00,267000000.00,0,0,0,67000000.00,200000000.00
Jul 01 2024,TIA,267000000.00,267000000.00,0,0,0,67000000.00,200000000.00
Jun 30 2024,TIA,267000000.00,267000000.00,0,0,0,67000000.00,200000000.00
Jun 28 2024,TIA,267000000.00,267000000.00,0,0,0,67000000.00,200000000.00
Jun 26 2024,TIA,267000000.00,267000000.00,0,0,0,67000000.00,200000000.00
Jun 25 2024,TIA,267000000.00,267000000.00,0,0,0,67000000.00,200000000.00
Jun 23 2024,TIA,267000000.00,267000000.00,0,0,0,67000000.00,200000000.00
Jun 21 2024,TIA,267000000.00,267000000.00,0,0,0,67000000.00,200000000.00
Jun 20 2024,TIA,267000000.00,267000000.00,0,0,0,67000000.00,200000000.00
Jun 18 2024,TIA,267000000.00,267000000.00,0,0,0,67000000.00,200000000.00
Jun 16 2024,TIA,267000000.00,267000000.00,0,0,0,67000000.00,200000000.00
Jun 15 2024,TIA,267000000.00,267000000.00,0,0,0,67000000.00,200000000.00
Jun 13 2024,TIA,267000000.00,267000000.00,0,0,0,67000000.00,200000000.00
Jun 11 2024,TIA,267000000.00,267000000.00,0,0,0,67000000.00,200000000.00
Jun 10 2024,TIA,267000000.00,267000000.00,0,0,0,67000000.00,200000000.00
Jun 08 2024,TIA,267000000.00,267000000.00,0,0,0,67000000.00,200000000.00
Jun 07 2024,TIA,267000000.00,267000000.00,0,0,0,67000000.00,200000000.00
Jun 05 2024,TIA,267000000.00,267000000.00,0,0,0,67000000.00,200000000.00
Jun 03 2024,TIA,267000000.00,267000000.00,0,0,0,67000000.00,200000000.00
Jun 02 2024,TIA,267000000.00,267000000.00,0,0,0,67000000.00,200000000.00
May 31 2024,TIA,267000000.00,267000000.00,0,0,0,67000000.00,200000000.00
May 29 2024,TIA,267000000.00,267000000.00,0,0,0,67000000.00,200000000.00
May 28 2024,TIA,267000000.00,267000000.00,0,0,0,67000000.00,200000000.00
May 26 2024,TIA,267000000.00,267000000.00,0,0,0,67000000.00,200000000.00
May 24 2024,TIA,267000000.00,267000000.00,0,0,0,67000000.00,200000000.00
May 23 2024,TIA,267000000.00,267000000.00,0,0,0,67000000.00,200000000.00
May 21 2024,TIA,267000000.00,267000000.00,0,0,0,67000000.00,200000000.00
May 20 2024,TIA,267000000.00,267000000.00,0,0,0,67000000.00,200000000.00
May 18 2024,TIA,267000000.00,267000000.00,0,0,0,67000000.00,200000000.00
May 16 2024,TIA,267000000.00,267000000.00,0,0,0,67000000.00,200000000.00
May 15 2024,TIA,267000000.00,267000000.00,0,0,0,67000000.00,200000000.00
May 13 2024,TIA,267000000.00,267000000.00,0,0,0,67000000.00,200000000.00
May 11 2024,TIA,267000000.00,267000000.00,0,0,0,67000000.00,200000000.00
May 10 2024,TIA,267000000.00,267000000.00,0,0,0,67000000.00,200000000.00
May 08 2024,TIA,267000000.00,267000000.00,0,0,0,67000000.00,200000000.00
May 06 2024,TIA,267000000.00,267000000.00,0,0,0,67000000.00,200000000.00
May 05 2024,TIA,267000000.00,267000000.00,0,0,0,67000000.00,200000000.00
May 03 2024,TIA,267000000.00,267000000.00,0,0,0,67000000.00,200000000.00
May 02 2024,TIA,267000000.00,267000000.00,0,0,0,67000000.00,200000000.00
Apr 30 2024,TIA,267000000.00,267000000.00,0,0,0,67000000.00,200000000.00
Apr 28 2024,TIA,267000000.00,267000000.00,0,0,0,67000000.00,200000000.00
Apr 27 2024,TIA,267000000.00,267000000.00,0,0,0,67000000.00,200000000.00
Apr 25 2024,TIA,267000000.00,267000000.00,0,0,0,67000000.00,200000000.00
Apr 23 2024,TIA,267000000.00,267000000.00,0,0,0,67000000.00,200000000.00
Apr 22 2024,TIA,267000000.00,267000000.00,0,0,0,67000000.00,200000000.00
Apr 20 2024,TIA,267000000.00,267000000.00,0,0,0,67000000.00,200000000.00
Apr 18 2024,TIA,267000000.00,267000000.00,0,0,0,67000000.00,200000000.00
Apr 17 2024,TIA,267000000.00,267000000.00,0,0,0,67000000.00,200000000.00
Apr 15 2024,TIA,267000000.00,267000000.00,0,0,0,67000000.00,200000000.00
Apr 13 2024,TIA,267000000.00,267000000.00,0,0,0,67000000.00,200000000.00
Apr 12 2024,TIA,267000000.00,267000000.00,0,0,0,67000000.00,200000000.00
Apr 10 2024,TIA,267000000.00,267000000.00,0,0,0,67000000.00,200000000.00
Apr 09 2024,TIA,267000000.00,267000000.00,0,0,0,67000000.00,200000000.00
Apr 07 2024,TIA,267000000.00,267000000.00,0,0,0,67000000.00,200000000.00
Apr 05 2024,TIA,267000000.00,267000000.00,0,0,0,67000000.00,200000000.00
Apr 04 2024,TIA,267000000.00,267000000.00,0,0,0,67000000.00,200000000.00
Apr 02 2024,TIA,267000000.00,267000000.00,0,0,0,67000000.00,200000000.00
Mar 31 2024,TIA,0,267000000.00,0,0,0,67000000.00,200000000.00
Mar 30 2024,TIA,0,267000000.00,0,0,0,67000000.00,200000000.00
Mar 28 2024,TIA,0,267000000.00,0,0,0,67000000.00,200000000.00
Mar 26 2024,TIA,0,267000000.00,0,0,0,67000000.00,200000000.00
Mar 25 2024,TIA,0,267000000.00,0,0,0,67000000.00,200000000.00
Mar 23 2024,TIA,0,267000000.00,0,0,0,67000000.00,200000000.00
Mar 22 2024,TIA,0,267000000.00,0,0,0,67000000.00,200000000.00
Mar 20 2024,TIA,0,267000000.00,0,0,0,67000000.00,200000000.00
Mar 18 2024,TIA,0,267000000.00,0,0,0,67000000.00,200000000.00
Mar 17 2024,TIA,0,267000000.00,0,0,0,67000000.00,200000000.00
Mar 15 2024,TIA,0,267000000.00,0,0,0,67000000.00,200000000.00
Mar 13 2024,TIA,0,267000000.00,0,0,0,67000000.00,200000000.00
Mar 12 2024,TIA,0,267000000.00,0,0,0,67000000.00,200000000.00
Mar 10 2024,TIA,0,267000000.00,0,0,0,67000000.00,200000000.00
Mar 08 2024,TIA,0,267000000.00,0,0,0,67000000.00,200000000.00
Mar 07 2024,TIA,0,267000000.00,0,0,0,67000000.00,200000000.00
Mar 05 2024,TIA,0,267000000.00,0,0,0,67000000.00,200000000.00
Mar 04 2024,TIA,0,267000000.00,0,0,0,67000000.00,200000000.00
Mar 02 2024,TIA,0,267000000.00,0,0,0,67000000.00,200000000.00
Feb 29 2024,TIA,0,267000000.00,0,0,0,67000000.00,200000000.00
Feb 28 2024,TIA,0,267000000.00,0,0,0,67000000.00,200000000.00
Feb 26 2024,TIA,0,267000000.00,0,0,0,67000000.00,200000000.00
Feb 24 2024,TIA,0,267000000.00,0,0,0,67000000.00,200000000.00
Feb 23 2024,TIA,0,267000000.00,0,0,0,67000000.00,200000000.00
Feb 21 2024,TIA,0,267000000.00,0,0,0,67000000.00,200000000.00
Feb 19 2024,TIA,0,267000000.00,0,0,0,67000000.00,200000000.00
Feb 18 2024,TIA,0,267000000.00,0,0,0,67000000.00,200000000.00
Feb 16 2024,TIA,0,267000000.00,0,0,0,67000000.00,200000000.00
Feb 15 2024,TIA,0,267000000.00,0,0,0,67000000.00,200000000.00
Feb 13 2024,TIA,0,267000000.00,0,0,0,67000000.00,200000000.00
Feb 11 2024,TIA,0,267000000.00,0,0,0,67000000.00,200000000.00
Feb 10 2024,TIA,0,267000000.00,0,0,0,67000000.00,200000000.00
Feb 08 2024,TIA,0,267000000.00,0,0,0,67000000.00,200000000.00
Feb 06 2024,TIA,0,267000000.00,0,0,0,67000000.00,200000000.00
Feb 05 2024,TIA,0,267000000.00,0,0,0,67000000.00,200000000.00
Feb 03 2024,TIA,0,267000000.00,0,0,0,67000000.00,200000000.00
Feb 01 2024,TIA,0,267000000.00,0,0,0,67000000.00,200000000.00
Jan 31 2024,TIA,0,267000000.00,0,0,0,67000000.00,200000000.00
Jan 29 2024,TIA,0,267000000.00,0,0,0,67000000.00,200000000.00
Jan 27 2024,TIA,0,267000000.00,0,0,0,67000000.00,200000000.00
Jan 26 2024,TIA,0,267000000.00,0,0,0,67000000.00,200000000.00
Jan 24 2024,TIA,0,267000000.00,0,0,0,67000000.00,200000000.00
Jan 23 2024,TIA,0,267000000.00,0,0,0,67000000.00,200000000.00
Jan 21 2024,TIA,0,267000000.00,0,0,0,67000000.00,200000000.00
Jan 19 2024,TIA,0,267000000.00,0,0,0,67000000.00,200000000.00
Jan 18 2024,TIA,0,267000000.00,0,0,0,67000000.00,200000000.00
Jan 16 2024,TIA,0,267000000.00,0,0,0,67000000.00,200000000.00
Jan 14 2024,TIA,0,267000000.00,0,0,0,67000000.00,200000000.00
Jan 13 2024,TIA,0,267000000.00,0,0,0,67000000.00,200000000.00
Jan 11 2024,TIA,0,267000000.00,0,0,0,67000000.00,200000000.00
Jan 09 2024,TIA,0,267000000.00,0,0,0,67000000.00,200000000.00
Jan 08 2024,TIA,0,267000000.00,0,0,0,67000000.00,200000000.00
Jan 06 2024,TIA,0,267000000.00,0,0,0,67000000.00,200000000.00
Jan 05 2024,TIA,0,267000000.00,0,0,0,67000000.00,200000000.00
Jan 03 2024,TIA,0,267000000.00,0,0,0,67000000.00,200000000.00
Jan 01 2024,TIA,0,267000000.00,0,0,0,67000000.00,200000000.00
Dec 31 2023,TIA,0,267000000.00,0,0,0,67000000.00,200000000.00
Dec 29 2023,TIA,0,267000000.00,0,0,0,67000000.00,200000000.00
Dec 27 2023,TIA,0,267000000.00,0,0,0,67000000.00,200000000.00
Dec 26 2023,TIA,0,267000000.00,0,0,0,67000000.00,200000000.00
Dec 24 2023,TIA,0,267000000.00,0,0,0,67000000.00,200000000.00
Dec 22 2023,TIA,0,267000000.00,0,0,0,67000000.00,200000000.00
Dec 21 2023,TIA,0,267000000.00,0,0,0,67000000.00,200000000.00
Dec 19 2023,TIA,0,267000000.00,0,0,0,67000000.00,200000000.00
Dec 18 2023,TIA,0,267000000.00,0,0,0,67000000.00,200000000.00
Dec 16 2023,TIA,0,267000000.00,0,0,0,67000000.00,200000000.00
Dec 14 2023,TIA,0,267000000.00,0,0,0,67000000.00,200000000.00
Dec 13 2023,TIA,0,267000000.00,0,0,0,67000000.00,200000000.00
Dec 11 2023,TIA,0,267000000.00,0,0,0,67000000.00,200000000.00
Dec 09 2023,TIA,0,267000000.00,0,0,0,67000000.00,200000000.00
Dec 08 2023,TIA,0,267000000.00,0,0,0,67000000.00,200000000.00
Dec 06 2023,TIA,0,267000000.00,0,0,0,67000000.00,200000000.00
Dec 04 2023,TIA,0,267000000.00,0,0,0,67000000.00,200000000.00
Dec 03 2023,TIA,0,267000000.00,0,0,0,67000000.00,200000000.00
Dec 01 2023,TIA,0,267000000.00,0,0,0,67000000.00,200000000.00
Nov 29 2023,TIA,0,267000000.00,0,0,0,67000000.00,200000000.00
Nov 28 2023,TIA,0,267000000.00,0,0,0,67000000.00,200000000.00
Nov 26 2023,TIA,0,267000000.00,0,0,0,67000000.00,200000000.00
Nov 25 2023,TIA,0,267000000.00,0,0,0,67000000.00,200000000.00
Nov 23 2023,TIA,0,267000000.00,0,0,0,67000000.00,200000000.00
Nov 21 2023,TIA,0,267000000.00,0,0,0,67000000.00,200000000.00
Nov 20 2023,TIA,0,267000000.00,0,0,0,67000000.00,200000000.00
Nov 18 2023,TIA,0,267000000.00,0,0,0,67000000.00,200000000.00
Nov 16 2023,TIA,0,267000000.00,0,0,0,67000000.00,200000000.00
Nov 15 2023,TIA,0,267000000.00,0,0,0,67000000.00,200000000.00
Nov 13 2023,TIA,0,267000000.00,0,0,0,67000000.00,200000000.00
Nov 11 2023,TIA,0,267000000.00,0,0,0,67000000.00,200000000.00
Nov 10 2023,TIA,0,267000000.00,0,0,0,67000000.00,200000000.00
Nov 08 2023,TIA,0,267000000.00,0,0,0,67000000.00,200000000.00
Nov 07 2023,TIA,0,267000000.00,0,0,0,67000000.00,200000000.00
Nov 05 2023,TIA,0,267000000.00,0,0,0,67000000.00,200000000.00
Nov 03 2023,TIA,0,267000000.00,0,0,0,67000000.00,200000000.00
Nov 02 2023,TIA,0,267000000.00,0,0,0,67000000.00,200000000.00
Oct 31 2023,TIA,0,267000000.00,0,0,0,67000000.00,200000000.00
