Date,Symbol,Available Supply,Unlocked Supply,Founderâ€™s Node Operators,Gala Games Conservatorship.
Oct 21 2030,GALA,12480133092.00,12480133092.00,6240066546.00,6240066546.00
Oct 17 2030,GALA,12480133092.00,12480133092.00,6240066546.00,6240066546.00
Oct 13 2030,GALA,12480133092.00,12480133092.00,6240066546.00,6240066546.00
Oct 10 2030,GALA,12480133092.00,12480133092.00,6240066546.00,6240066546.00
Oct 06 2030,GALA,12480133092.00,12480133092.00,6240066546.00,6240066546.00
Oct 02 2030,GALA,12480133092.00,12480133092.00,6240066546.00,6240066546.00
Sep 28 2030,GALA,12480133092.00,12480133092.00,6240066546.00,6240066546.00
Sep 24 2030,GALA,12480133092.00,12480133092.00,6240066546.00,6240066546.00
Sep 21 2030,GALA,12480133092.00,12480133092.00,6240066546.00,6240066546.00
Sep 17 2030,GALA,12480133092.00,12480133092.00,6240066546.00,6240066546.00
Sep 13 2030,GALA,12480133092.00,12480133092.00,6240066546.00,6240066546.00
Sep 09 2030,GALA,12480133092.00,12480133092.00,6240066546.00,6240066546.00
Sep 05 2030,GALA,12480133092.00,12480133092.00,6240066546.00,6240066546.00
Sep 02 2030,GALA,12480133092.00,12480133092.00,6240066546.00,6240066546.00
Aug 29 2030,GALA,12480133092.00,12480133092.00,6240066546.00,6240066546.00
Aug 25 2030,GALA,12480133092.00,12480133092.00,6240066546.00,6240066546.00
Aug 21 2030,GALA,12480133092.00,12480133092.00,6240066546.00,6240066546.00
Aug 18 2030,GALA,12480133092.00,12480133092.00,6240066546.00,6240066546.00
Aug 14 2030,GALA,12480133092.00,12480133092.00,6240066546.00,6240066546.00
Aug 10 2030,GALA,12480133092.00,12480133092.00,6240066546.00,6240066546.00
Aug 06 2030,GALA,12480133092.00,12480133092.00,6240066546.00,6240066546.00
Aug 02 2030,GALA,12480133092.00,12480133092.00,6240066546.00,6240066546.00
Jul 30 2030,GALA,12480133092.00,12480133092.00,6240066546.00,6240066546.00
Jul 26 2030,GALA,12480133092.00,12480133092.00,6240066546.00,6240066546.00
Jul 22 2030,GALA,12480133092.00,12480133092.00,6240066546.00,6240066546.00
Jul 18 2030,GALA,12479932428.49,12479932428.49,6239966214.25,6239966214.25
Jul 14 2030,GALA,12479664877.15,12479664877.15,6239832438.58,6239832438.58
Jul 11 2030,GALA,12479464213.64,12479464213.64,6239732106.82,6239732106.82
Jul 07 2030,GALA,12479196662.30,12479196662.30,6239598331.15,6239598331.15
Jul 03 2030,GALA,12478929110.96,12478929110.96,6239464555.48,6239464555.48
Jun 29 2030,GALA,12478661559.62,12478661559.62,6239330779.81,6239330779.81
Jun 25 2030,GALA,12478394008.27,12478394008.27,6239197004.14,6239197004.14
Jun 22 2030,GALA,12478193344.77,12478193344.77,6239096672.38,6239096672.38
Jun 18 2030,GALA,12477925793.43,12477925793.43,6238962896.71,6238962896.71
Jun 14 2030,GALA,12477658242.08,12477658242.08,6238829121.04,6238829121.04
Jun 10 2030,GALA,12477390690.74,12477390690.74,6238695345.37,6238695345.37
Jun 06 2030,GALA,12477123139.40,12477123139.40,6238561569.70,6238561569.70
Jun 03 2030,GALA,12476922475.89,12476922475.89,6238461237.95,6238461237.95
May 30 2030,GALA,12476654924.55,12476654924.55,6238327462.27,6238327462.27
May 26 2030,GALA,12476387373.21,12476387373.21,6238193686.60,6238193686.60
May 22 2030,GALA,12476119821.86,12476119821.86,6238059910.93,6238059910.93
May 19 2030,GALA,12475919158.36,12475919158.36,6237959579.18,6237959579.18
May 15 2030,GALA,12475651607.01,12475651607.01,6237825803.51,6237825803.51
May 11 2030,GALA,12475384055.67,12475384055.67,6237692027.84,6237692027.84
May 07 2030,GALA,12475116504.33,12475116504.33,6237558252.16,6237558252.16
May 03 2030,GALA,12474848952.99,12474848952.99,6237424476.49,6237424476.49
Apr 30 2030,GALA,12474648289.48,12474648289.48,6237324144.74,6237324144.74
Apr 26 2030,GALA,12474380738.14,12474380738.14,6237190369.07,6237190369.07
Apr 22 2030,GALA,12474113186.80,12474113186.80,6237056593.40,6237056593.40
Apr 18 2030,GALA,12473845635.45,12473845635.45,6236922817.73,6236922817.73
Apr 14 2030,GALA,12473578084.11,12473578084.11,6236789042.06,6236789042.06
Apr 11 2030,GALA,12473377420.60,12473377420.60,6236688710.30,6236688710.30
Apr 07 2030,GALA,12473109869.26,12473109869.26,6236554934.63,6236554934.63
Apr 03 2030,GALA,12472842317.92,12472842317.92,6236421158.96,6236421158.96
Mar 30 2030,GALA,12472574766.58,12472574766.58,6236287383.29,6236287383.29
Mar 26 2030,GALA,12472307215.23,12472307215.23,6236153607.62,6236153607.62
Mar 23 2030,GALA,12472106551.73,12472106551.73,6236053275.86,6236053275.86
Mar 19 2030,GALA,12471839000.38,12471839000.38,6235919500.19,6235919500.19
Mar 15 2030,GALA,12471571449.04,12471571449.04,6235785724.52,6235785724.52
Mar 11 2030,GALA,12471303897.70,12471303897.70,6235651948.85,6235651948.85
Mar 07 2030,GALA,12471036346.36,12471036346.36,6235518173.18,6235518173.18
Mar 04 2030,GALA,12470835682.85,12470835682.85,6235417841.42,6235417841.42
Feb 28 2030,GALA,12470568131.51,12470568131.51,6235284065.75,6235284065.75
Feb 24 2030,GALA,12470300580.16,12470300580.16,6235150290.08,6235150290.08
Feb 20 2030,GALA,12470033028.82,12470033028.82,6235016514.41,6235016514.41
Feb 16 2030,GALA,12469765477.48,12469765477.48,6234882738.74,6234882738.74
Feb 13 2030,GALA,12469564813.97,12469564813.97,6234782406.99,6234782406.99
Feb 09 2030,GALA,12469297262.63,12469297262.63,6234648631.32,6234648631.32
Feb 05 2030,GALA,12469029711.29,12469029711.29,6234514855.64,6234514855.64
Feb 01 2030,GALA,12468762159.95,12468762159.95,6234381079.97,6234381079.97
Jan 29 2030,GALA,12468561496.44,12468561496.44,6234280748.22,6234280748.22
Jan 25 2030,GALA,12468293945.10,12468293945.10,6234146972.55,6234146972.55
Jan 21 2030,GALA,12468026393.75,12468026393.75,6234013196.88,6234013196.88
Jan 17 2030,GALA,12467758842.41,12467758842.41,6233879421.21,6233879421.21
Jan 13 2030,GALA,12467491291.07,12467491291.07,6233745645.53,6233745645.53
Jan 10 2030,GALA,12467290627.56,12467290627.56,6233645313.78,6233645313.78
Jan 06 2030,GALA,12467023076.22,12467023076.22,6233511538.11,6233511538.11
Jan 02 2030,GALA,12466755524.88,12466755524.88,6233377762.44,6233377762.44
Dec 29 2029,GALA,12466487973.53,12466487973.53,6233243986.77,6233243986.77
Dec 25 2029,GALA,12466220422.19,12466220422.19,6233110211.10,6233110211.10
Dec 22 2029,GALA,12466019758.69,12466019758.69,6233009879.34,6233009879.34
Dec 18 2029,GALA,12465752207.34,12465752207.34,6232876103.67,6232876103.67
Dec 14 2029,GALA,12465484656.00,12465484656.00,6232742328.00,6232742328.00
Dec 10 2029,GALA,12465217104.66,12465217104.66,6232608552.33,6232608552.33
Dec 06 2029,GALA,12464949553.32,12464949553.32,6232474776.66,6232474776.66
Dec 03 2029,GALA,12464748889.81,12464748889.81,6232374444.90,6232374444.90
Nov 29 2029,GALA,12464481338.47,12464481338.47,6232240669.23,6232240669.23
Nov 25 2029,GALA,12464213787.12,12464213787.12,6232106893.56,6232106893.56
Nov 21 2029,GALA,12463946235.78,12463946235.78,6231973117.89,6231973117.89
Nov 17 2029,GALA,12463678684.44,12463678684.44,6231839342.22,6231839342.22
Nov 14 2029,GALA,12463478020.93,12463478020.93,6231739010.47,6231739010.47
Nov 10 2029,GALA,12463210469.59,12463210469.59,6231605234.79,6231605234.79
Nov 06 2029,GALA,12462942918.25,12462942918.25,6231471459.12,6231471459.12
Nov 02 2029,GALA,12462675366.90,12462675366.90,6231337683.45,6231337683.45
Oct 30 2029,GALA,12462474703.40,12462474703.40,6231237351.70,6231237351.70
Oct 26 2029,GALA,12462207152.06,12462207152.06,6231103576.03,6231103576.03
Oct 22 2029,GALA,12461939600.71,12461939600.71,6230969800.36,6230969800.36
Oct 18 2029,GALA,12461672049.37,12461672049.37,6230836024.69,6230836024.69
Oct 14 2029,GALA,12461404498.03,12461404498.03,6230702249.01,6230702249.01
Oct 11 2029,GALA,12461203834.52,12461203834.52,6230601917.26,6230601917.26
Oct 07 2029,GALA,12460936283.18,12460936283.18,6230468141.59,6230468141.59
Oct 03 2029,GALA,12460668731.84,12460668731.84,6230334365.92,6230334365.92
Sep 29 2029,GALA,12460401180.49,12460401180.49,6230200590.25,6230200590.25
Sep 25 2029,GALA,12460133629.15,12460133629.15,6230066814.58,6230066814.58
Sep 22 2029,GALA,12459932965.64,12459932965.64,6229966482.82,6229966482.82
Sep 18 2029,GALA,12459665414.30,12459665414.30,6229832707.15,6229832707.15
Sep 14 2029,GALA,12459397862.96,12459397862.96,6229698931.48,6229698931.48
Sep 10 2029,GALA,12459130311.62,12459130311.62,6229565155.81,6229565155.81
Sep 06 2029,GALA,12458862760.27,12458862760.27,6229431380.14,6229431380.14
Sep 03 2029,GALA,12458662096.77,12458662096.77,6229331048.38,6229331048.38
Aug 30 2029,GALA,12458394545.43,12458394545.43,6229197272.71,6229197272.71
Aug 26 2029,GALA,12458126994.08,12458126994.08,6229063497.04,6229063497.04
Aug 22 2029,GALA,12457859442.74,12457859442.74,6228929721.37,6228929721.37
Aug 18 2029,GALA,12457591891.40,12457591891.40,6228795945.70,6228795945.70
Aug 15 2029,GALA,12457391227.89,12457391227.89,6228695613.95,6228695613.95
Aug 11 2029,GALA,12457123676.55,12457123676.55,6228561838.27,6228561838.27
Aug 07 2029,GALA,12456856125.21,12456856125.21,6228428062.60,6228428062.60
Aug 03 2029,GALA,12456588573.86,12456588573.86,6228294286.93,6228294286.93
Jul 31 2029,GALA,12456387910.36,12456387910.36,6228193955.18,6228193955.18
Jul 27 2029,GALA,12456120359.01,12456120359.01,6228060179.51,6228060179.51
Jul 23 2029,GALA,12455852807.67,12455852807.67,6227926403.84,6227926403.84
Jul 19 2029,GALA,12455451480.66,12455451480.66,6227725740.33,6227725740.33
Jul 15 2029,GALA,12454916377.97,12454916377.97,6227458188.99,6227458188.99
Jul 12 2029,GALA,12454515050.96,12454515050.96,6227257525.48,6227257525.48
Jul 08 2029,GALA,12453979948.27,12453979948.27,6226989974.14,6226989974.14
Jul 04 2029,GALA,12453444845.59,12453444845.59,6226722422.79,6226722422.79
Jun 30 2029,GALA,12452909742.90,12452909742.90,6226454871.45,6226454871.45
Jun 26 2029,GALA,12452374640.22,12452374640.22,6226187320.11,6226187320.11
Jun 23 2029,GALA,12451973313.21,12451973313.21,6225986656.60,6225986656.60
Jun 19 2029,GALA,12451438210.52,12451438210.52,6225719105.26,6225719105.26
Jun 15 2029,GALA,12450903107.84,12450903107.84,6225451553.92,6225451553.92
Jun 11 2029,GALA,12450368005.15,12450368005.15,6225184002.58,6225184002.58
Jun 07 2029,GALA,12449832902.47,12449832902.47,6224916451.23,6224916451.23
Jun 04 2029,GALA,12449431575.45,12449431575.45,6224715787.73,6224715787.73
May 31 2029,GALA,12448896472.77,12448896472.77,6224448236.38,6224448236.38
May 27 2029,GALA,12448361370.08,12448361370.08,6224180685.04,6224180685.04
May 23 2029,GALA,12447826267.40,12447826267.40,6223913133.70,6223913133.70
May 19 2029,GALA,12447291164.71,12447291164.71,6223645582.36,6223645582.36
May 16 2029,GALA,12446889837.70,12446889837.70,6223444918.85,6223444918.85
May 12 2029,GALA,12446354735.01,12446354735.01,6223177367.51,6223177367.51
May 08 2029,GALA,12445819632.33,12445819632.33,6222909816.16,6222909816.16
May 04 2029,GALA,12445284529.64,12445284529.64,6222642264.82,6222642264.82
Apr 30 2029,GALA,12444749426.96,12444749426.96,6222374713.48,6222374713.48
Apr 27 2029,GALA,12444348099.95,12444348099.95,6222174049.97,6222174049.97
Apr 23 2029,GALA,12443812997.26,12443812997.26,6221906498.63,6221906498.63
Apr 19 2029,GALA,12443277894.58,12443277894.58,6221638947.29,6221638947.29
Apr 15 2029,GALA,12442742791.89,12442742791.89,6221371395.95,6221371395.95
Apr 12 2029,GALA,12442341464.88,12442341464.88,6221170732.44,6221170732.44
Apr 08 2029,GALA,12441806362.19,12441806362.19,6220903181.10,6220903181.10
Apr 04 2029,GALA,12441271259.51,12441271259.51,6220635629.75,6220635629.75
Mar 31 2029,GALA,12440736156.82,12440736156.82,6220368078.41,6220368078.41
Mar 27 2029,GALA,12440201054.14,12440201054.14,6220100527.07,6220100527.07
Mar 24 2029,GALA,12439799727.12,12439799727.12,6219899863.56,6219899863.56
Mar 20 2029,GALA,12439264624.44,12439264624.44,6219632312.22,6219632312.22
Mar 16 2029,GALA,12438729521.75,12438729521.75,6219364760.88,6219364760.88
Mar 12 2029,GALA,12438194419.07,12438194419.07,6219097209.53,6219097209.53
Mar 08 2029,GALA,12437659316.38,12437659316.38,6218829658.19,6218829658.19
Mar 05 2029,GALA,12437257989.37,12437257989.37,6218628994.69,6218628994.69
Mar 01 2029,GALA,12436722886.69,12436722886.69,6218361443.34,6218361443.34
Feb 25 2029,GALA,12436187784.00,12436187784.00,6218093892.00,6218093892.00
Feb 21 2029,GALA,12435652681.32,12435652681.32,6217826340.66,6217826340.66
Feb 17 2029,GALA,12435117578.63,12435117578.63,6217558789.32,6217558789.32
Feb 14 2029,GALA,12434716251.62,12434716251.62,6217358125.81,6217358125.81
Feb 10 2029,GALA,12434181148.93,12434181148.93,6217090574.47,6217090574.47
Feb 06 2029,GALA,12433646046.25,12433646046.25,6216823023.12,6216823023.12
Feb 02 2029,GALA,12433110943.56,12433110943.56,6216555471.78,6216555471.78
Jan 29 2029,GALA,12432575840.88,12432575840.88,6216287920.44,6216287920.44
Jan 26 2029,GALA,12432174513.86,12432174513.86,6216087256.93,6216087256.93
Jan 22 2029,GALA,12431639411.18,12431639411.18,6215819705.59,6215819705.59
Jan 18 2029,GALA,12431104308.49,12431104308.49,6215552154.25,6215552154.25
Jan 14 2029,GALA,12430569205.81,12430569205.81,6215284602.90,6215284602.90
Jan 11 2029,GALA,12430167878.80,12430167878.80,6215083939.40,6215083939.40
Jan 07 2029,GALA,12429632776.11,12429632776.11,6214816388.06,6214816388.06
Jan 03 2029,GALA,12429097673.43,12429097673.43,6214548836.71,6214548836.71
Dec 30 2028,GALA,12428562570.74,12428562570.74,6214281285.37,6214281285.37
Dec 26 2028,GALA,12428027468.06,12428027468.06,6214013734.03,6214013734.03
Dec 23 2028,GALA,12427626141.04,12427626141.04,6213813070.52,6213813070.52
Dec 19 2028,GALA,12427091038.36,12427091038.36,6213545519.18,6213545519.18
Dec 15 2028,GALA,12426555935.67,12426555935.67,6213277967.84,6213277967.84
Dec 11 2028,GALA,12426020832.99,12426020832.99,6213010416.49,6213010416.49
Dec 07 2028,GALA,12425485730.30,12425485730.30,6212742865.15,6212742865.15
Dec 04 2028,GALA,12425084403.29,12425084403.29,6212542201.64,6212542201.64
Nov 30 2028,GALA,12424549300.60,12424549300.60,6212274650.30,6212274650.30
Nov 26 2028,GALA,12424014197.92,12424014197.92,6212007098.96,6212007098.96
Nov 22 2028,GALA,12423479095.23,12423479095.23,6211739547.62,6211739547.62
Nov 18 2028,GALA,12422943992.55,12422943992.55,6211471996.27,6211471996.27
Nov 15 2028,GALA,12422542665.53,12422542665.53,6211271332.77,6211271332.77
Nov 11 2028,GALA,12422007562.85,12422007562.85,6211003781.42,6211003781.42
Nov 07 2028,GALA,12421472460.16,12421472460.16,6210736230.08,6210736230.08
Nov 03 2028,GALA,12420937357.48,12420937357.48,6210468678.74,6210468678.74
Oct 30 2028,GALA,12420402254.80,12420402254.80,6210201127.40,6210201127.40
Oct 27 2028,GALA,12420000927.78,12420000927.78,6210000463.89,6210000463.89
Oct 23 2028,GALA,12419465825.10,12419465825.10,6209732912.55,6209732912.55
Oct 19 2028,GALA,12418930722.41,12418930722.41,6209465361.21,6209465361.21
Oct 15 2028,GALA,12418395619.73,12418395619.73,6209197809.86,6209197809.86
Oct 11 2028,GALA,12417860517.04,12417860517.04,6208930258.52,6208930258.52
Oct 08 2028,GALA,12417459190.03,12417459190.03,6208729595.01,6208729595.01
Oct 04 2028,GALA,12416924087.34,12416924087.34,6208462043.67,6208462043.67
Sep 30 2028,GALA,12416388984.66,12416388984.66,6208194492.33,6208194492.33
Sep 26 2028,GALA,12415853881.97,12415853881.97,6207926940.99,6207926940.99
Sep 23 2028,GALA,12415452554.96,12415452554.96,6207726277.48,6207726277.48
Sep 19 2028,GALA,12414917452.27,12414917452.27,6207458726.14,6207458726.14
Sep 15 2028,GALA,12414382349.59,12414382349.59,6207191174.79,6207191174.79
Sep 11 2028,GALA,12413847246.90,12413847246.90,6206923623.45,6206923623.45
Sep 07 2028,GALA,12413312144.22,12413312144.22,6206656072.11,6206656072.11
Sep 04 2028,GALA,12412910817.21,12412910817.21,6206455408.60,6206455408.60
Aug 31 2028,GALA,12412375714.52,12412375714.52,6206187857.26,6206187857.26
Aug 27 2028,GALA,12411840611.84,12411840611.84,6205920305.92,6205920305.92
Aug 23 2028,GALA,12411305509.15,12411305509.15,6205652754.58,6205652754.58
Aug 19 2028,GALA,12410770406.47,12410770406.47,6205385203.23,6205385203.23
Aug 16 2028,GALA,12410369079.45,12410369079.45,6205184539.73,6205184539.73
Aug 12 2028,GALA,12409833976.77,12409833976.77,6204916988.38,6204916988.38
Aug 08 2028,GALA,12409298874.08,12409298874.08,6204649437.04,6204649437.04
Aug 04 2028,GALA,12408763771.40,12408763771.40,6204381885.70,6204381885.70
Jul 31 2028,GALA,12408228668.71,12408228668.71,6204114334.36,6204114334.36
Jul 28 2028,GALA,12407827341.70,12407827341.70,6203913670.85,6203913670.85
Jul 24 2028,GALA,12407292239.01,12407292239.01,6203646119.51,6203646119.51
Jul 20 2028,GALA,12406623360.66,12406623360.66,6203311680.33,6203311680.33
Jul 16 2028,GALA,12405553155.28,12405553155.28,6202776577.64,6202776577.64
Jul 12 2028,GALA,12404482949.90,12404482949.90,6202241474.95,6202241474.95
Jul 09 2028,GALA,12403680295.87,12403680295.87,6201840147.93,6201840147.93
Jul 05 2028,GALA,12402610090.49,12402610090.49,6201305045.25,6201305045.25
Jul 01 2028,GALA,12401539885.12,12401539885.12,6200769942.56,6200769942.56
Jun 27 2028,GALA,12400469679.74,12400469679.74,6200234839.87,6200234839.87
Jun 24 2028,GALA,12399667025.71,12399667025.71,6199833512.85,6199833512.85
Jun 20 2028,GALA,12398596820.33,12398596820.33,6199298410.16,6199298410.16
Jun 16 2028,GALA,12397526614.95,12397526614.95,6198763307.48,6198763307.48
Jun 12 2028,GALA,12396456409.57,12396456409.57,6198228204.79,6198228204.79
Jun 08 2028,GALA,12395386204.20,12395386204.20,6197693102.10,6197693102.10
Jun 05 2028,GALA,12394583550.16,12394583550.16,6197291775.08,6197291775.08
Jun 01 2028,GALA,12393513344.79,12393513344.79,6196756672.39,6196756672.39
May 28 2028,GALA,12392443139.41,12392443139.41,6196221569.71,6196221569.71
May 24 2028,GALA,12391372934.03,12391372934.03,6195686467.02,6195686467.02
May 20 2028,GALA,12390302728.66,12390302728.66,6195151364.33,6195151364.33
May 17 2028,GALA,12389500074.62,12389500074.62,6194750037.31,6194750037.31
May 13 2028,GALA,12388429869.25,12388429869.25,6194214934.62,6194214934.62
May 09 2028,GALA,12387359663.87,12387359663.87,6193679831.93,6193679831.93
May 05 2028,GALA,12386289458.49,12386289458.49,6193144729.25,6193144729.25
May 01 2028,GALA,12385219253.12,12385219253.12,6192609626.56,6192609626.56
Apr 28 2028,GALA,12384416599.08,12384416599.08,6192208299.54,6192208299.54
Apr 24 2028,GALA,12383346393.71,12383346393.71,6191673196.85,6191673196.85
Apr 20 2028,GALA,12382276188.33,12382276188.33,6191138094.16,6191138094.16
Apr 16 2028,GALA,12381205982.95,12381205982.95,6190602991.48,6190602991.48
Apr 12 2028,GALA,12380135777.57,12380135777.57,6190067888.79,6190067888.79
Apr 09 2028,GALA,12379333123.54,12379333123.54,6189666561.77,6189666561.77
Apr 05 2028,GALA,12378262918.16,12378262918.16,6189131459.08,6189131459.08
Apr 01 2028,GALA,12377192712.79,12377192712.79,6188596356.39,6188596356.39
Mar 28 2028,GALA,12376122507.41,12376122507.41,6188061253.71,6188061253.71
Mar 24 2028,GALA,12375052302.03,12375052302.03,6187526151.02,6187526151.02
Mar 21 2028,GALA,12374249648.00,12374249648.00,6187124824.00,6187124824.00
Mar 17 2028,GALA,12373179442.62,12373179442.62,6186589721.31,6186589721.31
Mar 13 2028,GALA,12372109237.25,12372109237.25,6186054618.62,6186054618.62
Mar 09 2028,GALA,12371039031.87,12371039031.87,6185519515.93,6185519515.93
Mar 06 2028,GALA,12370236377.84,12370236377.84,6185118188.92,6185118188.92
Mar 02 2028,GALA,12369166172.46,12369166172.46,6184583086.23,6184583086.23
Feb 27 2028,GALA,12368095967.08,12368095967.08,6184047983.54,6184047983.54
Feb 23 2028,GALA,12367025761.71,12367025761.71,6183512880.85,6183512880.85
Feb 19 2028,GALA,12365955556.33,12365955556.33,6182977778.16,6182977778.16
Feb 16 2028,GALA,12365152902.30,12365152902.30,6182576451.15,6182576451.15
Feb 12 2028,GALA,12364082696.92,12364082696.92,6182041348.46,6182041348.46
Feb 08 2028,GALA,12363012491.54,12363012491.54,6181506245.77,6181506245.77
Feb 04 2028,GALA,12361942286.16,12361942286.16,6180971143.08,6180971143.08
Jan 31 2028,GALA,12360872080.79,12360872080.79,6180436040.39,6180436040.39
Jan 28 2028,GALA,12360069426.75,12360069426.75,6180034713.38,6180034713.38
Jan 24 2028,GALA,12358999221.38,12358999221.38,6179499610.69,6179499610.69
Jan 20 2028,GALA,12357929016.00,12357929016.00,6178964508.00,6178964508.00
Jan 16 2028,GALA,12356858810.62,12356858810.62,6178429405.31,6178429405.31
Jan 12 2028,GALA,12355788605.25,12355788605.25,6177894302.62,6177894302.62
Jan 09 2028,GALA,12354985951.21,12354985951.21,6177492975.61,6177492975.61
Jan 05 2028,GALA,12353915745.84,12353915745.84,6176957872.92,6176957872.92
Jan 01 2028,GALA,12352845540.46,12352845540.46,6176422770.23,6176422770.23
Dec 28 2027,GALA,12351775335.08,12351775335.08,6175887667.54,6175887667.54
Dec 24 2027,GALA,12350705129.71,12350705129.71,6175352564.85,6175352564.85
Dec 21 2027,GALA,12349902475.67,12349902475.67,6174951237.84,6174951237.84
Dec 17 2027,GALA,12348832270.30,12348832270.30,6174416135.15,6174416135.15
Dec 13 2027,GALA,12347762064.92,12347762064.92,6173881032.46,6173881032.46
Dec 09 2027,GALA,12346691859.54,12346691859.54,6173345929.77,6173345929.77
Dec 06 2027,GALA,12345889205.51,12345889205.51,6172944602.75,6172944602.75
Dec 02 2027,GALA,12344819000.13,12344819000.13,6172409500.07,6172409500.07
Nov 28 2027,GALA,12343748794.75,12343748794.75,6171874397.38,6171874397.38
Nov 24 2027,GALA,12342678589.38,12342678589.38,6171339294.69,6171339294.69
Nov 20 2027,GALA,12341608384.00,12341608384.00,6170804192.00,6170804192.00
Nov 17 2027,GALA,12340805729.97,12340805729.97,6170402864.98,6170402864.98
Nov 13 2027,GALA,12339735524.59,12339735524.59,6169867762.30,6169867762.30
Nov 09 2027,GALA,12338665319.21,12338665319.21,6169332659.61,6169332659.61
Nov 05 2027,GALA,12337595113.84,12337595113.84,6168797556.92,6168797556.92
Nov 01 2027,GALA,12336524908.46,12336524908.46,6168262454.23,6168262454.23
Oct 29 2027,GALA,12335722254.43,12335722254.43,6167861127.21,6167861127.21
Oct 25 2027,GALA,12334652049.05,12334652049.05,6167326024.52,6167326024.52
Oct 21 2027,GALA,12333581843.67,12333581843.67,6166790921.84,6166790921.84
Oct 17 2027,GALA,12332511638.30,12332511638.30,6166255819.15,6166255819.15
Oct 13 2027,GALA,12331441432.92,12331441432.92,6165720716.46,6165720716.46
Oct 10 2027,GALA,12330638778.89,12330638778.89,6165319389.44,6165319389.44
Oct 06 2027,GALA,12329568573.51,12329568573.51,6164784286.75,6164784286.75
Oct 02 2027,GALA,12328498368.13,12328498368.13,6164249184.07,6164249184.07
Sep 28 2027,GALA,12327428162.75,12327428162.75,6163714081.38,6163714081.38
Sep 24 2027,GALA,12326357957.38,12326357957.38,6163178978.69,6163178978.69
Sep 21 2027,GALA,12325555303.34,12325555303.34,6162777651.67,6162777651.67
Sep 17 2027,GALA,12324485097.97,12324485097.97,6162242548.98,6162242548.98
Sep 13 2027,GALA,12323414892.59,12323414892.59,6161707446.30,6161707446.30
Sep 09 2027,GALA,12322344687.21,12322344687.21,6161172343.61,6161172343.61
Sep 05 2027,GALA,12321274481.84,12321274481.84,6160637240.92,6160637240.92
Sep 02 2027,GALA,12320471827.80,12320471827.80,6160235913.90,6160235913.90
Aug 29 2027,GALA,12319401622.43,12319401622.43,6159700811.21,6159700811.21
Aug 25 2027,GALA,12318331417.05,12318331417.05,6159165708.52,6159165708.52
Aug 21 2027,GALA,12317261211.67,12317261211.67,6158630605.84,6158630605.84
Aug 18 2027,GALA,12316458557.64,12316458557.64,6158229278.82,6158229278.82
Aug 14 2027,GALA,12315388352.26,12315388352.26,6157694176.13,6157694176.13
Aug 10 2027,GALA,12314318146.89,12314318146.89,6157159073.44,6157159073.44
Aug 06 2027,GALA,12313247941.51,12313247941.51,6156623970.75,6156623970.75
Aug 02 2027,GALA,12312177736.13,12312177736.13,6156088868.07,6156088868.07
Jul 30 2027,GALA,12311375082.10,12311375082.10,6155687541.05,6155687541.05
Jul 26 2027,GALA,12310304876.72,12310304876.72,6155152438.36,6155152438.36
Jul 22 2027,GALA,12309234671.34,12309234671.34,6154617335.67,6154617335.67
Jul 18 2027,GALA,12307361811.95,12307361811.95,6153680905.97,6153680905.97
Jul 14 2027,GALA,12305221401.21,12305221401.21,6152610700.60,6152610700.60
Jul 11 2027,GALA,12303616093.15,12303616093.15,6151808046.58,6151808046.58
Jul 07 2027,GALA,12301475682.41,12301475682.41,6150737841.21,6150737841.21
Jul 03 2027,GALA,12299335271.67,12299335271.67,6149667635.84,6149667635.84
Jun 29 2027,GALA,12297194860.93,12297194860.93,6148597430.47,6148597430.47
Jun 25 2027,GALA,12295054450.19,12295054450.19,6147527225.10,6147527225.10
Jun 22 2027,GALA,12293449142.14,12293449142.14,6146724571.07,6146724571.07
Jun 18 2027,GALA,12291308731.40,12291308731.40,6145654365.70,6145654365.70
Jun 14 2027,GALA,12289168320.66,12289168320.66,6144584160.33,6144584160.33
Jun 10 2027,GALA,12287027909.92,12287027909.92,6143513954.96,6143513954.96
Jun 06 2027,GALA,12284887499.18,12284887499.18,6142443749.59,6142443749.59
Jun 03 2027,GALA,12283282191.12,12283282191.12,6141641095.56,6141641095.56
May 30 2027,GALA,12281141780.38,12281141780.38,6140570890.19,6140570890.19
May 26 2027,GALA,12279001369.64,12279001369.64,6139500684.82,6139500684.82
May 22 2027,GALA,12276860958.90,12276860958.90,6138430479.45,6138430479.45
May 19 2027,GALA,12275255650.85,12275255650.85,6137627825.42,6137627825.42
May 15 2027,GALA,12273115240.11,12273115240.11,6136557620.05,6136557620.05
May 11 2027,GALA,12270974829.37,12270974829.37,6135487414.69,6135487414.69
May 07 2027,GALA,12268834418.63,12268834418.63,6134417209.32,6134417209.32
May 03 2027,GALA,12266694007.89,12266694007.89,6133347003.95,6133347003.95
Apr 30 2027,GALA,12265088699.84,12265088699.84,6132544349.92,6132544349.92
Apr 26 2027,GALA,12262948289.10,12262948289.10,6131474144.55,6131474144.55
Apr 22 2027,GALA,12260807878.36,12260807878.36,6130403939.18,6130403939.18
Apr 18 2027,GALA,12258667467.62,12258667467.62,6129333733.81,6129333733.81
Apr 14 2027,GALA,12256527056.88,12256527056.88,6128263528.44,6128263528.44
Apr 11 2027,GALA,12254921748.82,12254921748.82,6127460874.41,6127460874.41
Apr 07 2027,GALA,12252781338.08,12252781338.08,6126390669.04,6126390669.04
Apr 03 2027,GALA,12250640927.34,12250640927.34,6125320463.67,6125320463.67
Mar 30 2027,GALA,12248500516.60,12248500516.60,6124250258.30,6124250258.30
Mar 26 2027,GALA,12246360105.86,12246360105.86,6123180052.93,6123180052.93
Mar 23 2027,GALA,12244754797.81,12244754797.81,6122377398.90,6122377398.90
Mar 19 2027,GALA,12242614387.07,12242614387.07,6121307193.53,6121307193.53
Mar 15 2027,GALA,12240473976.33,12240473976.33,6120236988.16,6120236988.16
Mar 11 2027,GALA,12238333565.59,12238333565.59,6119166782.79,6119166782.79
Mar 07 2027,GALA,12236193154.85,12236193154.85,6118096577.42,6118096577.42
Mar 04 2027,GALA,12234587846.79,12234587846.79,6117293923.40,6117293923.40
Feb 28 2027,GALA,12232447436.06,12232447436.06,6116223718.03,6116223718.03
Feb 24 2027,GALA,12230307025.32,12230307025.32,6115153512.66,6115153512.66
Feb 20 2027,GALA,12228166614.58,12228166614.58,6114083307.29,6114083307.29
Feb 17 2027,GALA,12226561306.52,12226561306.52,6113280653.26,6113280653.26
Feb 13 2027,GALA,12224420895.78,12224420895.78,6112210447.89,6112210447.89
Feb 09 2027,GALA,12222280485.04,12222280485.04,6111140242.52,6111140242.52
Feb 05 2027,GALA,12220140074.30,12220140074.30,6110070037.15,6110070037.15
Feb 01 2027,GALA,12217999663.56,12217999663.56,6108999831.78,6108999831.78
Jan 29 2027,GALA,12216394355.51,12216394355.51,6108197177.75,6108197177.75
Jan 25 2027,GALA,12214253944.77,12214253944.77,6107126972.38,6107126972.38
Jan 21 2027,GALA,12212113534.03,12212113534.03,6106056767.01,6106056767.01
Jan 17 2027,GALA,12209973123.29,12209973123.29,6104986561.64,6104986561.64
Jan 13 2027,GALA,12207832712.55,12207832712.55,6103916356.27,6103916356.27
Jan 10 2027,GALA,12206227404.49,12206227404.49,6103113702.25,6103113702.25
Jan 06 2027,GALA,12204086993.75,12204086993.75,6102043496.88,6102043496.88
Jan 02 2027,GALA,12201946583.01,12201946583.01,6100973291.51,6100973291.51
Dec 29 2026,GALA,12199806172.27,12199806172.27,6099903086.14,6099903086.14
Dec 25 2026,GALA,12197665761.53,12197665761.53,6098832880.77,6098832880.77
Dec 22 2026,GALA,12196060453.48,12196060453.48,6098030226.74,6098030226.74
Dec 18 2026,GALA,12193920042.74,12193920042.74,6096960021.37,6096960021.37
Dec 14 2026,GALA,12191779632.00,12191779632.00,6095889816.00,6095889816.00
Dec 10 2026,GALA,12189639221.26,12189639221.26,6094819610.63,6094819610.63
Dec 06 2026,GALA,12187498810.52,12187498810.52,6093749405.26,6093749405.26
Dec 03 2026,GALA,12185893502.47,12185893502.47,6092946751.23,6092946751.23
Nov 29 2026,GALA,12183753091.73,12183753091.73,6091876545.86,6091876545.86
Nov 25 2026,GALA,12181612680.99,12181612680.99,6090806340.49,6090806340.49
Nov 21 2026,GALA,12179472270.25,12179472270.25,6089736135.12,6089736135.12
Nov 17 2026,GALA,12177331859.51,12177331859.51,6088665929.75,6088665929.75
Nov 14 2026,GALA,12175726551.45,12175726551.45,6087863275.73,6087863275.73
Nov 10 2026,GALA,12173586140.71,12173586140.71,6086793070.36,6086793070.36
Nov 06 2026,GALA,12171445729.97,12171445729.97,6085722864.99,6085722864.99
Nov 02 2026,GALA,12169305319.23,12169305319.23,6084652659.62,6084652659.62
Oct 30 2026,GALA,12167700011.18,12167700011.18,6083850005.59,6083850005.59
Oct 26 2026,GALA,12165559600.44,12165559600.44,6082779800.22,6082779800.22
Oct 22 2026,GALA,12163419189.70,12163419189.70,6081709594.85,6081709594.85
Oct 18 2026,GALA,12161278778.96,12161278778.96,6080639389.48,6080639389.48
Oct 14 2026,GALA,12159138368.22,12159138368.22,6079569184.11,6079569184.11
Oct 11 2026,GALA,12157533060.16,12157533060.16,6078766530.08,6078766530.08
Oct 07 2026,GALA,12155392649.43,12155392649.43,6077696324.71,6077696324.71
Oct 03 2026,GALA,12153252238.69,12153252238.69,6076626119.34,6076626119.34
Sep 29 2026,GALA,12151111827.95,12151111827.95,6075555913.97,6075555913.97
Sep 25 2026,GALA,12148971417.21,12148971417.21,6074485708.60,6074485708.60
Sep 22 2026,GALA,12147366109.15,12147366109.15,6073683054.58,6073683054.58
Sep 18 2026,GALA,12145225698.41,12145225698.41,6072612849.21,6072612849.21
Sep 14 2026,GALA,12143085287.67,12143085287.67,6071542643.84,6071542643.84
Sep 10 2026,GALA,12140944876.93,12140944876.93,6070472438.47,6070472438.47
Sep 06 2026,GALA,12138804466.19,12138804466.19,6069402233.10,6069402233.10
Sep 03 2026,GALA,12137199158.14,12137199158.14,6068599579.07,6068599579.07
Aug 30 2026,GALA,12135058747.40,12135058747.40,6067529373.70,6067529373.70
Aug 26 2026,GALA,12132918336.66,12132918336.66,6066459168.33,6066459168.33
Aug 22 2026,GALA,12130777925.92,12130777925.92,6065388962.96,6065388962.96
Aug 18 2026,GALA,12128637515.18,12128637515.18,6064318757.59,6064318757.59
Aug 15 2026,GALA,12127032207.12,12127032207.12,6063516103.56,6063516103.56
Aug 11 2026,GALA,12124891796.38,12124891796.38,6062445898.19,6062445898.19
Aug 07 2026,GALA,12122751385.64,12122751385.64,6061375692.82,6061375692.82
Aug 03 2026,GALA,12120610974.90,12120610974.90,6060305487.45,6060305487.45
Jul 31 2026,GALA,12119005666.85,12119005666.85,6059502833.42,6059502833.42
Jul 27 2026,GALA,12116865256.11,12116865256.11,6058432628.06,6058432628.06
Jul 23 2026,GALA,12114724845.37,12114724845.37,6057362422.69,6057362422.69
Jul 19 2026,GALA,12111514229.25,12111514229.25,6055757114.62,6055757114.62
Jul 15 2026,GALA,12107233407.75,12107233407.75,6053616703.87,6053616703.87
Jul 12 2026,GALA,12104022791.62,12104022791.62,6052011395.81,6052011395.81
Jul 08 2026,GALA,12099741970.12,12099741970.12,6049870985.06,6049870985.06
Jul 04 2026,GALA,12095461148.62,12095461148.62,6047730574.31,6047730574.31
Jun 30 2026,GALA,12091180327.12,12091180327.12,6045590163.56,6045590163.56
Jun 26 2026,GALA,12086899505.62,12086899505.62,6043449752.81,6043449752.81
Jun 23 2026,GALA,12083688889.49,12083688889.49,6041844444.75,6041844444.75
Jun 19 2026,GALA,12079408067.99,12079408067.99,6039704033.99,6039704033.99
Jun 15 2026,GALA,12075127246.49,12075127246.49,6037563623.24,6037563623.24
Jun 11 2026,GALA,12070846424.99,12070846424.99,6035423212.49,6035423212.49
Jun 07 2026,GALA,12066565603.49,12066565603.49,6033282801.74,6033282801.74
Jun 04 2026,GALA,12063354987.36,12063354987.36,6031677493.68,6031677493.68
May 31 2026,GALA,12059074165.86,12059074165.86,6029537082.93,6029537082.93
May 27 2026,GALA,12054793344.36,12054793344.36,6027396672.18,6027396672.18
May 23 2026,GALA,12050512522.86,12050512522.86,6025256261.43,6025256261.43
May 19 2026,GALA,12046231701.35,12046231701.35,6023115850.68,6023115850.68
May 16 2026,GALA,12043021085.23,12043021085.23,6021510542.61,6021510542.61
May 12 2026,GALA,12038740263.73,12038740263.73,6019370131.86,6019370131.86
May 08 2026,GALA,12034459442.23,12034459442.23,6017229721.11,6017229721.11
May 04 2026,GALA,12030178620.72,12030178620.72,6015089310.36,6015089310.36
Apr 30 2026,GALA,12025897799.22,12025897799.22,6012948899.61,6012948899.61
Apr 27 2026,GALA,12022687183.10,12022687183.10,6011343591.55,6011343591.55
Apr 23 2026,GALA,12018406361.60,12018406361.60,6009203180.80,6009203180.80
Apr 19 2026,GALA,12014125540.09,12014125540.09,6007062770.05,6007062770.05
Apr 15 2026,GALA,12009844718.59,12009844718.59,6004922359.30,6004922359.30
Apr 12 2026,GALA,12006634102.47,12006634102.47,6003317051.23,6003317051.23
Apr 08 2026,GALA,12002353280.96,12002353280.96,6001176640.48,6001176640.48
Apr 04 2026,GALA,11998072459.46,11998072459.46,5999036229.73,5999036229.73
Mar 31 2026,GALA,11993791637.96,11993791637.96,5996895818.98,5996895818.98
Mar 27 2026,GALA,11989510816.46,11989510816.46,5994755408.23,5994755408.23
Mar 24 2026,GALA,11986300200.33,11986300200.33,5993150100.17,5993150100.17
Mar 20 2026,GALA,11982019378.83,11982019378.83,5991009689.42,5991009689.42
Mar 16 2026,GALA,11977738557.33,11977738557.33,5988869278.67,5988869278.67
Mar 12 2026,GALA,11973457735.83,11973457735.83,5986728867.92,5986728867.92
Mar 08 2026,GALA,11969176914.33,11969176914.33,5984588457.16,5984588457.16
Mar 05 2026,GALA,11965966298.20,11965966298.20,5982983149.10,5982983149.10
Mar 01 2026,GALA,11961685476.70,11961685476.70,5980842738.35,5980842738.35
Feb 25 2026,GALA,11957404655.20,11957404655.20,5978702327.60,5978702327.60
Feb 21 2026,GALA,11953123833.70,11953123833.70,5976561916.85,5976561916.85
Feb 17 2026,GALA,11948843012.20,11948843012.20,5974421506.10,5974421506.10
Feb 14 2026,GALA,11945632396.07,11945632396.07,5972816198.04,5972816198.04
Feb 10 2026,GALA,11941351574.57,11941351574.57,5970675787.29,5970675787.29
Feb 06 2026,GALA,11937070753.07,11937070753.07,5968535376.53,5968535376.53
Feb 02 2026,GALA,11932789931.57,11932789931.57,5966394965.78,5966394965.78
Jan 29 2026,GALA,11928509110.07,11928509110.07,5964254555.03,5964254555.03
Jan 26 2026,GALA,11925298493.94,11925298493.94,5962649246.97,5962649246.97
Jan 22 2026,GALA,11921017672.44,11921017672.44,5960508836.22,5960508836.22
Jan 18 2026,GALA,11916736850.94,11916736850.94,5958368425.47,5958368425.47
Jan 14 2026,GALA,11912456029.44,11912456029.44,5956228014.72,5956228014.72
Jan 11 2026,GALA,11909245413.31,11909245413.31,5954622706.65,5954622706.65
Jan 07 2026,GALA,11904964591.81,11904964591.81,5952482295.90,5952482295.90
Jan 03 2026,GALA,11900683770.31,11900683770.31,5950341885.15,5950341885.15
Dec 30 2025,GALA,11896402948.81,11896402948.81,5948201474.40,5948201474.40
Dec 26 2025,GALA,11892122127.30,11892122127.30,5946061063.65,5946061063.65
Dec 23 2025,GALA,11888911511.18,11888911511.18,5944455755.59,5944455755.59
Dec 19 2025,GALA,11884630689.68,11884630689.68,5942315344.84,5942315344.84
Dec 15 2025,GALA,11880349868.18,11880349868.18,5940174934.09,5940174934.09
Dec 11 2025,GALA,11876069046.67,11876069046.67,5938034523.34,5938034523.34
Dec 07 2025,GALA,11871788225.17,11871788225.17,5935894112.59,5935894112.59
Dec 07 2025,GALA,11871788225.17,11871788225.17,5935894112.59,5935894112.59
Dec 04 2025,GALA,11868577609.05,11868577609.05,5934288804.52,5934288804.52
Nov 30 2025,GALA,11864296787.55,11864296787.55,5932148393.77,5932148393.77
Nov 26 2025,GALA,11860015966.04,11860015966.04,5930007983.02,5930007983.02
Nov 22 2025,GALA,11855735144.54,11855735144.54,5927867572.27,5927867572.27
Nov 18 2025,GALA,11851454323.04,11851454323.04,5925727161.52,5925727161.52
Nov 15 2025,GALA,11848243706.92,11848243706.92,5924121853.46,5924121853.46
Nov 11 2025,GALA,11843962885.41,11843962885.41,5921981442.71,5921981442.71
Nov 07 2025,GALA,11839682063.91,11839682063.91,5919841031.96,5919841031.96
Nov 03 2025,GALA,11835401242.41,11835401242.41,5917700621.21,5917700621.21
Oct 30 2025,GALA,11831120420.91,11831120420.91,5915560210.45,5915560210.45
Oct 27 2025,GALA,11827909804.78,11827909804.78,5913954902.39,5913954902.39
Oct 23 2025,GALA,11823628983.28,11823628983.28,5911814491.64,5911814491.64
Oct 19 2025,GALA,11819348161.78,11819348161.78,5909674080.89,5909674080.89
Oct 15 2025,GALA,11815067340.28,11815067340.28,5907533670.14,5907533670.14
Oct 11 2025,GALA,11810786518.78,11810786518.78,5905393259.39,5905393259.39
Oct 08 2025,GALA,11807575902.65,11807575902.65,5903787951.33,5903787951.33
Oct 04 2025,GALA,11803295081.15,11803295081.15,5901647540.58,5901647540.58
Sep 30 2025,GALA,11799014259.65,11799014259.65,5899507129.82,5899507129.82
Sep 26 2025,GALA,11794733438.15,11794733438.15,5897366719.07,5897366719.07
Sep 23 2025,GALA,11791522822.02,11791522822.02,5895761411.01,5895761411.01
Sep 19 2025,GALA,11787242000.52,11787242000.52,5893621000.26,5893621000.26
Sep 15 2025,GALA,11782961179.02,11782961179.02,5891480589.51,5891480589.51
Sep 11 2025,GALA,11778680357.52,11778680357.52,5889340178.76,5889340178.76
Sep 07 2025,GALA,11774399536.02,11774399536.02,5887199768.01,5887199768.01
Sep 04 2025,GALA,11771188919.89,11771188919.89,5885594459.95,5885594459.95
Aug 31 2025,GALA,11766908098.39,11766908098.39,5883454049.19,5883454049.19
Aug 27 2025,GALA,11762627276.89,11762627276.89,5881313638.44,5881313638.44
Aug 23 2025,GALA,11758346455.39,11758346455.39,5879173227.69,5879173227.69
Aug 19 2025,GALA,11754065633.89,11754065633.89,5877032816.94,5877032816.94
Aug 16 2025,GALA,11750855017.76,11750855017.76,5875427508.88,5875427508.88
Aug 12 2025,GALA,11746574196.26,11746574196.26,5873287098.13,5873287098.13
Aug 08 2025,GALA,11742293374.76,11742293374.76,5871146687.38,5871146687.38
Aug 04 2025,GALA,11738012553.26,11738012553.26,5869006276.63,5869006276.63
Jul 31 2025,GALA,11733731731.75,11733731731.75,5866865865.88,5866865865.88
Jul 28 2025,GALA,11730521115.63,11730521115.63,5865260557.81,5865260557.81
Jul 24 2025,GALA,11726240294.13,11726240294.13,5863120147.06,5863120147.06
Jul 20 2025,GALA,11720889267.25,11720889267.25,5860444633.62,5860444633.62
Jul 16 2025,GALA,11712327624.25,11712327624.25,5856163812.12,5856163812.12
Jul 12 2025,GALA,11703765981.24,11703765981.24,5851882990.62,5851882990.62
Jul 09 2025,GALA,11697344748.99,11697344748.99,5848672374.50,5848672374.50
Jul 05 2025,GALA,11688783105.99,11688783105.99,5844391552.99,5844391552.99
Jul 01 2025,GALA,11680221462.99,11680221462.99,5840110731.49,5840110731.49
Jun 27 2025,GALA,11671659819.98,11671659819.98,5835829909.99,5835829909.99
Jun 24 2025,GALA,11665238587.73,11665238587.73,5832619293.87,5832619293.87
Jun 20 2025,GALA,11656676944.73,11656676944.73,5828338472.36,5828338472.36
Jun 16 2025,GALA,11648115301.73,11648115301.73,5824057650.86,5824057650.86
Jun 12 2025,GALA,11639553658.72,11639553658.72,5819776829.36,5819776829.36
Jun 08 2025,GALA,11630992015.72,11630992015.72,5815496007.86,5815496007.86
Jun 05 2025,GALA,11624570783.47,11624570783.47,5812285391.73,5812285391.73
Jun 01 2025,GALA,11616009140.47,11616009140.47,5808004570.23,5808004570.23
May 28 2025,GALA,11607447497.46,11607447497.46,5803723748.73,5803723748.73
May 24 2025,GALA,11598885854.46,11598885854.46,5799442927.23,5799442927.23
May 20 2025,GALA,11590324211.46,11590324211.46,5795162105.73,5795162105.73
May 17 2025,GALA,11583902979.21,11583902979.21,5791951489.60,5791951489.60
May 13 2025,GALA,11575341336.20,11575341336.20,5787670668.10,5787670668.10
May 09 2025,GALA,11566779693.20,11566779693.20,5783389846.60,5783389846.60
May 05 2025,GALA,11558218050.20,11558218050.20,5779109025.10,5779109025.10
May 01 2025,GALA,11549656407.19,11549656407.19,5774828203.60,5774828203.60
Apr 28 2025,GALA,11543235174.94,11543235174.94,5771617587.47,5771617587.47
Apr 24 2025,GALA,11534673531.94,11534673531.94,5767336765.97,5767336765.97
Apr 20 2025,GALA,11526111888.94,11526111888.94,5763055944.47,5763055944.47
Apr 16 2025,GALA,11517550245.93,11517550245.93,5758775122.97,5758775122.97
Apr 12 2025,GALA,11508988602.93,11508988602.93,5754494301.47,5754494301.47
Apr 09 2025,GALA,11502567370.68,11502567370.68,5751283685.34,5751283685.34
Apr 05 2025,GALA,11494005727.68,11494005727.68,5747002863.84,5747002863.84
Apr 01 2025,GALA,11485444084.67,11485444084.67,5742722042.34,5742722042.34
Mar 28 2025,GALA,11476882441.67,11476882441.67,5738441220.84,5738441220.84
Mar 24 2025,GALA,11468320798.67,11468320798.67,5734160399.33,5734160399.33
Mar 21 2025,GALA,11461899566.42,11461899566.42,5730949783.21,5730949783.21
Mar 17 2025,GALA,11453337923.41,11453337923.41,5726668961.71,5726668961.71
Mar 13 2025,GALA,11444776280.41,11444776280.41,5722388140.21,5722388140.21
Mar 09 2025,GALA,11436214637.41,11436214637.41,5718107318.70,5718107318.70
Mar 06 2025,GALA,11429793405.16,11429793405.16,5714896702.58,5714896702.58
Mar 02 2025,GALA,11421231762.15,11421231762.15,5710615881.08,5710615881.08
Feb 26 2025,GALA,11412670119.15,11412670119.15,5706335059.58,5706335059.58
Feb 22 2025,GALA,11404108476.15,11404108476.15,5702054238.07,5702054238.07
Feb 18 2025,GALA,11395546833.15,11395546833.15,5697773416.57,5697773416.57
Feb 15 2025,GALA,11389125600.89,11389125600.89,5694562800.45,5694562800.45
Feb 11 2025,GALA,11380563957.89,11380563957.89,5690281978.95,5690281978.95
Feb 07 2025,GALA,11372002314.89,11372002314.89,5686001157.44,5686001157.44
Feb 03 2025,GALA,11363440671.89,11363440671.89,5681720335.94,5681720335.94
Jan 30 2025,GALA,11354879028.88,11354879028.88,5677439514.44,5677439514.44
Jan 27 2025,GALA,11348457796.63,11348457796.63,5674228898.32,5674228898.32
Jan 23 2025,GALA,11339896153.63,11339896153.63,5669948076.81,5669948076.81
Jan 19 2025,GALA,11331334510.62,11331334510.62,5665667255.31,5665667255.31
Jan 15 2025,GALA,11322772867.62,11322772867.62,5661386433.81,5661386433.81
Jan 11 2025,GALA,11314211224.62,11314211224.62,5657105612.31,5657105612.31
Jan 08 2025,GALA,11307789992.37,11307789992.37,5653894996.18,5653894996.18
Jan 04 2025,GALA,11299228349.36,11299228349.36,5649614174.68,5649614174.68
Dec 31 2024,GALA,11290666706.36,11290666706.36,5645333353.18,5645333353.18
Dec 27 2024,GALA,11282105063.36,11282105063.36,5641052531.68,5641052531.68
Dec 23 2024,GALA,11273543420.36,11273543420.36,5636771710.18,5636771710.18
Dec 20 2024,GALA,11267122188.10,11267122188.10,5633561094.05,5633561094.05
Dec 16 2024,GALA,11258560545.10,11258560545.10,5629280272.55,5629280272.55
Dec 12 2024,GALA,11249998902.10,11249998902.10,5624999451.05,5624999451.05
Dec 08 2024,GALA,11241437259.10,11241437259.10,5620718629.55,5620718629.55
Dec 05 2024,GALA,11235016026.84,11235016026.84,5617508013.42,5617508013.42
Dec 01 2024,GALA,11226454383.84,11226454383.84,5613227191.92,5613227191.92
Nov 27 2024,GALA,11217892740.84,11217892740.84,5608946370.42,5608946370.42
Nov 23 2024,GALA,11209331097.84,11209331097.84,5604665548.92,5604665548.92
Nov 19 2024,GALA,11200769454.83,11200769454.83,5600384727.42,5600384727.42
Nov 16 2024,GALA,11194348222.58,11194348222.58,5597174111.29,5597174111.29
Nov 12 2024,GALA,11185786579.58,11185786579.58,5592893289.79,5592893289.79
Nov 08 2024,GALA,11177224936.58,11177224936.58,5588612468.29,5588612468.29
Nov 04 2024,GALA,11168663293.57,11168663293.57,5584331646.79,5584331646.79
Oct 31 2024,GALA,11160101650.57,11160101650.57,5580050825.29,5580050825.29
Oct 28 2024,GALA,11153680418.32,11153680418.32,5576840209.16,5576840209.16
Oct 24 2024,GALA,11145118775.32,11145118775.32,5572559387.66,5572559387.66
Oct 20 2024,GALA,11136557132.31,11136557132.31,5568278566.16,5568278566.16
Oct 16 2024,GALA,11127995489.31,11127995489.31,5563997744.65,5563997744.65
Oct 12 2024,GALA,11119433846.31,11119433846.31,5559716923.15,5559716923.15
Oct 09 2024,GALA,11113012614.06,11113012614.06,5556506307.03,5556506307.03
Oct 05 2024,GALA,11104450971.05,11104450971.05,5552225485.53,5552225485.53
Oct 01 2024,GALA,11095889328.05,11095889328.05,5547944664.02,5547944664.02
Sep 27 2024,GALA,11087327685.05,11087327685.05,5543663842.52,5543663842.52
Sep 23 2024,GALA,11078766042.04,11078766042.04,5539383021.02,5539383021.02
Sep 20 2024,GALA,11072344809.79,11072344809.79,5536172404.90,5536172404.90
Sep 16 2024,GALA,11063783166.79,11063783166.79,5531891583.39,5531891583.39
Sep 12 2024,GALA,11055221523.79,11055221523.79,5527610761.89,5527610761.89
Sep 08 2024,GALA,11046659880.78,11046659880.78,5523329940.39,5523329940.39
Sep 05 2024,GALA,11040238648.53,11040238648.53,5520119324.27,5520119324.27
Sep 01 2024,GALA,11031677005.53,11031677005.53,5515838502.76,5515838502.76
Aug 28 2024,GALA,11023115362.53,11023115362.53,5511557681.26,5511557681.26
Aug 24 2024,GALA,11014553719.52,11014553719.52,5507276859.76,5507276859.76
Aug 20 2024,GALA,11005992076.52,11005992076.52,5502996038.26,5502996038.26
Aug 17 2024,GALA,10999570844.27,10999570844.27,5499785422.13,5499785422.13
Aug 13 2024,GALA,10991009201.27,10991009201.27,5495504600.63,5495504600.63
Aug 09 2024,GALA,10982447558.26,10982447558.26,5491223779.13,5491223779.13
Aug 05 2024,GALA,10973885915.26,10973885915.26,5486942957.63,5486942957.63
Aug 01 2024,GALA,10965324272.26,10965324272.26,5482662136.13,5482662136.13
Jul 29 2024,GALA,10958903040.01,10958903040.01,5479451520.00,5479451520.00
Jul 25 2024,GALA,10950341397.00,10950341397.00,5475170698.50,5475170698.50
Jul 21 2024,GALA,10941779754.00,10941779754.00,5470889877.00,5470889877.00
Jul 17 2024,GALA,10924656468.01,10924656468.01,5462328234.01,5462328234.01
Jul 13 2024,GALA,10907533182.02,10907533182.02,5453766591.01,5453766591.01
Jul 10 2024,GALA,10894690717.53,10894690717.53,5447345358.77,5447345358.77
Jul 06 2024,GALA,10877567431.54,10877567431.54,5438783715.77,5438783715.77
Jul 02 2024,GALA,10860444145.55,10860444145.55,5430222072.78,5430222072.78
Jun 28 2024,GALA,10843320859.56,10843320859.56,5421660429.78,5421660429.78
Jun 24 2024,GALA,10826197573.57,10826197573.57,5413098786.79,5413098786.79
Jun 21 2024,GALA,10813355109.08,10813355109.08,5406677554.54,5406677554.54
Jun 17 2024,GALA,10796231823.09,10796231823.09,5398115911.55,5398115911.55
Jun 13 2024,GALA,10779108537.10,10779108537.10,5389554268.55,5389554268.55
Jun 09 2024,GALA,10761985251.12,10761985251.12,5380992625.56,5380992625.56
Jun 05 2024,GALA,10744861965.13,10744861965.13,5372430982.56,5372430982.56
Jun 02 2024,GALA,10732019500.63,10732019500.63,5366009750.32,5366009750.32
May 29 2024,GALA,10714896214.65,10714896214.65,5357448107.32,5357448107.32
May 25 2024,GALA,10697772928.66,10697772928.66,5348886464.33,5348886464.33
May 21 2024,GALA,10680649642.67,10680649642.67,5340324821.33,5340324821.33
May 18 2024,GALA,10667807178.18,10667807178.18,5333903589.09,5333903589.09
May 14 2024,GALA,10650683892.19,10650683892.19,5325341946.09,5325341946.09
May 10 2024,GALA,10633560606.20,10633560606.20,5316780303.10,5316780303.10
May 06 2024,GALA,10616437320.21,10616437320.21,5308218660.10,5308218660.10
May 02 2024,GALA,10599314034.22,10599314034.22,5299657017.11,5299657017.11
Apr 29 2024,GALA,10586471569.73,10586471569.73,5293235784.86,5293235784.86
Apr 25 2024,GALA,10569348283.74,10569348283.74,5284674141.87,5284674141.87
Apr 21 2024,GALA,10552224997.75,10552224997.75,5276112498.87,5276112498.87
Apr 17 2024,GALA,10535101711.76,10535101711.76,5267550855.88,5267550855.88
Apr 13 2024,GALA,10517978425.77,10517978425.77,5258989212.89,5258989212.89
Apr 10 2024,GALA,10505135961.28,10505135961.28,5252567980.64,5252567980.64
Apr 06 2024,GALA,10488012675.29,10488012675.29,5244006337.64,5244006337.64
Apr 02 2024,GALA,10470889389.30,10470889389.30,5235444694.65,5235444694.65
Mar 29 2024,GALA,0,10453766103.31,5226883051.66,5226883051.66
Mar 25 2024,GALA,0,10436642817.32,5218321408.66,5218321408.66
Mar 22 2024,GALA,0,10423800352.83,5211900176.42,5211900176.42
Mar 18 2024,GALA,0,10406677066.84,5203338533.42,5203338533.42
Mar 14 2024,GALA,0,10389553780.85,5194776890.43,5194776890.43
Mar 10 2024,GALA,0,10372430494.86,5186215247.43,5186215247.43
Mar 06 2024,GALA,0,10355307208.87,5177653604.44,5177653604.44
Mar 03 2024,GALA,0,10342464744.38,5171232372.19,5171232372.19
Feb 28 2024,GALA,0,10325341458.39,5162670729.20,5162670729.20
Feb 24 2024,GALA,0,10308218172.40,5154109086.20,5154109086.20
Feb 20 2024,GALA,0,10291094886.42,5145547443.21,5145547443.21
Feb 17 2024,GALA,0,10278252421.92,5139126210.96,5139126210.96
Feb 13 2024,GALA,0,10261129135.93,5130564567.97,5130564567.97
Feb 09 2024,GALA,0,10244005849.95,5122002924.97,5122002924.97
Feb 05 2024,GALA,0,10226882563.96,5113441281.98,5113441281.98
Feb 01 2024,GALA,0,10209759277.97,5104879638.98,5104879638.98
Jan 29 2024,GALA,0,10196916813.48,5098458406.74,5098458406.74
Jan 25 2024,GALA,0,10179793527.49,5089896763.74,5089896763.74
Jan 21 2024,GALA,0,10162670241.50,5081335120.75,5081335120.75
Jan 17 2024,GALA,0,10145546955.51,5072773477.75,5072773477.75
Jan 13 2024,GALA,0,10128423669.52,5064211834.76,5064211834.76
Jan 10 2024,GALA,0,10115581205.03,5057790602.51,5057790602.51
Jan 06 2024,GALA,0,10098457919.04,5049228959.52,5049228959.52
Jan 02 2024,GALA,0,10081334633.05,5040667316.52,5040667316.52
Dec 29 2023,GALA,0,10064211347.06,5032105673.53,5032105673.53
Dec 25 2023,GALA,0,10047088061.07,5023544030.54,5023544030.54
Dec 22 2023,GALA,0,10034245596.58,5017122798.29,5017122798.29
Dec 18 2023,GALA,0,10017122310.59,5008561155.30,5008561155.30
Dec 14 2023,GALA,0,9999999024.60,4999999512.30,4999999512.30
Dec 10 2023,GALA,0,9982875738.61,4991437869.31,4991437869.31
Dec 06 2023,GALA,0,9965752452.62,4982876226.31,4982876226.31
Dec 03 2023,GALA,0,9952909988.13,4976454994.07,4976454994.07
Nov 29 2023,GALA,0,9935786702.14,4967893351.07,4967893351.07
Nov 25 2023,GALA,0,9918663416.15,4959331708.08,4959331708.08
Nov 21 2023,GALA,0,9901540130.16,4950770065.08,4950770065.08
Nov 17 2023,GALA,0,9884416844.17,4942208422.09,4942208422.09
Nov 14 2023,GALA,0,9871574379.68,4935787189.84,4935787189.84
Nov 10 2023,GALA,0,9854451093.69,4927225546.85,4927225546.85
Nov 06 2023,GALA,0,9837327807.71,4918663903.85,4918663903.85
Nov 02 2023,GALA,0,9820204521.72,4910102260.86,4910102260.86
Oct 30 2023,GALA,0,9807362057.22,4903681028.61,4903681028.61
Oct 26 2023,GALA,0,9790238771.24,4895119385.62,4895119385.62
Oct 22 2023,GALA,0,9773115485.25,4886557742.62,4886557742.62
Oct 18 2023,GALA,0,9755992199.26,4877996099.63,4877996099.63
Oct 14 2023,GALA,0,9738868913.27,4869434456.63,4869434456.63
Oct 11 2023,GALA,0,9726026448.78,4863013224.39,4863013224.39
Oct 07 2023,GALA,0,9708903162.79,4854451581.39,4854451581.39
Oct 03 2023,GALA,0,9691779876.80,4845889938.40,4845889938.40
Sep 29 2023,GALA,0,9674656590.81,4837328295.40,4837328295.40
Sep 25 2023,GALA,0,9657533304.82,4828766652.41,4828766652.41
Sep 22 2023,GALA,0,9644690840.33,4822345420.16,4822345420.16
Sep 18 2023,GALA,0,9627567554.34,4813783777.17,4813783777.17
Sep 14 2023,GALA,0,9610444268.35,4805222134.17,4805222134.17
Sep 10 2023,GALA,0,9593320982.36,4796660491.18,4796660491.18
Sep 06 2023,GALA,0,9576197696.37,4788098848.19,4788098848.19
Sep 03 2023,GALA,0,9563355231.88,4781677615.94,4781677615.94
Aug 30 2023,GALA,0,9546231945.89,4773115972.95,4773115972.95
Aug 26 2023,GALA,0,9529108659.90,4764554329.95,4764554329.95
Aug 22 2023,GALA,0,9511985373.91,4755992686.96,4755992686.96
Aug 18 2023,GALA,0,9494862087.92,4747431043.96,4747431043.96
Aug 15 2023,GALA,0,9482019623.43,4741009811.72,4741009811.72
Aug 11 2023,GALA,0,9464896337.44,4732448168.72,4732448168.72
Aug 07 2023,GALA,0,9447773051.45,4723886525.73,4723886525.73
Aug 03 2023,GALA,0,9430649765.46,4715324882.73,4715324882.73
Jul 31 2023,GALA,0,9417807300.97,4708903650.49,4708903650.49
Jul 27 2023,GALA,0,9400684014.98,4700342007.49,4700342007.49
Jul 23 2023,GALA,0,9383560728.99,4691780364.50,4691780364.50
Jul 19 2023,GALA,0,9357875799.99,4678937900.00,4678937900.00
Jul 15 2023,GALA,0,9323629227.98,4661814613.99,4661814613.99
Jul 12 2023,GALA,0,9297944298.98,4648972149.49,4648972149.49
Jul 08 2023,GALA,0,9263697726.96,4631848863.48,4631848863.48
Jul 04 2023,GALA,0,9229451154.95,4614725577.48,4614725577.48
Jun 30 2023,GALA,0,9195204582.94,4597602291.47,4597602291.47
Jun 26 2023,GALA,0,9160958010.93,4580479005.47,4580479005.47
Jun 23 2023,GALA,0,9135273081.92,4567636540.96,4567636540.96
Jun 19 2023,GALA,0,9101026509.91,4550513254.96,4550513254.96
Jun 15 2023,GALA,0,9066779937.90,4533389968.95,4533389968.95
Jun 11 2023,GALA,0,9032533365.89,4516266682.95,4516266682.95
Jun 07 2023,GALA,0,8998286793.88,4499143396.94,4499143396.94
Jun 04 2023,GALA,0,8972601864.87,4486300932.44,4486300932.44
May 31 2023,GALA,0,8938355292.86,4469177646.43,4469177646.43
May 27 2023,GALA,0,8904108720.85,4452054360.42,4452054360.42
May 23 2023,GALA,0,8869862148.84,4434931074.42,4434931074.42
May 19 2023,GALA,0,8835615576.83,4417807788.41,4417807788.41
May 16 2023,GALA,0,8809930647.82,4404965323.91,4404965323.91
May 12 2023,GALA,0,8775684075.81,4387842037.90,4387842037.90
May 08 2023,GALA,0,8741437503.80,4370718751.90,4370718751.90
May 04 2023,GALA,0,8707190931.79,4353595465.89,4353595465.89
Apr 30 2023,GALA,0,8672944359.78,4336472179.89,4336472179.89
Apr 27 2023,GALA,0,8647259430.77,4323629715.38,4323629715.38
Apr 23 2023,GALA,0,8613012858.76,4306506429.38,4306506429.38
Apr 19 2023,GALA,0,8578766286.75,4289383143.37,4289383143.37
Apr 15 2023,GALA,0,8544519714.73,4272259857.37,4272259857.37
Apr 12 2023,GALA,0,8518834785.73,4259417392.86,4259417392.86
Apr 08 2023,GALA,0,8484588213.72,4242294106.86,4242294106.86
Apr 04 2023,GALA,0,8450341641.70,4225170820.85,4225170820.85
Mar 31 2023,GALA,0,8416095069.69,4208047534.85,4208047534.85
Mar 27 2023,GALA,0,8381848497.68,4190924248.84,4190924248.84
Mar 24 2023,GALA,0,8356163568.67,4178081784.34,4178081784.34
Mar 20 2023,GALA,0,8321916996.66,4160958498.33,4160958498.33
Mar 16 2023,GALA,0,8287670424.65,4143835212.33,4143835212.33
Mar 12 2023,GALA,0,8253423852.64,4126711926.32,4126711926.32
Mar 08 2023,GALA,0,8219177280.63,4109588640.32,4109588640.32
Mar 05 2023,GALA,0,8193492351.62,4096746175.81,4096746175.81
Mar 01 2023,GALA,0,8159245779.61,4079622889.81,4079622889.81
Feb 25 2023,GALA,0,8124999207.60,4062499603.80,4062499603.80
Feb 21 2023,GALA,0,8090752635.59,4045376317.79,4045376317.79
Feb 17 2023,GALA,0,8056506063.58,4028253031.79,4028253031.79
Feb 14 2023,GALA,0,8030821134.57,4015410567.28,4015410567.28
Feb 10 2023,GALA,0,7996574562.56,3998287281.28,3998287281.28
Feb 06 2023,GALA,0,7962327990.55,3981163995.27,3981163995.27
Feb 02 2023,GALA,0,7928081418.54,3964040709.27,3964040709.27
Jan 29 2023,GALA,0,7893834846.53,3946917423.26,3946917423.26
Jan 26 2023,GALA,0,7868149917.52,3934074958.76,3934074958.76
Jan 22 2023,GALA,0,7833903345.51,3916951672.75,3916951672.75
Jan 18 2023,GALA,0,7799656773.50,3899828386.75,3899828386.75
Jan 14 2023,GALA,0,7765410201.48,3882705100.74,3882705100.74
Jan 11 2023,GALA,0,7739725272.48,3869862636.24,3869862636.24
Jan 07 2023,GALA,0,7705478700.47,3852739350.23,3852739350.23
Jan 03 2023,GALA,0,7671232128.45,3835616064.23,3835616064.23
Dec 30 2022,GALA,0,7636985556.44,3818492778.22,3818492778.22
Dec 26 2022,GALA,0,7602738984.43,3801369492.22,3801369492.22
Dec 23 2022,GALA,0,7577054055.42,3788527027.71,3788527027.71
Dec 19 2022,GALA,0,7542807483.41,3771403741.71,3771403741.71
Dec 15 2022,GALA,0,7508560911.40,3754280455.70,3754280455.70
Dec 11 2022,GALA,0,7474314339.39,3737157169.70,3737157169.70
Dec 07 2022,GALA,0,7440067767.38,3720033883.69,3720033883.69
Dec 04 2022,GALA,0,7414382838.37,3707191419.19,3707191419.19
Nov 30 2022,GALA,0,7380136266.36,3690068133.18,3690068133.18
Nov 26 2022,GALA,0,7345889694.35,3672944847.18,3672944847.18
Nov 22 2022,GALA,0,7311643122.34,3655821561.17,3655821561.17
Nov 18 2022,GALA,0,7277396550.33,3638698275.16,3638698275.16
Nov 15 2022,GALA,0,7251711621.32,3625855810.66,3625855810.66
Nov 11 2022,GALA,0,7217465049.31,3608732524.65,3608732524.65
Nov 07 2022,GALA,0,7183218477.30,3591609238.65,3591609238.65
Nov 03 2022,GALA,0,7148971905.29,3574485952.64,3574485952.64
Oct 30 2022,GALA,0,7114725333.28,3557362666.64,3557362666.64
Oct 27 2022,GALA,0,7089040404.27,3544520202.13,3544520202.13
Oct 23 2022,GALA,0,7054793832.26,3527396916.13,3527396916.13
Oct 19 2022,GALA,0,7020547260.25,3510273630.12,3510273630.12
Oct 15 2022,GALA,0,6986300688.24,3493150344.12,3493150344.12
Oct 11 2022,GALA,0,6952054116.22,3476027058.11,3476027058.11
Oct 08 2022,GALA,0,6926369187.22,3463184593.61,3463184593.61
Oct 04 2022,GALA,0,6892122615.21,3446061307.60,3446061307.60
Sep 30 2022,GALA,0,6857876043.19,3428938021.60,3428938021.60
Sep 26 2022,GALA,0,6823629471.18,3411814735.59,3411814735.59
Sep 23 2022,GALA,0,6797944542.18,3398972271.09,3398972271.09
Sep 19 2022,GALA,0,6763697970.16,3381848985.08,3381848985.08
Sep 15 2022,GALA,0,6729451398.15,3364725699.08,3364725699.08
Sep 11 2022,GALA,0,6695204826.14,3347602413.07,3347602413.07
Sep 07 2022,GALA,0,6660958254.13,3330479127.07,3330479127.07
Sep 04 2022,GALA,0,6635273325.12,3317636662.56,3317636662.56
Aug 31 2022,GALA,0,6601026753.11,3300513376.56,3300513376.56
Aug 27 2022,GALA,0,6566780181.10,3283390090.55,3283390090.55
Aug 23 2022,GALA,0,6532533609.09,3266266804.55,3266266804.55
Aug 19 2022,GALA,0,6498287037.08,3249143518.54,3249143518.54
Aug 16 2022,GALA,0,6472602108.07,3236301054.04,3236301054.04
Aug 12 2022,GALA,0,6438355536.06,3219177768.03,3219177768.03
Aug 08 2022,GALA,0,6404108964.05,3202054482.02,3202054482.02
Aug 04 2022,GALA,0,6369862392.04,3184931196.02,3184931196.02
Jul 31 2022,GALA,0,6335615820.03,3167807910.01,3167807910.01
Jul 28 2022,GALA,0,6309930891.02,3154965445.51,3154965445.51
Jul 24 2022,GALA,0,6275684319.01,3137842159.50,3137842159.50
Jul 20 2022,GALA,0,6232872193.68,3116436096.84,3116436096.84
Jul 16 2022,GALA,0,6164363408.41,3082181704.20,3082181704.20
Jul 12 2022,GALA,0,6095854623.13,3047927311.57,3047927311.57
Jul 09 2022,GALA,0,6044473034.17,3022236517.09,3022236517.09
Jul 05 2022,GALA,0,5975964248.90,2987982124.45,2987982124.45
Jul 01 2022,GALA,0,5907455463.62,2953727731.81,2953727731.81
Jun 27 2022,GALA,0,5838946678.35,2919473339.17,2919473339.17
Jun 24 2022,GALA,0,5787565089.39,2893782544.70,2893782544.70
Jun 20 2022,GALA,0,5719056304.12,2859528152.06,2859528152.06
Jun 16 2022,GALA,0,5650547518.84,2825273759.42,2825273759.42
Jun 12 2022,GALA,0,5582038733.57,2791019366.78,2791019366.78
Jun 08 2022,GALA,0,5513529948.29,2756764974.15,2756764974.15
Jun 05 2022,GALA,0,5462148359.34,2731074179.67,2731074179.67
Jun 01 2022,GALA,0,5393639574.06,2696819787.03,2696819787.03
May 28 2022,GALA,0,5325130788.79,2662565394.39,2662565394.39
May 24 2022,GALA,0,5256622003.51,2628311001.75,2628311001.75
May 20 2022,GALA,0,5188113218.23,2594056609.12,2594056609.12
May 17 2022,GALA,0,5136731629.28,2568365814.64,2568365814.64
May 13 2022,GALA,0,5068222844.00,2534111422.00,2534111422.00
May 09 2022,GALA,0,4999714058.73,2499857029.36,2499857029.36
May 05 2022,GALA,0,4931205273.45,2465602636.73,2465602636.73
May 01 2022,GALA,0,4862696488.18,2431348244.09,2431348244.09
Apr 28 2022,GALA,0,4811314899.22,2405657449.61,2405657449.61
Apr 24 2022,GALA,0,4742806113.95,2371403056.97,2371403056.97
Apr 20 2022,GALA,0,4674297328.67,2337148664.34,2337148664.34
Apr 16 2022,GALA,0,4605788543.40,2302894271.70,2302894271.70
Apr 12 2022,GALA,0,4537279758.12,2268639879.06,2268639879.06
Apr 09 2022,GALA,0,4485898169.16,2242949084.58,2242949084.58
Apr 05 2022,GALA,0,4417389383.89,2208694691.94,2208694691.94
Apr 01 2022,GALA,0,4348880598.61,2174440299.31,2174440299.31
Mar 28 2022,GALA,0,4280371813.34,2140185906.67,2140185906.67
Mar 25 2022,GALA,0,4228990224.38,2114495112.19,2114495112.19
Mar 21 2022,GALA,0,4160481439.11,2080240719.55,2080240719.55
Mar 17 2022,GALA,0,4091972653.83,2045986326.92,2045986326.92
Mar 13 2022,GALA,0,4023463868.56,2011731934.28,2011731934.28
Mar 09 2022,GALA,0,3954955083.28,1977477541.64,1977477541.64
Mar 06 2022,GALA,0,3903573494.33,1951786747.16,1951786747.16
Mar 02 2022,GALA,0,3835064709.05,1917532354.53,1917532354.53
Feb 26 2022,GALA,0,3766555923.77,1883277961.89,1883277961.89
Feb 22 2022,GALA,0,3698047138.50,1849023569.25,1849023569.25
Feb 18 2022,GALA,0,3629538353.22,1814769176.61,1814769176.61
Feb 15 2022,GALA,0,3578156764.27,1789078382.13,1789078382.13
Feb 11 2022,GALA,0,3509647978.99,1754823989.50,1754823989.50
Feb 07 2022,GALA,0,3441139193.72,1720569596.86,1720569596.86
Feb 03 2022,GALA,0,3372630408.44,1686315204.22,1686315204.22
Jan 30 2022,GALA,0,3304121623.17,1652060811.58,1652060811.58
Jan 27 2022,GALA,0,3252740034.21,1626370017.11,1626370017.11
Jan 23 2022,GALA,0,3184231248.94,1592115624.47,1592115624.47
Jan 19 2022,GALA,0,3115722463.66,1557861231.83,1557861231.83
Jan 15 2022,GALA,0,3047213678.39,1523606839.19,1523606839.19
Jan 11 2022,GALA,0,2978704893.11,1489352446.56,1489352446.56
Jan 08 2022,GALA,0,2927323304.15,1463661652.08,1463661652.08
Jan 04 2022,GALA,0,2858814518.88,1429407259.44,1429407259.44
Dec 31 2021,GALA,0,2790305733.60,1395152866.80,1395152866.80
Dec 27 2021,GALA,0,2721796948.33,1360898474.16,1360898474.16
Dec 23 2021,GALA,0,2653288163.05,1326644081.53,1326644081.53
Dec 20 2021,GALA,0,2601906574.10,1300953287.05,1300953287.05
Dec 16 2021,GALA,0,2533397788.82,1266698894.41,1266698894.41
Dec 12 2021,GALA,0,2464889003.55,1232444501.77,1232444501.77
Dec 08 2021,GALA,0,2396380218.27,1198190109.14,1198190109.14
Dec 05 2021,GALA,0,2344998629.31,1172499314.66,1172499314.66
Dec 01 2021,GALA,0,2276489844.04,1138244922.02,1138244922.02
Nov 27 2021,GALA,0,2207981058.76,1103990529.38,1103990529.38
Nov 23 2021,GALA,0,2139472273.49,1069736136.74,1069736136.74
Nov 19 2021,GALA,0,2070963488.21,1035481744.11,1035481744.11
Nov 16 2021,GALA,0,2019581899.26,1009790949.63,1009790949.63
Nov 12 2021,GALA,0,1951073113.98,975536556.99,975536556.99
Nov 08 2021,GALA,0,1882564328.71,941282164.35,941282164.35
Nov 04 2021,GALA,0,1814055543.43,907027771.72,907027771.72
Oct 31 2021,GALA,0,1745546758.16,872773379.08,872773379.08
Oct 28 2021,GALA,0,1694165169.20,847082584.60,847082584.60
Oct 24 2021,GALA,0,1625656383.93,812828191.96,812828191.96
Oct 20 2021,GALA,0,1557147598.65,778573799.33,778573799.33
Oct 16 2021,GALA,0,1488638813.38,744319406.69,744319406.69
Oct 12 2021,GALA,0,1420130028.10,710065014.05,710065014.05
Oct 09 2021,GALA,0,1368748439.14,684374219.57,684374219.57
Oct 05 2021,GALA,0,1300239653.87,650119826.93,650119826.93
Oct 01 2021,GALA,0,1231730868.59,615865434.30,615865434.30
Sep 27 2021,GALA,0,1163222083.32,581611041.66,581611041.66
Sep 23 2021,GALA,0,1094713298.04,547356649.02,547356649.02
Sep 20 2021,GALA,0,1043331709.09,521665854.54,521665854.54
Sep 16 2021,GALA,0,974822923.81,487411461.91,487411461.91
Sep 12 2021,GALA,0,906314138.54,453157069.27,453157069.27
Sep 08 2021,GALA,0,837805353.26,418902676.63,418902676.63
Sep 05 2021,GALA,0,786423764.30,393211882.15,393211882.15
Sep 01 2021,GALA,0,717914979.03,358957489.51,358957489.51
Aug 28 2021,GALA,0,649406193.75,324703096.88,324703096.88
Aug 24 2021,GALA,0,580897408.48,290448704.24,290448704.24
Aug 20 2021,GALA,0,512388623.20,256194311.60,256194311.60
Aug 17 2021,GALA,0,461007034.25,230503517.12,230503517.12
Aug 13 2021,GALA,0,392498248.97,196249124.49,196249124.49
Aug 09 2021,GALA,0,323989463.70,161994731.85,161994731.85
Aug 05 2021,GALA,0,255480678.42,127740339.21,127740339.21
Aug 01 2021,GALA,0,186971893.15,93485946.57,93485946.57
Jul 29 2021,GALA,0,135590304.19,67795152.10,67795152.10
Jul 25 2021,GALA,0,67081518.92,33540759.46,33540759.46
Jul 21 2021,GALA,0.00,0.00,0,0
