Date,Symbol,Available Supply,Unlocked Supply,Future Hires,Core Team,Early Investors,Community Rewards,Ecosystem Development
Jan 07 2030,HFT,968012144.00,968012144.00,25000000.00,193200000.00,250000000.00,142212144.00,357600000.00
Jan 04 2030,HFT,968012144.00,968012144.00,25000000.00,193200000.00,250000000.00,142212144.00,357600000.00
Jan 01 2030,HFT,968012144.00,968012144.00,25000000.00,193200000.00,250000000.00,142212144.00,357600000.00
Dec 29 2029,HFT,968012144.00,968012144.00,25000000.00,193200000.00,250000000.00,142212144.00,357600000.00
Dec 26 2029,HFT,968012144.00,968012144.00,25000000.00,193200000.00,250000000.00,142212144.00,357600000.00
Dec 23 2029,HFT,968012144.00,968012144.00,25000000.00,193200000.00,250000000.00,142212144.00,357600000.00
Dec 20 2029,HFT,968012144.00,968012144.00,25000000.00,193200000.00,250000000.00,142212144.00,357600000.00
Dec 17 2029,HFT,968012144.00,968012144.00,25000000.00,193200000.00,250000000.00,142212144.00,357600000.00
Dec 14 2029,HFT,968012144.00,968012144.00,25000000.00,193200000.00,250000000.00,142212144.00,357600000.00
Dec 12 2029,HFT,968012144.00,968012144.00,25000000.00,193200000.00,250000000.00,142212144.00,357600000.00
Dec 09 2029,HFT,968012144.00,968012144.00,25000000.00,193200000.00,250000000.00,142212144.00,357600000.00
Dec 06 2029,HFT,968012144.00,968012144.00,25000000.00,193200000.00,250000000.00,142212144.00,357600000.00
Dec 03 2029,HFT,968012144.00,968012144.00,25000000.00,193200000.00,250000000.00,142212144.00,357600000.00
Nov 30 2029,HFT,968012144.00,968012144.00,25000000.00,193200000.00,250000000.00,142212144.00,357600000.00
Nov 27 2029,HFT,968012144.00,968012144.00,25000000.00,193200000.00,250000000.00,142212144.00,357600000.00
Nov 24 2029,HFT,968012144.00,968012144.00,25000000.00,193200000.00,250000000.00,142212144.00,357600000.00
Nov 21 2029,HFT,968012144.00,968012144.00,25000000.00,193200000.00,250000000.00,142212144.00,357600000.00
Nov 18 2029,HFT,968012144.00,968012144.00,25000000.00,193200000.00,250000000.00,142212144.00,357600000.00
Nov 15 2029,HFT,968012144.00,968012144.00,25000000.00,193200000.00,250000000.00,142212144.00,357600000.00
Nov 12 2029,HFT,968012144.00,968012144.00,25000000.00,193200000.00,250000000.00,142212144.00,357600000.00
Nov 09 2029,HFT,968012144.00,968012144.00,25000000.00,193200000.00,250000000.00,142212144.00,357600000.00
Nov 06 2029,HFT,968012144.00,968012144.00,25000000.00,193200000.00,250000000.00,142212144.00,357600000.00
Nov 03 2029,HFT,968012144.00,968012144.00,25000000.00,193200000.00,250000000.00,142212144.00,357600000.00
Oct 31 2029,HFT,968012144.00,968012144.00,25000000.00,193200000.00,250000000.00,142212144.00,357600000.00
Oct 28 2029,HFT,968012144.00,968012144.00,25000000.00,193200000.00,250000000.00,142212144.00,357600000.00
Oct 26 2029,HFT,968012144.00,968012144.00,25000000.00,193200000.00,250000000.00,142212144.00,357600000.00
Oct 23 2029,HFT,968012144.00,968012144.00,25000000.00,193200000.00,250000000.00,142212144.00,357600000.00
Oct 20 2029,HFT,968012144.00,968012144.00,25000000.00,193200000.00,250000000.00,142212144.00,357600000.00
Oct 17 2029,HFT,968012144.00,968012144.00,25000000.00,193200000.00,250000000.00,142212144.00,357600000.00
Oct 14 2029,HFT,968012144.00,968012144.00,25000000.00,193200000.00,250000000.00,142212144.00,357600000.00
Oct 11 2029,HFT,968012144.00,968012144.00,25000000.00,193200000.00,250000000.00,142212144.00,357600000.00
Oct 08 2029,HFT,968012144.00,968012144.00,25000000.00,193200000.00,250000000.00,142212144.00,357600000.00
Oct 05 2029,HFT,967595477.00,967595477.00,24583333.00,193200000.00,250000000.00,142212144.00,357600000.00
Oct 02 2029,HFT,967595477.00,967595477.00,24583333.00,193200000.00,250000000.00,142212144.00,357600000.00
Sep 29 2029,HFT,967595477.00,967595477.00,24583333.00,193200000.00,250000000.00,142212144.00,357600000.00
Sep 26 2029,HFT,967595477.00,967595477.00,24583333.00,193200000.00,250000000.00,142212144.00,357600000.00
Sep 23 2029,HFT,967595477.00,967595477.00,24583333.00,193200000.00,250000000.00,142212144.00,357600000.00
Sep 20 2029,HFT,967595477.00,967595477.00,24583333.00,193200000.00,250000000.00,142212144.00,357600000.00
Sep 17 2029,HFT,967595477.00,967595477.00,24583333.00,193200000.00,250000000.00,142212144.00,357600000.00
Sep 14 2029,HFT,967595477.00,967595477.00,24583333.00,193200000.00,250000000.00,142212144.00,357600000.00
Sep 11 2029,HFT,967595477.00,967595477.00,24583333.00,193200000.00,250000000.00,142212144.00,357600000.00
Sep 09 2029,HFT,967595477.00,967595477.00,24583333.00,193200000.00,250000000.00,142212144.00,357600000.00
Sep 06 2029,HFT,967178811.00,967178811.00,24166667.00,193200000.00,250000000.00,142212144.00,357600000.00
Sep 03 2029,HFT,967178811.00,967178811.00,24166667.00,193200000.00,250000000.00,142212144.00,357600000.00
Aug 31 2029,HFT,967178811.00,967178811.00,24166667.00,193200000.00,250000000.00,142212144.00,357600000.00
Aug 28 2029,HFT,967178811.00,967178811.00,24166667.00,193200000.00,250000000.00,142212144.00,357600000.00
Aug 25 2029,HFT,967178811.00,967178811.00,24166667.00,193200000.00,250000000.00,142212144.00,357600000.00
Aug 22 2029,HFT,967178811.00,967178811.00,24166667.00,193200000.00,250000000.00,142212144.00,357600000.00
Aug 19 2029,HFT,967178811.00,967178811.00,24166667.00,193200000.00,250000000.00,142212144.00,357600000.00
Aug 16 2029,HFT,967178811.00,967178811.00,24166667.00,193200000.00,250000000.00,142212144.00,357600000.00
Aug 13 2029,HFT,967178811.00,967178811.00,24166667.00,193200000.00,250000000.00,142212144.00,357600000.00
Aug 10 2029,HFT,967178811.00,967178811.00,24166667.00,193200000.00,250000000.00,142212144.00,357600000.00
Aug 07 2029,HFT,967178811.00,967178811.00,24166667.00,193200000.00,250000000.00,142212144.00,357600000.00
Aug 04 2029,HFT,966762144.00,966762144.00,23750000.00,193200000.00,250000000.00,142212144.00,357600000.00
Aug 01 2029,HFT,966762144.00,966762144.00,23750000.00,193200000.00,250000000.00,142212144.00,357600000.00
Jul 29 2029,HFT,966762144.00,966762144.00,23750000.00,193200000.00,250000000.00,142212144.00,357600000.00
Jul 26 2029,HFT,966762144.00,966762144.00,23750000.00,193200000.00,250000000.00,142212144.00,357600000.00
Jul 24 2029,HFT,966762144.00,966762144.00,23750000.00,193200000.00,250000000.00,142212144.00,357600000.00
Jul 21 2029,HFT,966762144.00,966762144.00,23750000.00,193200000.00,250000000.00,142212144.00,357600000.00
Jul 18 2029,HFT,966762144.00,966762144.00,23750000.00,193200000.00,250000000.00,142212144.00,357600000.00
Jul 15 2029,HFT,966762144.00,966762144.00,23750000.00,193200000.00,250000000.00,142212144.00,357600000.00
Jul 12 2029,HFT,966762144.00,966762144.00,23750000.00,193200000.00,250000000.00,142212144.00,357600000.00
Jul 09 2029,HFT,966762144.00,966762144.00,23750000.00,193200000.00,250000000.00,142212144.00,357600000.00
Jul 06 2029,HFT,966345477.00,966345477.00,23333333.00,193200000.00,250000000.00,142212144.00,357600000.00
Jul 03 2029,HFT,966345477.00,966345477.00,23333333.00,193200000.00,250000000.00,142212144.00,357600000.00
Jun 30 2029,HFT,966345477.00,966345477.00,23333333.00,193200000.00,250000000.00,142212144.00,357600000.00
Jun 27 2029,HFT,966345477.00,966345477.00,23333333.00,193200000.00,250000000.00,142212144.00,357600000.00
Jun 24 2029,HFT,966345477.00,966345477.00,23333333.00,193200000.00,250000000.00,142212144.00,357600000.00
Jun 21 2029,HFT,966345477.00,966345477.00,23333333.00,193200000.00,250000000.00,142212144.00,357600000.00
Jun 18 2029,HFT,966345477.00,966345477.00,23333333.00,193200000.00,250000000.00,142212144.00,357600000.00
Jun 15 2029,HFT,966345477.00,966345477.00,23333333.00,193200000.00,250000000.00,142212144.00,357600000.00
Jun 12 2029,HFT,966345477.00,966345477.00,23333333.00,193200000.00,250000000.00,142212144.00,357600000.00
Jun 09 2029,HFT,966345477.00,966345477.00,23333333.00,193200000.00,250000000.00,142212144.00,357600000.00
Jun 07 2029,HFT,966345477.00,966345477.00,23333333.00,193200000.00,250000000.00,142212144.00,357600000.00
Jun 04 2029,HFT,965928811.00,965928811.00,22916667.00,193200000.00,250000000.00,142212144.00,357600000.00
Jun 01 2029,HFT,965928811.00,965928811.00,22916667.00,193200000.00,250000000.00,142212144.00,357600000.00
May 29 2029,HFT,965928811.00,965928811.00,22916667.00,193200000.00,250000000.00,142212144.00,357600000.00
May 26 2029,HFT,965928811.00,965928811.00,22916667.00,193200000.00,250000000.00,142212144.00,357600000.00
May 23 2029,HFT,965928811.00,965928811.00,22916667.00,193200000.00,250000000.00,142212144.00,357600000.00
May 20 2029,HFT,965928811.00,965928811.00,22916667.00,193200000.00,250000000.00,142212144.00,357600000.00
May 17 2029,HFT,965928811.00,965928811.00,22916667.00,193200000.00,250000000.00,142212144.00,357600000.00
May 14 2029,HFT,965928811.00,965928811.00,22916667.00,193200000.00,250000000.00,142212144.00,357600000.00
May 11 2029,HFT,965928811.00,965928811.00,22916667.00,193200000.00,250000000.00,142212144.00,357600000.00
May 08 2029,HFT,965928811.00,965928811.00,22916667.00,193200000.00,250000000.00,142212144.00,357600000.00
May 05 2029,HFT,965512144.00,965512144.00,22500000.00,193200000.00,250000000.00,142212144.00,357600000.00
May 02 2029,HFT,965512144.00,965512144.00,22500000.00,193200000.00,250000000.00,142212144.00,357600000.00
Apr 29 2029,HFT,965512144.00,965512144.00,22500000.00,193200000.00,250000000.00,142212144.00,357600000.00
Apr 26 2029,HFT,965512144.00,965512144.00,22500000.00,193200000.00,250000000.00,142212144.00,357600000.00
Apr 23 2029,HFT,965512144.00,965512144.00,22500000.00,193200000.00,250000000.00,142212144.00,357600000.00
Apr 20 2029,HFT,965512144.00,965512144.00,22500000.00,193200000.00,250000000.00,142212144.00,357600000.00
Apr 18 2029,HFT,965512144.00,965512144.00,22500000.00,193200000.00,250000000.00,142212144.00,357600000.00
Apr 15 2029,HFT,965512144.00,965512144.00,22500000.00,193200000.00,250000000.00,142212144.00,357600000.00
Apr 12 2029,HFT,965512144.00,965512144.00,22500000.00,193200000.00,250000000.00,142212144.00,357600000.00
Apr 09 2029,HFT,965512144.00,965512144.00,22500000.00,193200000.00,250000000.00,142212144.00,357600000.00
Apr 06 2029,HFT,965095477.00,965095477.00,22083333.00,193200000.00,250000000.00,142212144.00,357600000.00
Apr 03 2029,HFT,965095477.00,965095477.00,22083333.00,193200000.00,250000000.00,142212144.00,357600000.00
Mar 31 2029,HFT,965095477.00,965095477.00,22083333.00,193200000.00,250000000.00,142212144.00,357600000.00
Mar 28 2029,HFT,965095477.00,965095477.00,22083333.00,193200000.00,250000000.00,142212144.00,357600000.00
Mar 25 2029,HFT,965095477.00,965095477.00,22083333.00,193200000.00,250000000.00,142212144.00,357600000.00
Mar 22 2029,HFT,965095477.00,965095477.00,22083333.00,193200000.00,250000000.00,142212144.00,357600000.00
Mar 19 2029,HFT,965095477.00,965095477.00,22083333.00,193200000.00,250000000.00,142212144.00,357600000.00
Mar 16 2029,HFT,965095477.00,965095477.00,22083333.00,193200000.00,250000000.00,142212144.00,357600000.00
Mar 13 2029,HFT,965095477.00,965095477.00,22083333.00,193200000.00,250000000.00,142212144.00,357600000.00
Mar 10 2029,HFT,965095477.00,965095477.00,22083333.00,193200000.00,250000000.00,142212144.00,357600000.00
Mar 07 2029,HFT,965095477.00,965095477.00,22083333.00,193200000.00,250000000.00,142212144.00,357600000.00
Mar 04 2029,HFT,964678811.00,964678811.00,21666667.00,193200000.00,250000000.00,142212144.00,357600000.00
Mar 02 2029,HFT,964678811.00,964678811.00,21666667.00,193200000.00,250000000.00,142212144.00,357600000.00
Feb 27 2029,HFT,964678811.00,964678811.00,21666667.00,193200000.00,250000000.00,142212144.00,357600000.00
Feb 24 2029,HFT,964678811.00,964678811.00,21666667.00,193200000.00,250000000.00,142212144.00,357600000.00
Feb 21 2029,HFT,964678811.00,964678811.00,21666667.00,193200000.00,250000000.00,142212144.00,357600000.00
Feb 18 2029,HFT,964678811.00,964678811.00,21666667.00,193200000.00,250000000.00,142212144.00,357600000.00
Feb 15 2029,HFT,964678811.00,964678811.00,21666667.00,193200000.00,250000000.00,142212144.00,357600000.00
Feb 12 2029,HFT,964678811.00,964678811.00,21666667.00,193200000.00,250000000.00,142212144.00,357600000.00
Feb 09 2029,HFT,964678811.00,964678811.00,21666667.00,193200000.00,250000000.00,142212144.00,357600000.00
Feb 06 2029,HFT,964262144.00,964262144.00,21250000.00,193200000.00,250000000.00,142212144.00,357600000.00
Feb 03 2029,HFT,964262144.00,964262144.00,21250000.00,193200000.00,250000000.00,142212144.00,357600000.00
Jan 31 2029,HFT,964262144.00,964262144.00,21250000.00,193200000.00,250000000.00,142212144.00,357600000.00
Jan 28 2029,HFT,964262144.00,964262144.00,21250000.00,193200000.00,250000000.00,142212144.00,357600000.00
Jan 25 2029,HFT,964262144.00,964262144.00,21250000.00,193200000.00,250000000.00,142212144.00,357600000.00
Jan 22 2029,HFT,964262144.00,964262144.00,21250000.00,193200000.00,250000000.00,142212144.00,357600000.00
Jan 19 2029,HFT,964262144.00,964262144.00,21250000.00,193200000.00,250000000.00,142212144.00,357600000.00
Jan 16 2029,HFT,964262144.00,964262144.00,21250000.00,193200000.00,250000000.00,142212144.00,357600000.00
Jan 14 2029,HFT,964262144.00,964262144.00,21250000.00,193200000.00,250000000.00,142212144.00,357600000.00
Jan 11 2029,HFT,964262144.00,964262144.00,21250000.00,193200000.00,250000000.00,142212144.00,357600000.00
Jan 08 2029,HFT,964262144.00,964262144.00,21250000.00,193200000.00,250000000.00,142212144.00,357600000.00
Jan 05 2029,HFT,963845477.00,963845477.00,20833333.00,193200000.00,250000000.00,142212144.00,357600000.00
Jan 02 2029,HFT,963845477.00,963845477.00,20833333.00,193200000.00,250000000.00,142212144.00,357600000.00
Dec 30 2028,HFT,963845477.00,963845477.00,20833333.00,193200000.00,250000000.00,142212144.00,357600000.00
Dec 27 2028,HFT,963845477.00,963845477.00,20833333.00,193200000.00,250000000.00,142212144.00,357600000.00
Dec 24 2028,HFT,963845477.00,963845477.00,20833333.00,193200000.00,250000000.00,142212144.00,357600000.00
Dec 21 2028,HFT,963845477.00,963845477.00,20833333.00,193200000.00,250000000.00,142212144.00,357600000.00
Dec 18 2028,HFT,963845477.00,963845477.00,20833333.00,193200000.00,250000000.00,142212144.00,357600000.00
Dec 15 2028,HFT,963845477.00,963845477.00,20833333.00,193200000.00,250000000.00,142212144.00,357600000.00
Dec 12 2028,HFT,963845477.00,963845477.00,20833333.00,193200000.00,250000000.00,142212144.00,357600000.00
Dec 09 2028,HFT,963845477.00,963845477.00,20833333.00,193200000.00,250000000.00,142212144.00,357600000.00
Dec 06 2028,HFT,963428811.00,963428811.00,20416667.00,193200000.00,250000000.00,142212144.00,357600000.00
Dec 03 2028,HFT,963428811.00,963428811.00,20416667.00,193200000.00,250000000.00,142212144.00,357600000.00
Nov 30 2028,HFT,963428811.00,963428811.00,20416667.00,193200000.00,250000000.00,142212144.00,357600000.00
Nov 28 2028,HFT,963428811.00,963428811.00,20416667.00,193200000.00,250000000.00,142212144.00,357600000.00
Nov 25 2028,HFT,963428811.00,963428811.00,20416667.00,193200000.00,250000000.00,142212144.00,357600000.00
Nov 22 2028,HFT,963428811.00,963428811.00,20416667.00,193200000.00,250000000.00,142212144.00,357600000.00
Nov 19 2028,HFT,963428811.00,963428811.00,20416667.00,193200000.00,250000000.00,142212144.00,357600000.00
Nov 16 2028,HFT,963428811.00,963428811.00,20416667.00,193200000.00,250000000.00,142212144.00,357600000.00
Nov 13 2028,HFT,963428811.00,963428811.00,20416667.00,193200000.00,250000000.00,142212144.00,357600000.00
Nov 10 2028,HFT,963428811.00,963428811.00,20416667.00,193200000.00,250000000.00,142212144.00,357600000.00
Nov 07 2028,HFT,963428811.00,963428811.00,20416667.00,193200000.00,250000000.00,142212144.00,357600000.00
Nov 04 2028,HFT,960597144.00,960597144.00,20000000.00,190785000.00,250000000.00,142212144.00,357600000.00
Nov 01 2028,HFT,960597144.00,960597144.00,20000000.00,190785000.00,250000000.00,142212144.00,357600000.00
Oct 29 2028,HFT,960597144.00,960597144.00,20000000.00,190785000.00,250000000.00,142212144.00,357600000.00
Oct 26 2028,HFT,960597144.00,960597144.00,20000000.00,190785000.00,250000000.00,142212144.00,357600000.00
Oct 23 2028,HFT,960597144.00,960597144.00,20000000.00,190785000.00,250000000.00,142212144.00,357600000.00
Oct 20 2028,HFT,960597144.00,960597144.00,20000000.00,190785000.00,250000000.00,142212144.00,357600000.00
Oct 17 2028,HFT,960597144.00,960597144.00,20000000.00,190785000.00,250000000.00,142212144.00,357600000.00
Oct 14 2028,HFT,960597144.00,960597144.00,20000000.00,190785000.00,250000000.00,142212144.00,357600000.00
Oct 12 2028,HFT,960597144.00,960597144.00,20000000.00,190785000.00,250000000.00,142212144.00,357600000.00
Oct 09 2028,HFT,960597144.00,960597144.00,20000000.00,190785000.00,250000000.00,142212144.00,357600000.00
Oct 06 2028,HFT,957765477.00,957765477.00,19583333.00,188370000.00,250000000.00,142212144.00,357600000.00
Oct 03 2028,HFT,957765477.00,957765477.00,19583333.00,188370000.00,250000000.00,142212144.00,357600000.00
Sep 30 2028,HFT,957765477.00,957765477.00,19583333.00,188370000.00,250000000.00,142212144.00,357600000.00
Sep 27 2028,HFT,957765477.00,957765477.00,19583333.00,188370000.00,250000000.00,142212144.00,357600000.00
Sep 24 2028,HFT,957765477.00,957765477.00,19583333.00,188370000.00,250000000.00,142212144.00,357600000.00
Sep 21 2028,HFT,957765477.00,957765477.00,19583333.00,188370000.00,250000000.00,142212144.00,357600000.00
Sep 18 2028,HFT,957765477.00,957765477.00,19583333.00,188370000.00,250000000.00,142212144.00,357600000.00
Sep 15 2028,HFT,957765477.00,957765477.00,19583333.00,188370000.00,250000000.00,142212144.00,357600000.00
Sep 12 2028,HFT,957765477.00,957765477.00,19583333.00,188370000.00,250000000.00,142212144.00,357600000.00
Sep 09 2028,HFT,957765477.00,957765477.00,19583333.00,188370000.00,250000000.00,142212144.00,357600000.00
Sep 06 2028,HFT,954933811.00,954933811.00,19166667.00,185955000.00,250000000.00,142212144.00,357600000.00
Sep 03 2028,HFT,954933811.00,954933811.00,19166667.00,185955000.00,250000000.00,142212144.00,357600000.00
Aug 31 2028,HFT,954933811.00,954933811.00,19166667.00,185955000.00,250000000.00,142212144.00,357600000.00
Aug 28 2028,HFT,954933811.00,954933811.00,19166667.00,185955000.00,250000000.00,142212144.00,357600000.00
Aug 25 2028,HFT,954933811.00,954933811.00,19166667.00,185955000.00,250000000.00,142212144.00,357600000.00
Aug 23 2028,HFT,954933811.00,954933811.00,19166667.00,185955000.00,250000000.00,142212144.00,357600000.00
Aug 20 2028,HFT,954933811.00,954933811.00,19166667.00,185955000.00,250000000.00,142212144.00,357600000.00
Aug 17 2028,HFT,954933811.00,954933811.00,19166667.00,185955000.00,250000000.00,142212144.00,357600000.00
Aug 14 2028,HFT,954933811.00,954933811.00,19166667.00,185955000.00,250000000.00,142212144.00,357600000.00
Aug 11 2028,HFT,954933811.00,954933811.00,19166667.00,185955000.00,250000000.00,142212144.00,357600000.00
Aug 08 2028,HFT,954933811.00,954933811.00,19166667.00,185955000.00,250000000.00,142212144.00,357600000.00
Aug 05 2028,HFT,952102144.00,952102144.00,18750000.00,183540000.00,250000000.00,142212144.00,357600000.00
Aug 02 2028,HFT,952102144.00,952102144.00,18750000.00,183540000.00,250000000.00,142212144.00,357600000.00
Jul 30 2028,HFT,952102144.00,952102144.00,18750000.00,183540000.00,250000000.00,142212144.00,357600000.00
Jul 27 2028,HFT,952102144.00,952102144.00,18750000.00,183540000.00,250000000.00,142212144.00,357600000.00
Jul 24 2028,HFT,952102144.00,952102144.00,18750000.00,183540000.00,250000000.00,142212144.00,357600000.00
Jul 21 2028,HFT,952102144.00,952102144.00,18750000.00,183540000.00,250000000.00,142212144.00,357600000.00
Jul 18 2028,HFT,952102144.00,952102144.00,18750000.00,183540000.00,250000000.00,142212144.00,357600000.00
Jul 15 2028,HFT,952102144.00,952102144.00,18750000.00,183540000.00,250000000.00,142212144.00,357600000.00
Jul 12 2028,HFT,952102144.00,952102144.00,18750000.00,183540000.00,250000000.00,142212144.00,357600000.00
Jul 09 2028,HFT,952102144.00,952102144.00,18750000.00,183540000.00,250000000.00,142212144.00,357600000.00
Jul 07 2028,HFT,952102144.00,952102144.00,18750000.00,183540000.00,250000000.00,142212144.00,357600000.00
Jul 04 2028,HFT,949270477.00,949270477.00,18333333.00,181125000.00,250000000.00,142212144.00,357600000.00
Jul 01 2028,HFT,949270477.00,949270477.00,18333333.00,181125000.00,250000000.00,142212144.00,357600000.00
Jun 28 2028,HFT,949270477.00,949270477.00,18333333.00,181125000.00,250000000.00,142212144.00,357600000.00
Jun 25 2028,HFT,949270477.00,949270477.00,18333333.00,181125000.00,250000000.00,142212144.00,357600000.00
Jun 22 2028,HFT,949270477.00,949270477.00,18333333.00,181125000.00,250000000.00,142212144.00,357600000.00
Jun 19 2028,HFT,949270477.00,949270477.00,18333333.00,181125000.00,250000000.00,142212144.00,357600000.00
Jun 16 2028,HFT,949270477.00,949270477.00,18333333.00,181125000.00,250000000.00,142212144.00,357600000.00
Jun 13 2028,HFT,949270477.00,949270477.00,18333333.00,181125000.00,250000000.00,142212144.00,357600000.00
Jun 10 2028,HFT,949270477.00,949270477.00,18333333.00,181125000.00,250000000.00,142212144.00,357600000.00
Jun 07 2028,HFT,949270477.00,949270477.00,18333333.00,181125000.00,250000000.00,142212144.00,357600000.00
Jun 04 2028,HFT,946438811.00,946438811.00,17916667.00,178710000.00,250000000.00,142212144.00,357600000.00
Jun 01 2028,HFT,946438811.00,946438811.00,17916667.00,178710000.00,250000000.00,142212144.00,357600000.00
May 29 2028,HFT,946438811.00,946438811.00,17916667.00,178710000.00,250000000.00,142212144.00,357600000.00
May 26 2028,HFT,946438811.00,946438811.00,17916667.00,178710000.00,250000000.00,142212144.00,357600000.00
May 23 2028,HFT,946438811.00,946438811.00,17916667.00,178710000.00,250000000.00,142212144.00,357600000.00
May 21 2028,HFT,946438811.00,946438811.00,17916667.00,178710000.00,250000000.00,142212144.00,357600000.00
May 18 2028,HFT,946438811.00,946438811.00,17916667.00,178710000.00,250000000.00,142212144.00,357600000.00
May 15 2028,HFT,946438811.00,946438811.00,17916667.00,178710000.00,250000000.00,142212144.00,357600000.00
May 12 2028,HFT,946438811.00,946438811.00,17916667.00,178710000.00,250000000.00,142212144.00,357600000.00
May 09 2028,HFT,946438811.00,946438811.00,17916667.00,178710000.00,250000000.00,142212144.00,357600000.00
May 06 2028,HFT,943607144.00,943607144.00,17500000.00,176295000.00,250000000.00,142212144.00,357600000.00
May 03 2028,HFT,943607144.00,943607144.00,17500000.00,176295000.00,250000000.00,142212144.00,357600000.00
Apr 30 2028,HFT,943607144.00,943607144.00,17500000.00,176295000.00,250000000.00,142212144.00,357600000.00
Apr 27 2028,HFT,943607144.00,943607144.00,17500000.00,176295000.00,250000000.00,142212144.00,357600000.00
Apr 24 2028,HFT,943607144.00,943607144.00,17500000.00,176295000.00,250000000.00,142212144.00,357600000.00
Apr 21 2028,HFT,943607144.00,943607144.00,17500000.00,176295000.00,250000000.00,142212144.00,357600000.00
Apr 18 2028,HFT,943607144.00,943607144.00,17500000.00,176295000.00,250000000.00,142212144.00,357600000.00
Apr 15 2028,HFT,943607144.00,943607144.00,17500000.00,176295000.00,250000000.00,142212144.00,357600000.00
Apr 12 2028,HFT,943607144.00,943607144.00,17500000.00,176295000.00,250000000.00,142212144.00,357600000.00
Apr 09 2028,HFT,943607144.00,943607144.00,17500000.00,176295000.00,250000000.00,142212144.00,357600000.00
Apr 06 2028,HFT,940775477.00,940775477.00,17083333.00,173880000.00,250000000.00,142212144.00,357600000.00
Apr 04 2028,HFT,940775477.00,940775477.00,17083333.00,173880000.00,250000000.00,142212144.00,357600000.00
Apr 01 2028,HFT,940775477.00,940775477.00,17083333.00,173880000.00,250000000.00,142212144.00,357600000.00
Mar 29 2028,HFT,940775477.00,940775477.00,17083333.00,173880000.00,250000000.00,142212144.00,357600000.00
Mar 26 2028,HFT,940775477.00,940775477.00,17083333.00,173880000.00,250000000.00,142212144.00,357600000.00
Mar 23 2028,HFT,940775477.00,940775477.00,17083333.00,173880000.00,250000000.00,142212144.00,357600000.00
Mar 20 2028,HFT,940775477.00,940775477.00,17083333.00,173880000.00,250000000.00,142212144.00,357600000.00
Mar 17 2028,HFT,940775477.00,940775477.00,17083333.00,173880000.00,250000000.00,142212144.00,357600000.00
Mar 14 2028,HFT,940775477.00,940775477.00,17083333.00,173880000.00,250000000.00,142212144.00,357600000.00
Mar 11 2028,HFT,940775477.00,940775477.00,17083333.00,173880000.00,250000000.00,142212144.00,357600000.00
Mar 08 2028,HFT,940775477.00,940775477.00,17083333.00,173880000.00,250000000.00,142212144.00,357600000.00
Mar 05 2028,HFT,937943811.00,937943811.00,16666667.00,171465000.00,250000000.00,142212144.00,357600000.00
Mar 02 2028,HFT,937943811.00,937943811.00,16666667.00,171465000.00,250000000.00,142212144.00,357600000.00
Feb 28 2028,HFT,937943811.00,937943811.00,16666667.00,171465000.00,250000000.00,142212144.00,357600000.00
Feb 25 2028,HFT,937943811.00,937943811.00,16666667.00,171465000.00,250000000.00,142212144.00,357600000.00
Feb 22 2028,HFT,937943811.00,937943811.00,16666667.00,171465000.00,250000000.00,142212144.00,357600000.00
Feb 19 2028,HFT,937943811.00,937943811.00,16666667.00,171465000.00,250000000.00,142212144.00,357600000.00
Feb 17 2028,HFT,937943811.00,937943811.00,16666667.00,171465000.00,250000000.00,142212144.00,357600000.00
Feb 14 2028,HFT,937943811.00,937943811.00,16666667.00,171465000.00,250000000.00,142212144.00,357600000.00
Feb 11 2028,HFT,937943811.00,937943811.00,16666667.00,171465000.00,250000000.00,142212144.00,357600000.00
Feb 08 2028,HFT,937943811.00,937943811.00,16666667.00,171465000.00,250000000.00,142212144.00,357600000.00
Feb 05 2028,HFT,935112144.00,935112144.00,16250000.00,169050000.00,250000000.00,142212144.00,357600000.00
Feb 02 2028,HFT,935112144.00,935112144.00,16250000.00,169050000.00,250000000.00,142212144.00,357600000.00
Jan 30 2028,HFT,935112144.00,935112144.00,16250000.00,169050000.00,250000000.00,142212144.00,357600000.00
Jan 27 2028,HFT,935112144.00,935112144.00,16250000.00,169050000.00,250000000.00,142212144.00,357600000.00
Jan 24 2028,HFT,935112144.00,935112144.00,16250000.00,169050000.00,250000000.00,142212144.00,357600000.00
Jan 21 2028,HFT,935112144.00,935112144.00,16250000.00,169050000.00,250000000.00,142212144.00,357600000.00
Jan 18 2028,HFT,935112144.00,935112144.00,16250000.00,169050000.00,250000000.00,142212144.00,357600000.00
Jan 15 2028,HFT,935112144.00,935112144.00,16250000.00,169050000.00,250000000.00,142212144.00,357600000.00
Jan 12 2028,HFT,935112144.00,935112144.00,16250000.00,169050000.00,250000000.00,142212144.00,357600000.00
Jan 09 2028,HFT,935112144.00,935112144.00,16250000.00,169050000.00,250000000.00,142212144.00,357600000.00
Jan 06 2028,HFT,932280477.00,932280477.00,15833333.00,166635000.00,250000000.00,142212144.00,357600000.00
Jan 03 2028,HFT,932280477.00,932280477.00,15833333.00,166635000.00,250000000.00,142212144.00,357600000.00
Dec 31 2027,HFT,932280477.00,932280477.00,15833333.00,166635000.00,250000000.00,142212144.00,357600000.00
Dec 29 2027,HFT,932280477.00,932280477.00,15833333.00,166635000.00,250000000.00,142212144.00,357600000.00
Dec 26 2027,HFT,932280477.00,932280477.00,15833333.00,166635000.00,250000000.00,142212144.00,357600000.00
Dec 23 2027,HFT,932280477.00,932280477.00,15833333.00,166635000.00,250000000.00,142212144.00,357600000.00
Dec 20 2027,HFT,932280477.00,932280477.00,15833333.00,166635000.00,250000000.00,142212144.00,357600000.00
Dec 17 2027,HFT,932280477.00,932280477.00,15833333.00,166635000.00,250000000.00,142212144.00,357600000.00
Dec 14 2027,HFT,932280477.00,932280477.00,15833333.00,166635000.00,250000000.00,142212144.00,357600000.00
Dec 11 2027,HFT,932280477.00,932280477.00,15833333.00,166635000.00,250000000.00,142212144.00,357600000.00
Dec 08 2027,HFT,932280477.00,932280477.00,15833333.00,166635000.00,250000000.00,142212144.00,357600000.00
Dec 05 2027,HFT,929448811.00,929448811.00,15416667.00,164220000.00,250000000.00,142212144.00,357600000.00
Dec 02 2027,HFT,929448811.00,929448811.00,15416667.00,164220000.00,250000000.00,142212144.00,357600000.00
Nov 29 2027,HFT,929448811.00,929448811.00,15416667.00,164220000.00,250000000.00,142212144.00,357600000.00
Nov 26 2027,HFT,929448811.00,929448811.00,15416667.00,164220000.00,250000000.00,142212144.00,357600000.00
Nov 23 2027,HFT,929448811.00,929448811.00,15416667.00,164220000.00,250000000.00,142212144.00,357600000.00
Nov 20 2027,HFT,929448811.00,929448811.00,15416667.00,164220000.00,250000000.00,142212144.00,357600000.00
Nov 17 2027,HFT,929448811.00,929448811.00,15416667.00,164220000.00,250000000.00,142212144.00,357600000.00
Nov 14 2027,HFT,929448811.00,929448811.00,15416667.00,164220000.00,250000000.00,142212144.00,357600000.00
Nov 12 2027,HFT,929448811.00,929448811.00,15416667.00,164220000.00,250000000.00,142212144.00,357600000.00
Nov 09 2027,HFT,929448811.00,929448811.00,15416667.00,164220000.00,250000000.00,142212144.00,357600000.00
Nov 06 2027,HFT,926617144.00,926617144.00,15000000.00,161805000.00,250000000.00,142212144.00,357600000.00
Nov 03 2027,HFT,926617144.00,926617144.00,15000000.00,161805000.00,250000000.00,142212144.00,357600000.00
Oct 31 2027,HFT,926617144.00,926617144.00,15000000.00,161805000.00,250000000.00,142212144.00,357600000.00
Oct 28 2027,HFT,926617144.00,926617144.00,15000000.00,161805000.00,250000000.00,142212144.00,357600000.00
Oct 25 2027,HFT,926617144.00,926617144.00,15000000.00,161805000.00,250000000.00,142212144.00,357600000.00
Oct 22 2027,HFT,926617144.00,926617144.00,15000000.00,161805000.00,250000000.00,142212144.00,357600000.00
Oct 19 2027,HFT,926617144.00,926617144.00,15000000.00,161805000.00,250000000.00,142212144.00,357600000.00
Oct 16 2027,HFT,926617144.00,926617144.00,15000000.00,161805000.00,250000000.00,142212144.00,357600000.00
Oct 13 2027,HFT,926617144.00,926617144.00,15000000.00,161805000.00,250000000.00,142212144.00,357600000.00
Oct 10 2027,HFT,926617144.00,926617144.00,15000000.00,161805000.00,250000000.00,142212144.00,357600000.00
Oct 07 2027,HFT,926617144.00,926617144.00,15000000.00,161805000.00,250000000.00,142212144.00,357600000.00
Oct 04 2027,HFT,923785477.00,923785477.00,14583333.00,159390000.00,250000000.00,142212144.00,357600000.00
Oct 01 2027,HFT,923785477.00,923785477.00,14583333.00,159390000.00,250000000.00,142212144.00,357600000.00
Sep 28 2027,HFT,923785477.00,923785477.00,14583333.00,159390000.00,250000000.00,142212144.00,357600000.00
Sep 26 2027,HFT,923785477.00,923785477.00,14583333.00,159390000.00,250000000.00,142212144.00,357600000.00
Sep 23 2027,HFT,923785477.00,923785477.00,14583333.00,159390000.00,250000000.00,142212144.00,357600000.00
Sep 20 2027,HFT,923785477.00,923785477.00,14583333.00,159390000.00,250000000.00,142212144.00,357600000.00
Sep 17 2027,HFT,923785477.00,923785477.00,14583333.00,159390000.00,250000000.00,142212144.00,357600000.00
Sep 14 2027,HFT,923785477.00,923785477.00,14583333.00,159390000.00,250000000.00,142212144.00,357600000.00
Sep 11 2027,HFT,923785477.00,923785477.00,14583333.00,159390000.00,250000000.00,142212144.00,357600000.00
Sep 08 2027,HFT,923785477.00,923785477.00,14583333.00,159390000.00,250000000.00,142212144.00,357600000.00
Sep 05 2027,HFT,920953811.00,920953811.00,14166667.00,156975000.00,250000000.00,142212144.00,357600000.00
Sep 02 2027,HFT,920953811.00,920953811.00,14166667.00,156975000.00,250000000.00,142212144.00,357600000.00
Aug 30 2027,HFT,920953811.00,920953811.00,14166667.00,156975000.00,250000000.00,142212144.00,357600000.00
Aug 27 2027,HFT,920953811.00,920953811.00,14166667.00,156975000.00,250000000.00,142212144.00,357600000.00
Aug 24 2027,HFT,920953811.00,920953811.00,14166667.00,156975000.00,250000000.00,142212144.00,357600000.00
Aug 21 2027,HFT,920953811.00,920953811.00,14166667.00,156975000.00,250000000.00,142212144.00,357600000.00
Aug 18 2027,HFT,920953811.00,920953811.00,14166667.00,156975000.00,250000000.00,142212144.00,357600000.00
Aug 15 2027,HFT,920953811.00,920953811.00,14166667.00,156975000.00,250000000.00,142212144.00,357600000.00
Aug 12 2027,HFT,920953811.00,920953811.00,14166667.00,156975000.00,250000000.00,142212144.00,357600000.00
Aug 10 2027,HFT,920953811.00,920953811.00,14166667.00,156975000.00,250000000.00,142212144.00,357600000.00
Aug 07 2027,HFT,920953811.00,920953811.00,14166667.00,156975000.00,250000000.00,142212144.00,357600000.00
Aug 04 2027,HFT,918122144.00,918122144.00,13750000.00,154560000.00,250000000.00,142212144.00,357600000.00
Aug 01 2027,HFT,918122144.00,918122144.00,13750000.00,154560000.00,250000000.00,142212144.00,357600000.00
Jul 29 2027,HFT,918122144.00,918122144.00,13750000.00,154560000.00,250000000.00,142212144.00,357600000.00
Jul 26 2027,HFT,918122144.00,918122144.00,13750000.00,154560000.00,250000000.00,142212144.00,357600000.00
Jul 23 2027,HFT,918122144.00,918122144.00,13750000.00,154560000.00,250000000.00,142212144.00,357600000.00
Jul 20 2027,HFT,918122144.00,918122144.00,13750000.00,154560000.00,250000000.00,142212144.00,357600000.00
Jul 17 2027,HFT,918122144.00,918122144.00,13750000.00,154560000.00,250000000.00,142212144.00,357600000.00
Jul 14 2027,HFT,918122144.00,918122144.00,13750000.00,154560000.00,250000000.00,142212144.00,357600000.00
Jul 11 2027,HFT,918122144.00,918122144.00,13750000.00,154560000.00,250000000.00,142212144.00,357600000.00
Jul 08 2027,HFT,918122144.00,918122144.00,13750000.00,154560000.00,250000000.00,142212144.00,357600000.00
Jul 05 2027,HFT,915290477.00,915290477.00,13333333.00,152145000.00,250000000.00,142212144.00,357600000.00
Jul 02 2027,HFT,915290477.00,915290477.00,13333333.00,152145000.00,250000000.00,142212144.00,357600000.00
Jun 29 2027,HFT,915290477.00,915290477.00,13333333.00,152145000.00,250000000.00,142212144.00,357600000.00
Jun 26 2027,HFT,915290477.00,915290477.00,13333333.00,152145000.00,250000000.00,142212144.00,357600000.00
Jun 24 2027,HFT,915290477.00,915290477.00,13333333.00,152145000.00,250000000.00,142212144.00,357600000.00
Jun 21 2027,HFT,915290477.00,915290477.00,13333333.00,152145000.00,250000000.00,142212144.00,357600000.00
Jun 18 2027,HFT,915290477.00,915290477.00,13333333.00,152145000.00,250000000.00,142212144.00,357600000.00
Jun 15 2027,HFT,915290477.00,915290477.00,13333333.00,152145000.00,250000000.00,142212144.00,357600000.00
Jun 12 2027,HFT,915290477.00,915290477.00,13333333.00,152145000.00,250000000.00,142212144.00,357600000.00
Jun 09 2027,HFT,915290477.00,915290477.00,13333333.00,152145000.00,250000000.00,142212144.00,357600000.00
Jun 06 2027,HFT,912458811.00,912458811.00,12916667.00,149730000.00,250000000.00,142212144.00,357600000.00
Jun 03 2027,HFT,912458811.00,912458811.00,12916667.00,149730000.00,250000000.00,142212144.00,357600000.00
May 31 2027,HFT,912458811.00,912458811.00,12916667.00,149730000.00,250000000.00,142212144.00,357600000.00
May 28 2027,HFT,912458811.00,912458811.00,12916667.00,149730000.00,250000000.00,142212144.00,357600000.00
May 25 2027,HFT,912458811.00,912458811.00,12916667.00,149730000.00,250000000.00,142212144.00,357600000.00
May 22 2027,HFT,912458811.00,912458811.00,12916667.00,149730000.00,250000000.00,142212144.00,357600000.00
May 19 2027,HFT,912458811.00,912458811.00,12916667.00,149730000.00,250000000.00,142212144.00,357600000.00
May 16 2027,HFT,912458811.00,912458811.00,12916667.00,149730000.00,250000000.00,142212144.00,357600000.00
May 13 2027,HFT,912458811.00,912458811.00,12916667.00,149730000.00,250000000.00,142212144.00,357600000.00
May 10 2027,HFT,912458811.00,912458811.00,12916667.00,149730000.00,250000000.00,142212144.00,357600000.00
May 07 2027,HFT,912458811.00,912458811.00,12916667.00,149730000.00,250000000.00,142212144.00,357600000.00
May 05 2027,HFT,909627144.00,909627144.00,12500000.00,147315000.00,250000000.00,142212144.00,357600000.00
May 02 2027,HFT,909627144.00,909627144.00,12500000.00,147315000.00,250000000.00,142212144.00,357600000.00
Apr 29 2027,HFT,909627144.00,909627144.00,12500000.00,147315000.00,250000000.00,142212144.00,357600000.00
Apr 26 2027,HFT,909627144.00,909627144.00,12500000.00,147315000.00,250000000.00,142212144.00,357600000.00
Apr 23 2027,HFT,909627144.00,909627144.00,12500000.00,147315000.00,250000000.00,142212144.00,357600000.00
Apr 20 2027,HFT,909627144.00,909627144.00,12500000.00,147315000.00,250000000.00,142212144.00,357600000.00
Apr 17 2027,HFT,909627144.00,909627144.00,12500000.00,147315000.00,250000000.00,142212144.00,357600000.00
Apr 14 2027,HFT,909627144.00,909627144.00,12500000.00,147315000.00,250000000.00,142212144.00,357600000.00
Apr 11 2027,HFT,909627144.00,909627144.00,12500000.00,147315000.00,250000000.00,142212144.00,357600000.00
Apr 08 2027,HFT,909627144.00,909627144.00,12500000.00,147315000.00,250000000.00,142212144.00,357600000.00
Apr 05 2027,HFT,906795477.00,906795477.00,12083333.00,144900000.00,250000000.00,142212144.00,357600000.00
Apr 02 2027,HFT,906795477.00,906795477.00,12083333.00,144900000.00,250000000.00,142212144.00,357600000.00
Mar 30 2027,HFT,906795477.00,906795477.00,12083333.00,144900000.00,250000000.00,142212144.00,357600000.00
Mar 27 2027,HFT,906795477.00,906795477.00,12083333.00,144900000.00,250000000.00,142212144.00,357600000.00
Mar 24 2027,HFT,906795477.00,906795477.00,12083333.00,144900000.00,250000000.00,142212144.00,357600000.00
Mar 21 2027,HFT,906795477.00,906795477.00,12083333.00,144900000.00,250000000.00,142212144.00,357600000.00
Mar 19 2027,HFT,906795477.00,906795477.00,12083333.00,144900000.00,250000000.00,142212144.00,357600000.00
Mar 16 2027,HFT,906795477.00,906795477.00,12083333.00,144900000.00,250000000.00,142212144.00,357600000.00
Mar 13 2027,HFT,906795477.00,906795477.00,12083333.00,144900000.00,250000000.00,142212144.00,357600000.00
Mar 10 2027,HFT,906795477.00,906795477.00,12083333.00,144900000.00,250000000.00,142212144.00,357600000.00
Mar 07 2027,HFT,906795477.00,906795477.00,12083333.00,144900000.00,250000000.00,142212144.00,357600000.00
Mar 04 2027,HFT,903963811.00,903963811.00,11666667.00,142485000.00,250000000.00,142212144.00,357600000.00
Mar 01 2027,HFT,903963811.00,903963811.00,11666667.00,142485000.00,250000000.00,142212144.00,357600000.00
Feb 26 2027,HFT,903963811.00,903963811.00,11666667.00,142485000.00,250000000.00,142212144.00,357600000.00
Feb 23 2027,HFT,903963811.00,903963811.00,11666667.00,142485000.00,250000000.00,142212144.00,357600000.00
Feb 20 2027,HFT,903963811.00,903963811.00,11666667.00,142485000.00,250000000.00,142212144.00,357600000.00
Feb 17 2027,HFT,903963811.00,903963811.00,11666667.00,142485000.00,250000000.00,142212144.00,357600000.00
Feb 14 2027,HFT,903963811.00,903963811.00,11666667.00,142485000.00,250000000.00,142212144.00,357600000.00
Feb 11 2027,HFT,903963811.00,903963811.00,11666667.00,142485000.00,250000000.00,142212144.00,357600000.00
Feb 08 2027,HFT,903963811.00,903963811.00,11666667.00,142485000.00,250000000.00,142212144.00,357600000.00
Feb 05 2027,HFT,901132144.00,901132144.00,11250000.00,140070000.00,250000000.00,142212144.00,357600000.00
Feb 02 2027,HFT,901132144.00,901132144.00,11250000.00,140070000.00,250000000.00,142212144.00,357600000.00
Jan 31 2027,HFT,901132144.00,901132144.00,11250000.00,140070000.00,250000000.00,142212144.00,357600000.00
Jan 28 2027,HFT,901132144.00,901132144.00,11250000.00,140070000.00,250000000.00,142212144.00,357600000.00
Jan 25 2027,HFT,901132144.00,901132144.00,11250000.00,140070000.00,250000000.00,142212144.00,357600000.00
Jan 22 2027,HFT,901132144.00,901132144.00,11250000.00,140070000.00,250000000.00,142212144.00,357600000.00
Jan 19 2027,HFT,901132144.00,901132144.00,11250000.00,140070000.00,250000000.00,142212144.00,357600000.00
Jan 16 2027,HFT,901132144.00,901132144.00,11250000.00,140070000.00,250000000.00,142212144.00,357600000.00
Jan 13 2027,HFT,901132144.00,901132144.00,11250000.00,140070000.00,250000000.00,142212144.00,357600000.00
Jan 10 2027,HFT,901132144.00,901132144.00,11250000.00,140070000.00,250000000.00,142212144.00,357600000.00
Jan 07 2027,HFT,901132144.00,901132144.00,11250000.00,140070000.00,250000000.00,142212144.00,357600000.00
Jan 04 2027,HFT,898249134.46,898249134.46,10833333.00,137655000.00,250000000.00,142160801.46,357600000.00
Jan 01 2027,HFT,898197791.92,898197791.92,10833333.00,137655000.00,250000000.00,142109458.92,357600000.00
Dec 29 2026,HFT,898146449.37,898146449.37,10833333.00,137655000.00,250000000.00,142058116.37,357600000.00
Dec 26 2026,HFT,898095106.83,898095106.83,10833333.00,137655000.00,250000000.00,142006773.83,357600000.00
Dec 23 2026,HFT,898043764.29,898043764.29,10833333.00,137655000.00,250000000.00,141955431.29,357600000.00
Dec 20 2026,HFT,897992421.75,897992421.75,10833333.00,137655000.00,250000000.00,141904088.75,357600000.00
Dec 17 2026,HFT,897941079.20,897941079.20,10833333.00,137655000.00,250000000.00,141852746.20,357600000.00
Dec 15 2026,HFT,897906850.84,897906850.84,10833333.00,137655000.00,250000000.00,141818517.84,357600000.00
Dec 12 2026,HFT,897855508.30,897855508.30,10833333.00,137655000.00,250000000.00,141767175.30,357600000.00
Dec 09 2026,HFT,897804165.76,897804165.76,10833333.00,137655000.00,250000000.00,141715832.76,357600000.00
Dec 06 2026,HFT,894921157.21,894921157.21,10416667.00,135240000.00,250000000.00,141664490.21,357600000.00
Dec 03 2026,HFT,894869814.67,894869814.67,10416667.00,135240000.00,250000000.00,141613147.67,357600000.00
Nov 30 2026,HFT,894818472.13,894818472.13,10416667.00,135240000.00,250000000.00,141561805.13,357600000.00
Nov 27 2026,HFT,894767129.59,894767129.59,10416667.00,135240000.00,250000000.00,141510462.59,357600000.00
Nov 24 2026,HFT,894715787.04,894715787.04,10416667.00,135240000.00,250000000.00,141459120.04,357600000.00
Nov 21 2026,HFT,894664444.50,894664444.50,10416667.00,135240000.00,250000000.00,141407777.50,357600000.00
Nov 18 2026,HFT,894613101.96,894613101.96,10416667.00,135240000.00,250000000.00,141356434.96,357600000.00
Nov 15 2026,HFT,894561759.42,894561759.42,10416667.00,135240000.00,250000000.00,141305092.42,357600000.00
Nov 12 2026,HFT,894510416.87,894510416.87,10416667.00,135240000.00,250000000.00,141253749.87,357600000.00
Nov 09 2026,HFT,894459074.33,894459074.33,10416667.00,135240000.00,250000000.00,141202407.33,357600000.00
Nov 06 2026,HFT,882498387.16,882498387.16,10000000.00,132825000.00,244791667.00,141151064.79,353730655.37
Nov 03 2026,HFT,882426510.74,882426510.74,10000000.00,132825000.00,244791667.00,141099722.25,353710121.49
Oct 31 2026,HFT,882354634.32,882354634.32,10000000.00,132825000.00,244791667.00,141048379.70,353689587.61
Oct 29 2026,HFT,882306716.70,882306716.70,10000000.00,132825000.00,244791667.00,141014151.34,353675898.36
Oct 26 2026,HFT,882234840.28,882234840.28,10000000.00,132825000.00,244791667.00,140962808.80,353655364.48
Oct 23 2026,HFT,882162963.85,882162963.85,10000000.00,132825000.00,244791667.00,140911466.26,353634830.60
Oct 20 2026,HFT,882091087.43,882091087.43,10000000.00,132825000.00,244791667.00,140860123.72,353614296.71
Oct 17 2026,HFT,882019211.01,882019211.01,10000000.00,132825000.00,244791667.00,140808781.17,353593762.83
Oct 14 2026,HFT,881947334.58,881947334.58,10000000.00,132825000.00,244791667.00,140757438.63,353573228.95
Oct 11 2026,HFT,881875458.16,881875458.16,10000000.00,132825000.00,244791667.00,140706096.09,353552695.07
Oct 08 2026,HFT,881803581.74,881803581.74,10000000.00,132825000.00,244791667.00,140654753.55,353532161.19
Oct 05 2026,HFT,869829204.31,869829204.31,9583333.00,130410000.00,239583333.00,140603411.00,349649127.31
Oct 02 2026,HFT,869757327.89,869757327.89,9583333.00,130410000.00,239583333.00,140552068.46,349628593.43
Sep 29 2026,HFT,869685451.47,869685451.47,9583333.00,130410000.00,239583333.00,140500725.92,349608059.55
Sep 26 2026,HFT,869613575.04,869613575.04,9583333.00,130410000.00,239583333.00,140449383.38,349587525.67
Sep 23 2026,HFT,869541698.62,869541698.62,9583333.00,130410000.00,239583333.00,140398040.83,349566991.79
Sep 20 2026,HFT,869469822.20,869469822.20,9583333.00,130410000.00,239583333.00,140346698.29,349546457.91
Sep 17 2026,HFT,869397945.77,869397945.77,9583333.00,130410000.00,239583333.00,140295355.75,349525924.02
Sep 14 2026,HFT,869326069.35,869326069.35,9583333.00,130410000.00,239583333.00,140244013.21,349505390.14
Sep 11 2026,HFT,869254192.93,869254192.93,9583333.00,130410000.00,239583333.00,140192670.66,349484856.26
Sep 09 2026,HFT,869206275.31,869206275.31,9583333.00,130410000.00,239583333.00,140158442.30,349471167.01
Sep 06 2026,HFT,857231899.89,857231899.89,9166667.00,127995000.00,234375000.00,140107099.76,345588133.13
Sep 03 2026,HFT,857160023.46,857160023.46,9166667.00,127995000.00,234375000.00,140055757.22,345567599.25
Aug 31 2026,HFT,857088147.04,857088147.04,9166667.00,127995000.00,234375000.00,140004414.67,345547065.37
Aug 28 2026,HFT,857016270.62,857016270.62,9166667.00,127995000.00,234375000.00,139953072.13,345526531.49
Aug 25 2026,HFT,856944394.19,856944394.19,9166667.00,127995000.00,234375000.00,139901729.59,345505997.60
Aug 22 2026,HFT,856872517.77,856872517.77,9166667.00,127995000.00,234375000.00,139850387.05,345485463.72
Aug 19 2026,HFT,856800641.35,856800641.35,9166667.00,127995000.00,234375000.00,139799044.50,345464929.84
Aug 16 2026,HFT,856728764.92,856728764.92,9166667.00,127995000.00,234375000.00,139747701.96,345444395.96
Aug 13 2026,HFT,856656888.50,856656888.50,9166667.00,127995000.00,234375000.00,139696359.42,345423862.08
Aug 10 2026,HFT,856585012.08,856585012.08,9166667.00,127995000.00,234375000.00,139645016.88,345403328.20
Aug 07 2026,HFT,856513135.65,856513135.65,9166667.00,127995000.00,234375000.00,139593674.33,345382794.32
Aug 04 2026,HFT,844538759.23,844538759.23,8750000.00,125580000.00,229166667.00,139542331.79,341499760.44
Aug 01 2026,HFT,844466882.81,844466882.81,8750000.00,125580000.00,229166667.00,139490989.25,341479226.56
Jul 29 2026,HFT,844395006.38,844395006.38,8750000.00,125580000.00,229166667.00,139439646.71,341458692.68
Jul 26 2026,HFT,844323129.96,844323129.96,8750000.00,125580000.00,229166667.00,139388304.16,341438158.80
Jul 24 2026,HFT,844275212.34,844275212.34,8750000.00,125580000.00,229166667.00,139354075.80,341424469.54
Jul 21 2026,HFT,844203335.92,844203335.92,8750000.00,125580000.00,229166667.00,139302733.26,341403935.66
Jul 18 2026,HFT,844131459.50,844131459.50,8750000.00,125580000.00,229166667.00,139251390.72,341383401.78
Jul 15 2026,HFT,844059583.07,844059583.07,8750000.00,125580000.00,229166667.00,139200048.18,341362867.90
Jul 12 2026,HFT,843987706.65,843987706.65,8750000.00,125580000.00,229166667.00,139148705.63,341342334.02
Jul 09 2026,HFT,843915830.23,843915830.23,8750000.00,125580000.00,229166667.00,139097363.09,341321800.14
Jul 06 2026,HFT,831941452.80,831941452.80,8333333.00,123165000.00,223958333.00,139046020.55,337438766.26
Jul 03 2026,HFT,831869576.38,831869576.38,8333333.00,123165000.00,223958333.00,138994678.01,337418232.38
Jun 30 2026,HFT,831797699.96,831797699.96,8333333.00,123165000.00,223958333.00,138943335.46,337397698.49
Jun 27 2026,HFT,831725823.53,831725823.53,8333333.00,123165000.00,223958333.00,138891992.92,337377164.61
Jun 24 2026,HFT,831653947.11,831653947.11,8333333.00,123165000.00,223958333.00,138840650.38,337356630.73
Jun 21 2026,HFT,831582070.69,831582070.69,8333333.00,123165000.00,223958333.00,138789307.84,337336096.85
Jun 18 2026,HFT,831510194.26,831510194.26,8333333.00,123165000.00,223958333.00,138737965.29,337315562.97
Jun 15 2026,HFT,831438317.84,831438317.84,8333333.00,123165000.00,223958333.00,138686622.75,337295029.09
Jun 12 2026,HFT,831366441.42,831366441.42,8333333.00,123165000.00,223958333.00,138635280.21,337274495.21
Jun 09 2026,HFT,831294564.99,831294564.99,8333333.00,123165000.00,223958333.00,138583937.67,337253961.33
Jun 07 2026,HFT,831246647.38,831246647.38,8333333.00,123165000.00,223958333.00,138549709.30,337240272.07
Jun 04 2026,HFT,819272271.95,819272271.95,7916667.00,120750000.00,218750000.00,138498366.76,333357238.19
Jun 01 2026,HFT,819200395.53,819200395.53,7916667.00,120750000.00,218750000.00,138447024.22,333336704.31
May 29 2026,HFT,819128519.11,819128519.11,7916667.00,120750000.00,218750000.00,138395681.68,333316170.43
May 26 2026,HFT,819056642.68,819056642.68,7916667.00,120750000.00,218750000.00,138344339.13,333295636.55
May 23 2026,HFT,818984766.26,818984766.26,7916667.00,120750000.00,218750000.00,138292996.59,333275102.67
May 20 2026,HFT,818912889.84,818912889.84,7916667.00,120750000.00,218750000.00,138241654.05,333254568.79
May 17 2026,HFT,818841013.41,818841013.41,7916667.00,120750000.00,218750000.00,138190311.51,333234034.91
May 14 2026,HFT,818769136.99,818769136.99,7916667.00,120750000.00,218750000.00,138138968.96,333213501.03
May 11 2026,HFT,818697260.57,818697260.57,7916667.00,120750000.00,218750000.00,138087626.42,333192967.15
May 08 2026,HFT,818625384.14,818625384.14,7916667.00,120750000.00,218750000.00,138036283.88,333172433.26
May 05 2026,HFT,806651007.72,806651007.72,7500000.00,118335000.00,213541667.00,137984941.34,329289399.38
May 02 2026,HFT,806579131.30,806579131.30,7500000.00,118335000.00,213541667.00,137933598.79,329268865.50
Apr 29 2026,HFT,806507254.87,806507254.87,7500000.00,118335000.00,213541667.00,137882256.25,329248331.62
Apr 26 2026,HFT,806435378.45,806435378.45,7500000.00,118335000.00,213541667.00,137830913.71,329227797.74
Apr 23 2026,HFT,806363502.03,806363502.03,7500000.00,118335000.00,213541667.00,137779571.17,329207263.86
Apr 21 2026,HFT,806315584.41,806315584.41,7500000.00,118335000.00,213541667.00,137745342.81,329193574.61
Apr 18 2026,HFT,806243707.99,806243707.99,7500000.00,118335000.00,213541667.00,137694000.26,329173040.73
Apr 15 2026,HFT,806171831.57,806171831.57,7500000.00,118335000.00,213541667.00,137642657.72,329152506.84
Apr 12 2026,HFT,806099955.14,806099955.14,7500000.00,118335000.00,213541667.00,137591315.18,329131972.96
Apr 09 2026,HFT,806028078.72,806028078.72,7500000.00,118335000.00,213541667.00,137539972.64,329111439.08
Apr 06 2026,HFT,794053701.30,794053701.30,7083333.00,115920000.00,208333333.00,137488630.09,325228405.20
Apr 03 2026,HFT,793981824.87,793981824.87,7083333.00,115920000.00,208333333.00,137437287.55,325207871.32
Mar 31 2026,HFT,793909948.45,793909948.45,7083333.00,115920000.00,208333333.00,137385945.01,325187337.44
Mar 31 2026,HFT,793909948.45,793909948.45,7083333.00,115920000.00,208333333.00,137385945.01,325187337.44
Mar 28 2026,HFT,793838072.02,793838072.02,7083333.00,115920000.00,208333333.00,137334602.47,325166803.56
Mar 25 2026,HFT,793766195.60,793766195.60,7083333.00,115920000.00,208333333.00,137283259.92,325146269.68
Mar 22 2026,HFT,793694319.18,793694319.18,7083333.00,115920000.00,208333333.00,137231917.38,325125735.80
Mar 19 2026,HFT,793622442.75,793622442.75,7083333.00,115920000.00,208333333.00,137180574.84,325105201.92
Mar 16 2026,HFT,793550566.33,793550566.33,7083333.00,115920000.00,208333333.00,137129232.30,325084668.04
Mar 13 2026,HFT,793478689.91,793478689.91,7083333.00,115920000.00,208333333.00,137077889.75,325064134.15
Mar 10 2026,HFT,793406813.48,793406813.48,7083333.00,115920000.00,208333333.00,137026547.21,325043600.27
Mar 07 2026,HFT,793334937.06,793334937.06,7083333.00,115920000.00,208333333.00,136975204.67,325023066.39
Mar 05 2026,HFT,781384520.45,781384520.45,6666667.00,113505000.00,203125000.00,136940976.31,321146877.14
Mar 02 2026,HFT,781312644.02,781312644.02,6666667.00,113505000.00,203125000.00,136889633.76,321126343.26
Feb 27 2026,HFT,781240767.60,781240767.60,6666667.00,113505000.00,203125000.00,136838291.22,321105809.38
Feb 24 2026,HFT,781168891.18,781168891.18,6666667.00,113505000.00,203125000.00,136786948.68,321085275.50
Feb 21 2026,HFT,781097014.75,781097014.75,6666667.00,113505000.00,203125000.00,136735606.14,321064741.62
Feb 18 2026,HFT,781025138.33,781025138.33,6666667.00,113505000.00,203125000.00,136684263.59,321044207.73
Feb 15 2026,HFT,780953261.91,780953261.91,6666667.00,113505000.00,203125000.00,136632921.05,321023673.85
Feb 12 2026,HFT,780881385.48,780881385.48,6666667.00,113505000.00,203125000.00,136581578.51,321003139.97
Feb 09 2026,HFT,780809509.06,780809509.06,6666667.00,113505000.00,203125000.00,136530235.97,320982606.09
Feb 06 2026,HFT,768835132.64,768835132.64,6250000.00,111090000.00,197916667.00,136478893.42,317099572.21
Feb 03 2026,HFT,768763256.21,768763256.21,6250000.00,111090000.00,197916667.00,136427550.88,317079038.33
Jan 31 2026,HFT,768691379.79,768691379.79,6250000.00,111090000.00,197916667.00,136376208.34,317058504.45
Jan 28 2026,HFT,768619503.37,768619503.37,6250000.00,111090000.00,197916667.00,136324865.80,317037970.57
Jan 25 2026,HFT,768547626.94,768547626.94,6250000.00,111090000.00,197916667.00,136273523.25,317017436.69
Jan 22 2026,HFT,768475750.52,768475750.52,6250000.00,111090000.00,197916667.00,136222180.71,316996902.81
Jan 19 2026,HFT,768403874.10,768403874.10,6250000.00,111090000.00,197916667.00,136170838.17,316976368.93
Jan 16 2026,HFT,768331997.67,768331997.67,6250000.00,111090000.00,197916667.00,136119495.63,316955835.04
Jan 14 2026,HFT,768284080.06,768284080.06,6250000.00,111090000.00,197916667.00,136085267.27,316942145.79
Jan 11 2026,HFT,768212203.63,768212203.63,6250000.00,111090000.00,197916667.00,136033924.72,316921611.91
Jan 08 2026,HFT,768140327.21,768140327.21,6250000.00,111090000.00,197916667.00,135982582.18,316901078.03
Jan 05 2026,HFT,756163480.78,756163480.78,5833333.00,108675000.00,192708333.00,135928770.63,313018044.15
Jan 02 2026,HFT,756087900.84,756087900.84,5833333.00,108675000.00,192708333.00,135873724.58,312997510.27
Dec 30 2025,HFT,756012320.91,756012320.91,5833333.00,108675000.00,192708333.00,135818678.52,312976976.39
Dec 27 2025,HFT,755936740.97,755936740.97,5833333.00,108675000.00,192708333.00,135763632.47,312956442.51
Dec 24 2025,HFT,755861161.04,755861161.04,5833333.00,108675000.00,192708333.00,135708586.41,312935908.62
Dec 21 2025,HFT,755785581.10,755785581.10,5833333.00,108675000.00,192708333.00,135653540.36,312915374.74
Dec 18 2025,HFT,755710001.16,755710001.16,5833333.00,108675000.00,192708333.00,135598494.30,312894840.86
Dec 15 2025,HFT,755634421.23,755634421.23,5833333.00,108675000.00,192708333.00,135543448.25,312874306.98
Dec 12 2025,HFT,755558841.29,755558841.29,5833333.00,108675000.00,192708333.00,135488402.19,312853773.10
Dec 09 2025,HFT,755483261.36,755483261.36,5833333.00,108675000.00,192708333.00,135433356.14,312833239.22
Dec 06 2025,HFT,743505182.42,743505182.42,5416667.00,106260000.00,187500000.00,135378310.08,308950205.34
Dec 03 2025,HFT,743429602.49,743429602.49,5416667.00,106260000.00,187500000.00,135323264.03,308929671.46
Nov 30 2025,HFT,743354022.55,743354022.55,5416667.00,106260000.00,187500000.00,135268217.97,308909137.58
Nov 28 2025,HFT,743303635.93,743303635.93,5416667.00,106260000.00,187500000.00,135231520.60,308895448.32
Nov 25 2025,HFT,743228055.99,743228055.99,5416667.00,106260000.00,187500000.00,135176474.55,308874914.44
Nov 22 2025,HFT,743152476.05,743152476.05,5416667.00,106260000.00,187500000.00,135121428.49,308854380.56
Nov 19 2025,HFT,743076896.12,743076896.12,5416667.00,106260000.00,187500000.00,135066382.44,308833846.68
Nov 16 2025,HFT,743001316.18,743001316.18,5416667.00,106260000.00,187500000.00,135011336.38,308813312.80
Nov 13 2025,HFT,742925736.25,742925736.25,5416667.00,106260000.00,187500000.00,134956290.33,308792778.92
Nov 10 2025,HFT,742850156.31,742850156.31,5416667.00,106260000.00,187500000.00,134901244.27,308772245.04
Nov 07 2025,HFT,742774576.38,742774576.38,5416667.00,106260000.00,187500000.00,134846198.22,308751711.16
Nov 04 2025,HFT,730796496.44,730796496.44,5000000.00,103845000.00,182291667.00,134791152.16,304868677.28
Nov 01 2025,HFT,730720916.50,730720916.50,5000000.00,103845000.00,182291667.00,134736106.11,304848143.39
Oct 29 2025,HFT,730645336.57,730645336.57,5000000.00,103845000.00,182291667.00,134681060.05,304827609.51
Oct 26 2025,HFT,730569756.63,730569756.63,5000000.00,103845000.00,182291667.00,134626014.00,304807075.63
Oct 23 2025,HFT,730494176.70,730494176.70,5000000.00,103845000.00,182291667.00,134570967.95,304786541.75
Oct 20 2025,HFT,730418596.76,730418596.76,5000000.00,103845000.00,182291667.00,134515921.89,304766007.87
Oct 17 2025,HFT,730343016.83,730343016.83,5000000.00,103845000.00,182291667.00,134460875.84,304745473.99
Oct 14 2025,HFT,730267436.89,730267436.89,5000000.00,103845000.00,182291667.00,134405829.78,304724940.11
Oct 12 2025,HFT,730217050.27,730217050.27,5000000.00,103845000.00,182291667.00,134369132.41,304711250.86
Oct 09 2025,HFT,730141470.33,730141470.33,5000000.00,103845000.00,182291667.00,134314086.36,304690716.97
Oct 06 2025,HFT,716441167.18,716441167.18,4583333.00,101430000.00,177083333.00,134259040.30,299085460.87
Oct 03 2025,HFT,716365587.24,716365587.24,4583333.00,101430000.00,177083333.00,134203994.25,299064926.99
Sep 30 2025,HFT,716290007.30,716290007.30,4583333.00,101430000.00,177083333.00,134148948.19,299044393.11
Sep 27 2025,HFT,716214427.37,716214427.37,4583333.00,101430000.00,177083333.00,134093902.14,299023859.23
Sep 24 2025,HFT,716138847.43,716138847.43,4583333.00,101430000.00,177083333.00,134038856.08,299003325.35
Sep 21 2025,HFT,716063267.50,716063267.50,4583333.00,101430000.00,177083333.00,133983810.03,298982791.47
Sep 18 2025,HFT,715987687.56,715987687.56,4583333.00,101430000.00,177083333.00,133928763.97,298962257.59
Sep 15 2025,HFT,715912107.63,715912107.63,4583333.00,101430000.00,177083333.00,133873717.92,298941723.71
Sep 12 2025,HFT,715836527.69,715836527.69,4583333.00,101430000.00,177083333.00,133818671.86,298921189.83
Sep 09 2025,HFT,715760947.75,715760947.75,4583333.00,101430000.00,177083333.00,133763625.81,298900655.95
Sep 06 2025,HFT,702060646.60,702060646.60,4166667.00,99015000.00,171875000.00,133708579.75,293295399.84
Sep 03 2025,HFT,701985066.66,701985066.66,4166667.00,99015000.00,171875000.00,133653533.70,293274865.96
Aug 31 2025,HFT,701909486.73,701909486.73,4166667.00,99015000.00,171875000.00,133598487.64,293254332.08
Aug 28 2025,HFT,701833906.79,701833906.79,4166667.00,99015000.00,171875000.00,133543441.59,293233798.20
Aug 26 2025,HFT,701783520.17,701783520.17,4166667.00,99015000.00,171875000.00,133506744.22,293220108.95
Aug 23 2025,HFT,701707940.23,701707940.23,4166667.00,99015000.00,171875000.00,133451698.16,293199575.07
Aug 20 2025,HFT,701632360.30,701632360.30,4166667.00,99015000.00,171875000.00,133396652.11,293179041.19
Aug 17 2025,HFT,701556780.36,701556780.36,4166667.00,99015000.00,171875000.00,133341606.05,293158507.31
Aug 14 2025,HFT,701481200.42,701481200.42,4166667.00,99015000.00,171875000.00,133286560.00,293137973.42
Aug 11 2025,HFT,701405620.49,701405620.49,4166667.00,99015000.00,171875000.00,133231513.95,293117439.54
Aug 08 2025,HFT,701330040.55,701330040.55,4166667.00,99015000.00,171875000.00,133176467.89,293096905.66
Aug 05 2025,HFT,687629738.39,687629738.39,3750000.00,96600000.00,166666667.00,133121421.84,287491649.55
Aug 02 2025,HFT,687554158.45,687554158.45,3750000.00,96600000.00,166666667.00,133066375.78,287471115.67
Jul 30 2025,HFT,687478578.52,687478578.52,3750000.00,96600000.00,166666667.00,133011329.73,287450581.79
Jul 27 2025,HFT,687402998.58,687402998.58,3750000.00,96600000.00,166666667.00,132956283.67,287430047.91
Jul 24 2025,HFT,687327418.64,687327418.64,3750000.00,96600000.00,166666667.00,132901237.62,287409514.03
Jul 21 2025,HFT,687251838.71,687251838.71,3750000.00,96600000.00,166666667.00,132846191.56,287388980.15
Jul 18 2025,HFT,687176258.77,687176258.77,3750000.00,96600000.00,166666667.00,132791145.51,287368446.27
Jul 15 2025,HFT,687100678.84,687100678.84,3750000.00,96600000.00,166666667.00,132736099.45,287347912.39
Jul 12 2025,HFT,687025098.90,687025098.90,3750000.00,96600000.00,166666667.00,132681053.40,287327378.50
Jul 10 2025,HFT,686974712.28,686974712.28,3750000.00,96600000.00,166666667.00,132644356.03,287313689.25
Jul 07 2025,HFT,686899132.34,686899132.34,3750000.00,96600000.00,166666667.00,132589309.97,287293155.37
Jul 04 2025,HFT,673198829.19,673198829.19,3333333.00,94185000.00,161458333.00,132534263.92,281687899.27
Jul 01 2025,HFT,673123249.25,673123249.25,3333333.00,94185000.00,161458333.00,132479217.86,281667365.39
Jun 28 2025,HFT,673047669.32,673047669.32,3333333.00,94185000.00,161458333.00,132424171.81,281646831.51
Jun 25 2025,HFT,672972089.38,672972089.38,3333333.00,94185000.00,161458333.00,132369125.75,281626297.63
Jun 22 2025,HFT,672896509.44,672896509.44,3333333.00,94185000.00,161458333.00,132314079.70,281605763.75
Jun 19 2025,HFT,672820929.51,672820929.51,3333333.00,94185000.00,161458333.00,132259033.64,281585229.86
Jun 16 2025,HFT,672745349.57,672745349.57,3333333.00,94185000.00,161458333.00,132203987.59,281564695.98
Jun 13 2025,HFT,672669769.64,672669769.64,3333333.00,94185000.00,161458333.00,132148941.53,281544162.10
Jun 10 2025,HFT,672594189.70,672594189.70,3333333.00,94185000.00,161458333.00,132093895.48,281523628.22
Jun 07 2025,HFT,672518609.77,672518609.77,3333333.00,94185000.00,161458333.00,132038849.42,281503094.34
Jun 04 2025,HFT,658818308.61,658818308.61,2916667.00,91770000.00,156250000.00,131983803.37,275897838.24
Jun 01 2025,HFT,658742728.67,658742728.67,2916667.00,91770000.00,156250000.00,131928757.32,275877304.36
May 29 2025,HFT,658667148.74,658667148.74,2916667.00,91770000.00,156250000.00,131873711.26,275856770.48
May 26 2025,HFT,658591568.80,658591568.80,2916667.00,91770000.00,156250000.00,131818665.21,275836236.60
May 23 2025,HFT,658515988.87,658515988.87,2916667.00,91770000.00,156250000.00,131763619.15,275815702.72
May 21 2025,HFT,658465602.24,658465602.24,2916667.00,91770000.00,156250000.00,131726921.78,275802013.46
May 18 2025,HFT,658390022.31,658390022.31,2916667.00,91770000.00,156250000.00,131671875.73,275781479.58
May 15 2025,HFT,658314442.37,658314442.37,2916667.00,91770000.00,156250000.00,131616829.67,275760945.70
May 12 2025,HFT,658238862.44,658238862.44,2916667.00,91770000.00,156250000.00,131561783.62,275740411.82
May 09 2025,HFT,658163282.50,658163282.50,2916667.00,91770000.00,156250000.00,131506737.56,275719877.94
May 06 2025,HFT,644462980.34,644462980.34,2500000.00,89355000.00,151041667.00,131451691.51,270114621.84
May 03 2025,HFT,644387400.41,644387400.41,2500000.00,89355000.00,151041667.00,131396645.45,270094087.96
Apr 30 2025,HFT,644311820.47,644311820.47,2500000.00,89355000.00,151041667.00,131341599.40,270073554.08
Apr 27 2025,HFT,644236240.54,644236240.54,2500000.00,89355000.00,151041667.00,131286553.34,270053020.19
Apr 24 2025,HFT,644160660.60,644160660.60,2500000.00,89355000.00,151041667.00,131231507.29,270032486.31
Apr 21 2025,HFT,644085080.67,644085080.67,2500000.00,89355000.00,151041667.00,131176461.23,270011952.43
Apr 18 2025,HFT,644009500.73,644009500.73,2500000.00,89355000.00,151041667.00,131121415.18,269991418.55
Apr 15 2025,HFT,643933920.79,643933920.79,2500000.00,89355000.00,151041667.00,131066369.12,269970884.67
Apr 12 2025,HFT,643858340.86,643858340.86,2500000.00,89355000.00,151041667.00,131011323.07,269950350.79
Apr 09 2025,HFT,643782760.92,643782760.92,2500000.00,89355000.00,151041667.00,130956277.01,269929816.91
Apr 06 2025,HFT,630082457.76,630082457.76,2083333.00,86940000.00,145833333.00,130901230.96,264324560.80
Apr 04 2025,HFT,630032071.13,630032071.13,2083333.00,86940000.00,145833333.00,130864533.59,264310871.54
Apr 01 2025,HFT,629956491.20,629956491.20,2083333.00,86940000.00,145833333.00,130809487.53,264290337.66
Mar 29 2025,HFT,629880911.26,629880911.26,2083333.00,86940000.00,145833333.00,130754441.48,264269803.78
Mar 26 2025,HFT,629805331.33,629805331.33,2083333.00,86940000.00,145833333.00,130699395.42,264249269.90
Mar 23 2025,HFT,629729751.39,629729751.39,2083333.00,86940000.00,145833333.00,130644349.37,264228736.02
Mar 20 2025,HFT,629654171.46,629654171.46,2083333.00,86940000.00,145833333.00,130589303.32,264208202.14
Mar 17 2025,HFT,629578591.52,629578591.52,2083333.00,86940000.00,145833333.00,130534257.26,264187668.26
Mar 14 2025,HFT,629503011.58,629503011.58,2083333.00,86940000.00,145833333.00,130479211.21,264167134.38
Mar 11 2025,HFT,629427431.65,629427431.65,2083333.00,86940000.00,145833333.00,130424165.15,264146600.50
Mar 08 2025,HFT,629351851.71,629351851.71,2083333.00,86940000.00,145833333.00,130369119.10,264126066.62
Mar 05 2025,HFT,615651550.56,615651550.56,1666667.00,84525000.00,140625000.00,130314073.04,258520810.52
Mar 02 2025,HFT,615575970.62,615575970.62,1666667.00,84525000.00,140625000.00,130259026.99,258500276.63
Feb 27 2025,HFT,615500390.69,615500390.69,1666667.00,84525000.00,140625000.00,130203980.93,258479742.75
Feb 24 2025,HFT,615424810.75,615424810.75,1666667.00,84525000.00,140625000.00,130148934.88,258459208.87
Feb 21 2025,HFT,615349230.81,615349230.81,1666667.00,84525000.00,140625000.00,130093888.82,258438674.99
Feb 18 2025,HFT,615273650.88,615273650.88,1666667.00,84525000.00,140625000.00,130038842.77,258418141.11
Feb 16 2025,HFT,615223264.25,615223264.25,1666667.00,84525000.00,140625000.00,130002145.40,258404451.86
Feb 13 2025,HFT,615147684.32,615147684.32,1666667.00,84525000.00,140625000.00,129947099.34,258383917.98
Feb 10 2025,HFT,615072104.38,615072104.38,1666667.00,84525000.00,140625000.00,129892053.29,258363384.10
Feb 07 2025,HFT,614996524.45,614996524.45,1666667.00,84525000.00,140625000.00,129837007.23,258342850.21
Feb 04 2025,HFT,601296222.29,601296222.29,1250000.00,82110000.00,135416667.00,129781961.18,252737594.11
Feb 01 2025,HFT,601220642.36,601220642.36,1250000.00,82110000.00,135416667.00,129726915.12,252717060.23
Jan 29 2025,HFT,601145062.42,601145062.42,1250000.00,82110000.00,135416667.00,129671869.07,252696526.35
Jan 26 2025,HFT,601069482.48,601069482.48,1250000.00,82110000.00,135416667.00,129616823.01,252675992.47
Jan 23 2025,HFT,600993902.55,600993902.55,1250000.00,82110000.00,135416667.00,129561776.96,252655458.59
Jan 20 2025,HFT,600918322.61,600918322.61,1250000.00,82110000.00,135416667.00,129506730.90,252634924.71
Jan 17 2025,HFT,600842742.68,600842742.68,1250000.00,82110000.00,135416667.00,129451684.85,252614390.83
Jan 14 2025,HFT,600767162.74,600767162.74,1250000.00,82110000.00,135416667.00,129396638.79,252593856.95
Jan 11 2025,HFT,600691582.81,600691582.81,1250000.00,82110000.00,135416667.00,129341592.74,252573323.07
Jan 08 2025,HFT,600616002.87,600616002.87,1250000.00,82110000.00,135416667.00,129286546.68,252552789.19
Jan 05 2025,HFT,586902827.58,586902827.58,833333.00,79695000.00,130208333.00,129218628.49,246947533.08
Jan 02 2025,HFT,586807939.43,586807939.43,833333.00,79695000.00,130208333.00,129144274.23,246926999.20
Dec 31 2024,HFT,586744680.67,586744680.67,833333.00,79695000.00,130208333.00,129094704.72,246913309.95
Dec 28 2024,HFT,586649792.53,586649792.53,833333.00,79695000.00,130208333.00,129020350.46,246892776.07
Dec 25 2024,HFT,586554904.38,586554904.38,833333.00,79695000.00,130208333.00,128945996.20,246872242.19
Dec 22 2024,HFT,586460016.24,586460016.24,833333.00,79695000.00,130208333.00,128871641.93,246851708.31
Dec 19 2024,HFT,586365128.10,586365128.10,833333.00,79695000.00,130208333.00,128797287.67,246831174.43
Dec 16 2024,HFT,586270239.96,586270239.96,833333.00,79695000.00,130208333.00,128722933.41,246810640.55
Dec 13 2024,HFT,586175351.81,586175351.81,833333.00,79695000.00,130208333.00,128648579.15,246790106.66
Dec 10 2024,HFT,586080463.67,586080463.67,833333.00,79695000.00,130208333.00,128574224.89,246769572.78
Dec 07 2024,HFT,585985575.53,585985575.53,833333.00,79695000.00,130208333.00,128499870.62,246749038.90
Dec 04 2024,HFT,572265966.16,572265966.16,416667.00,77280000.00,125000000.00,128425516.36,241143782.80
Dec 01 2024,HFT,572171078.02,572171078.02,416667.00,77280000.00,125000000.00,128351162.10,241123248.92
Nov 28 2024,HFT,572076189.88,572076189.88,416667.00,77280000.00,125000000.00,128276807.84,241102715.04
Nov 25 2024,HFT,571981301.73,571981301.73,416667.00,77280000.00,125000000.00,128202453.57,241082181.16
Nov 22 2024,HFT,571886413.59,571886413.59,416667.00,77280000.00,125000000.00,128128099.31,241061647.28
Nov 19 2024,HFT,571791525.45,571791525.45,416667.00,77280000.00,125000000.00,128053745.05,241041113.40
Nov 16 2024,HFT,571696637.30,571696637.30,416667.00,77280000.00,125000000.00,127979390.79,241020579.52
Nov 14 2024,HFT,571633378.54,571633378.54,416667.00,77280000.00,125000000.00,127929821.28,241006890.26
Nov 11 2024,HFT,571538490.40,571538490.40,416667.00,77280000.00,125000000.00,127855467.02,240986356.38
Nov 08 2024,HFT,571443602.25,571443602.25,416667.00,77280000.00,125000000.00,127781112.75,240965822.50
Nov 05 2024,HFT,557723991.88,557723991.88,0,74865000.00,119791667.00,127706758.49,235360566.39
Nov 02 2024,HFT,557629103.74,557629103.74,0,74865000.00,119791667.00,127632404.23,235340032.51
Oct 30 2024,HFT,557534215.59,557534215.59,0,74865000.00,119791667.00,127558049.97,235319498.63
Oct 27 2024,HFT,557439327.45,557439327.45,0,74865000.00,119791667.00,127483695.70,235298964.75
Oct 24 2024,HFT,557344439.31,557344439.31,0,74865000.00,119791667.00,127409341.44,235278430.87
Oct 21 2024,HFT,557249551.17,557249551.17,0,74865000.00,119791667.00,127334987.18,235257896.99
Oct 18 2024,HFT,557154663.02,557154663.02,0,74865000.00,119791667.00,127260632.92,235237363.10
Oct 15 2024,HFT,557059774.88,557059774.88,0,74865000.00,119791667.00,127186278.66,235216829.22
Oct 12 2024,HFT,556964886.74,556964886.74,0,74865000.00,119791667.00,127111924.39,235196295.34
Oct 09 2024,HFT,556869998.59,556869998.59,0,74865000.00,119791667.00,127037570.13,235175761.46
Oct 06 2024,HFT,543150395.23,543150395.23,0,72450000.00,114583333.00,126546556.87,229570505.36
Oct 03 2024,HFT,543055507.09,543055507.09,0,72450000.00,114583333.00,126472202.61,229549971.48
Sep 30 2024,HFT,542960618.94,542960618.94,0,72450000.00,114583333.00,126397848.34,229529437.60
Sep 27 2024,HFT,542865730.80,542865730.80,0,72450000.00,114583333.00,126323494.08,229508903.72
Sep 25 2024,HFT,542802472.04,542802472.04,0,72450000.00,114583333.00,126273924.57,229495214.46
Sep 22 2024,HFT,542707583.89,542707583.89,0,72450000.00,114583333.00,126199570.31,229474680.58
Sep 19 2024,HFT,542612695.75,542612695.75,0,72450000.00,114583333.00,126125216.05,229454146.70
Sep 16 2024,HFT,542517807.61,542517807.61,0,72450000.00,114583333.00,126050861.79,229433612.82
Sep 13 2024,HFT,542422919.46,542422919.46,0,72450000.00,114583333.00,125976507.52,229413078.94
Sep 10 2024,HFT,542328031.32,542328031.32,0,72450000.00,114583333.00,125902153.26,229392545.06
Sep 07 2024,HFT,542233143.18,542233143.18,0,72450000.00,114583333.00,125827799.00,229372011.18
Sep 04 2024,HFT,528513532.82,528513532.82,0,70035000.00,109375000.00,125336777.74,223766755.08
Sep 01 2024,HFT,528418644.67,528418644.67,0,70035000.00,109375000.00,125262423.48,223746221.20
Aug 29 2024,HFT,528323756.53,528323756.53,0,70035000.00,109375000.00,125188069.21,223725687.32
Aug 26 2024,HFT,528228868.39,528228868.39,0,70035000.00,109375000.00,125113714.95,223705153.43
Aug 23 2024,HFT,528133980.24,528133980.24,0,70035000.00,109375000.00,125039360.69,223684619.55
Aug 20 2024,HFT,528039092.10,528039092.10,0,70035000.00,109375000.00,124965006.43,223664085.67
Aug 17 2024,HFT,527944203.96,527944203.96,0,70035000.00,109375000.00,124890652.16,223643551.79
Aug 14 2024,HFT,527849315.81,527849315.81,0,70035000.00,109375000.00,124816297.90,223623017.91
Aug 11 2024,HFT,527754427.67,527754427.67,0,70035000.00,109375000.00,124741943.64,223602484.03
Aug 09 2024,HFT,527691168.91,527691168.91,0,70035000.00,109375000.00,124692374.13,223588794.78
Aug 06 2024,HFT,513971558.54,513971558.54,0,67620000.00,104166667.00,124201352.87,217983538.68
Aug 03 2024,HFT,513876670.40,513876670.40,0,67620000.00,104166667.00,124126998.61,217963004.79
Jul 31 2024,HFT,513781782.26,513781782.26,0,67620000.00,104166667.00,124052644.34,217942470.91
Jul 28 2024,HFT,513686894.11,513686894.11,0,67620000.00,104166667.00,123978290.08,217921937.03
Jul 25 2024,HFT,513592005.97,513592005.97,0,67620000.00,104166667.00,123903935.82,217901403.15
Jul 22 2024,HFT,513497117.83,513497117.83,0,67620000.00,104166667.00,123829581.56,217880869.27
Jul 19 2024,HFT,513402229.69,513402229.69,0,67620000.00,104166667.00,123755227.30,217860335.39
Jul 16 2024,HFT,513307341.54,513307341.54,0,67620000.00,104166667.00,123680873.03,217839801.51
Jul 13 2024,HFT,513212453.40,513212453.40,0,67620000.00,104166667.00,123606518.77,217819267.63
Jul 10 2024,HFT,513117565.26,513117565.26,0,67620000.00,104166667.00,123532164.51,217798733.75
Jul 07 2024,HFT,513022677.11,513022677.11,0,67620000.00,104166667.00,123457810.25,217778199.87
Jul 04 2024,HFT,499303065.74,499303065.74,0,65205000.00,98958333.00,122966788.98,212172943.76
Jul 01 2024,HFT,499208177.60,499208177.60,0,65205000.00,98958333.00,122892434.72,212152409.87
Jun 28 2024,HFT,499113289.45,499113289.45,0,65205000.00,98958333.00,122818080.46,212131875.99
Jun 25 2024,HFT,499018401.31,499018401.31,0,65205000.00,98958333.00,122743726.20,212111342.11
Jun 23 2024,HFT,498955142.55,498955142.55,0,65205000.00,98958333.00,122694156.69,212097652.86
Jun 20 2024,HFT,498860254.40,498860254.40,0,65205000.00,98958333.00,122619802.43,212077118.98
Jun 17 2024,HFT,498765366.26,498765366.26,0,65205000.00,98958333.00,122545448.16,212056585.10
Jun 14 2024,HFT,498670478.12,498670478.12,0,65205000.00,98958333.00,122471093.90,212036051.22
Jun 11 2024,HFT,498575589.97,498575589.97,0,65205000.00,98958333.00,122396739.64,212015517.34
Jun 08 2024,HFT,498480701.83,498480701.83,0,65205000.00,98958333.00,122322385.38,211994983.45
Jun 05 2024,HFT,484761091.47,484761091.47,0,62790000.00,93750000.00,121831364.11,206389727.35
Jun 02 2024,HFT,484666203.33,484666203.33,0,62790000.00,93750000.00,121757009.85,206369193.47
May 30 2024,HFT,484571315.18,484571315.18,0,62790000.00,93750000.00,121682655.59,206348659.59
May 27 2024,HFT,484476427.04,484476427.04,0,62790000.00,93750000.00,121608301.33,206328125.71
May 24 2024,HFT,484381538.90,484381538.90,0,62790000.00,93750000.00,121533947.07,206307591.83
May 21 2024,HFT,484286650.75,484286650.75,0,62790000.00,93750000.00,121459592.80,206287057.95
May 18 2024,HFT,484191762.61,484191762.61,0,62790000.00,93750000.00,121385238.54,206266524.07
May 15 2024,HFT,484096874.47,484096874.47,0,62790000.00,93750000.00,121310884.28,206245990.19
May 12 2024,HFT,484001986.32,484001986.32,0,62790000.00,93750000.00,121236530.02,206225456.31
May 09 2024,HFT,483907098.18,483907098.18,0,62790000.00,93750000.00,121162175.75,206204922.43
May 07 2024,HFT,483843839.42,483843839.42,0,62790000.00,93750000.00,121112606.25,206191233.17
May 04 2024,HFT,470124229.05,470124229.05,0,60375000.00,88541667.00,120621584.98,200585977.07
May 01 2024,HFT,470029340.91,470029340.91,0,60375000.00,88541667.00,120547230.72,200565443.19
Apr 28 2024,HFT,469934452.77,469934452.77,0,60375000.00,88541667.00,120472876.46,200544909.31
Apr 25 2024,HFT,469839564.62,469839564.62,0,60375000.00,88541667.00,120398522.20,200524375.43
Apr 22 2024,HFT,469744676.48,469744676.48,0,60375000.00,88541667.00,120324167.93,200503841.55
Apr 19 2024,HFT,469649788.34,469649788.34,0,60375000.00,88541667.00,120249813.67,200483307.67
Apr 16 2024,HFT,469554900.19,469554900.19,0,60375000.00,88541667.00,120175459.41,200462773.79
Apr 13 2024,HFT,469460012.05,469460012.05,0,60375000.00,88541667.00,120101105.15,200442239.90
Apr 10 2024,HFT,469365123.91,469365123.91,0,60375000.00,88541667.00,120026750.89,200421706.02
Apr 07 2024,HFT,469270235.77,469270235.77,0,60375000.00,88541667.00,119952396.62,200401172.14
Apr 04 2024,HFT,455550624.40,455550624.40,0,57960000.00,83333333.00,119461375.36,194795916.04
Apr 01 2024,HFT,455455736.26,455455736.26,0,57960000.00,83333333.00,119387021.10,194775382.16
Mar 29 2024,HFT,0,455360848.12,0,57960000.00,83333333.00,119312666.84,194754848.28
Mar 26 2024,HFT,0,455265959.97,0,57960000.00,83333333.00,119238312.57,194734314.40
Mar 23 2024,HFT,0,455171071.83,0,57960000.00,83333333.00,119163958.31,194713780.52
Mar 21 2024,HFT,0,455107813.07,0,57960000.00,83333333.00,119114388.80,194700091.26
Mar 18 2024,HFT,0,455012924.92,0,57960000.00,83333333.00,119040034.54,194679557.38
Mar 15 2024,HFT,0,454918036.78,0,57960000.00,83333333.00,118965680.28,194659023.50
Mar 12 2024,HFT,0,454823148.64,0,57960000.00,83333333.00,118891326.02,194638489.62
Mar 09 2024,HFT,0,454728260.49,0,57960000.00,83333333.00,118816971.75,194617955.74
Mar 06 2024,HFT,0,441008650.13,0,55545000.00,78125000.00,118325950.49,189012699.64
Mar 03 2024,HFT,0,440913761.99,0,55545000.00,78125000.00,118251596.23,188992165.76
Feb 29 2024,HFT,0,440818873.84,0,55545000.00,78125000.00,118177241.97,188971631.88
Feb 26 2024,HFT,0,440723985.70,0,55545000.00,78125000.00,118102887.70,188951098.00
Feb 23 2024,HFT,0,440629097.56,0,55545000.00,78125000.00,118028533.44,188930564.12
Feb 20 2024,HFT,0,440534209.42,0,55545000.00,78125000.00,117954179.18,188910030.23
Feb 17 2024,HFT,0,440439321.27,0,55545000.00,78125000.00,117879824.92,188889496.35
Feb 14 2024,HFT,0,440344433.13,0,55545000.00,78125000.00,117805470.66,188868962.47
Feb 11 2024,HFT,0,440249544.99,0,55545000.00,78125000.00,117731116.39,188848428.59
Feb 08 2024,HFT,0,440154656.84,0,55545000.00,78125000.00,117656762.13,188827894.71
Feb 05 2024,HFT,0,426435046.47,0,53130000.00,72916667.00,117165740.87,183222638.60
Feb 02 2024,HFT,0,426340158.33,0,53130000.00,72916667.00,117091386.61,183202104.72
Jan 31 2024,HFT,0,426276899.56,0,53130000.00,72916667.00,117041817.10,183188415.47
Jan 28 2024,HFT,0,426182011.42,0,53130000.00,72916667.00,116967462.84,183167881.58
Jan 25 2024,HFT,0,426087123.28,0,53130000.00,72916667.00,116893108.57,183147347.70
Jan 22 2024,HFT,0,425992235.13,0,53130000.00,72916667.00,116818754.31,183126813.82
Jan 19 2024,HFT,0,425897346.99,0,53130000.00,72916667.00,116744400.05,183106279.94
Jan 16 2024,HFT,0,425802458.85,0,53130000.00,72916667.00,116670045.79,183085746.06
Jan 13 2024,HFT,0,425707570.70,0,53130000.00,72916667.00,116595691.52,183065212.18
Jan 10 2024,HFT,0,425612682.56,0,53130000.00,72916667.00,116521337.26,183044678.30
Jan 07 2024,HFT,0,425517794.42,0,53130000.00,72916667.00,116446983.00,183024144.42
Jan 04 2024,HFT,0,411374612.22,0,50715000.00,67708333.00,115532390.90,177418888.32
Jan 01 2024,HFT,0,410856153.24,0,50715000.00,67708333.00,115034465.80,177398354.44
Dec 29 2023,HFT,0,410337694.26,0,50715000.00,67708333.00,114536540.70,177377820.56
Dec 26 2023,HFT,0,409819235.28,0,50715000.00,67708333.00,114038615.61,177357286.67
Dec 23 2023,HFT,0,409300776.30,0,50715000.00,67708333.00,113540690.51,177336752.79
Dec 20 2023,HFT,0,408782317.32,0,50715000.00,67708333.00,113042765.41,177316218.91
Dec 17 2023,HFT,0,408263858.34,0,50715000.00,67708333.00,112544840.31,177295685.03
Dec 15 2023,HFT,0,407918219.02,0,50715000.00,67708333.00,112212890.25,177281995.78
Dec 12 2023,HFT,0,407399760.04,0,50715000.00,67708333.00,111714965.15,177261461.90
Dec 09 2023,HFT,0,406881301.07,0,50715000.00,67708333.00,111217040.05,177240928.02
Dec 06 2023,HFT,0,392738119.87,0,48300000.00,62500000.00,110302447.95,171635671.92
Dec 03 2023,HFT,0,392219660.89,0,48300000.00,62500000.00,109804522.85,171615138.03
Nov 30 2023,HFT,0,391701201.91,0,48300000.00,62500000.00,109306597.75,171594604.15
Nov 27 2023,HFT,0,391182742.93,0,48300000.00,62500000.00,108808672.66,171574070.27
Nov 24 2023,HFT,0,390664283.95,0,48300000.00,62500000.00,108310747.56,171553536.39
Nov 21 2023,HFT,0,390145824.97,0,48300000.00,62500000.00,107812822.46,171533002.51
Nov 18 2023,HFT,0,389627365.99,0,48300000.00,62500000.00,107314897.36,171512468.63
Nov 15 2023,HFT,0,389108907.01,0,48300000.00,62500000.00,106816972.26,171491934.75
Nov 12 2023,HFT,0,388590448.03,0,48300000.00,62500000.00,106319047.16,171471400.87
Nov 09 2023,HFT,0,388071989.05,0,48300000.00,62500000.00,105821122.07,171450866.99
Nov 06 2023,HFT,0,227338615.89,0,0,0,105072505.00,122266110.89
Nov 03 2023,HFT,0,227318082.01,0,0,0,105072505.00,122245577.01
Oct 31 2023,HFT,0,227297548.12,0,0,0,105072505.00,122225043.12
Oct 29 2023,HFT,0,227283858.87,0,0,0,105072505.00,122211353.87
Oct 26 2023,HFT,0,227263324.99,0,0,0,105072505.00,122190819.99
Oct 23 2023,HFT,0,227242791.11,0,0,0,105072505.00,122170286.11
Oct 20 2023,HFT,0,227222257.23,0,0,0,105072505.00,122149752.23
Oct 17 2023,HFT,0,227201723.35,0,0,0,105072505.00,122129218.35
Oct 14 2023,HFT,0,227181189.47,0,0,0,105072505.00,122108684.47
Oct 11 2023,HFT,0,227160655.59,0,0,0,105072505.00,122088150.59
Oct 08 2023,HFT,0,227140121.70,0,0,0,105072505.00,122067616.70
Oct 05 2023,HFT,0,223888698.59,0,0,0,104655838.00,119232860.59
Oct 02 2023,HFT,0,223868164.71,0,0,0,104655838.00,119212326.71
Sep 29 2023,HFT,0,223847630.83,0,0,0,104655838.00,119191792.83
Sep 26 2023,HFT,0,223827096.95,0,0,0,104655838.00,119171258.95
Sep 23 2023,HFT,0,223806563.07,0,0,0,104655838.00,119150725.07
Sep 20 2023,HFT,0,223786029.19,0,0,0,104655838.00,119130191.19
Sep 17 2023,HFT,0,223765495.31,0,0,0,104655838.00,119109657.31
Sep 14 2023,HFT,0,223744961.43,0,0,0,104655838.00,119089123.43
Sep 12 2023,HFT,0,223731272.17,0,0,0,104655838.00,119075434.17
Sep 09 2023,HFT,0,223710738.29,0,0,0,104655838.00,119054900.29
Sep 06 2023,HFT,0,220459315.19,0,0,0,104239171.00,116220144.19
Sep 03 2023,HFT,0,220438781.31,0,0,0,104239171.00,116199610.31
Aug 31 2023,HFT,0,220418247.43,0,0,0,104239171.00,116179076.43
Aug 28 2023,HFT,0,220397713.55,0,0,0,104239171.00,116158542.55
Aug 25 2023,HFT,0,220377179.67,0,0,0,104239171.00,116138008.67
Aug 22 2023,HFT,0,220356645.79,0,0,0,104239171.00,116117474.79
Aug 19 2023,HFT,0,220336111.91,0,0,0,104239171.00,116096940.91
Aug 16 2023,HFT,0,220315578.02,0,0,0,104239171.00,116076407.02
Aug 13 2023,HFT,0,220295044.14,0,0,0,104239171.00,116055873.14
Aug 10 2023,HFT,0,220274510.26,0,0,0,104239171.00,116035339.26
Aug 07 2023,HFT,0,220253976.38,0,0,0,104239171.00,116014805.38
Aug 04 2023,HFT,0,217002553.28,0,0,0,103822504.00,113180049.28
Aug 01 2023,HFT,0,216982019.40,0,0,0,103822504.00,113159515.40
Jul 29 2023,HFT,0,216961485.52,0,0,0,103822504.00,113138981.52
Jul 27 2023,HFT,0,216947796.27,0,0,0,103822504.00,113125292.27
Jul 24 2023,HFT,0,216927262.38,0,0,0,103822504.00,113104758.38
Jul 21 2023,HFT,0,216906728.50,0,0,0,103822504.00,113084224.50
Jul 18 2023,HFT,0,216886194.62,0,0,0,103822504.00,113063690.62
Jul 15 2023,HFT,0,216865660.74,0,0,0,103822504.00,113043156.74
Jul 12 2023,HFT,0,216845126.86,0,0,0,103822504.00,113022622.86
Jul 09 2023,HFT,0,216824592.98,0,0,0,103822504.00,113002088.98
Jul 06 2023,HFT,0,213573169.88,0,0,0,103405837.00,110167332.88
Jul 03 2023,HFT,0,213552636.00,0,0,0,103405837.00,110146799.00
Jun 30 2023,HFT,0,213532102.12,0,0,0,103405837.00,110126265.12
Jun 27 2023,HFT,0,213511568.24,0,0,0,103405837.00,110105731.24
Jun 24 2023,HFT,0,213491034.36,0,0,0,103405837.00,110085197.36
Jun 21 2023,HFT,0,213470500.47,0,0,0,103405837.00,110064663.47
Jun 18 2023,HFT,0,213449966.59,0,0,0,103405837.00,110044129.59
Jun 15 2023,HFT,0,213429432.71,0,0,0,103405837.00,110023595.71
Jun 12 2023,HFT,0,213408898.83,0,0,0,103405837.00,110003061.83
Jun 09 2023,HFT,0,213388364.95,0,0,0,103405837.00,109982527.95
Jun 07 2023,HFT,0,213374675.70,0,0,0,103405837.00,109968838.70
Jun 04 2023,HFT,0,210123252.60,0,0,0,102989170.00,107134082.60
Jun 01 2023,HFT,0,210102718.72,0,0,0,102989170.00,107113548.72
May 29 2023,HFT,0,210082184.83,0,0,0,102989170.00,107093014.83
May 26 2023,HFT,0,210061650.95,0,0,0,102989170.00,107072480.95
May 23 2023,HFT,0,210041117.07,0,0,0,102989170.00,107051947.07
May 20 2023,HFT,0,210020583.19,0,0,0,102989170.00,107031413.19
May 17 2023,HFT,0,210000049.31,0,0,0,102989170.00,107010879.31
May 14 2023,HFT,0,209979515.43,0,0,0,102989170.00,106990345.43
May 11 2023,HFT,0,209958981.55,0,0,0,102989170.00,106969811.55
May 08 2023,HFT,0,209938447.67,0,0,0,102989170.00,106949277.67
May 05 2023,HFT,0,206687024.56,0,0,0,102572503.00,104114521.56
May 02 2023,HFT,0,206666490.68,0,0,0,102572503.00,104093987.68
Apr 29 2023,HFT,0,206645956.80,0,0,0,102572503.00,104073453.80
Apr 26 2023,HFT,0,206625422.91,0,0,0,102572503.00,104052919.91
Apr 23 2023,HFT,0,206604889.03,0,0,0,102572503.00,104032386.03
Apr 21 2023,HFT,0,206591199.78,0,0,0,102572503.00,104018696.78
Apr 18 2023,HFT,0,206570665.90,0,0,0,102572503.00,103998162.90
Apr 15 2023,HFT,0,206550132.02,0,0,0,102572503.00,103977629.02
Apr 12 2023,HFT,0,206529598.14,0,0,0,102572503.00,103957095.14
Apr 09 2023,HFT,0,206509064.26,0,0,0,102572503.00,103936561.26
Apr 06 2023,HFT,0,203257641.16,0,0,0,102155836.00,101101805.16
Apr 03 2023,HFT,0,203237107.27,0,0,0,102155836.00,101081271.27
Mar 31 2023,HFT,0,203216573.39,0,0,0,102155836.00,101060737.39
Mar 28 2023,HFT,0,203196039.51,0,0,0,102155836.00,101040203.51
Mar 25 2023,HFT,0,203175505.63,0,0,0,102155836.00,101019669.63
Mar 22 2023,HFT,0,203154971.75,0,0,0,102155836.00,100999135.75
Mar 19 2023,HFT,0,203134437.87,0,0,0,102155836.00,100978601.87
Mar 16 2023,HFT,0,203113903.99,0,0,0,102155836.00,100958067.99
Mar 13 2023,HFT,0,203093370.11,0,0,0,102155836.00,100937534.11
Mar 10 2023,HFT,0,203072836.23,0,0,0,102155836.00,100917000.23
Mar 07 2023,HFT,0,203052302.35,0,0,0,102155836.00,100896466.35
Mar 05 2023,HFT,0,199807723.87,0,0,0,101739169.00,98068554.87
Mar 02 2023,HFT,0,199787189.99,0,0,0,101739169.00,98048020.99
Feb 27 2023,HFT,0,199766656.11,0,0,0,101739169.00,98027487.11
Feb 24 2023,HFT,0,199746122.23,0,0,0,101739169.00,98006953.23
Feb 21 2023,HFT,0,199725588.35,0,0,0,101739169.00,97986419.35
Feb 18 2023,HFT,0,199705054.47,0,0,0,101739169.00,97965885.47
Feb 15 2023,HFT,0,199684520.59,0,0,0,101739169.00,97945351.59
Feb 12 2023,HFT,0,199663986.71,0,0,0,101739169.00,97924817.71
Feb 09 2023,HFT,0,199643452.82,0,0,0,101739169.00,97904283.82
Feb 06 2023,HFT,0,196292029.72,0,0,0,101222502.00,95069527.72
Feb 03 2023,HFT,0,196271495.84,0,0,0,101222502.00,95048993.84
Jan 31 2023,HFT,0,196250961.96,0,0,0,101222502.00,95028459.96
Jan 28 2023,HFT,0,196230428.08,0,0,0,101222502.00,95007926.08
Jan 25 2023,HFT,0,196209894.20,0,0,0,101222502.00,94987392.20
Jan 22 2023,HFT,0,196189360.32,0,0,0,101222502.00,94966858.32
Jan 19 2023,HFT,0,196168826.44,0,0,0,101222502.00,94946324.44
Jan 17 2023,HFT,0,196155137.18,0,0,0,101222502.00,94932635.18
Jan 14 2023,HFT,0,196134603.30,0,0,0,101222502.00,94912101.30
Jan 11 2023,HFT,0,196114069.42,0,0,0,101222502.00,94891567.42
Jan 08 2023,HFT,0,196093535.54,0,0,0,101222502.00,94871033.54
Jan 05 2023,HFT,0,192242112.43,0,0,0,100205835.00,92036277.43
Jan 02 2023,HFT,0,192221578.55,0,0,0,100205835.00,92015743.55
Dec 30 2022,HFT,0,192201044.67,0,0,0,100205835.00,91995209.67
Dec 27 2022,HFT,0,192180510.79,0,0,0,100205835.00,91974675.79
Dec 24 2022,HFT,0,192159976.91,0,0,0,100205835.00,91954141.91
Dec 21 2022,HFT,0,192139443.03,0,0,0,100205835.00,91933608.03
Dec 18 2022,HFT,0,192118909.15,0,0,0,100205835.00,91913074.15
Dec 15 2022,HFT,0,192098375.26,0,0,0,100205835.00,91892540.26
Dec 12 2022,HFT,0,192077841.38,0,0,0,100205835.00,91872006.38
Dec 09 2022,HFT,0,192057307.50,0,0,0,100205835.00,91851472.50
Dec 06 2022,HFT,0,187100884.40,0,0,0,98084168.00,89016716.40
Dec 03 2022,HFT,0,183915350.52,0,0,0,94919168.00,88996182.52
Dec 01 2022,HFT,0,181791661.27,0,0,0,92809168.00,88982493.27
Nov 28 2022,HFT,0,178606127.39,0,0,0,89644168.00,88961959.39
Nov 25 2022,HFT,0,175420593.51,0,0,0,86479168.00,88941425.51
Nov 22 2022,HFT,0,172235059.62,0,0,0,83314168.00,88920891.62
Nov 19 2022,HFT,0,169049525.74,0,0,0,80149168.00,88900357.74
Nov 16 2022,HFT,0,165863991.86,0,0,0,76984168.00,88879823.86
Nov 13 2022,HFT,0,162678457.98,0,0,0,73819168.00,88859289.98
Nov 10 2022,HFT,0,159492924.10,0,0,0,70654168.00,88838756.10
Nov 07 2022,HFT,0,156307390.22,0,0,0,67489168.00,88818222.22
