Date,Symbol,Available Supply,Unlocked Supply,Consensus,Founders and Investors,Data Transfer,Proof of Coverage
Nov 01 2030,HNT,217375000.00,217375000.00,13042500.00,70831250.00,78337500.00,55163750.00
Oct 27 2030,HNT,217375000.00,217375000.00,13042500.00,70831250.00,78337500.00,55163750.00
Oct 23 2030,HNT,217375000.00,217375000.00,13042500.00,70831250.00,78337500.00,55163750.00
Oct 18 2030,HNT,217375000.00,217375000.00,13042500.00,70831250.00,78337500.00,55163750.00
Oct 14 2030,HNT,217375000.00,217375000.00,13042500.00,70831250.00,78337500.00,55163750.00
Oct 09 2030,HNT,217375000.00,217375000.00,13042500.00,70831250.00,78337500.00,55163750.00
Oct 04 2030,HNT,217375000.00,217375000.00,13042500.00,70831250.00,78337500.00,55163750.00
Sep 30 2030,HNT,217375000.00,217375000.00,13042500.00,70831250.00,78337500.00,55163750.00
Sep 25 2030,HNT,217375000.00,217375000.00,13042500.00,70831250.00,78337500.00,55163750.00
Sep 20 2030,HNT,217375000.00,217375000.00,13042500.00,70831250.00,78337500.00,55163750.00
Sep 16 2030,HNT,217375000.00,217375000.00,13042500.00,70831250.00,78337500.00,55163750.00
Sep 11 2030,HNT,217375000.00,217375000.00,13042500.00,70831250.00,78337500.00,55163750.00
Sep 07 2030,HNT,217375000.00,217375000.00,13042500.00,70831250.00,78337500.00,55163750.00
Sep 02 2030,HNT,217375000.00,217375000.00,13042500.00,70831250.00,78337500.00,55163750.00
Aug 28 2030,HNT,217375000.00,217375000.00,13042500.00,70831250.00,78337500.00,55163750.00
Aug 24 2030,HNT,217375000.00,217375000.00,13042500.00,70831250.00,78337500.00,55163750.00
Aug 19 2030,HNT,217375000.00,217375000.00,13042500.00,70831250.00,78337500.00,55163750.00
Aug 15 2030,HNT,217375000.00,217375000.00,13042500.00,70831250.00,78337500.00,55163750.00
Aug 10 2030,HNT,217375000.00,217375000.00,13042500.00,70831250.00,78337500.00,55163750.00
Aug 05 2030,HNT,217375000.00,217375000.00,13042500.00,70831250.00,78337500.00,55163750.00
Aug 01 2030,HNT,217375000.00,217375000.00,13042500.00,70831250.00,78337500.00,55163750.00
Jul 27 2030,HNT,217349315.07,217349315.07,13040958.90,70824828.77,78323373.29,55160154.11
Jul 23 2030,HNT,217328767.12,217328767.12,13039726.03,70819691.78,78312071.92,55157277.40
Jul 18 2030,HNT,217303082.19,217303082.19,13038184.93,70813270.55,78297945.21,55153681.51
Jul 13 2030,HNT,217277397.26,217277397.26,13036643.84,70806849.32,78283818.49,55150085.62
Jul 09 2030,HNT,217256849.32,217256849.32,13035410.96,70801712.33,78272517.12,55147208.90
Jul 04 2030,HNT,217231164.38,217231164.38,13033869.86,70795291.10,78258390.41,55143613.01
Jun 29 2030,HNT,217205479.45,217205479.45,13032328.77,70788869.86,78244263.70,55140017.12
Jun 25 2030,HNT,217184931.51,217184931.51,13031095.89,70783732.88,78232962.33,55137140.41
Jun 20 2030,HNT,217159246.58,217159246.58,13029554.79,70777311.64,78218835.62,55133544.52
Jun 16 2030,HNT,217138698.63,217138698.63,13028321.92,70772174.66,78207534.25,55130667.81
Jun 11 2030,HNT,217113013.70,217113013.70,13026780.82,70765753.42,78193407.53,55127071.92
Jun 06 2030,HNT,217087328.77,217087328.77,13025239.73,70759332.19,78179280.82,55123476.03
Jun 02 2030,HNT,217066780.82,217066780.82,13024006.85,70754195.21,78167979.45,55120599.32
May 28 2030,HNT,217041095.89,217041095.89,13022465.75,70747773.97,78153852.74,55117003.42
May 24 2030,HNT,217020547.95,217020547.95,13021232.88,70742636.99,78142551.37,55114126.71
May 19 2030,HNT,216994863.01,216994863.01,13019691.78,70736215.75,78128424.66,55110530.82
May 14 2030,HNT,216969178.08,216969178.08,13018150.68,70729794.52,78114297.95,55106934.93
May 10 2030,HNT,216948630.14,216948630.14,13016917.81,70724657.53,78102996.58,55104058.22
May 05 2030,HNT,216922945.21,216922945.21,13015376.71,70718236.30,78088869.86,55100462.33
Apr 30 2030,HNT,216897260.27,216897260.27,13013835.62,70711815.07,78074743.15,55096866.44
Apr 26 2030,HNT,216876712.33,216876712.33,13012602.74,70706678.08,78063441.78,55093989.73
Apr 21 2030,HNT,216851027.40,216851027.40,13011061.64,70700256.85,78049315.07,55090393.84
Apr 17 2030,HNT,216830479.45,216830479.45,13009828.77,70695119.86,78038013.70,55087517.12
Apr 12 2030,HNT,216804794.52,216804794.52,13008287.67,70688698.63,78023886.99,55083921.23
Apr 07 2030,HNT,216779109.59,216779109.59,13006746.58,70682277.40,78009760.27,55080325.34
Apr 03 2030,HNT,216758561.64,216758561.64,13005513.70,70677140.41,77998458.90,55077448.63
Mar 29 2030,HNT,216732876.71,216732876.71,13003972.60,70670719.18,77984332.19,55073852.74
Mar 25 2030,HNT,216712328.77,216712328.77,13002739.73,70665582.19,77973030.82,55070976.03
Mar 20 2030,HNT,216686643.84,216686643.84,13001198.63,70659160.96,77958904.11,55067380.14
Mar 15 2030,HNT,216660958.90,216660958.90,12999657.53,70652739.73,77944777.40,55063784.25
Mar 11 2030,HNT,216640410.96,216640410.96,12998424.66,70647602.74,77933476.03,55060907.53
Mar 06 2030,HNT,216614726.03,216614726.03,12996883.56,70641181.51,77919349.32,55057311.64
Mar 02 2030,HNT,216594178.08,216594178.08,12995650.68,70636044.52,77908047.95,55054434.93
Feb 25 2030,HNT,216568493.15,216568493.15,12994109.59,70629623.29,77893921.23,55050839.04
Feb 20 2030,HNT,216542808.22,216542808.22,12992568.49,70623202.05,77879794.52,55047243.15
Feb 16 2030,HNT,216522260.27,216522260.27,12991335.62,70618065.07,77868493.15,55044366.44
Feb 11 2030,HNT,216496575.34,216496575.34,12989794.52,70611643.84,77854366.44,55040770.55
Feb 06 2030,HNT,216470890.41,216470890.41,12988253.42,70605222.60,77840239.73,55037174.66
Feb 02 2030,HNT,216450342.47,216450342.47,12987020.55,70600085.62,77828938.36,55034297.95
Jan 28 2030,HNT,216424657.53,216424657.53,12985479.45,70593664.38,77814811.64,55030702.05
Jan 24 2030,HNT,216404109.59,216404109.59,12984246.58,70588527.40,77803510.27,55027825.34
Jan 19 2030,HNT,216378424.66,216378424.66,12982705.48,70582106.16,77789383.56,55024229.45
Jan 14 2030,HNT,216352739.73,216352739.73,12981164.38,70575684.93,77775256.85,55020633.56
Jan 10 2030,HNT,216332191.78,216332191.78,12979931.51,70570547.95,77763955.48,55017756.85
Jan 05 2030,HNT,216306506.85,216306506.85,12978390.41,70564126.71,77749828.77,55014160.96
Jan 01 2030,HNT,216285958.90,216285958.90,12977157.53,70558989.73,77738527.40,55011284.25
Dec 27 2029,HNT,216260273.97,216260273.97,12975616.44,70552568.49,77724400.68,55007688.36
Dec 22 2029,HNT,216234589.04,216234589.04,12974075.34,70546147.26,77710273.97,55004092.47
Dec 18 2029,HNT,216214041.10,216214041.10,12972842.47,70541010.27,77698972.60,55001215.75
Dec 13 2029,HNT,216188356.16,216188356.16,12971301.37,70534589.04,77684845.89,54997619.86
Dec 08 2029,HNT,216162671.23,216162671.23,12969760.27,70528167.81,77670719.18,54994023.97
Dec 04 2029,HNT,216142123.29,216142123.29,12968527.40,70523030.82,77659417.81,54991147.26
Nov 29 2029,HNT,216116438.36,216116438.36,12966986.30,70516609.59,77645291.10,54987551.37
Nov 25 2029,HNT,216095890.41,216095890.41,12965753.42,70511472.60,77633989.73,54984674.66
Nov 20 2029,HNT,216070205.48,216070205.48,12964212.33,70505051.37,77619863.01,54981078.77
Nov 15 2029,HNT,216044520.55,216044520.55,12962671.23,70498630.14,77605736.30,54977482.88
Nov 11 2029,HNT,216023972.60,216023972.60,12961438.36,70493493.15,77594434.93,54974606.16
Nov 06 2029,HNT,215998287.67,215998287.67,12959897.26,70487071.92,77580308.22,54971010.27
Nov 02 2029,HNT,215977739.73,215977739.73,12958664.38,70481934.93,77569006.85,54968133.56
Oct 28 2029,HNT,215952054.79,215952054.79,12957123.29,70475513.70,77554880.14,54964537.67
Oct 23 2029,HNT,215926369.86,215926369.86,12955582.19,70469092.47,77540753.42,54960941.78
Oct 19 2029,HNT,215905821.92,215905821.92,12954349.32,70463955.48,77529452.05,54958065.07
Oct 14 2029,HNT,215880136.99,215880136.99,12952808.22,70457534.25,77515325.34,54954469.18
Oct 10 2029,HNT,215859589.04,215859589.04,12951575.34,70452397.26,77504023.97,54951592.47
Oct 05 2029,HNT,215833904.11,215833904.11,12950034.25,70445976.03,77489897.26,54947996.58
Sep 30 2029,HNT,215808219.18,215808219.18,12948493.15,70439554.79,77475770.55,54944400.68
Sep 26 2029,HNT,215787671.23,215787671.23,12947260.27,70434417.81,77464469.18,54941523.97
Sep 21 2029,HNT,215761986.30,215761986.30,12945719.18,70427996.58,77450342.47,54937928.08
Sep 16 2029,HNT,215736301.37,215736301.37,12944178.08,70421575.34,77436215.75,54934332.19
Sep 12 2029,HNT,215715753.42,215715753.42,12942945.21,70416438.36,77424914.38,54931455.48
Sep 07 2029,HNT,215690068.49,215690068.49,12941404.11,70410017.12,77410787.67,54927859.59
Sep 03 2029,HNT,215669520.55,215669520.55,12940171.23,70404880.14,77399486.30,54924982.88
Aug 29 2029,HNT,215643835.62,215643835.62,12938630.14,70398458.90,77385359.59,54921386.99
Aug 24 2029,HNT,215618150.68,215618150.68,12937089.04,70392037.67,77371232.88,54917791.10
Aug 20 2029,HNT,215597602.74,215597602.74,12935856.16,70386900.68,77359931.51,54914914.38
Aug 15 2029,HNT,215571917.81,215571917.81,12934315.07,70380479.45,77345804.79,54911318.49
Aug 11 2029,HNT,215551369.86,215551369.86,12933082.19,70375342.47,77334503.42,54908441.78
Aug 06 2029,HNT,215525684.93,215525684.93,12931541.10,70368921.23,77320376.71,54904845.89
Aug 01 2029,HNT,215500000.00,215500000.00,12930000.00,70362500.00,77306250.00,54901250.00
Jul 28 2029,HNT,215458904.11,215458904.11,12927534.25,70351815.07,77284674.66,54894880.14
Jul 23 2029,HNT,215407534.25,215407534.25,12924452.05,70338458.90,77257705.48,54886917.81
Jul 18 2029,HNT,215356164.38,215356164.38,12921369.86,70325102.74,77230736.30,54878955.48
Jul 14 2029,HNT,215315068.49,215315068.49,12918904.11,70314417.81,77209160.96,54872585.62
Jul 09 2029,HNT,215263698.63,215263698.63,12915821.92,70301061.64,77182191.78,54864623.29
Jul 05 2029,HNT,215222602.74,215222602.74,12913356.16,70290376.71,77160616.44,54858253.42
Jun 30 2029,HNT,215171232.88,215171232.88,12910273.97,70277020.55,77133647.26,54850291.10
Jun 25 2029,HNT,215119863.01,215119863.01,12907191.78,70263664.38,77106678.08,54842328.77
Jun 21 2029,HNT,215078767.12,215078767.12,12904726.03,70252979.45,77085102.74,54835958.90
Jun 16 2029,HNT,215027397.26,215027397.26,12901643.84,70239623.29,77058133.56,54827996.58
Jun 12 2029,HNT,214986301.37,214986301.37,12899178.08,70228938.36,77036558.22,54821626.71
Jun 07 2029,HNT,214934931.51,214934931.51,12896095.89,70215582.19,77009589.04,54813664.38
Jun 02 2029,HNT,214883561.64,214883561.64,12893013.70,70202226.03,76982619.86,54805702.05
May 29 2029,HNT,214842465.75,214842465.75,12890547.95,70191541.10,76961044.52,54799332.19
May 24 2029,HNT,214791095.89,214791095.89,12887465.75,70178184.93,76934075.34,54791369.86
May 20 2029,HNT,214750000.00,214750000.00,12885000.00,70167500.00,76912500.00,54785000.00
May 15 2029,HNT,214698630.14,214698630.14,12881917.81,70154143.84,76885530.82,54777037.67
May 10 2029,HNT,214647260.27,214647260.27,12878835.62,70140787.67,76858561.64,54769075.34
May 06 2029,HNT,214606164.38,214606164.38,12876369.86,70130102.74,76836986.30,54762705.48
May 01 2029,HNT,214554794.52,214554794.52,12873287.67,70116746.58,76810017.12,54754743.15
Apr 26 2029,HNT,214503424.66,214503424.66,12870205.48,70103390.41,76783047.95,54746780.82
Apr 22 2029,HNT,214462328.77,214462328.77,12867739.73,70092705.48,76761472.60,54740410.96
Apr 17 2029,HNT,214410958.90,214410958.90,12864657.53,70079349.32,76734503.42,54732448.63
Apr 13 2029,HNT,214369863.01,214369863.01,12862191.78,70068664.38,76712928.08,54726078.77
Apr 08 2029,HNT,214318493.15,214318493.15,12859109.59,70055308.22,76685958.90,54718116.44
Apr 03 2029,HNT,214267123.29,214267123.29,12856027.40,70041952.05,76658989.73,54710154.11
Mar 30 2029,HNT,214226027.40,214226027.40,12853561.64,70031267.12,76637414.38,54703784.25
Mar 25 2029,HNT,214174657.53,214174657.53,12850479.45,70017910.96,76610445.21,54695821.92
Mar 21 2029,HNT,214133561.64,214133561.64,12848013.70,70007226.03,76588869.86,54689452.05
Mar 16 2029,HNT,214082191.78,214082191.78,12844931.51,69993869.86,76561900.68,54681489.73
Mar 11 2029,HNT,214030821.92,214030821.92,12841849.32,69980513.70,76534931.51,54673527.40
Mar 07 2029,HNT,213989726.03,213989726.03,12839383.56,69969828.77,76513356.16,54667157.53
Mar 02 2029,HNT,213938356.16,213938356.16,12836301.37,69956472.60,76486386.99,54659195.21
Feb 25 2029,HNT,213886986.30,213886986.30,12833219.18,69943116.44,76459417.81,54651232.88
Feb 21 2029,HNT,213845890.41,213845890.41,12830753.42,69932431.51,76437842.47,54644863.01
Feb 16 2029,HNT,213794520.55,213794520.55,12827671.23,69919075.34,76410873.29,54636900.68
Feb 12 2029,HNT,213753424.66,213753424.66,12825205.48,69908390.41,76389297.95,54630530.82
Feb 07 2029,HNT,213702054.79,213702054.79,12822123.29,69895034.25,76362328.77,54622568.49
Feb 02 2029,HNT,213650684.93,213650684.93,12819041.10,69881678.08,76335359.59,54614606.16
Jan 29 2029,HNT,213609589.04,213609589.04,12816575.34,69870993.15,76313784.25,54608236.30
Jan 24 2029,HNT,213558219.18,213558219.18,12813493.15,69857636.99,76286815.07,54600273.97
Jan 20 2029,HNT,213517123.29,213517123.29,12811027.40,69846952.05,76265239.73,54593904.11
Jan 15 2029,HNT,213465753.42,213465753.42,12807945.21,69833595.89,76238270.55,54585941.78
Jan 10 2029,HNT,213414383.56,213414383.56,12804863.01,69820239.73,76211301.37,54577979.45
Jan 06 2029,HNT,213373287.67,213373287.67,12802397.26,69809554.79,76189726.03,54571609.59
Jan 01 2029,HNT,213321917.81,213321917.81,12799315.07,69796198.63,76162756.85,54563647.26
Dec 28 2028,HNT,213280821.92,213280821.92,12796849.32,69785513.70,76141181.51,54557277.40
Dec 23 2028,HNT,213229452.05,213229452.05,12793767.12,69772157.53,76114212.33,54549315.07
Dec 18 2028,HNT,213178082.19,213178082.19,12790684.93,69758801.37,76087243.15,54541352.74
Dec 14 2028,HNT,213136986.30,213136986.30,12788219.18,69748116.44,76065667.81,54534982.88
Dec 09 2028,HNT,213085616.44,213085616.44,12785136.99,69734760.27,76038698.63,54527020.55
Dec 04 2028,HNT,213034246.58,213034246.58,12782054.79,69721404.11,76011729.45,54519058.22
Nov 30 2028,HNT,212993150.68,212993150.68,12779589.04,69710719.18,75990154.11,54512688.36
Nov 25 2028,HNT,212941780.82,212941780.82,12776506.85,69697363.01,75963184.93,54504726.03
Nov 21 2028,HNT,212900684.93,212900684.93,12774041.10,69686678.08,75941609.59,54498356.16
Nov 16 2028,HNT,212849315.07,212849315.07,12770958.90,69673321.92,75914640.41,54490393.84
Nov 11 2028,HNT,212797945.21,212797945.21,12767876.71,69659965.75,75887671.23,54482431.51
Nov 07 2028,HNT,212756849.32,212756849.32,12765410.96,69649280.82,75866095.89,54476061.64
Nov 02 2028,HNT,212705479.45,212705479.45,12762328.77,69635924.66,75839126.71,54468099.32
Oct 29 2028,HNT,212664383.56,212664383.56,12759863.01,69625239.73,75817551.37,54461729.45
Oct 24 2028,HNT,212613013.70,212613013.70,12756780.82,69611883.56,75790582.19,54453767.12
Oct 19 2028,HNT,212561643.84,212561643.84,12753698.63,69598527.40,75763613.01,54445804.79
Oct 15 2028,HNT,212520547.95,212520547.95,12751232.88,69587842.47,75742037.67,54439434.93
Oct 10 2028,HNT,212469178.08,212469178.08,12748150.68,69574486.30,75715068.49,54431472.60
Oct 06 2028,HNT,212428082.19,212428082.19,12745684.93,69563801.37,75693493.15,54425102.74
Oct 01 2028,HNT,212376712.33,212376712.33,12742602.74,69550445.21,75666523.97,54417140.41
Sep 26 2028,HNT,212325342.47,212325342.47,12739520.55,69537089.04,75639554.79,54409178.08
Sep 22 2028,HNT,212284246.58,212284246.58,12737054.79,69526404.11,75617979.45,54402808.22
Sep 17 2028,HNT,212232876.71,212232876.71,12733972.60,69513047.95,75591010.27,54394845.89
Sep 12 2028,HNT,212181506.85,212181506.85,12730890.41,69499691.78,75564041.10,54386883.56
Sep 08 2028,HNT,212140410.96,212140410.96,12728424.66,69489006.85,75542465.75,54380513.70
Sep 03 2028,HNT,212089041.10,212089041.10,12725342.47,69475650.68,75515496.58,54372551.37
Aug 30 2028,HNT,212047945.21,212047945.21,12722876.71,69464965.75,75493921.23,54366181.51
Aug 25 2028,HNT,211996575.34,211996575.34,12719794.52,69451609.59,75466952.05,54358219.18
Aug 20 2028,HNT,211945205.48,211945205.48,12716712.33,69438253.42,75439982.88,54350256.85
Aug 16 2028,HNT,211904109.59,211904109.59,12714246.58,69427568.49,75418407.53,54343886.99
Aug 11 2028,HNT,211852739.73,211852739.73,12711164.38,69414212.33,75391438.36,54335924.66
Aug 07 2028,HNT,211811643.84,211811643.84,12708698.63,69403527.40,75369863.01,54329554.79
Aug 02 2028,HNT,211760273.97,211760273.97,12705616.44,69390171.23,75342893.84,54321592.47
Jul 28 2028,HNT,211709016.39,211709016.39,12702540.98,69376434.43,75317008.20,54313032.79
Jul 24 2028,HNT,211668032.79,211668032.79,12700081.97,69365368.85,75296516.39,54306065.57
Jul 19 2028,HNT,211616803.28,211616803.28,12697008.20,69351536.89,75270901.64,54297356.56
Jul 14 2028,HNT,211565573.77,211565573.77,12693934.43,69337704.92,75245286.89,54288647.54
Jul 10 2028,HNT,211524590.16,211524590.16,12691475.41,69326639.34,75224795.08,54281680.33
Jul 05 2028,HNT,211473360.66,211473360.66,12688401.64,69312807.38,75199180.33,54272971.31
Jul 01 2028,HNT,211432377.05,211432377.05,12685942.62,69301741.80,75178688.52,54266004.10
Jun 26 2028,HNT,211381147.54,211381147.54,12682868.85,69287909.84,75153073.77,54257295.08
Jun 21 2028,HNT,211329918.03,211329918.03,12679795.08,69274077.87,75127459.02,54248586.07
Jun 17 2028,HNT,211288934.43,211288934.43,12677336.07,69263012.30,75106967.21,54241618.85
Jun 12 2028,HNT,211237704.92,211237704.92,12674262.30,69249180.33,75081352.46,54232909.84
Jun 08 2028,HNT,211196721.31,211196721.31,12671803.28,69238114.75,75060860.66,54225942.62
Jun 03 2028,HNT,211145491.80,211145491.80,12668729.51,69224282.79,75035245.90,54217233.61
May 29 2028,HNT,211094262.30,211094262.30,12665655.74,69210450.82,75009631.15,54208524.59
May 25 2028,HNT,211053278.69,211053278.69,12663196.72,69199385.25,74989139.34,54201557.38
May 20 2028,HNT,211002049.18,211002049.18,12660122.95,69185553.28,74963524.59,54192848.36
May 16 2028,HNT,210961065.57,210961065.57,12657663.93,69174487.70,74943032.79,54185881.15
May 11 2028,HNT,210909836.07,210909836.07,12654590.16,69160655.74,74917418.03,54177172.13
May 06 2028,HNT,210858606.56,210858606.56,12651516.39,69146823.77,74891803.28,54168463.11
May 02 2028,HNT,210817622.95,210817622.95,12649057.38,69135758.20,74871311.48,54161495.90
Apr 27 2028,HNT,210766393.44,210766393.44,12645983.61,69121926.23,74845696.72,54152786.89
Apr 22 2028,HNT,210715163.93,210715163.93,12642909.84,69108094.26,74820081.97,54144077.87
Apr 18 2028,HNT,210674180.33,210674180.33,12640450.82,69097028.69,74799590.16,54137110.66
Apr 13 2028,HNT,210622950.82,210622950.82,12637377.05,69083196.72,74773975.41,54128401.64
Apr 09 2028,HNT,210581967.21,210581967.21,12634918.03,69072131.15,74753483.61,54121434.43
Apr 04 2028,HNT,210530737.70,210530737.70,12631844.26,69058299.18,74727868.85,54112725.41
Mar 30 2028,HNT,210479508.20,210479508.20,12628770.49,69044467.21,74702254.10,54104016.39
Mar 26 2028,HNT,210438524.59,210438524.59,12626311.48,69033401.64,74681762.30,54097049.18
Mar 21 2028,HNT,210387295.08,210387295.08,12623237.70,69019569.67,74656147.54,54088340.16
Mar 17 2028,HNT,210346311.48,210346311.48,12620778.69,69008504.10,74635655.74,54081372.95
Mar 12 2028,HNT,210295081.97,210295081.97,12617704.92,68994672.13,74610040.98,54072663.93
Mar 07 2028,HNT,210243852.46,210243852.46,12614631.15,68980840.16,74584426.23,54063954.92
Mar 03 2028,HNT,210202868.85,210202868.85,12612172.13,68969774.59,74563934.43,54056987.70
Feb 27 2028,HNT,210151639.34,210151639.34,12609098.36,68955942.62,74538319.67,54048278.69
Feb 22 2028,HNT,210100409.84,210100409.84,12606024.59,68942110.66,74512704.92,54039569.67
Feb 18 2028,HNT,210059426.23,210059426.23,12603565.57,68931045.08,74492213.11,54032602.46
Feb 13 2028,HNT,210008196.72,210008196.72,12600491.80,68917213.11,74466598.36,54023893.44
Feb 09 2028,HNT,209967213.11,209967213.11,12598032.79,68906147.54,74446106.56,54016926.23
Feb 04 2028,HNT,209915983.61,209915983.61,12594959.02,68892315.57,74420491.80,54008217.21
Jan 30 2028,HNT,209864754.10,209864754.10,12591885.25,68878483.61,74394877.05,53999508.20
Jan 26 2028,HNT,209823770.49,209823770.49,12589426.23,68867418.03,74374385.25,53992540.98
Jan 21 2028,HNT,209772540.98,209772540.98,12586352.46,68853586.07,74348770.49,53983831.97
Jan 17 2028,HNT,209731557.38,209731557.38,12583893.44,68842520.49,74328278.69,53976864.75
Jan 12 2028,HNT,209680327.87,209680327.87,12580819.67,68828688.52,74302663.93,53968155.74
Jan 07 2028,HNT,209629098.36,209629098.36,12577745.90,68814856.56,74277049.18,53959446.72
Jan 03 2028,HNT,209588114.75,209588114.75,12575286.89,68803790.98,74256557.38,53952479.51
Dec 29 2027,HNT,209536885.25,209536885.25,12572213.11,68789959.02,74230942.62,53943770.49
Dec 25 2027,HNT,209495901.64,209495901.64,12569754.10,68778893.44,74210450.82,53936803.28
Dec 20 2027,HNT,209444672.13,209444672.13,12566680.33,68765061.48,74184836.07,53928094.26
Dec 15 2027,HNT,209393442.62,209393442.62,12563606.56,68751229.51,74159221.31,53919385.25
Dec 11 2027,HNT,209352459.02,209352459.02,12561147.54,68740163.93,74138729.51,53912418.03
Dec 06 2027,HNT,209301229.51,209301229.51,12558073.77,68726331.97,74113114.75,53903709.02
Dec 01 2027,HNT,209250000.00,209250000.00,12555000.00,68712500.00,74087500.00,53895000.00
Nov 27 2027,HNT,209209016.39,209209016.39,12552540.98,68701434.43,74067008.20,53888032.79
Nov 22 2027,HNT,209157786.89,209157786.89,12549467.21,68687602.46,74041393.44,53879323.77
Nov 18 2027,HNT,209116803.28,209116803.28,12547008.20,68676536.89,74020901.64,53872356.56
Nov 13 2027,HNT,209065573.77,209065573.77,12543934.43,68662704.92,73995286.89,53863647.54
Nov 08 2027,HNT,209014344.26,209014344.26,12540860.66,68648872.95,73969672.13,53854938.52
Nov 04 2027,HNT,208973360.66,208973360.66,12538401.64,68637807.38,73949180.33,53847971.31
Oct 30 2027,HNT,208922131.15,208922131.15,12535327.87,68623975.41,73923565.57,53839262.30
Oct 26 2027,HNT,208881147.54,208881147.54,12532868.85,68612909.84,73903073.77,53832295.08
Oct 21 2027,HNT,208829918.03,208829918.03,12529795.08,68599077.87,73877459.02,53823586.07
Oct 16 2027,HNT,208778688.52,208778688.52,12526721.31,68585245.90,73851844.26,53814877.05
Oct 12 2027,HNT,208737704.92,208737704.92,12524262.30,68574180.33,73831352.46,53807909.84
Oct 07 2027,HNT,208686475.41,208686475.41,12521188.52,68560348.36,73805737.70,53799200.82
Oct 02 2027,HNT,208635245.90,208635245.90,12518114.75,68546516.39,73780122.95,53790491.80
Sep 28 2027,HNT,208594262.30,208594262.30,12515655.74,68535450.82,73759631.15,53783524.59
Sep 23 2027,HNT,208543032.79,208543032.79,12512581.97,68521618.85,73734016.39,53774815.57
Sep 19 2027,HNT,208502049.18,208502049.18,12510122.95,68510553.28,73713524.59,53767848.36
Sep 14 2027,HNT,208450819.67,208450819.67,12507049.18,68496721.31,73687909.84,53759139.34
Sep 09 2027,HNT,208399590.16,208399590.16,12503975.41,68482889.34,73662295.08,53750430.33
Sep 05 2027,HNT,208358606.56,208358606.56,12501516.39,68471823.77,73641803.28,53743463.11
Aug 31 2027,HNT,208307377.05,208307377.05,12498442.62,68457991.80,73616188.52,53734754.10
Aug 27 2027,HNT,208266393.44,208266393.44,12495983.61,68446926.23,73595696.72,53727786.89
Aug 22 2027,HNT,208215163.93,208215163.93,12492909.84,68433094.26,73570081.97,53719077.87
Aug 17 2027,HNT,208163934.43,208163934.43,12489836.07,68419262.30,73544467.21,53710368.85
Aug 13 2027,HNT,208122950.82,208122950.82,12487377.05,68408196.72,73523975.41,53703401.64
Aug 08 2027,HNT,208071721.31,208071721.31,12484303.28,68394364.75,73498360.66,53694692.62
Aug 04 2027,HNT,208030737.70,208030737.70,12481844.26,68383299.18,73477868.85,53687725.41
Jul 30 2027,HNT,207958904.11,207958904.11,12477534.25,68363493.15,73442979.45,53674897.26
Jul 25 2027,HNT,207856164.38,207856164.38,12471369.86,68334726.03,73394178.08,53655890.41
Jul 21 2027,HNT,207773972.60,207773972.60,12466438.36,68311712.33,73355136.99,53640684.93
Jul 16 2027,HNT,207671232.88,207671232.88,12460273.97,68282945.21,73306335.62,53621678.08
Jul 11 2027,HNT,207568493.15,207568493.15,12454109.59,68254178.08,73257534.25,53602671.23
Jul 07 2027,HNT,207486301.37,207486301.37,12449178.08,68231164.38,73218493.15,53587465.75
Jul 02 2027,HNT,207383561.64,207383561.64,12443013.70,68202397.26,73169691.78,53568458.90
Jun 28 2027,HNT,207301369.86,207301369.86,12438082.19,68179383.56,73130650.68,53553253.42
Jun 23 2027,HNT,207198630.14,207198630.14,12431917.81,68150616.44,73081849.32,53534246.58
Jun 18 2027,HNT,207095890.41,207095890.41,12425753.42,68121849.32,73033047.95,53515239.73
Jun 14 2027,HNT,207013698.63,207013698.63,12420821.92,68098835.62,72994006.85,53500034.25
Jun 09 2027,HNT,206910958.90,206910958.90,12414657.53,68070068.49,72945205.48,53481027.40
Jun 05 2027,HNT,206828767.12,206828767.12,12409726.03,68047054.79,72906164.38,53465821.92
May 31 2027,HNT,206726027.40,206726027.40,12403561.64,68018287.67,72857363.01,53446815.07
May 26 2027,HNT,206623287.67,206623287.67,12397397.26,67989520.55,72808561.64,53427808.22
May 22 2027,HNT,206541095.89,206541095.89,12392465.75,67966506.85,72769520.55,53412602.74
May 17 2027,HNT,206438356.16,206438356.16,12386301.37,67937739.73,72720719.18,53393595.89
May 12 2027,HNT,206335616.44,206335616.44,12380136.99,67908972.60,72671917.81,53374589.04
May 08 2027,HNT,206253424.66,206253424.66,12375205.48,67885958.90,72632876.71,53359383.56
May 03 2027,HNT,206150684.93,206150684.93,12369041.10,67857191.78,72584075.34,53340376.71
Apr 29 2027,HNT,206068493.15,206068493.15,12364109.59,67834178.08,72545034.25,53325171.23
Apr 24 2027,HNT,205965753.42,205965753.42,12357945.21,67805410.96,72496232.88,53306164.38
Apr 19 2027,HNT,205863013.70,205863013.70,12351780.82,67776643.84,72447431.51,53287157.53
Apr 15 2027,HNT,205780821.92,205780821.92,12346849.32,67753630.14,72408390.41,53271952.05
Apr 10 2027,HNT,205678082.19,205678082.19,12340684.93,67724863.01,72359589.04,53252945.21
Apr 06 2027,HNT,205595890.41,205595890.41,12335753.42,67701849.32,72320547.95,53237739.73
Apr 01 2027,HNT,205493150.68,205493150.68,12329589.04,67673082.19,72271746.58,53218732.88
Mar 27 2027,HNT,205390410.96,205390410.96,12323424.66,67644315.07,72222945.21,53199726.03
Mar 23 2027,HNT,205308219.18,205308219.18,12318493.15,67621301.37,72183904.11,53184520.55
Mar 18 2027,HNT,205205479.45,205205479.45,12312328.77,67592534.25,72135102.74,53165513.70
Mar 14 2027,HNT,205123287.67,205123287.67,12307397.26,67569520.55,72096061.64,53150308.22
Mar 09 2027,HNT,205020547.95,205020547.95,12301232.88,67540753.42,72047260.27,53131301.37
Mar 04 2027,HNT,204917808.22,204917808.22,12295068.49,67511986.30,71998458.90,53112294.52
Feb 28 2027,HNT,204835616.44,204835616.44,12290136.99,67488972.60,71959417.81,53097089.04
Feb 23 2027,HNT,204732876.71,204732876.71,12283972.60,67460205.48,71910616.44,53078082.19
Feb 18 2027,HNT,204630136.99,204630136.99,12277808.22,67431438.36,71861815.07,53059075.34
Feb 14 2027,HNT,204547945.21,204547945.21,12272876.71,67408424.66,71822773.97,53043869.86
Feb 09 2027,HNT,204445205.48,204445205.48,12266712.33,67379657.53,71773972.60,53024863.01
Feb 05 2027,HNT,204363013.70,204363013.70,12261780.82,67356643.84,71734931.51,53009657.53
Jan 31 2027,HNT,204260273.97,204260273.97,12255616.44,67327876.71,71686130.14,52990650.68
Jan 26 2027,HNT,204157534.25,204157534.25,12249452.05,67299109.59,71637328.77,52971643.84
Jan 22 2027,HNT,204075342.47,204075342.47,12244520.55,67276095.89,71598287.67,52956438.36
Jan 17 2027,HNT,203972602.74,203972602.74,12238356.16,67247328.77,71549486.30,52937431.51
Jan 13 2027,HNT,203890410.96,203890410.96,12233424.66,67224315.07,71510445.21,52922226.03
Jan 08 2027,HNT,203787671.23,203787671.23,12227260.27,67195547.95,71461643.84,52903219.18
Jan 03 2027,HNT,203684931.51,203684931.51,12221095.89,67166780.82,71412842.47,52884212.33
Dec 30 2026,HNT,203602739.73,203602739.73,12216164.38,67143767.12,71373801.37,52869006.85
Dec 25 2026,HNT,203500000.00,203500000.00,12210000.00,67115000.00,71325000.00,52850000.00
Dec 20 2026,HNT,203397260.27,203397260.27,12203835.62,67086232.88,71276198.63,52830993.15
Dec 16 2026,HNT,203315068.49,203315068.49,12198904.11,67063219.18,71237157.53,52815787.67
Dec 11 2026,HNT,203212328.77,203212328.77,12192739.73,67034452.05,71188356.16,52796780.82
Dec 07 2026,HNT,203130136.99,203130136.99,12187808.22,67011438.36,71149315.07,52781575.34
Dec 02 2026,HNT,203027397.26,203027397.26,12181643.84,66982671.23,71100513.70,52762568.49
Nov 27 2026,HNT,202924657.53,202924657.53,12175479.45,66953904.11,71051712.33,52743561.64
Nov 23 2026,HNT,202842465.75,202842465.75,12170547.95,66930890.41,71012671.23,52728356.16
Nov 18 2026,HNT,202739726.03,202739726.03,12164383.56,66902123.29,70963869.86,52709349.32
Nov 14 2026,HNT,202657534.25,202657534.25,12159452.05,66879109.59,70924828.77,52694143.84
Nov 09 2026,HNT,202554794.52,202554794.52,12153287.67,66850342.47,70876027.40,52675136.99
Nov 04 2026,HNT,202452054.79,202452054.79,12147123.29,66821575.34,70827226.03,52656130.14
Oct 31 2026,HNT,202369863.01,202369863.01,12142191.78,66798561.64,70788184.93,52640924.66
Oct 26 2026,HNT,202267123.29,202267123.29,12136027.40,66769794.52,70739383.56,52621917.81
Oct 22 2026,HNT,202184931.51,202184931.51,12131095.89,66746780.82,70700342.47,52606712.33
Oct 17 2026,HNT,202082191.78,202082191.78,12124931.51,66718013.70,70651541.10,52587705.48
Oct 12 2026,HNT,201979452.05,201979452.05,12118767.12,66689246.58,70602739.73,52568698.63
Oct 08 2026,HNT,201897260.27,201897260.27,12113835.62,66666232.88,70563698.63,52553493.15
Oct 03 2026,HNT,201794520.55,201794520.55,12107671.23,66637465.75,70514897.26,52534486.30
Sep 28 2026,HNT,201691780.82,201691780.82,12101506.85,66608698.63,70466095.89,52515479.45
Sep 24 2026,HNT,201609589.04,201609589.04,12096575.34,66585684.93,70427054.79,52500273.97
Sep 19 2026,HNT,201506849.32,201506849.32,12090410.96,66556917.81,70378253.42,52481267.12
Sep 15 2026,HNT,201424657.53,201424657.53,12085479.45,66533904.11,70339212.33,52466061.64
Sep 10 2026,HNT,201321917.81,201321917.81,12079315.07,66505136.99,70290410.96,52447054.79
Sep 05 2026,HNT,201219178.08,201219178.08,12073150.68,66476369.86,70241609.59,52428047.95
Sep 01 2026,HNT,201136986.30,201136986.30,12068219.18,66453356.16,70202568.49,52412842.47
Aug 27 2026,HNT,201034246.58,201034246.58,12062054.79,66424589.04,70153767.12,52393835.62
Aug 23 2026,HNT,200952054.79,200952054.79,12057123.29,66401575.34,70114726.03,52378630.14
Aug 18 2026,HNT,200849315.07,200849315.07,12050958.90,66372808.22,70065924.66,52359623.29
Aug 13 2026,HNT,200746575.34,200746575.34,12044794.52,66344041.10,70017123.29,52340616.44
Aug 09 2026,HNT,200664383.56,200664383.56,12039863.01,66321027.40,69978082.19,52325410.96
Aug 04 2026,HNT,200561643.84,200561643.84,12033698.63,66292260.27,69929280.82,52306404.11
Jul 30 2026,HNT,200458904.11,200458904.11,12027534.25,66263082.19,69881506.85,52286780.82
Jul 26 2026,HNT,200376712.33,200376712.33,12022602.74,66239246.58,69844520.55,52270342.47
Jul 21 2026,HNT,200273972.60,200273972.60,12016438.36,66209452.05,69798287.67,52249794.52
Jul 17 2026,HNT,200191780.82,200191780.82,12011506.85,66185616.44,69761301.37,52233356.16
Jul 12 2026,HNT,200089041.10,200089041.10,12005342.47,66155821.92,69715068.49,52212808.22
Jul 07 2026,HNT,199986301.37,199986301.37,11999178.08,66126027.40,69668835.62,52192260.27
Jul 03 2026,HNT,199904109.59,199904109.59,11994246.58,66102191.78,69631849.32,52175821.92
Jun 28 2026,HNT,199801369.86,199801369.86,11988082.19,66072397.26,69585616.44,52155273.97
Jun 24 2026,HNT,199719178.08,199719178.08,11983150.68,66048561.64,69548630.14,52138835.62
Jun 19 2026,HNT,199616438.36,199616438.36,11976986.30,66018767.12,69502397.26,52118287.67
Jun 14 2026,HNT,199513698.63,199513698.63,11970821.92,65988972.60,69456164.38,52097739.73
Jun 10 2026,HNT,199431506.85,199431506.85,11965890.41,65965136.99,69419178.08,52081301.37
Jun 05 2026,HNT,199328767.12,199328767.12,11959726.03,65935342.47,69372945.21,52060753.42
Jun 01 2026,HNT,199246575.34,199246575.34,11954794.52,65911506.85,69335958.90,52044315.07
May 27 2026,HNT,199143835.62,199143835.62,11948630.14,65881712.33,69289726.03,52023767.12
May 22 2026,HNT,199041095.89,199041095.89,11942465.75,65851917.81,69243493.15,52003219.18
May 18 2026,HNT,198958904.11,198958904.11,11937534.25,65828082.19,69206506.85,51986780.82
May 13 2026,HNT,198856164.38,198856164.38,11931369.86,65798287.67,69160273.97,51966232.88
May 08 2026,HNT,198753424.66,198753424.66,11925205.48,65768493.15,69114041.10,51945684.93
May 04 2026,HNT,198671232.88,198671232.88,11920273.97,65744657.53,69077054.79,51929246.58
Apr 29 2026,HNT,198568493.15,198568493.15,11914109.59,65714863.01,69030821.92,51908698.63
Apr 25 2026,HNT,198486301.37,198486301.37,11909178.08,65691027.40,68993835.62,51892260.27
Apr 20 2026,HNT,198383561.64,198383561.64,11903013.70,65661232.88,68947602.74,51871712.33
Apr 15 2026,HNT,198280821.92,198280821.92,11896849.32,65631438.36,68901369.86,51851164.38
Apr 11 2026,HNT,198198630.14,198198630.14,11891917.81,65607602.74,68864383.56,51834726.03
Apr 06 2026,HNT,198095890.41,198095890.41,11885753.42,65577808.22,68818150.68,51814178.08
Apr 02 2026,HNT,198013698.63,198013698.63,11880821.92,65553972.60,68781164.38,51797739.73
Mar 28 2026,HNT,197910958.90,197910958.90,11874657.53,65524178.08,68734931.51,51777191.78
Mar 23 2026,HNT,197808219.18,197808219.18,11868493.15,65494383.56,68688698.63,51756643.84
Mar 19 2026,HNT,197726027.40,197726027.40,11863561.64,65470547.95,68651712.33,51740205.48
Mar 14 2026,HNT,197623287.67,197623287.67,11857397.26,65440753.42,68605479.45,51719657.53
Mar 09 2026,HNT,197520547.95,197520547.95,11851232.88,65410958.90,68559246.58,51699109.59
Mar 05 2026,HNT,197438356.16,197438356.16,11846301.37,65387123.29,68522260.27,51682671.23
Feb 28 2026,HNT,197335616.44,197335616.44,11840136.99,65357328.77,68476027.40,51662123.29
Feb 24 2026,HNT,197253424.66,197253424.66,11835205.48,65333493.15,68439041.10,51645684.93
Feb 19 2026,HNT,197150684.93,197150684.93,11829041.10,65303698.63,68392808.22,51625136.99
Feb 14 2026,HNT,197047945.21,197047945.21,11822876.71,65273904.11,68346575.34,51604589.04
Feb 10 2026,HNT,196965753.42,196965753.42,11817945.21,65250068.49,68309589.04,51588150.68
Feb 05 2026,HNT,196863013.70,196863013.70,11811780.82,65220273.97,68263356.16,51567602.74
Feb 01 2026,HNT,196780821.92,196780821.92,11806849.32,65196438.36,68226369.86,51551164.38
Jan 27 2026,HNT,196678082.19,196678082.19,11800684.93,65166643.84,68180136.99,51530616.44
Jan 22 2026,HNT,196575342.47,196575342.47,11794520.55,65136849.32,68133904.11,51510068.49
Jan 18 2026,HNT,196493150.68,196493150.68,11789589.04,65113013.70,68096917.81,51493630.14
Jan 13 2026,HNT,196390410.96,196390410.96,11783424.66,65083219.18,68050684.93,51473082.19
Jan 09 2026,HNT,196308219.18,196308219.18,11778493.15,65059383.56,68013698.63,51456643.84
Jan 04 2026,HNT,196205479.45,196205479.45,11772328.77,65029589.04,67967465.75,51436095.89
Dec 30 2025,HNT,196102739.73,196102739.73,11766164.38,64999794.52,67921232.88,51415547.95
Dec 26 2025,HNT,196020547.95,196020547.95,11761232.88,64975958.90,67884246.58,51399109.59
Dec 21 2025,HNT,195917808.22,195917808.22,11755068.49,64946164.38,67838013.70,51378561.64
Dec 16 2025,HNT,195815068.49,195815068.49,11748904.11,64916369.86,67791780.82,51358013.70
Dec 12 2025,HNT,195732876.71,195732876.71,11743972.60,64892534.25,67754794.52,51341575.34
Dec 07 2025,HNT,195630136.99,195630136.99,11737808.22,64862739.73,67708561.64,51321027.40
Dec 03 2025,HNT,195547945.21,195547945.21,11732876.71,64838904.11,67671575.34,51304589.04
Nov 28 2025,HNT,195445205.48,195445205.48,11726712.33,64809109.59,67625342.47,51284041.10
Nov 23 2025,HNT,195342465.75,195342465.75,11720547.95,64779315.07,67579109.59,51263493.15
Nov 19 2025,HNT,195260273.97,195260273.97,11715616.44,64755479.45,67542123.29,51247054.79
Nov 14 2025,HNT,195157534.25,195157534.25,11709452.05,64725684.93,67495890.41,51226506.85
Nov 10 2025,HNT,195075342.47,195075342.47,11704520.55,64701849.32,67458904.11,51210068.49
Nov 05 2025,HNT,194972602.74,194972602.74,11698356.16,64672054.79,67412671.23,51189520.55
Oct 31 2025,HNT,194869863.01,194869863.01,11692191.78,64642260.27,67366438.36,51168972.60
Oct 27 2025,HNT,194787671.23,194787671.23,11687260.27,64618424.66,67329452.05,51152534.25
Oct 22 2025,HNT,194684931.51,194684931.51,11681095.89,64588630.14,67283219.18,51131986.30
Oct 17 2025,HNT,194582191.78,194582191.78,11674931.51,64558835.62,67236986.30,51111438.36
Oct 13 2025,HNT,194500000.00,194500000.00,11670000.00,64535000.00,67200000.00,51095000.00
Oct 08 2025,HNT,194397260.27,194397260.27,11663835.62,64505205.48,67153767.12,51074452.05
Oct 04 2025,HNT,194315068.49,194315068.49,11658904.11,64481369.86,67116780.82,51058013.70
Sep 29 2025,HNT,194212328.77,194212328.77,11652739.73,64451575.34,67070547.95,51037465.75
Sep 24 2025,HNT,194109589.04,194109589.04,11646575.34,64421780.82,67024315.07,51016917.81
Sep 20 2025,HNT,194027397.26,194027397.26,11641643.84,64397945.21,66987328.77,51000479.45
Sep 15 2025,HNT,193924657.53,193924657.53,11635479.45,64368150.68,66941095.89,50979931.51
Sep 11 2025,HNT,193842465.75,193842465.75,11630547.95,64344315.07,66904109.59,50963493.15
Sep 06 2025,HNT,193739726.03,193739726.03,11624383.56,64314520.55,66857876.71,50942945.21
Sep 01 2025,HNT,193636986.30,193636986.30,11618219.18,64284726.03,66811643.84,50922397.26
Aug 28 2025,HNT,193554794.52,193554794.52,11613287.67,64260890.41,66774657.53,50905958.90
Aug 23 2025,HNT,193452054.79,193452054.79,11607123.29,64231095.89,66728424.66,50885410.96
Aug 19 2025,HNT,193369863.01,193369863.01,11602191.78,64207260.27,66691438.36,50868972.60
Aug 14 2025,HNT,193267123.29,193267123.29,11596027.40,64177465.75,66645205.48,50848424.66
Aug 09 2025,HNT,193164383.56,193164383.56,11589863.01,64147671.23,66598972.60,50827876.71
Aug 05 2025,HNT,193082191.78,193082191.78,11584931.51,64123835.62,66561986.30,50811438.36
Jul 31 2025,HNT,192958904.11,192958904.11,11577534.25,64087671.23,66507534.25,50786164.38
Jul 26 2025,HNT,192753424.66,192753424.66,11565205.48,64026027.40,66420205.48,50741986.30
Jul 22 2025,HNT,192589041.10,192589041.10,11555342.47,63976712.33,66350342.47,50706643.84
Jul 17 2025,HNT,192383561.64,192383561.64,11543013.70,63915068.49,66263013.70,50662465.75
Jul 13 2025,HNT,192219178.08,192219178.08,11533150.68,63865753.42,66193150.68,50627123.29
Jul 08 2025,HNT,192013698.63,192013698.63,11520821.92,63804109.59,66105821.92,50582945.21
Jul 03 2025,HNT,191808219.18,191808219.18,11508493.15,63742465.75,66018493.15,50538767.12
Jun 29 2025,HNT,191643835.62,191643835.62,11498630.14,63693150.68,65948630.14,50503424.66
Jun 24 2025,HNT,191438356.16,191438356.16,11486301.37,63631506.85,65861301.37,50459246.58
Jun 20 2025,HNT,191273972.60,191273972.60,11476438.36,63582191.78,65791438.36,50423904.11
Jun 15 2025,HNT,191068493.15,191068493.15,11464109.59,63520547.95,65704109.59,50379726.03
Jun 10 2025,HNT,190863013.70,190863013.70,11451780.82,63458904.11,65616780.82,50335547.95
Jun 06 2025,HNT,190698630.14,190698630.14,11441917.81,63409589.04,65546917.81,50300205.48
Jun 01 2025,HNT,190493150.68,190493150.68,11429589.04,63347945.21,65459589.04,50256027.40
May 27 2025,HNT,190287671.23,190287671.23,11417260.27,63286301.37,65372260.27,50211849.32
May 23 2025,HNT,190123287.67,190123287.67,11407397.26,63236986.30,65302397.26,50176506.85
May 18 2025,HNT,189917808.22,189917808.22,11395068.49,63175342.47,65215068.49,50132328.77
May 14 2025,HNT,189753424.66,189753424.66,11385205.48,63126027.40,65145205.48,50096986.30
May 09 2025,HNT,189547945.21,189547945.21,11372876.71,63064383.56,65057876.71,50052808.22
May 04 2025,HNT,189342465.75,189342465.75,11360547.95,63002739.73,64970547.95,50008630.14
Apr 30 2025,HNT,189178082.19,189178082.19,11350684.93,62953424.66,64900684.93,49973287.67
Apr 25 2025,HNT,188972602.74,188972602.74,11338356.16,62891780.82,64813356.16,49929109.59
Apr 21 2025,HNT,188808219.18,188808219.18,11328493.15,62842465.75,64743493.15,49893767.12
Apr 16 2025,HNT,188602739.73,188602739.73,11316164.38,62780821.92,64656164.38,49849589.04
Apr 11 2025,HNT,188397260.27,188397260.27,11303835.62,62719178.08,64568835.62,49805410.96
Apr 07 2025,HNT,188232876.71,188232876.71,11293972.60,62669863.01,64498972.60,49770068.49
Apr 02 2025,HNT,188027397.26,188027397.26,11281643.84,62608219.18,64411643.84,49725890.41
Mar 29 2025,HNT,187863013.70,187863013.70,11271780.82,62558904.11,64341780.82,49690547.95
Mar 24 2025,HNT,187657534.25,187657534.25,11259452.05,62497260.27,64254452.05,49646369.86
Mar 19 2025,HNT,187452054.79,187452054.79,11247123.29,62435616.44,64167123.29,49602191.78
Mar 15 2025,HNT,187287671.23,187287671.23,11237260.27,62386301.37,64097260.27,49566849.32
Mar 10 2025,HNT,187082191.78,187082191.78,11224931.51,62324657.53,64009931.51,49522671.23
Mar 05 2025,HNT,186876712.33,186876712.33,11212602.74,62263013.70,63922602.74,49478493.15
Mar 01 2025,HNT,186712328.77,186712328.77,11202739.73,62213698.63,63852739.73,49443150.68
Feb 24 2025,HNT,186506849.32,186506849.32,11190410.96,62152054.79,63765410.96,49398972.60
Feb 20 2025,HNT,186342465.75,186342465.75,11180547.95,62102739.73,63695547.95,49363630.14
Feb 15 2025,HNT,186136986.30,186136986.30,11168219.18,62041095.89,63608219.18,49319452.05
Feb 10 2025,HNT,185931506.85,185931506.85,11155890.41,61979452.05,63520890.41,49275273.97
Feb 06 2025,HNT,185767123.29,185767123.29,11146027.40,61930136.99,63451027.40,49239931.51
Feb 01 2025,HNT,185561643.84,185561643.84,11133698.63,61868493.15,63363698.63,49195753.42
Jan 28 2025,HNT,185397260.27,185397260.27,11123835.62,61819178.08,63293835.62,49160410.96
Jan 23 2025,HNT,185191780.82,185191780.82,11111506.85,61757534.25,63206506.85,49116232.88
Jan 18 2025,HNT,184986301.37,184986301.37,11099178.08,61695890.41,63119178.08,49072054.79
Jan 14 2025,HNT,184821917.81,184821917.81,11089315.07,61646575.34,63049315.07,49036712.33
Jan 09 2025,HNT,184616438.36,184616438.36,11076986.30,61584931.51,62961986.30,48992534.25
Jan 05 2025,HNT,184452054.79,184452054.79,11067123.29,61535616.44,62892123.29,48957191.78
Dec 31 2024,HNT,184246575.34,184246575.34,11054794.52,61473972.60,62804794.52,48913013.70
Dec 26 2024,HNT,184041095.89,184041095.89,11042465.75,61412328.77,62717465.75,48868835.62
Dec 22 2024,HNT,183876712.33,183876712.33,11032602.74,61363013.70,62647602.74,48833493.15
Dec 17 2024,HNT,183671232.88,183671232.88,11020273.97,61301369.86,62560273.97,48789315.07
Dec 12 2024,HNT,183465753.42,183465753.42,11007945.21,61239726.03,62472945.21,48745136.99
Dec 08 2024,HNT,183301369.86,183301369.86,10998082.19,61190410.96,62403082.19,48709794.52
Dec 03 2024,HNT,183095890.41,183095890.41,10985753.42,61128767.12,62315753.42,48665616.44
Nov 29 2024,HNT,182931506.85,182931506.85,10975890.41,61079452.05,62245890.41,48630273.97
Nov 29 2024,HNT,182931506.85,182931506.85,10975890.41,61079452.05,62245890.41,48630273.97
Nov 24 2024,HNT,182726027.40,182726027.40,10963561.64,61017808.22,62158561.64,48586095.89
Nov 19 2024,HNT,182520547.95,182520547.95,10951232.88,60956164.38,62071232.88,48541917.81
Nov 15 2024,HNT,182356164.38,182356164.38,10941369.86,60906849.32,62001369.86,48506575.34
Nov 10 2024,HNT,182150684.93,182150684.93,10929041.10,60845205.48,61914041.10,48462397.26
Nov 06 2024,HNT,181986301.37,181986301.37,10919178.08,60795890.41,61844178.08,48427054.79
Nov 01 2024,HNT,181780821.92,181780821.92,10906849.32,60734246.58,61756849.32,48382876.71
Oct 27 2024,HNT,181575342.47,181575342.47,10894520.55,60672602.74,61669520.55,48338698.63
Oct 23 2024,HNT,181410958.90,181410958.90,10884657.53,60623287.67,61599657.53,48303356.16
Oct 18 2024,HNT,181205479.45,181205479.45,10872328.77,60561643.84,61512328.77,48259178.08
Oct 13 2024,HNT,181000000.00,181000000.00,10860000.00,60500000.00,61425000.00,48215000.00
Oct 09 2024,HNT,180835616.44,180835616.44,10850136.99,60450684.93,61355136.99,48179657.53
Oct 04 2024,HNT,180630136.99,180630136.99,10837808.22,60389041.10,61267808.22,48135479.45
Sep 30 2024,HNT,180465753.42,180465753.42,10827945.21,60339726.03,61197945.21,48100136.99
Sep 25 2024,HNT,180260273.97,180260273.97,10815616.44,60278082.19,61110616.44,48055958.90
Sep 20 2024,HNT,180054794.52,180054794.52,10803287.67,60216438.36,61023287.67,48011780.82
Sep 16 2024,HNT,179890410.96,179890410.96,10793424.66,60167123.29,60953424.66,47976438.36
Sep 11 2024,HNT,179684931.51,179684931.51,10781095.89,60105479.45,60866095.89,47932260.27
Sep 07 2024,HNT,179520547.95,179520547.95,10771232.88,60056164.38,60796232.88,47896917.81
Sep 02 2024,HNT,179315068.49,179315068.49,10758904.11,59994520.55,60708904.11,47852739.73
Aug 28 2024,HNT,179109589.04,179109589.04,10746575.34,59932876.71,60621575.34,47808561.64
Aug 24 2024,HNT,178945205.48,178945205.48,10736712.33,59883561.64,60551712.33,47773219.18
Aug 19 2024,HNT,178739726.03,178739726.03,10724383.56,59821917.81,60464383.56,47729041.10
Aug 15 2024,HNT,178575342.47,178575342.47,10714520.55,59772602.74,60394520.55,47693698.63
Aug 10 2024,HNT,178369863.01,178369863.01,10702191.78,59710958.90,60307191.78,47649520.55
Aug 05 2024,HNT,178164383.56,178164383.56,10689863.01,59649315.07,60219863.01,47605342.47
Aug 01 2024,HNT,178000000.00,178000000.00,10680000.00,59600000.00,60150000.00,47570000.00
Jul 27 2024,HNT,177795081.97,177795081.97,10667704.92,59536475.41,60068032.79,47522868.85
Jul 22 2024,HNT,177590163.93,177590163.93,10655409.84,59472950.82,59986065.57,47475737.70
Jul 18 2024,HNT,177426229.51,177426229.51,10645573.77,59422131.15,59920491.80,47438032.79
Jul 13 2024,HNT,177221311.48,177221311.48,10633278.69,59358606.56,59838524.59,47390901.64
Jul 09 2024,HNT,177057377.05,177057377.05,10623442.62,59307786.89,59772950.82,47353196.72
Jul 04 2024,HNT,176852459.02,176852459.02,10611147.54,59244262.30,59690983.61,47306065.57
Jun 29 2024,HNT,176647540.98,176647540.98,10598852.46,59180737.70,59609016.39,47258934.43
Jun 25 2024,HNT,176483606.56,176483606.56,10589016.39,59129918.03,59543442.62,47221229.51
Jun 20 2024,HNT,176278688.52,176278688.52,10576721.31,59066393.44,59461475.41,47174098.36
Jun 16 2024,HNT,176114754.10,176114754.10,10566885.25,59015573.77,59395901.64,47136393.44
Jun 11 2024,HNT,175909836.07,175909836.07,10554590.16,58952049.18,59313934.43,47089262.30
Jun 06 2024,HNT,175704918.03,175704918.03,10542295.08,58888524.59,59231967.21,47042131.15
Jun 02 2024,HNT,175540983.61,175540983.61,10532459.02,58837704.92,59166393.44,47004426.23
May 28 2024,HNT,175336065.57,175336065.57,10520163.93,58774180.33,59084426.23,46957295.08
May 23 2024,HNT,175131147.54,175131147.54,10507868.85,58710655.74,59002459.02,46910163.93
May 19 2024,HNT,174967213.11,174967213.11,10498032.79,58659836.07,58936885.25,46872459.02
May 14 2024,HNT,174762295.08,174762295.08,10485737.70,58596311.48,58854918.03,46825327.87
May 10 2024,HNT,174598360.66,174598360.66,10475901.64,58545491.80,58789344.26,46787622.95
May 05 2024,HNT,174393442.62,174393442.62,10463606.56,58481967.21,58707377.05,46740491.80
Apr 30 2024,HNT,174188524.59,174188524.59,10451311.48,58418442.62,58625409.84,46693360.66
Apr 26 2024,HNT,174024590.16,174024590.16,10441475.41,58367622.95,58559836.07,46655655.74
Apr 21 2024,HNT,173819672.13,173819672.13,10429180.33,58304098.36,58477868.85,46608524.59
Apr 17 2024,HNT,173655737.70,173655737.70,10419344.26,58253278.69,58412295.08,46570819.67
Apr 12 2024,HNT,173450819.67,173450819.67,10407049.18,58189754.10,58330327.87,46523688.52
Apr 07 2024,HNT,173245901.64,173245901.64,10394754.10,58126229.51,58248360.66,46476557.38
Apr 03 2024,HNT,173081967.21,173081967.21,10384918.03,58075409.84,58182786.89,46438852.46
Mar 29 2024,HNT,0,172877049.18,10372622.95,58011885.25,58100819.67,46391721.31
Mar 25 2024,HNT,0,172713114.75,10362786.89,57961065.57,58035245.90,46354016.39
Mar 20 2024,HNT,0,172508196.72,10350491.80,57897540.98,57953278.69,46306885.25
Mar 15 2024,HNT,0,172303278.69,10338196.72,57834016.39,57871311.48,46259754.10
Mar 11 2024,HNT,0,172139344.26,10328360.66,57783196.72,57805737.70,46222049.18
Mar 06 2024,HNT,0,171934426.23,10316065.57,57719672.13,57723770.49,46174918.03
Mar 01 2024,HNT,0,171729508.20,10303770.49,57656147.54,57641803.28,46127786.89
Feb 26 2024,HNT,0,171565573.77,10293934.43,57605327.87,57576229.51,46090081.97
Feb 21 2024,HNT,0,171360655.74,10281639.34,57541803.28,57494262.30,46042950.82
Feb 17 2024,HNT,0,171196721.31,10271803.28,57490983.61,57428688.52,46005245.90
Feb 12 2024,HNT,0,170991803.28,10259508.20,57427459.02,57346721.31,45958114.75
Feb 07 2024,HNT,0,170786885.25,10247213.11,57363934.43,57264754.10,45910983.61
Feb 03 2024,HNT,0,170622950.82,10237377.05,57313114.75,57199180.33,45873278.69
Jan 29 2024,HNT,0,170418032.79,10225081.97,57249590.16,57117213.11,45826147.54
Jan 25 2024,HNT,0,170254098.36,10215245.90,57198770.49,57051639.34,45788442.62
Jan 20 2024,HNT,0,170049180.33,10202950.82,57135245.90,56969672.13,45741311.48
Jan 15 2024,HNT,0,169844262.30,10190655.74,57071721.31,56887704.92,45694180.33
Jan 11 2024,HNT,0,169680327.87,10180819.67,57020901.64,56822131.15,45656475.41
Jan 06 2024,HNT,0,169475409.84,10168524.59,56957377.05,56740163.93,45609344.26
Jan 01 2024,HNT,0,169270491.80,10156229.51,56893852.46,56658196.72,45562213.11
Dec 28 2023,HNT,0,169106557.38,10146393.44,56843032.79,56592622.95,45524508.20
Dec 23 2023,HNT,0,168901639.34,10134098.36,56779508.20,56510655.74,45477377.05
Dec 19 2023,HNT,0,168737704.92,10124262.30,56728688.52,56445081.97,45439672.13
Dec 14 2023,HNT,0,168532786.89,10111967.21,56665163.93,56363114.75,45392540.98
Dec 09 2023,HNT,0,168327868.85,10099672.13,56601639.34,56281147.54,45345409.84
Dec 05 2023,HNT,0,168163934.43,10089836.07,56550819.67,56215573.77,45307704.92
Nov 30 2023,HNT,0,167959016.39,10077540.98,56487295.08,56133606.56,45260573.77
Nov 26 2023,HNT,0,167795081.97,10067704.92,56436475.41,56068032.79,45222868.85
Nov 21 2023,HNT,0,167590163.93,10055409.84,56372950.82,55986065.57,45175737.70
Nov 16 2023,HNT,0,167385245.90,10043114.75,56309426.23,55904098.36,45128606.56
Nov 12 2023,HNT,0,167221311.48,10033278.69,56258606.56,55838524.59,45090901.64
Nov 07 2023,HNT,0,167016393.44,10020983.61,56195081.97,55756557.38,45043770.49
Nov 03 2023,HNT,0,166852459.02,10011147.54,56144262.30,55690983.61,45006065.57
Oct 29 2023,HNT,0,166647540.98,9998852.46,56080737.70,55609016.39,44958934.43
Oct 24 2023,HNT,0,166442622.95,9986557.38,56017213.11,55527049.18,44911803.28
Oct 20 2023,HNT,0,166278688.52,9976721.31,55966393.44,55461475.41,44874098.36
Oct 15 2023,HNT,0,166073770.49,9964426.23,55902868.85,55379508.20,44826967.21
Oct 10 2023,HNT,0,165868852.46,9952131.15,55839344.26,55297540.98,44779836.07
Oct 06 2023,HNT,0,165704918.03,9942295.08,55788524.59,55231967.21,44742131.15
Oct 01 2023,HNT,0,165500000.00,9930000.00,55725000.00,55150000.00,44695000.00
Sep 27 2023,HNT,0,165336065.57,9920163.93,55674180.33,55084426.23,44657295.08
Sep 22 2023,HNT,0,165131147.54,9907868.85,55610655.74,55002459.02,44610163.93
Sep 17 2023,HNT,0,164926229.51,9895573.77,55547131.15,54920491.80,44563032.79
Sep 13 2023,HNT,0,164762295.08,9885737.70,55496311.48,54854918.03,44525327.87
Sep 08 2023,HNT,0,164557377.05,9873442.62,55432786.89,54772950.82,44478196.72
Sep 04 2023,HNT,0,164393442.62,9863606.56,55381967.21,54707377.05,44440491.80
Aug 30 2023,HNT,0,164188524.59,9851311.48,55318442.62,54625409.84,44393360.66
Aug 25 2023,HNT,0,163983606.56,9839016.39,55254918.03,54543442.62,44346229.51
Aug 21 2023,HNT,0,163819672.13,9829180.33,55204098.36,54477868.85,44308524.59
Aug 16 2023,HNT,0,163614754.10,9816885.25,55140573.77,54395901.64,44261393.44
Aug 11 2023,HNT,0,163409836.07,9804590.16,55077049.18,54313934.43,44214262.30
Aug 07 2023,HNT,0,163245901.64,9794754.10,55026229.51,54248360.66,44176557.38
Aug 02 2023,HNT,0,163040983.61,9782459.02,54962704.92,54166393.44,44129426.23
Jul 29 2023,HNT,0,162753424.66,9765205.48,54871095.89,54057534.25,44059589.04
Jul 24 2023,HNT,0,162342465.75,9740547.95,54739589.04,53903424.66,43958904.11
Jul 19 2023,HNT,0,161931506.85,9715890.41,54608082.19,53749315.07,43858219.18
Jul 15 2023,HNT,0,161602739.73,9696164.38,54502876.71,53626027.40,43777671.23
Jul 10 2023,HNT,0,161191780.82,9671506.85,54371369.86,53471917.81,43676986.30
Jul 06 2023,HNT,0,160863013.70,9651780.82,54266164.38,53348630.14,43596438.36
Jul 01 2023,HNT,0,160452054.79,9627123.29,54134657.53,53194520.55,43495753.42
Jun 26 2023,HNT,0,160041095.89,9602465.75,54003150.68,53040410.96,43395068.49
Jun 22 2023,HNT,0,159712328.77,9582739.73,53897945.21,52917123.29,43314520.55
Jun 17 2023,HNT,0,159301369.86,9558082.19,53766438.36,52763013.70,43213835.62
Jun 13 2023,HNT,0,158972602.74,9538356.16,53661232.88,52639726.03,43133287.67
Jun 08 2023,HNT,0,158561643.84,9513698.63,53529726.03,52485616.44,43032602.74
Jun 03 2023,HNT,0,158150684.93,9489041.10,53398219.18,52331506.85,42931917.81
May 30 2023,HNT,0,157821917.81,9469315.07,53293013.70,52208219.18,42851369.86
May 25 2023,HNT,0,157410958.90,9444657.53,53161506.85,52054109.59,42750684.93
May 20 2023,HNT,0,157000000.00,9420000.00,53030000.00,51900000.00,42650000.00
May 16 2023,HNT,0,156671232.88,9400273.97,52924794.52,51776712.33,42569452.05
May 11 2023,HNT,0,156260273.97,9375616.44,52793287.67,51622602.74,42468767.12
May 07 2023,HNT,0,155931506.85,9355890.41,52688082.19,51499315.07,42388219.18
May 02 2023,HNT,0,155520547.95,9331232.88,52556575.34,51345205.48,42287534.25
Apr 27 2023,HNT,0,155109589.04,9306575.34,52425068.49,51191095.89,42186849.32
Apr 23 2023,HNT,0,154780821.92,9286849.32,52319863.01,51067808.22,42106301.37
Apr 18 2023,HNT,0,154369863.01,9262191.78,52188356.16,50913698.63,42005616.44
Apr 14 2023,HNT,0,154041095.89,9242465.75,52083150.68,50790410.96,41925068.49
Apr 09 2023,HNT,0,153630136.99,9217808.22,51951643.84,50636301.37,41824383.56
Apr 04 2023,HNT,0,153219178.08,9193150.68,51820136.99,50482191.78,41723698.63
Mar 31 2023,HNT,0,152890410.96,9173424.66,51714931.51,50358904.11,41643150.68
Mar 26 2023,HNT,0,152479452.05,9148767.12,51583424.66,50204794.52,41542465.75
Mar 21 2023,HNT,0,152068493.15,9124109.59,51451917.81,50050684.93,41441780.82
Mar 17 2023,HNT,0,151739726.03,9104383.56,51346712.33,49927397.26,41361232.88
Mar 12 2023,HNT,0,151328767.12,9079726.03,51215205.48,49773287.67,41260547.95
Mar 08 2023,HNT,0,151000000.00,9060000.00,51110000.00,49650000.00,41180000.00
Mar 03 2023,HNT,0,150589041.10,9035342.47,50978493.15,49495890.41,41079315.07
Feb 26 2023,HNT,0,150178082.19,9010684.93,50846986.30,49341780.82,40978630.14
Feb 22 2023,HNT,0,149849315.07,8990958.90,50741780.82,49218493.15,40898082.19
Feb 17 2023,HNT,0,149438356.16,8966301.37,50610273.97,49064383.56,40797397.26
Feb 13 2023,HNT,0,149109589.04,8946575.34,50505068.49,48941095.89,40716849.32
Feb 08 2023,HNT,0,148698630.14,8921917.81,50373561.64,48786986.30,40616164.38
Feb 03 2023,HNT,0,148287671.23,8897260.27,50242054.79,48632876.71,40515479.45
Jan 30 2023,HNT,0,147958904.11,8877534.25,50136849.32,48509589.04,40434931.51
Jan 25 2023,HNT,0,147547945.21,8852876.71,50005342.47,48355479.45,40334246.58
Jan 21 2023,HNT,0,147219178.08,8833150.68,49900136.99,48232191.78,40253698.63
Jan 16 2023,HNT,0,146808219.18,8808493.15,49768630.14,48078082.19,40153013.70
Jan 11 2023,HNT,0,146397260.27,8783835.62,49637123.29,47923972.60,40052328.77
Jan 07 2023,HNT,0,146068493.15,8764109.59,49531917.81,47800684.93,39971780.82
Jan 02 2023,HNT,0,145657534.25,8739452.05,49400410.96,47646575.34,39871095.89
Dec 28 2022,HNT,0,145246575.34,8714794.52,49268904.11,47492465.75,39770410.96
Dec 24 2022,HNT,0,144917808.22,8695068.49,49163698.63,47369178.08,39689863.01
Dec 19 2022,HNT,0,144506849.32,8670410.96,49032191.78,47215068.49,39589178.08
Dec 15 2022,HNT,0,144178082.19,8650684.93,48926986.30,47091780.82,39508630.14
Dec 10 2022,HNT,0,143767123.29,8626027.40,48795479.45,46937671.23,39407945.21
Dec 05 2022,HNT,0,143356164.38,8601369.86,48663972.60,46783561.64,39307260.27
Dec 01 2022,HNT,0,143027397.26,8581643.84,48558767.12,46660273.97,39226712.33
Nov 26 2022,HNT,0,142616438.36,8556986.30,48427260.27,46506164.38,39126027.40
Nov 22 2022,HNT,0,142287671.23,8537260.27,48322054.79,46382876.71,39045479.45
Nov 17 2022,HNT,0,141876712.33,8512602.74,48190547.95,46228767.12,38944794.52
Nov 12 2022,HNT,0,141465753.42,8487945.21,48059041.10,46074657.53,38844109.59
Nov 08 2022,HNT,0,141136986.30,8468219.18,47953835.62,45951369.86,38763561.64
Nov 03 2022,HNT,0,140726027.40,8443561.64,47822328.77,45797260.27,38662876.71
Oct 29 2022,HNT,0,140315068.49,8418904.11,47690821.92,45643150.68,38562191.78
Oct 25 2022,HNT,0,139986301.37,8399178.08,47585616.44,45519863.01,38481643.84
Oct 20 2022,HNT,0,139575342.47,8374520.55,47454109.59,45365753.42,38380958.90
Oct 16 2022,HNT,0,139246575.34,8354794.52,47348904.11,45242465.75,38300410.96
Oct 11 2022,HNT,0,138835616.44,8330136.99,47217397.26,45088356.16,38199726.03
Oct 06 2022,HNT,0,138424657.53,8305479.45,47085890.41,44934246.58,38099041.10
Oct 02 2022,HNT,0,138095890.41,8285753.42,46980684.93,44810958.90,38018493.15
Sep 27 2022,HNT,0,137684931.51,8261095.89,46849178.08,44656849.32,37917808.22
Sep 23 2022,HNT,0,137356164.38,8241369.86,46743972.60,44533561.64,37837260.27
Sep 18 2022,HNT,0,136945205.48,8216712.33,46612465.75,44379452.05,37736575.34
Sep 13 2022,HNT,0,136534246.58,8192054.79,46480958.90,44225342.47,37635890.41
Sep 09 2022,HNT,0,136205479.45,8172328.77,46375753.42,44102054.79,37555342.47
Sep 04 2022,HNT,0,135794520.55,8147671.23,46244246.58,43947945.21,37454657.53
Aug 31 2022,HNT,0,135465753.42,8127945.21,46139041.10,43824657.53,37374109.59
Aug 26 2022,HNT,0,135054794.52,8103287.67,46007534.25,43670547.95,37273424.66
Aug 21 2022,HNT,0,134643835.62,8078630.14,45876027.40,43516438.36,37172739.73
Aug 17 2022,HNT,0,134315068.49,8058904.11,45770821.92,43393150.68,37092191.78
Aug 12 2022,HNT,0,133904109.59,8034246.58,45639315.07,43239041.10,36991506.85
Aug 07 2022,HNT,0,133493150.68,8009589.04,45507808.22,43084931.51,36890821.92
Aug 03 2022,HNT,0,133164383.56,7989863.01,45402602.74,42961643.84,36810273.97
Jul 29 2022,HNT,0,132753424.66,7965205.48,45268630.14,42813698.63,36705890.41
Jul 25 2022,HNT,0,132424657.53,7945479.45,45160136.99,42698630.14,36620410.96
Jul 20 2022,HNT,0,132013698.63,7920821.92,45024520.55,42554794.52,36513561.64
Jul 15 2022,HNT,0,131602739.73,7896164.38,44888904.11,42410958.90,36406712.33
Jul 11 2022,HNT,0,131273972.60,7876438.36,44780410.96,42295890.41,36321232.88
Jul 06 2022,HNT,0,130863013.70,7851780.82,44644794.52,42152054.79,36214383.56
Jul 02 2022,HNT,0,130534246.58,7832054.79,44536301.37,42036986.30,36128904.11
Jun 27 2022,HNT,0,130123287.67,7807397.26,44400684.93,41893150.68,36022054.79
Jun 22 2022,HNT,0,129712328.77,7782739.73,44265068.49,41749315.07,35915205.48
Jun 18 2022,HNT,0,129383561.64,7763013.70,44156575.34,41634246.58,35829726.03
Jun 13 2022,HNT,0,128972602.74,7738356.16,44020958.90,41490410.96,35722876.71
Jun 08 2022,HNT,0,128561643.84,7713698.63,43885342.47,41346575.34,35616027.40
Jun 04 2022,HNT,0,128232876.71,7693972.60,43776849.32,41231506.85,35530547.95
May 30 2022,HNT,0,127821917.81,7669315.07,43641232.88,41087671.23,35423698.63
May 26 2022,HNT,0,127493150.68,7649589.04,43532739.73,40972602.74,35338219.18
May 21 2022,HNT,0,127082191.78,7624931.51,43397123.29,40828767.12,35231369.86
May 16 2022,HNT,0,126671232.88,7600273.97,43261506.85,40684931.51,35124520.55
May 12 2022,HNT,0,126342465.75,7580547.95,43153013.70,40569863.01,35039041.10
May 07 2022,HNT,0,125931506.85,7555890.41,43017397.26,40426027.40,34932191.78
May 03 2022,HNT,0,125602739.73,7536164.38,42908904.11,40310958.90,34846712.33
Apr 28 2022,HNT,0,125191780.82,7511506.85,42773287.67,40167123.29,34739863.01
Apr 23 2022,HNT,0,124780821.92,7486849.32,42637671.23,40023287.67,34633013.70
Apr 19 2022,HNT,0,124452054.79,7467123.29,42529178.08,39908219.18,34547534.25
Apr 14 2022,HNT,0,124041095.89,7442465.75,42393561.64,39764383.56,34440684.93
Apr 10 2022,HNT,0,123712328.77,7422739.73,42285068.49,39649315.07,34355205.48
Apr 05 2022,HNT,0,123301369.86,7398082.19,42149452.05,39505479.45,34248356.16
Mar 31 2022,HNT,0,122890410.96,7373424.66,42013835.62,39361643.84,34141506.85
Mar 27 2022,HNT,0,122561643.84,7353698.63,41905342.47,39246575.34,34056027.40
Mar 22 2022,HNT,0,122150684.93,7329041.10,41769726.03,39102739.73,33949178.08
Mar 17 2022,HNT,0,121739726.03,7304383.56,41634109.59,38958904.11,33842328.77
Mar 13 2022,HNT,0,121410958.90,7284657.53,41525616.44,38843835.62,33756849.32
Mar 08 2022,HNT,0,121000000.00,7260000.00,41390000.00,38700000.00,33650000.00
Mar 04 2022,HNT,0,120671232.88,7240273.97,41281506.85,38584931.51,33564520.55
Feb 27 2022,HNT,0,120260273.97,7215616.44,41145890.41,38441095.89,33457671.23
Feb 22 2022,HNT,0,119849315.07,7190958.90,41010273.97,38297260.27,33350821.92
Feb 18 2022,HNT,0,119520547.95,7171232.88,40901780.82,38182191.78,33265342.47
Feb 13 2022,HNT,0,119109589.04,7146575.34,40766164.38,38038356.16,33158493.15
Feb 09 2022,HNT,0,118780821.92,7126849.32,40657671.23,37923287.67,33073013.70
Feb 04 2022,HNT,0,118369863.01,7102191.78,40522054.79,37779452.05,32966164.38
Jan 30 2022,HNT,0,117958904.11,7077534.25,40386438.36,37635616.44,32859315.07
Jan 26 2022,HNT,0,117630136.99,7057808.22,40277945.21,37520547.95,32773835.62
Jan 21 2022,HNT,0,117219178.08,7033150.68,40142328.77,37376712.33,32666986.30
Jan 16 2022,HNT,0,116808219.18,7008493.15,40006712.33,37232876.71,32560136.99
Jan 12 2022,HNT,0,116479452.05,6988767.12,39898219.18,37117808.22,32474657.53
Jan 07 2022,HNT,0,116068493.15,6964109.59,39762602.74,36973972.60,32367808.22
Jan 03 2022,HNT,0,115739726.03,6944383.56,39654109.59,36858904.11,32282328.77
Dec 29 2021,HNT,0,115328767.12,6919726.03,39518493.15,36715068.49,32175479.45
Dec 24 2021,HNT,0,114917808.22,6895068.49,39382876.71,36571232.88,32068630.14
Dec 20 2021,HNT,0,114589041.10,6875342.47,39274383.56,36456164.38,31983150.68
Dec 15 2021,HNT,0,114178082.19,6850684.93,39138767.12,36312328.77,31876301.37
Dec 11 2021,HNT,0,113849315.07,6830958.90,39030273.97,36197260.27,31790821.92
Dec 06 2021,HNT,0,113438356.16,6806301.37,38894657.53,36053424.66,31683972.60
Dec 01 2021,HNT,0,113027397.26,6781643.84,38759041.10,35909589.04,31577123.29
Nov 27 2021,HNT,0,112698630.14,6761917.81,38650547.95,35794520.55,31491643.84
Nov 22 2021,HNT,0,112287671.23,6737260.27,38514931.51,35650684.93,31384794.52
Nov 18 2021,HNT,0,111958904.11,6717534.25,38406438.36,35535616.44,31299315.07
Nov 13 2021,HNT,0,111547945.21,6692876.71,38270821.92,35391780.82,31192465.75
Nov 08 2021,HNT,0,111136986.30,6668219.18,38135205.48,35247945.21,31085616.44
Nov 04 2021,HNT,0,110808219.18,6648493.15,38026712.33,35132876.71,31000136.99
Oct 30 2021,HNT,0,110397260.27,6623835.62,37891095.89,34989041.10,30893287.67
Oct 25 2021,HNT,0,109986301.37,6599178.08,37755479.45,34845205.48,30786438.36
Oct 21 2021,HNT,0,109657534.25,6579452.05,37646986.30,34730136.99,30700958.90
Oct 16 2021,HNT,0,109246575.34,6554794.52,37511369.86,34586301.37,30594109.59
Oct 12 2021,HNT,0,108917808.22,6535068.49,37402876.71,34471232.88,30508630.14
Oct 07 2021,HNT,0,108506849.32,6510410.96,37267260.27,34327397.26,30401780.82
Oct 02 2021,HNT,0,108095890.41,6485753.42,37131643.84,34183561.64,30294931.51
Sep 28 2021,HNT,0,107767123.29,6466027.40,37023150.68,34068493.15,30209452.05
Sep 23 2021,HNT,0,107356164.38,6441369.86,36887534.25,33924657.53,30102602.74
Sep 19 2021,HNT,0,107027397.26,6421643.84,36779041.10,33809589.04,30017123.29
Sep 14 2021,HNT,0,106616438.36,6396986.30,36643424.66,33665753.42,29910273.97
Sep 09 2021,HNT,0,106205479.45,6372328.77,36507808.22,33521917.81,29803424.66
Sep 05 2021,HNT,0,105876712.33,6352602.74,36399315.07,33406849.32,29717945.21
Aug 31 2021,HNT,0,105465753.42,6327945.21,36263698.63,33263013.70,29611095.89
Aug 26 2021,HNT,0,105054794.52,6303287.67,36128082.19,33119178.08,29504246.58
Aug 22 2021,HNT,0,104726027.40,6283561.64,36019589.04,33004109.59,29418767.12
Aug 17 2021,HNT,0,104315068.49,6258904.11,35883972.60,32860273.97,29311917.81
Aug 13 2021,HNT,0,103986301.37,6239178.08,35775479.45,32745205.48,29226438.36
Aug 08 2021,HNT,0,103575342.47,6214520.55,35639863.01,32601369.86,29119589.04
Aug 03 2021,HNT,0,103164383.56,6189863.01,35504246.58,32457534.25,29012739.73
Jul 30 2021,HNT,0,102671232.88,6160273.97,35338219.18,32293150.68,28879589.04
Jul 25 2021,HNT,0,101849315.07,6110958.90,35058767.12,32026027.40,28653561.64
Jul 21 2021,HNT,0,101191780.82,6071506.85,34835205.48,31812328.77,28472739.73
Jul 16 2021,HNT,0,100369863.01,6022191.78,34555753.42,31545205.48,28246712.33
Jul 11 2021,HNT,0,99547945.21,5972876.71,34276301.37,31278082.19,28020684.93
Jul 07 2021,HNT,0,98890410.96,5933424.66,34052739.73,31064383.56,27839863.01
Jul 02 2021,HNT,0,98068493.15,5884109.59,33773287.67,30797260.27,27613835.62
Jun 28 2021,HNT,0,97410958.90,5844657.53,33549726.03,30583561.64,27433013.70
Jun 23 2021,HNT,0,96589041.10,5795342.47,33270273.97,30316438.36,27206986.30
Jun 18 2021,HNT,0,95767123.29,5746027.40,32990821.92,30049315.07,26980958.90
Jun 14 2021,HNT,0,95109589.04,5706575.34,32767260.27,29835616.44,26800136.99
Jun 09 2021,HNT,0,94287671.23,5657260.27,32487808.22,29568493.15,26574109.59
Jun 04 2021,HNT,0,93465753.42,5607945.21,32208356.16,29301369.86,26348082.19
May 31 2021,HNT,0,92808219.18,5568493.15,31984794.52,29087671.23,26167260.27
May 26 2021,HNT,0,91986301.37,5519178.08,31705342.47,28820547.95,25941232.88
May 22 2021,HNT,0,91328767.12,5479726.03,31481780.82,28606849.32,25760410.96
May 17 2021,HNT,0,90506849.32,5430410.96,31202328.77,28339726.03,25534383.56
May 12 2021,HNT,0,89684931.51,5381095.89,30922876.71,28072602.74,25308356.16
May 08 2021,HNT,0,89027397.26,5341643.84,30699315.07,27858904.11,25127534.25
May 03 2021,HNT,0,88205479.45,5292328.77,30419863.01,27591780.82,24901506.85
Apr 29 2021,HNT,0,87547945.21,5252876.71,30196301.37,27378082.19,24720684.93
Apr 24 2021,HNT,0,86726027.40,5203561.64,29916849.32,27110958.90,24494657.53
Apr 19 2021,HNT,0,85904109.59,5154246.58,29637397.26,26843835.62,24268630.14
Apr 15 2021,HNT,0,85246575.34,5114794.52,29413835.62,26630136.99,24087808.22
Apr 10 2021,HNT,0,84424657.53,5065479.45,29134383.56,26363013.70,23861780.82
Apr 06 2021,HNT,0,83767123.29,5026027.40,28910821.92,26149315.07,23680958.90
Apr 01 2021,HNT,0,82945205.48,4976712.33,28631369.86,25882191.78,23454931.51
Mar 27 2021,HNT,0,82123287.67,4927397.26,28351917.81,25615068.49,23228904.11
Mar 23 2021,HNT,0,81465753.42,4887945.21,28128356.16,25401369.86,23048082.19
Mar 18 2021,HNT,0,80643835.62,4838630.14,27848904.11,25134246.58,22822054.79
Mar 13 2021,HNT,0,79821917.81,4789315.07,27569452.05,24867123.29,22596027.40
Mar 09 2021,HNT,0,79164383.56,4749863.01,27345890.41,24653424.66,22415205.48
Mar 04 2021,HNT,0,78342465.75,4700547.95,27066438.36,24386301.37,22189178.08
Feb 28 2021,HNT,0,77684931.51,4661095.89,26842876.71,24172602.74,22008356.16
Feb 23 2021,HNT,0,76863013.70,4611780.82,26563424.66,23905479.45,21782328.77
Feb 18 2021,HNT,0,76041095.89,4562465.75,26283972.60,23638356.16,21556301.37
Feb 14 2021,HNT,0,75383561.64,4523013.70,26060410.96,23424657.53,21375479.45
Feb 09 2021,HNT,0,74561643.84,4473698.63,25780958.90,23157534.25,21149452.05
Feb 05 2021,HNT,0,73904109.59,4434246.58,25557397.26,22943835.62,20968630.14
Jan 31 2021,HNT,0,73082191.78,4384931.51,25277945.21,22676712.33,20742602.74
Jan 26 2021,HNT,0,72260273.97,4335616.44,24998493.15,22409589.04,20516575.34
Jan 22 2021,HNT,0,71602739.73,4296164.38,24774931.51,22195890.41,20335753.42
Jan 17 2021,HNT,0,70780821.92,4246849.32,24495479.45,21928767.12,20109726.03
Jan 12 2021,HNT,0,69958904.11,4197534.25,24216027.40,21661643.84,19883698.63
Jan 08 2021,HNT,0,69301369.86,4158082.19,23992465.75,21447945.21,19702876.71
Jan 03 2021,HNT,0,68479452.05,4108767.12,23713013.70,21180821.92,19476849.32
Dec 30 2020,HNT,0,67821917.81,4069315.07,23489452.05,20967123.29,19296027.40
Dec 25 2020,HNT,0,67000000.00,4020000.00,23210000.00,20700000.00,19070000.00
Dec 20 2020,HNT,0,66178082.19,3970684.93,22930547.95,20432876.71,18843972.60
Dec 16 2020,HNT,0,65520547.95,3931232.88,22706986.30,20219178.08,18663150.68
Dec 11 2020,HNT,0,64698630.14,3881917.81,22427534.25,19952054.79,18437123.29
Dec 07 2020,HNT,0,64041095.89,3842465.75,22203972.60,19738356.16,18256301.37
Dec 02 2020,HNT,0,63219178.08,3793150.68,21924520.55,19471232.88,18030273.97
Nov 27 2020,HNT,0,62397260.27,3743835.62,21645068.49,19204109.59,17804246.58
Nov 23 2020,HNT,0,61739726.03,3704383.56,21421506.85,18990410.96,17623424.66
Nov 18 2020,HNT,0,60917808.22,3655068.49,21142054.79,18723287.67,17397397.26
Nov 14 2020,HNT,0,60260273.97,3615616.44,20918493.15,18509589.04,17216575.34
Nov 09 2020,HNT,0,59438356.16,3566301.37,20639041.10,18242465.75,16990547.95
Nov 04 2020,HNT,0,58616438.36,3516986.30,20359589.04,17975342.47,16764520.55
Oct 31 2020,HNT,0,57958904.11,3477534.25,20136027.40,17761643.84,16583698.63
Oct 26 2020,HNT,0,57136986.30,3428219.18,19856575.34,17494520.55,16357671.23
Oct 21 2020,HNT,0,56315068.49,3378904.11,19577123.29,17227397.26,16131643.84
Oct 17 2020,HNT,0,55657534.25,3339452.05,19353561.64,17013698.63,15950821.92
Oct 12 2020,HNT,0,54835616.44,3290136.99,19074109.59,16746575.34,15724794.52
Oct 08 2020,HNT,0,54178082.19,3250684.93,18850547.95,16532876.71,15543972.60
Oct 03 2020,HNT,0,53356164.38,3201369.86,18571095.89,16265753.42,15317945.21
Sep 28 2020,HNT,0,52534246.58,3152054.79,18291643.84,15998630.14,15091917.81
Sep 24 2020,HNT,0,51876712.33,3112602.74,18068082.19,15784931.51,14911095.89
Sep 19 2020,HNT,0,51054794.52,3063287.67,17788630.14,15517808.22,14685068.49
Sep 15 2020,HNT,0,50397260.27,3023835.62,17565068.49,15304109.59,14504246.58
Sep 10 2020,HNT,0,49575342.47,2974520.55,17285616.44,15036986.30,14278219.18
Sep 05 2020,HNT,0,48753424.66,2925205.48,17006164.38,14769863.01,14052191.78
Sep 01 2020,HNT,0,48095890.41,2885753.42,16782602.74,14556164.38,13871369.86
Aug 27 2020,HNT,0,47273972.60,2836438.36,16503150.68,14289041.10,13645342.47
Aug 22 2020,HNT,0,46452054.79,2787123.29,16223698.63,14021917.81,13419315.07
Aug 18 2020,HNT,0,45794520.55,2747671.23,16000136.99,13808219.18,13238493.15
Aug 13 2020,HNT,0,44972602.74,2698356.16,15720684.93,13541095.89,13012465.75
Aug 09 2020,HNT,0,44315068.49,2658904.11,15497123.29,13327397.26,12831643.84
Aug 04 2020,HNT,0,43493150.68,2609589.04,15217671.23,13060273.97,12605616.44
Jul 30 2020,HNT,0,42765027.32,2565901.64,14967759.56,12829508.20,12401857.92
Jul 26 2020,HNT,0,42295081.97,2537704.92,14803278.69,12688524.59,12265573.77
Jul 21 2020,HNT,0,41707650.27,2502459.02,14597677.60,12512295.08,12095218.58
Jul 17 2020,HNT,0,41237704.92,2474262.30,14433196.72,12371311.48,11958934.43
Jul 12 2020,HNT,0,40650273.22,2439016.39,14227595.63,12195081.97,11788579.23
Jul 07 2020,HNT,0,40062841.53,2403770.49,14021994.54,12018852.46,11618224.04
Jul 03 2020,HNT,0,39592896.17,2375573.77,13857513.66,11877868.85,11481939.89
Jun 28 2020,HNT,0,39005464.48,2340327.87,13651912.57,11701639.34,11311584.70
Jun 24 2020,HNT,0,38535519.13,2312131.15,13487431.69,11560655.74,11175300.55
Jun 19 2020,HNT,0,37948087.43,2276885.25,13281830.60,11384426.23,11004945.36
Jun 14 2020,HNT,0,37360655.74,2241639.34,13076229.51,11208196.72,10834590.16
Jun 10 2020,HNT,0,36890710.38,2213442.62,12911748.63,11067213.11,10698306.01
Jun 05 2020,HNT,0,36303278.69,2178196.72,12706147.54,10890983.61,10527950.82
May 31 2020,HNT,0,35715846.99,2142950.82,12500546.45,10714754.10,10357595.63
May 27 2020,HNT,0,35245901.64,2114754.10,12336065.57,10573770.49,10221311.48
May 22 2020,HNT,0,34658469.95,2079508.20,12130464.48,10397540.98,10050956.28
May 18 2020,HNT,0,34188524.59,2051311.48,11965983.61,10256557.38,9914672.13
May 13 2020,HNT,0,33601092.90,2016065.57,11760382.51,10080327.87,9744316.94
May 08 2020,HNT,0,33013661.20,1980819.67,11554781.42,9904098.36,9573961.75
May 04 2020,HNT,0,32543715.85,1952622.95,11390300.55,9763114.75,9437677.60
Apr 29 2020,HNT,0,31956284.15,1917377.05,11184699.45,9586885.25,9267322.40
Apr 25 2020,HNT,0,31486338.80,1889180.33,11020218.58,9445901.64,9131038.25
Apr 20 2020,HNT,0,30898907.10,1853934.43,10814617.49,9269672.13,8960683.06
Apr 15 2020,HNT,0,30311475.41,1818688.52,10609016.39,9093442.62,8790327.87
Apr 11 2020,HNT,0,29841530.05,1790491.80,10444535.52,8952459.02,8654043.72
Apr 06 2020,HNT,0,29254098.36,1755245.90,10238934.43,8776229.51,8483688.52
Apr 01 2020,HNT,0,28666666.67,1720000.00,10033333.33,8600000.00,8313333.33
Mar 28 2020,HNT,0,28196721.31,1691803.28,9868852.46,8459016.39,8177049.18
Mar 23 2020,HNT,0,27609289.62,1656557.38,9663251.37,8282786.89,8006693.99
Mar 19 2020,HNT,0,27139344.26,1628360.66,9498770.49,8141803.28,7870409.84
Mar 14 2020,HNT,0,26551912.57,1593114.75,9293169.40,7965573.77,7700054.64
Mar 09 2020,HNT,0,25964480.87,1557868.85,9087568.31,7789344.26,7529699.45
Mar 05 2020,HNT,0,25494535.52,1529672.13,8923087.43,7648360.66,7393415.30
Feb 29 2020,HNT,0,24907103.83,1494426.23,8717486.34,7472131.15,7223060.11
Feb 25 2020,HNT,0,24437158.47,1466229.51,8553005.46,7331147.54,7086775.96
Feb 20 2020,HNT,0,23849726.78,1430983.61,8347404.37,7154918.03,6916420.77
Feb 15 2020,HNT,0,23262295.08,1395737.70,8141803.28,6978688.52,6746065.57
Feb 11 2020,HNT,0,22792349.73,1367540.98,7977322.40,6837704.92,6609781.42
Feb 06 2020,HNT,0,22204918.03,1332295.08,7771721.31,6661475.41,6439426.23
Feb 02 2020,HNT,0,21734972.68,1304098.36,7607240.44,6520491.80,6303142.08
Jan 28 2020,HNT,0,21147540.98,1268852.46,7401639.34,6344262.30,6132786.89
Jan 23 2020,HNT,0,20560109.29,1233606.56,7196038.25,6168032.79,5962431.69
Jan 19 2020,HNT,0,20090163.93,1205409.84,7031557.38,6027049.18,5826147.54
Jan 14 2020,HNT,0,19502732.24,1170163.93,6825956.28,5850819.67,5655792.35
Jan 09 2020,HNT,0,18915300.55,1134918.03,6620355.19,5674590.16,5485437.16
Jan 05 2020,HNT,0,18445355.19,1106721.31,6455874.32,5533606.56,5349153.01
Dec 31 2019,HNT,0,17857923.50,1071475.41,6250273.22,5357377.05,5178797.81
Dec 27 2019,HNT,0,17387978.14,1043278.69,6085792.35,5216393.44,5042513.66
Dec 22 2019,HNT,0,16800546.45,1008032.79,5880191.26,5040163.93,4872158.47
Dec 17 2019,HNT,0,16213114.75,972786.89,5674590.16,4863934.43,4701803.28
Dec 13 2019,HNT,0,15743169.40,944590.16,5510109.29,4722950.82,4565519.13
Dec 08 2019,HNT,0,15155737.70,909344.26,5304508.20,4546721.31,4395163.93
Dec 04 2019,HNT,0,14685792.35,881147.54,5140027.32,4405737.70,4258879.78
Nov 29 2019,HNT,0,14098360.66,845901.64,4934426.23,4229508.20,4088524.59
Nov 24 2019,HNT,0,13510928.96,810655.74,4728825.14,4053278.69,3918169.40
Nov 20 2019,HNT,0,13040983.61,782459.02,4564344.26,3912295.08,3781885.25
Nov 15 2019,HNT,0,12453551.91,747213.11,4358743.17,3736065.57,3611530.05
Nov 10 2019,HNT,0,11866120.22,711967.21,4153142.08,3559836.07,3441174.86
Nov 06 2019,HNT,0,11396174.86,683770.49,3988661.20,3418852.46,3304890.71
Nov 01 2019,HNT,0,10808743.17,648524.59,3783060.11,3242622.95,3134535.52
Oct 28 2019,HNT,0,10338797.81,620327.87,3618579.23,3101639.34,2998251.37
Oct 23 2019,HNT,0,9751366.12,585081.97,3412978.14,2925409.84,2827896.17
Oct 18 2019,HNT,0,9163934.43,549836.07,3207377.05,2749180.33,2657540.98
Oct 14 2019,HNT,0,8693989.07,521639.34,3042896.17,2608196.72,2521256.83
Oct 09 2019,HNT,0,8106557.38,486393.44,2837295.08,2431967.21,2350901.64
Oct 05 2019,HNT,0,7636612.02,458196.72,2672814.21,2290983.61,2214617.49
Sep 30 2019,HNT,0,7049180.33,422950.82,2467213.11,2114754.10,2044262.30
Sep 25 2019,HNT,0,6461748.63,387704.92,2261612.02,1938524.59,1873907.10
Sep 21 2019,HNT,0,5991803.28,359508.20,2097131.15,1797540.98,1737622.95
Sep 16 2019,HNT,0,5404371.58,324262.30,1891530.05,1621311.48,1567267.76
Sep 12 2019,HNT,0,4934426.23,296065.57,1727049.18,1480327.87,1430983.61
Sep 07 2019,HNT,0,4346994.54,260819.67,1521448.09,1304098.36,1260628.42
Sep 02 2019,HNT,0,3759562.84,225573.77,1315846.99,1127868.85,1090273.22
Aug 29 2019,HNT,0,3289617.49,197377.05,1151366.12,986885.25,953989.07
Aug 24 2019,HNT,0,2702185.79,162131.15,945765.03,810655.74,783633.88
Aug 19 2019,HNT,0,2114754.10,126885.25,740163.93,634426.23,613278.69
Aug 15 2019,HNT,0,1644808.74,98688.52,575683.06,493442.62,476994.54
Aug 10 2019,HNT,0,1057377.05,63442.62,370081.97,317213.11,306639.34
Aug 06 2019,HNT,0,587431.69,35245.90,205601.09,176229.51,170355.19
Aug 01 2019,HNT,0.00,0.00,0,0,0,0
