Date,Symbol,Available Supply,Unlocked Supply,Future Investors,Dev Team,Treasury,Liquidity Providers (LP)
Jun 29 2024,JOE,500000000.00,500000000.00,50000000.00,100000000.00,100000000.00,250000000.00
Jun 28 2024,JOE,500000000.00,500000000.00,50000000.00,100000000.00,100000000.00,250000000.00
Jun 27 2024,JOE,500000000.00,500000000.00,50000000.00,100000000.00,100000000.00,250000000.00
Jun 25 2024,JOE,500000000.00,500000000.00,50000000.00,100000000.00,100000000.00,250000000.00
Jun 24 2024,JOE,500000000.00,500000000.00,50000000.00,100000000.00,100000000.00,250000000.00
Jun 23 2024,JOE,500000000.00,500000000.00,50000000.00,100000000.00,100000000.00,250000000.00
Jun 22 2024,JOE,500000000.00,500000000.00,50000000.00,100000000.00,100000000.00,250000000.00
Jun 20 2024,JOE,500000000.00,500000000.00,50000000.00,100000000.00,100000000.00,250000000.00
Jun 19 2024,JOE,500000000.00,500000000.00,50000000.00,100000000.00,100000000.00,250000000.00
Jun 18 2024,JOE,500000000.00,500000000.00,50000000.00,100000000.00,100000000.00,250000000.00
Jun 17 2024,JOE,500000000.00,500000000.00,50000000.00,100000000.00,100000000.00,250000000.00
Jun 16 2024,JOE,500000000.00,500000000.00,50000000.00,100000000.00,100000000.00,250000000.00
Jun 14 2024,JOE,500000000.00,500000000.00,50000000.00,100000000.00,100000000.00,250000000.00
Jun 13 2024,JOE,500000000.00,500000000.00,50000000.00,100000000.00,100000000.00,250000000.00
Jun 12 2024,JOE,500000000.00,500000000.00,50000000.00,100000000.00,100000000.00,250000000.00
Jun 11 2024,JOE,500000000.00,500000000.00,50000000.00,100000000.00,100000000.00,250000000.00
Jun 09 2024,JOE,500000000.00,500000000.00,50000000.00,100000000.00,100000000.00,250000000.00
Jun 08 2024,JOE,500000000.00,500000000.00,50000000.00,100000000.00,100000000.00,250000000.00
Jun 07 2024,JOE,500000000.00,500000000.00,50000000.00,100000000.00,100000000.00,250000000.00
Jun 06 2024,JOE,500000000.00,500000000.00,50000000.00,100000000.00,100000000.00,250000000.00
Jun 04 2024,JOE,500000000.00,500000000.00,50000000.00,100000000.00,100000000.00,250000000.00
Jun 03 2024,JOE,500000000.00,500000000.00,50000000.00,100000000.00,100000000.00,250000000.00
Jun 02 2024,JOE,500000000.00,500000000.00,50000000.00,100000000.00,100000000.00,250000000.00
Jun 01 2024,JOE,500000000.00,500000000.00,50000000.00,100000000.00,100000000.00,250000000.00
May 31 2024,JOE,500000000.00,500000000.00,50000000.00,100000000.00,100000000.00,250000000.00
May 29 2024,JOE,500000000.00,500000000.00,50000000.00,100000000.00,100000000.00,250000000.00
May 28 2024,JOE,500000000.00,500000000.00,50000000.00,100000000.00,100000000.00,250000000.00
May 27 2024,JOE,500000000.00,500000000.00,50000000.00,100000000.00,100000000.00,250000000.00
May 26 2024,JOE,500000000.00,500000000.00,50000000.00,100000000.00,100000000.00,250000000.00
May 24 2024,JOE,500000000.00,500000000.00,50000000.00,100000000.00,100000000.00,250000000.00
May 23 2024,JOE,500000000.00,500000000.00,50000000.00,100000000.00,100000000.00,250000000.00
May 22 2024,JOE,500000000.00,500000000.00,50000000.00,100000000.00,100000000.00,250000000.00
May 21 2024,JOE,500000000.00,500000000.00,50000000.00,100000000.00,100000000.00,250000000.00
May 20 2024,JOE,500000000.00,500000000.00,50000000.00,100000000.00,100000000.00,250000000.00
May 18 2024,JOE,500000000.00,500000000.00,50000000.00,100000000.00,100000000.00,250000000.00
May 17 2024,JOE,500000000.00,500000000.00,50000000.00,100000000.00,100000000.00,250000000.00
May 16 2024,JOE,500000000.00,500000000.00,50000000.00,100000000.00,100000000.00,250000000.00
May 15 2024,JOE,500000000.00,500000000.00,50000000.00,100000000.00,100000000.00,250000000.00
May 13 2024,JOE,500000000.00,500000000.00,50000000.00,100000000.00,100000000.00,250000000.00
May 12 2024,JOE,500000000.00,500000000.00,50000000.00,100000000.00,100000000.00,250000000.00
May 11 2024,JOE,500000000.00,500000000.00,50000000.00,100000000.00,100000000.00,250000000.00
May 10 2024,JOE,500000000.00,500000000.00,50000000.00,100000000.00,100000000.00,250000000.00
May 09 2024,JOE,500000000.00,500000000.00,50000000.00,100000000.00,100000000.00,250000000.00
May 07 2024,JOE,500000000.00,500000000.00,50000000.00,100000000.00,100000000.00,250000000.00
May 06 2024,JOE,500000000.00,500000000.00,50000000.00,100000000.00,100000000.00,250000000.00
May 05 2024,JOE,500000000.00,500000000.00,50000000.00,100000000.00,100000000.00,250000000.00
May 04 2024,JOE,500000000.00,500000000.00,50000000.00,100000000.00,100000000.00,250000000.00
May 02 2024,JOE,500000000.00,500000000.00,50000000.00,100000000.00,100000000.00,250000000.00
May 01 2024,JOE,500000000.00,500000000.00,50000000.00,100000000.00,100000000.00,250000000.00
Apr 30 2024,JOE,500000000.00,500000000.00,50000000.00,100000000.00,100000000.00,250000000.00
Apr 29 2024,JOE,500000000.00,500000000.00,50000000.00,100000000.00,100000000.00,250000000.00
Apr 27 2024,JOE,500000000.00,500000000.00,50000000.00,100000000.00,100000000.00,250000000.00
Apr 26 2024,JOE,500000000.00,500000000.00,50000000.00,100000000.00,100000000.00,250000000.00
Apr 25 2024,JOE,500000000.00,500000000.00,50000000.00,100000000.00,100000000.00,250000000.00
Apr 24 2024,JOE,500000000.00,500000000.00,50000000.00,100000000.00,100000000.00,250000000.00
Apr 23 2024,JOE,500000000.00,500000000.00,50000000.00,100000000.00,100000000.00,250000000.00
Apr 21 2024,JOE,500000000.00,500000000.00,50000000.00,100000000.00,100000000.00,250000000.00
Apr 20 2024,JOE,500000000.00,500000000.00,50000000.00,100000000.00,100000000.00,250000000.00
Apr 19 2024,JOE,500000000.00,500000000.00,50000000.00,100000000.00,100000000.00,250000000.00
Apr 18 2024,JOE,500000000.00,500000000.00,50000000.00,100000000.00,100000000.00,250000000.00
Apr 16 2024,JOE,500000000.00,500000000.00,50000000.00,100000000.00,100000000.00,250000000.00
Apr 15 2024,JOE,500000000.00,500000000.00,50000000.00,100000000.00,100000000.00,250000000.00
Apr 14 2024,JOE,500000000.00,500000000.00,50000000.00,100000000.00,100000000.00,250000000.00
Apr 13 2024,JOE,500000000.00,500000000.00,50000000.00,100000000.00,100000000.00,250000000.00
Apr 12 2024,JOE,500000000.00,500000000.00,50000000.00,100000000.00,100000000.00,250000000.00
Apr 10 2024,JOE,500000000.00,500000000.00,50000000.00,100000000.00,100000000.00,250000000.00
Apr 09 2024,JOE,500000000.00,500000000.00,50000000.00,100000000.00,100000000.00,250000000.00
Apr 08 2024,JOE,500000000.00,500000000.00,50000000.00,100000000.00,100000000.00,250000000.00
Apr 07 2024,JOE,500000000.00,500000000.00,50000000.00,100000000.00,100000000.00,250000000.00
Apr 05 2024,JOE,500000000.00,500000000.00,50000000.00,100000000.00,100000000.00,250000000.00
Apr 04 2024,JOE,500000000.00,500000000.00,50000000.00,100000000.00,100000000.00,250000000.00
Apr 03 2024,JOE,500000000.00,500000000.00,50000000.00,100000000.00,100000000.00,250000000.00
Apr 02 2024,JOE,500000000.00,500000000.00,50000000.00,100000000.00,100000000.00,250000000.00
Apr 01 2024,JOE,500000000.00,500000000.00,50000000.00,100000000.00,100000000.00,250000000.00
Mar 30 2024,JOE,0,500000000.00,50000000.00,100000000.00,100000000.00,250000000.00
Mar 29 2024,JOE,0,500000000.00,50000000.00,100000000.00,100000000.00,250000000.00
Mar 28 2024,JOE,0,500000000.00,50000000.00,100000000.00,100000000.00,250000000.00
Mar 27 2024,JOE,0,500000000.00,50000000.00,100000000.00,100000000.00,250000000.00
Mar 25 2024,JOE,0,500000000.00,50000000.00,100000000.00,100000000.00,250000000.00
Mar 24 2024,JOE,0,500000000.00,50000000.00,100000000.00,100000000.00,250000000.00
Mar 23 2024,JOE,0,500000000.00,50000000.00,100000000.00,100000000.00,250000000.00
Mar 22 2024,JOE,0,500000000.00,50000000.00,100000000.00,100000000.00,250000000.00
Mar 21 2024,JOE,0,500000000.00,50000000.00,100000000.00,100000000.00,250000000.00
Mar 19 2024,JOE,0,500000000.00,50000000.00,100000000.00,100000000.00,250000000.00
Mar 18 2024,JOE,0,500000000.00,50000000.00,100000000.00,100000000.00,250000000.00
Mar 17 2024,JOE,0,500000000.00,50000000.00,100000000.00,100000000.00,250000000.00
Mar 16 2024,JOE,0,500000000.00,50000000.00,100000000.00,100000000.00,250000000.00
Mar 14 2024,JOE,0,500000000.00,50000000.00,100000000.00,100000000.00,250000000.00
Mar 13 2024,JOE,0,500000000.00,50000000.00,100000000.00,100000000.00,250000000.00
Mar 12 2024,JOE,0,500000000.00,50000000.00,100000000.00,100000000.00,250000000.00
Mar 11 2024,JOE,0,500000000.00,50000000.00,100000000.00,100000000.00,250000000.00
Mar 09 2024,JOE,0,500000000.00,50000000.00,100000000.00,100000000.00,250000000.00
Mar 08 2024,JOE,0,500000000.00,50000000.00,100000000.00,100000000.00,250000000.00
Mar 07 2024,JOE,0,500000000.00,50000000.00,100000000.00,100000000.00,250000000.00
Mar 06 2024,JOE,0,500000000.00,50000000.00,100000000.00,100000000.00,250000000.00
Mar 05 2024,JOE,0,500000000.00,50000000.00,100000000.00,100000000.00,250000000.00
Mar 03 2024,JOE,0,500000000.00,50000000.00,100000000.00,100000000.00,250000000.00
Mar 02 2024,JOE,0,500000000.00,50000000.00,100000000.00,100000000.00,250000000.00
Mar 01 2024,JOE,0,500000000.00,50000000.00,100000000.00,100000000.00,250000000.00
Feb 29 2024,JOE,0,500000000.00,50000000.00,100000000.00,100000000.00,250000000.00
Feb 27 2024,JOE,0,500000000.00,50000000.00,100000000.00,100000000.00,250000000.00
Feb 26 2024,JOE,0,500000000.00,50000000.00,100000000.00,100000000.00,250000000.00
Feb 25 2024,JOE,0,500000000.00,50000000.00,100000000.00,100000000.00,250000000.00
Feb 24 2024,JOE,0,500000000.00,50000000.00,100000000.00,100000000.00,250000000.00
Feb 23 2024,JOE,0,500000000.00,50000000.00,100000000.00,100000000.00,250000000.00
Feb 21 2024,JOE,0,500000000.00,50000000.00,100000000.00,100000000.00,250000000.00
Feb 20 2024,JOE,0,500000000.00,50000000.00,100000000.00,100000000.00,250000000.00
Feb 19 2024,JOE,0,500000000.00,50000000.00,100000000.00,100000000.00,250000000.00
Feb 18 2024,JOE,0,500000000.00,50000000.00,100000000.00,100000000.00,250000000.00
Feb 16 2024,JOE,0,500000000.00,50000000.00,100000000.00,100000000.00,250000000.00
Feb 15 2024,JOE,0,500000000.00,50000000.00,100000000.00,100000000.00,250000000.00
Feb 14 2024,JOE,0,500000000.00,50000000.00,100000000.00,100000000.00,250000000.00
Feb 13 2024,JOE,0,500000000.00,50000000.00,100000000.00,100000000.00,250000000.00
Feb 12 2024,JOE,0,500000000.00,50000000.00,100000000.00,100000000.00,250000000.00
Feb 10 2024,JOE,0,500000000.00,50000000.00,100000000.00,100000000.00,250000000.00
Feb 09 2024,JOE,0,500000000.00,50000000.00,100000000.00,100000000.00,250000000.00
Feb 08 2024,JOE,0,500000000.00,50000000.00,100000000.00,100000000.00,250000000.00
Feb 07 2024,JOE,0,500000000.00,50000000.00,100000000.00,100000000.00,250000000.00
Feb 05 2024,JOE,0,500000000.00,50000000.00,100000000.00,100000000.00,250000000.00
Feb 04 2024,JOE,0,500000000.00,50000000.00,100000000.00,100000000.00,250000000.00
Feb 03 2024,JOE,0,500000000.00,50000000.00,100000000.00,100000000.00,250000000.00
Feb 02 2024,JOE,0,500000000.00,50000000.00,100000000.00,100000000.00,250000000.00
Jan 31 2024,JOE,0,500000000.00,50000000.00,100000000.00,100000000.00,250000000.00
Jan 30 2024,JOE,0,500000000.00,50000000.00,100000000.00,100000000.00,250000000.00
Jan 29 2024,JOE,0,500000000.00,50000000.00,100000000.00,100000000.00,250000000.00
Jan 28 2024,JOE,0,500000000.00,50000000.00,100000000.00,100000000.00,250000000.00
Jan 27 2024,JOE,0,500000000.00,50000000.00,100000000.00,100000000.00,250000000.00
Jan 25 2024,JOE,0,500000000.00,50000000.00,100000000.00,100000000.00,250000000.00
Jan 24 2024,JOE,0,500000000.00,50000000.00,100000000.00,100000000.00,250000000.00
Jan 23 2024,JOE,0,500000000.00,50000000.00,100000000.00,100000000.00,250000000.00
Jan 22 2024,JOE,0,500000000.00,50000000.00,100000000.00,100000000.00,250000000.00
Jan 20 2024,JOE,0,500000000.00,50000000.00,100000000.00,100000000.00,250000000.00
Jan 19 2024,JOE,0,500000000.00,50000000.00,100000000.00,100000000.00,250000000.00
Jan 18 2024,JOE,0,500000000.00,50000000.00,100000000.00,100000000.00,250000000.00
Jan 17 2024,JOE,0,500000000.00,50000000.00,100000000.00,100000000.00,250000000.00
Jan 16 2024,JOE,0,500000000.00,50000000.00,100000000.00,100000000.00,250000000.00
Jan 14 2024,JOE,0,500000000.00,50000000.00,100000000.00,100000000.00,250000000.00
Jan 13 2024,JOE,0,500000000.00,50000000.00,100000000.00,100000000.00,250000000.00
Jan 12 2024,JOE,0,500000000.00,50000000.00,100000000.00,100000000.00,250000000.00
Jan 11 2024,JOE,0,500000000.00,50000000.00,100000000.00,100000000.00,250000000.00
Jan 09 2024,JOE,0,500000000.00,50000000.00,100000000.00,100000000.00,250000000.00
Jan 08 2024,JOE,0,500000000.00,50000000.00,100000000.00,100000000.00,250000000.00
Jan 07 2024,JOE,0,500000000.00,50000000.00,100000000.00,100000000.00,250000000.00
Jan 06 2024,JOE,0,500000000.00,50000000.00,100000000.00,100000000.00,250000000.00
Jan 05 2024,JOE,0,500000000.00,50000000.00,100000000.00,100000000.00,250000000.00
Jan 03 2024,JOE,0,500000000.00,50000000.00,100000000.00,100000000.00,250000000.00
Jan 02 2024,JOE,0,500000000.00,50000000.00,100000000.00,100000000.00,250000000.00
Jan 01 2024,JOE,0,500000000.00,50000000.00,100000000.00,100000000.00,250000000.00
Dec 31 2023,JOE,0,500000000.00,50000000.00,100000000.00,100000000.00,250000000.00
Dec 29 2023,JOE,0,500000000.00,50000000.00,100000000.00,100000000.00,250000000.00
Dec 28 2023,JOE,0,500000000.00,50000000.00,100000000.00,100000000.00,250000000.00
Dec 27 2023,JOE,0,500000000.00,50000000.00,100000000.00,100000000.00,250000000.00
Dec 26 2023,JOE,0,500000000.00,50000000.00,100000000.00,100000000.00,250000000.00
Dec 24 2023,JOE,0,500000000.00,50000000.00,100000000.00,100000000.00,250000000.00
Dec 23 2023,JOE,0,500000000.00,50000000.00,100000000.00,100000000.00,250000000.00
Dec 22 2023,JOE,0,500000000.00,50000000.00,100000000.00,100000000.00,250000000.00
Dec 21 2023,JOE,0,500000000.00,50000000.00,100000000.00,100000000.00,250000000.00
Dec 20 2023,JOE,0,500000000.00,50000000.00,100000000.00,100000000.00,250000000.00
Dec 18 2023,JOE,0,500000000.00,50000000.00,100000000.00,100000000.00,250000000.00
Dec 17 2023,JOE,0,500000000.00,50000000.00,100000000.00,100000000.00,250000000.00
Dec 16 2023,JOE,0,500000000.00,50000000.00,100000000.00,100000000.00,250000000.00
Dec 15 2023,JOE,0,500000000.00,50000000.00,100000000.00,100000000.00,250000000.00
Dec 13 2023,JOE,0,500000000.00,50000000.00,100000000.00,100000000.00,250000000.00
Dec 12 2023,JOE,0,500000000.00,50000000.00,100000000.00,100000000.00,250000000.00
Dec 11 2023,JOE,0,500000000.00,50000000.00,100000000.00,100000000.00,250000000.00
Dec 10 2023,JOE,0,500000000.00,50000000.00,100000000.00,100000000.00,250000000.00
Dec 09 2023,JOE,0,500000000.00,50000000.00,100000000.00,100000000.00,250000000.00
Dec 07 2023,JOE,0,500000000.00,50000000.00,100000000.00,100000000.00,250000000.00
Dec 06 2023,JOE,0,500000000.00,50000000.00,100000000.00,100000000.00,250000000.00
Dec 05 2023,JOE,0,500000000.00,50000000.00,100000000.00,100000000.00,250000000.00
Dec 04 2023,JOE,0,500000000.00,50000000.00,100000000.00,100000000.00,250000000.00
Dec 02 2023,JOE,0,500000000.00,50000000.00,100000000.00,100000000.00,250000000.00
Dec 01 2023,JOE,0,500000000.00,50000000.00,100000000.00,100000000.00,250000000.00
Nov 30 2023,JOE,0,500000000.00,50000000.00,100000000.00,100000000.00,250000000.00
Nov 29 2023,JOE,0,500000000.00,50000000.00,100000000.00,100000000.00,250000000.00
Nov 28 2023,JOE,0,500000000.00,50000000.00,100000000.00,100000000.00,250000000.00
Nov 26 2023,JOE,0,500000000.00,50000000.00,100000000.00,100000000.00,250000000.00
Nov 25 2023,JOE,0,500000000.00,50000000.00,100000000.00,100000000.00,250000000.00
Nov 24 2023,JOE,0,500000000.00,50000000.00,100000000.00,100000000.00,250000000.00
Nov 23 2023,JOE,0,500000000.00,50000000.00,100000000.00,100000000.00,250000000.00
Nov 21 2023,JOE,0,500000000.00,50000000.00,100000000.00,100000000.00,250000000.00
Nov 20 2023,JOE,0,500000000.00,50000000.00,100000000.00,100000000.00,250000000.00
Nov 19 2023,JOE,0,500000000.00,50000000.00,100000000.00,100000000.00,250000000.00
Nov 18 2023,JOE,0,500000000.00,50000000.00,100000000.00,100000000.00,250000000.00
Nov 16 2023,JOE,0,500000000.00,50000000.00,100000000.00,100000000.00,250000000.00
Nov 15 2023,JOE,0,499957920.00,49995792.00,99991584.00,99991584.00,249978960.00
Nov 14 2023,JOE,0,499914720.00,49991472.00,99982944.00,99982944.00,249957360.00
Nov 13 2023,JOE,0,499871520.00,49987152.00,99974304.00,99974304.00,249935760.00
Nov 12 2023,JOE,0,499828320.00,49982832.00,99965664.00,99965664.00,249914160.00
Nov 10 2023,JOE,0,499741920.00,49974192.00,99948384.00,99948384.00,249870960.00
Nov 09 2023,JOE,0,499698720.00,49969872.00,99939744.00,99939744.00,249849360.00
Nov 08 2023,JOE,0,499655520.00,49965552.00,99931104.00,99931104.00,249827760.00
Nov 07 2023,JOE,0,499612320.00,49961232.00,99922464.00,99922464.00,249806160.00
Nov 05 2023,JOE,0,499525920.00,49952592.00,99905184.00,99905184.00,249762960.00
Nov 04 2023,JOE,0,499482720.00,49948272.00,99896544.00,99896544.00,249741360.00
Nov 03 2023,JOE,0,499439520.00,49943952.00,99887904.00,99887904.00,249719760.00
Nov 02 2023,JOE,0,499387680.00,49938768.00,99877536.00,99877536.00,249693840.00
Nov 01 2023,JOE,0,499335840.00,49933584.00,99867168.00,99867168.00,249667920.00
Oct 30 2023,JOE,0,499232160.00,49923216.00,99846432.00,99846432.00,249616080.00
Oct 29 2023,JOE,0,499180320.00,49918032.00,99836064.00,99836064.00,249590160.00
Oct 28 2023,JOE,0,499128480.00,49912848.00,99825696.00,99825696.00,249564240.00
Oct 27 2023,JOE,0,499076640.00,49907664.00,99815328.00,99815328.00,249538320.00
Oct 25 2023,JOE,0,498972960.00,49897296.00,99794592.00,99794592.00,249486480.00
Oct 24 2023,JOE,0,498921120.00,49892112.00,99784224.00,99784224.00,249460560.00
Oct 23 2023,JOE,0,498869280.00,49886928.00,99773856.00,99773856.00,249434640.00
Oct 22 2023,JOE,0,498817440.00,49881744.00,99763488.00,99763488.00,249408720.00
Oct 21 2023,JOE,0,498765600.00,49876560.00,99753120.00,99753120.00,249382800.00
Oct 19 2023,JOE,0,498661920.00,49866192.00,99732384.00,99732384.00,249330960.00
Oct 18 2023,JOE,0,498610080.00,49861008.00,99722016.00,99722016.00,249305040.00
Oct 17 2023,JOE,0,498558240.00,49855824.00,99711648.00,99711648.00,249279120.00
Oct 16 2023,JOE,0,498506400.00,49850640.00,99701280.00,99701280.00,249253200.00
Oct 14 2023,JOE,0,498402720.00,49840272.00,99680544.00,99680544.00,249201360.00
Oct 13 2023,JOE,0,498350880.00,49835088.00,99670176.00,99670176.00,249175440.00
Oct 12 2023,JOE,0,498299040.00,49829904.00,99659808.00,99659808.00,249149520.00
Oct 11 2023,JOE,0,498247200.00,49824720.00,99649440.00,99649440.00,249123600.00
Oct 09 2023,JOE,0,498143520.00,49814352.00,99628704.00,99628704.00,249071760.00
Oct 08 2023,JOE,0,498091680.00,49809168.00,99618336.00,99618336.00,249045840.00
Oct 07 2023,JOE,0,498039840.00,49803984.00,99607968.00,99607968.00,249019920.00
Oct 06 2023,JOE,0,497988000.00,49798800.00,99597600.00,99597600.00,248994000.00
Oct 05 2023,JOE,0,497936160.00,49793616.00,99587232.00,99587232.00,248968080.00
Oct 03 2023,JOE,0,497832480.00,49783248.00,99566496.00,99566496.00,248916240.00
Oct 02 2023,JOE,0,497772000.00,49777200.00,99554400.00,99554400.00,248886000.00
Oct 01 2023,JOE,0,497711520.00,49771152.00,99542304.00,99542304.00,248855760.00
Sep 30 2023,JOE,0,497651040.00,49765104.00,99530208.00,99530208.00,248825520.00
Sep 28 2023,JOE,0,497530080.00,49753008.00,99506016.00,99506016.00,248765040.00
Sep 27 2023,JOE,0,497469600.00,49746960.00,99493920.00,99493920.00,248734800.00
Sep 26 2023,JOE,0,497409120.00,49740912.00,99481824.00,99481824.00,248704560.00
Sep 25 2023,JOE,0,497348640.00,49734864.00,99469728.00,99469728.00,248674320.00
Sep 24 2023,JOE,0,497288160.00,49728816.00,99457632.00,99457632.00,248644080.00
Sep 22 2023,JOE,0,497167200.00,49716720.00,99433440.00,99433440.00,248583600.00
Sep 21 2023,JOE,0,497106720.00,49710672.00,99421344.00,99421344.00,248553360.00
Sep 20 2023,JOE,0,497046240.00,49704624.00,99409248.00,99409248.00,248523120.00
Sep 19 2023,JOE,0,496985760.00,49698576.00,99397152.00,99397152.00,248492880.00
Sep 17 2023,JOE,0,496864800.00,49686480.00,99372960.00,99372960.00,248432400.00
Sep 16 2023,JOE,0,496804320.00,49680432.00,99360864.00,99360864.00,248402160.00
Sep 15 2023,JOE,0,496743840.00,49674384.00,99348768.00,99348768.00,248371920.00
Sep 14 2023,JOE,0,496683360.00,49668336.00,99336672.00,99336672.00,248341680.00
Sep 13 2023,JOE,0,496622880.00,49662288.00,99324576.00,99324576.00,248311440.00
Sep 11 2023,JOE,0,496501920.00,49650192.00,99300384.00,99300384.00,248250960.00
Sep 10 2023,JOE,0,496441440.00,49644144.00,99288288.00,99288288.00,248220720.00
Sep 09 2023,JOE,0,496380960.00,49638096.00,99276192.00,99276192.00,248190480.00
Sep 08 2023,JOE,0,496320480.00,49632048.00,99264096.00,99264096.00,248160240.00
Sep 06 2023,JOE,0,496199520.00,49619952.00,99239904.00,99239904.00,248099760.00
Sep 05 2023,JOE,0,496139040.00,49613904.00,99227808.00,99227808.00,248069520.00
Sep 04 2023,JOE,0,496078560.00,49607856.00,99215712.00,99215712.00,248039280.00
Sep 03 2023,JOE,0,496018080.00,49601808.00,99203616.00,99203616.00,248009040.00
Sep 02 2023,JOE,0,495948960.00,49594896.00,99189792.00,99189792.00,247974480.00
Aug 31 2023,JOE,0,495810720.00,49581072.00,99162144.00,99162144.00,247905360.00
Aug 30 2023,JOE,0,495741600.00,49574160.00,99148320.00,99148320.00,247870800.00
Aug 29 2023,JOE,0,495672480.00,49567248.00,99134496.00,99134496.00,247836240.00
Aug 28 2023,JOE,0,495603360.00,49560336.00,99120672.00,99120672.00,247801680.00
Aug 26 2023,JOE,0,495465120.00,49546512.00,99093024.00,99093024.00,247732560.00
Aug 25 2023,JOE,0,495396000.00,49539600.00,99079200.00,99079200.00,247698000.00
Aug 24 2023,JOE,0,495326880.00,49532688.00,99065376.00,99065376.00,247663440.00
Aug 23 2023,JOE,0,495257760.00,49525776.00,99051552.00,99051552.00,247628880.00
Aug 21 2023,JOE,0,495119520.00,49511952.00,99023904.00,99023904.00,247559760.00
Aug 20 2023,JOE,0,495050400.00,49505040.00,99010080.00,99010080.00,247525200.00
Aug 19 2023,JOE,0,494981280.00,49498128.00,98996256.00,98996256.00,247490640.00
Aug 18 2023,JOE,0,494912160.00,49491216.00,98982432.00,98982432.00,247456080.00
Aug 17 2023,JOE,0,494843040.00,49484304.00,98968608.00,98968608.00,247421520.00
Aug 15 2023,JOE,0,494704800.00,49470480.00,98940960.00,98940960.00,247352400.00
Aug 14 2023,JOE,0,494635680.00,49463568.00,98927136.00,98927136.00,247317840.00
Aug 13 2023,JOE,0,494566560.00,49456656.00,98913312.00,98913312.00,247283280.00
Aug 12 2023,JOE,0,494497440.00,49449744.00,98899488.00,98899488.00,247248720.00
Aug 10 2023,JOE,0,494359200.00,49435920.00,98871840.00,98871840.00,247179600.00
Aug 09 2023,JOE,0,494290080.00,49429008.00,98858016.00,98858016.00,247145040.00
Aug 08 2023,JOE,0,494220960.00,49422096.00,98844192.00,98844192.00,247110480.00
Aug 07 2023,JOE,0,494151840.00,49415184.00,98830368.00,98830368.00,247075920.00
Aug 06 2023,JOE,0,494082720.00,49408272.00,98816544.00,98816544.00,247041360.00
Aug 04 2023,JOE,0,493944480.00,49394448.00,98788896.00,98788896.00,246972240.00
Aug 03 2023,JOE,0,493875360.00,49387536.00,98775072.00,98775072.00,246937680.00
Aug 02 2023,JOE,0,493797600.00,49379760.00,98759520.00,98759520.00,246898800.00
Aug 01 2023,JOE,0,493719840.00,49371984.00,98743968.00,98743968.00,246859920.00
Jul 30 2023,JOE,0,493564320.00,49356432.00,98712864.00,98712864.00,246782160.00
Jul 29 2023,JOE,0,493486560.00,49348656.00,98697312.00,98697312.00,246743280.00
Jul 28 2023,JOE,0,493408800.00,49340880.00,98681760.00,98681760.00,246704400.00
Jul 27 2023,JOE,0,493331040.00,49333104.00,98666208.00,98666208.00,246665520.00
Jul 26 2023,JOE,0,493253280.00,49325328.00,98650656.00,98650656.00,246626640.00
Jul 24 2023,JOE,0,493097760.00,49309776.00,98619552.00,98619552.00,246548880.00
Jul 23 2023,JOE,0,493020000.00,49302000.00,98604000.00,98604000.00,246510000.00
Jul 22 2023,JOE,0,492942240.00,49294224.00,98588448.00,98588448.00,246471120.00
Jul 21 2023,JOE,0,492864480.00,49286448.00,98572896.00,98572896.00,246432240.00
Jul 19 2023,JOE,0,492708960.00,49270896.00,98541792.00,98541792.00,246354480.00
Jul 18 2023,JOE,0,492631200.00,49263120.00,98526240.00,98526240.00,246315600.00
Jul 17 2023,JOE,0,492553440.00,49255344.00,98510688.00,98510688.00,246276720.00
Jul 16 2023,JOE,0,492475680.00,49247568.00,98495136.00,98495136.00,246237840.00
Jul 14 2023,JOE,0,492320160.00,49232016.00,98464032.00,98464032.00,246160080.00
Jul 13 2023,JOE,0,492242400.00,49224240.00,98448480.00,98448480.00,246121200.00
Jul 12 2023,JOE,0,492164640.00,49216464.00,98432928.00,98432928.00,246082320.00
Jul 11 2023,JOE,0,492086880.00,49208688.00,98417376.00,98417376.00,246043440.00
Jul 10 2023,JOE,0,492009120.00,49200912.00,98401824.00,98401824.00,246004560.00
Jul 08 2023,JOE,0,491853600.00,49185360.00,98370720.00,98370720.00,245926800.00
Jul 07 2023,JOE,0,491775840.00,49177584.00,98355168.00,98355168.00,245887920.00
Jul 06 2023,JOE,0,491698080.00,49169808.00,98339616.00,98339616.00,245849040.00
Jul 05 2023,JOE,0,491620320.00,49162032.00,98324064.00,98324064.00,245810160.00
Jul 03 2023,JOE,0,491464800.00,49146480.00,98292960.00,98292960.00,245732400.00
Jul 02 2023,JOE,0,491378400.00,49137840.00,98275680.00,98275680.00,245689200.00
Jul 01 2023,JOE,0,491292000.00,49129200.00,98258400.00,98258400.00,245646000.00
Jun 30 2023,JOE,0,491205600.00,49120560.00,98241120.00,98241120.00,245602800.00
Jun 29 2023,JOE,0,491119200.00,49111920.00,98223840.00,98223840.00,245559600.00
Jun 27 2023,JOE,0,490946400.00,49094640.00,98189280.00,98189280.00,245473200.00
Jun 26 2023,JOE,0,490860000.00,49086000.00,98172000.00,98172000.00,245430000.00
Jun 25 2023,JOE,0,490773600.00,49077360.00,98154720.00,98154720.00,245386800.00
Jun 24 2023,JOE,0,490687200.00,49068720.00,98137440.00,98137440.00,245343600.00
Jun 22 2023,JOE,0,490514400.00,49051440.00,98102880.00,98102880.00,245257200.00
Jun 21 2023,JOE,0,490428000.00,49042800.00,98085600.00,98085600.00,245214000.00
Jun 20 2023,JOE,0,490341600.00,49034160.00,98068320.00,98068320.00,245170800.00
Jun 19 2023,JOE,0,490255200.00,49025520.00,98051040.00,98051040.00,245127600.00
Jun 18 2023,JOE,0,490168800.00,49016880.00,98033760.00,98033760.00,245084400.00
Jun 16 2023,JOE,0,489996000.00,48999600.00,97999200.00,97999200.00,244998000.00
Jun 15 2023,JOE,0,489909600.00,48990960.00,97981920.00,97981920.00,244954800.00
Jun 14 2023,JOE,0,489823200.00,48982320.00,97964640.00,97964640.00,244911600.00
Jun 13 2023,JOE,0,489736800.00,48973680.00,97947360.00,97947360.00,244868400.00
Jun 11 2023,JOE,0,489564000.00,48956400.00,97912800.00,97912800.00,244782000.00
Jun 10 2023,JOE,0,489477600.00,48947760.00,97895520.00,97895520.00,244738800.00
Jun 09 2023,JOE,0,489391200.00,48939120.00,97878240.00,97878240.00,244695600.00
Jun 08 2023,JOE,0,489304800.00,48930480.00,97860960.00,97860960.00,244652400.00
Jun 06 2023,JOE,0,489132000.00,48913200.00,97826400.00,97826400.00,244566000.00
Jun 05 2023,JOE,0,489045600.00,48904560.00,97809120.00,97809120.00,244522800.00
Jun 04 2023,JOE,0,488959200.00,48895920.00,97791840.00,97791840.00,244479600.00
Jun 03 2023,JOE,0,488872800.00,48887280.00,97774560.00,97774560.00,244436400.00
Jun 02 2023,JOE,0,488764800.00,48876480.00,97752960.00,97752960.00,244382400.00
May 31 2023,JOE,0,488548800.00,48854880.00,97709760.00,97709760.00,244274400.00
May 30 2023,JOE,0,488440800.00,48844080.00,97688160.00,97688160.00,244220400.00
May 29 2023,JOE,0,488332800.00,48833280.00,97666560.00,97666560.00,244166400.00
May 28 2023,JOE,0,488224800.00,48822480.00,97644960.00,97644960.00,244112400.00
May 26 2023,JOE,0,488008800.00,48800880.00,97601760.00,97601760.00,244004400.00
May 25 2023,JOE,0,487900800.00,48790080.00,97580160.00,97580160.00,243950400.00
May 24 2023,JOE,0,487792800.00,48779280.00,97558560.00,97558560.00,243896400.00
May 23 2023,JOE,0,487684800.00,48768480.00,97536960.00,97536960.00,243842400.00
May 22 2023,JOE,0,487576800.00,48757680.00,97515360.00,97515360.00,243788400.00
May 20 2023,JOE,0,487360800.00,48736080.00,97472160.00,97472160.00,243680400.00
May 19 2023,JOE,0,487252800.00,48725280.00,97450560.00,97450560.00,243626400.00
May 18 2023,JOE,0,487144800.00,48714480.00,97428960.00,97428960.00,243572400.00
May 17 2023,JOE,0,487036800.00,48703680.00,97407360.00,97407360.00,243518400.00
May 15 2023,JOE,0,486820800.00,48682080.00,97364160.00,97364160.00,243410400.00
May 14 2023,JOE,0,486712800.00,48671280.00,97342560.00,97342560.00,243356400.00
May 13 2023,JOE,0,486604800.00,48660480.00,97320960.00,97320960.00,243302400.00
May 12 2023,JOE,0,486496800.00,48649680.00,97299360.00,97299360.00,243248400.00
May 11 2023,JOE,0,486388800.00,48638880.00,97277760.00,97277760.00,243194400.00
May 09 2023,JOE,0,486172800.00,48617280.00,97234560.00,97234560.00,243086400.00
May 08 2023,JOE,0,486064800.00,48606480.00,97212960.00,97212960.00,243032400.00
May 07 2023,JOE,0,485956800.00,48595680.00,97191360.00,97191360.00,242978400.00
May 06 2023,JOE,0,485848800.00,48584880.00,97169760.00,97169760.00,242924400.00
May 04 2023,JOE,0,485632800.00,48563280.00,97126560.00,97126560.00,242816400.00
May 03 2023,JOE,0,485524800.00,48552480.00,97104960.00,97104960.00,242762400.00
May 02 2023,JOE,0,485395200.00,48539520.00,97079040.00,97079040.00,242697600.00
May 01 2023,JOE,0,485265600.00,48526560.00,97053120.00,97053120.00,242632800.00
Apr 29 2023,JOE,0,485006400.00,48500640.00,97001280.00,97001280.00,242503200.00
Apr 28 2023,JOE,0,484876800.00,48487680.00,96975360.00,96975360.00,242438400.00
Apr 27 2023,JOE,0,484747200.00,48474720.00,96949440.00,96949440.00,242373600.00
Apr 26 2023,JOE,0,484617600.00,48461760.00,96923520.00,96923520.00,242308800.00
Apr 25 2023,JOE,0,484488000.00,48448800.00,96897600.00,96897600.00,242244000.00
Apr 23 2023,JOE,0,484228800.00,48422880.00,96845760.00,96845760.00,242114400.00
Apr 22 2023,JOE,0,484099200.00,48409920.00,96819840.00,96819840.00,242049600.00
Apr 21 2023,JOE,0,483969600.00,48396960.00,96793920.00,96793920.00,241984800.00
Apr 20 2023,JOE,0,483840000.00,48384000.00,96768000.00,96768000.00,241920000.00
Apr 18 2023,JOE,0,483580800.00,48358080.00,96716160.00,96716160.00,241790400.00
Apr 17 2023,JOE,0,483451200.00,48345120.00,96690240.00,96690240.00,241725600.00
Apr 16 2023,JOE,0,483321600.00,48332160.00,96664320.00,96664320.00,241660800.00
Apr 15 2023,JOE,0,483192000.00,48319200.00,96638400.00,96638400.00,241596000.00
Apr 14 2023,JOE,0,483062400.00,48306240.00,96612480.00,96612480.00,241531200.00
Apr 12 2023,JOE,0,482803200.00,48280320.00,96560640.00,96560640.00,241401600.00
Apr 11 2023,JOE,0,482673600.00,48267360.00,96534720.00,96534720.00,241336800.00
Apr 10 2023,JOE,0,482544000.00,48254400.00,96508800.00,96508800.00,241272000.00
Apr 09 2023,JOE,0,482414400.00,48241440.00,96482880.00,96482880.00,241207200.00
Apr 07 2023,JOE,0,482155200.00,48215520.00,96431040.00,96431040.00,241077600.00
Apr 06 2023,JOE,0,482025600.00,48202560.00,96405120.00,96405120.00,241012800.00
Apr 05 2023,JOE,0,481896000.00,48189600.00,96379200.00,96379200.00,240948000.00
Apr 04 2023,JOE,0,481766400.00,48176640.00,96353280.00,96353280.00,240883200.00
Apr 03 2023,JOE,0,481636800.00,48163680.00,96327360.00,96327360.00,240818400.00
Apr 01 2023,JOE,0,481291200.00,48129120.00,96258240.00,96258240.00,240645600.00
Mar 31 2023,JOE,0,481118400.00,48111840.00,96223680.00,96223680.00,240559200.00
Mar 30 2023,JOE,0,480945600.00,48094560.00,96189120.00,96189120.00,240472800.00
Mar 29 2023,JOE,0,480772800.00,48077280.00,96154560.00,96154560.00,240386400.00
Mar 27 2023,JOE,0,480427200.00,48042720.00,96085440.00,96085440.00,240213600.00
Mar 26 2023,JOE,0,480254400.00,48025440.00,96050880.00,96050880.00,240127200.00
Mar 25 2023,JOE,0,480081600.00,48008160.00,96016320.00,96016320.00,240040800.00
Mar 24 2023,JOE,0,479908800.00,47990880.00,95981760.00,95981760.00,239954400.00
Mar 23 2023,JOE,0,479736000.00,47973600.00,95947200.00,95947200.00,239868000.00
Mar 21 2023,JOE,0,479390400.00,47939040.00,95878080.00,95878080.00,239695200.00
Mar 20 2023,JOE,0,479217600.00,47921760.00,95843520.00,95843520.00,239608800.00
Mar 19 2023,JOE,0,479044800.00,47904480.00,95808960.00,95808960.00,239522400.00
Mar 18 2023,JOE,0,478872000.00,47887200.00,95774400.00,95774400.00,239436000.00
Mar 16 2023,JOE,0,478526400.00,47852640.00,95705280.00,95705280.00,239263200.00
Mar 15 2023,JOE,0,478353600.00,47835360.00,95670720.00,95670720.00,239176800.00
Mar 14 2023,JOE,0,478180800.00,47818080.00,95636160.00,95636160.00,239090400.00
Mar 13 2023,JOE,0,478008000.00,47800800.00,95601600.00,95601600.00,239004000.00
Mar 11 2023,JOE,0,477662400.00,47766240.00,95532480.00,95532480.00,238831200.00
Mar 10 2023,JOE,0,477489600.00,47748960.00,95497920.00,95497920.00,238744800.00
Mar 09 2023,JOE,0,477316800.00,47731680.00,95463360.00,95463360.00,238658400.00
Mar 08 2023,JOE,0,477144000.00,47714400.00,95428800.00,95428800.00,238572000.00
Mar 07 2023,JOE,0,476971200.00,47697120.00,95394240.00,95394240.00,238485600.00
Mar 05 2023,JOE,0,476625600.00,47662560.00,95325120.00,95325120.00,238312800.00
Mar 04 2023,JOE,0,476452800.00,47645280.00,95290560.00,95290560.00,238226400.00
Mar 03 2023,JOE,0,476280000.00,47628000.00,95256000.00,95256000.00,238140000.00
Mar 02 2023,JOE,0,476064000.00,47606400.00,95212800.00,95212800.00,238032000.00
Feb 28 2023,JOE,0,475632000.00,47563200.00,95126400.00,95126400.00,237816000.00
Feb 27 2023,JOE,0,475416000.00,47541600.00,95083200.00,95083200.00,237708000.00
Feb 26 2023,JOE,0,475200000.00,47520000.00,95040000.00,95040000.00,237600000.00
Feb 25 2023,JOE,0,474984000.00,47498400.00,94996800.00,94996800.00,237492000.00
Feb 24 2023,JOE,0,474768000.00,47476800.00,94953600.00,94953600.00,237384000.00
Feb 22 2023,JOE,0,474336000.00,47433600.00,94867200.00,94867200.00,237168000.00
Feb 21 2023,JOE,0,474120000.00,47412000.00,94824000.00,94824000.00,237060000.00
Feb 20 2023,JOE,0,473904000.00,47390400.00,94780800.00,94780800.00,236952000.00
Feb 19 2023,JOE,0,473688000.00,47368800.00,94737600.00,94737600.00,236844000.00
Feb 17 2023,JOE,0,473256000.00,47325600.00,94651200.00,94651200.00,236628000.00
Feb 16 2023,JOE,0,473040000.00,47304000.00,94608000.00,94608000.00,236520000.00
Feb 15 2023,JOE,0,472824000.00,47282400.00,94564800.00,94564800.00,236412000.00
Feb 14 2023,JOE,0,472608000.00,47260800.00,94521600.00,94521600.00,236304000.00
Feb 13 2023,JOE,0,472392000.00,47239200.00,94478400.00,94478400.00,236196000.00
Feb 11 2023,JOE,0,471960000.00,47196000.00,94392000.00,94392000.00,235980000.00
Feb 10 2023,JOE,0,471744000.00,47174400.00,94348800.00,94348800.00,235872000.00
Feb 09 2023,JOE,0,471528000.00,47152800.00,94305600.00,94305600.00,235764000.00
Feb 08 2023,JOE,0,471312000.00,47131200.00,94262400.00,94262400.00,235656000.00
Feb 06 2023,JOE,0,470880000.00,47088000.00,94176000.00,94176000.00,235440000.00
Feb 05 2023,JOE,0,470664000.00,47066400.00,94132800.00,94132800.00,235332000.00
Feb 04 2023,JOE,0,470448000.00,47044800.00,94089600.00,94089600.00,235224000.00
Feb 03 2023,JOE,0,470232000.00,47023200.00,94046400.00,94046400.00,235116000.00
Feb 01 2023,JOE,0,469713600.00,46971360.00,93942720.00,93942720.00,234856800.00
Jan 31 2023,JOE,0,469454400.00,46945440.00,93890880.00,93890880.00,234727200.00
Jan 30 2023,JOE,0,469195200.00,46919520.00,93839040.00,93839040.00,234597600.00
Jan 29 2023,JOE,0,468936000.00,46893600.00,93787200.00,93787200.00,234468000.00
Jan 28 2023,JOE,0,468676800.00,46867680.00,93735360.00,93735360.00,234338400.00
Jan 26 2023,JOE,0,468158400.00,46815840.00,93631680.00,93631680.00,234079200.00
Jan 25 2023,JOE,0,467899200.00,46789920.00,93579840.00,93579840.00,233949600.00
Jan 24 2023,JOE,0,467640000.00,46764000.00,93528000.00,93528000.00,233820000.00
Jan 23 2023,JOE,0,467380800.00,46738080.00,93476160.00,93476160.00,233690400.00
Jan 21 2023,JOE,0,466862400.00,46686240.00,93372480.00,93372480.00,233431200.00
Jan 20 2023,JOE,0,466603200.00,46660320.00,93320640.00,93320640.00,233301600.00
Jan 19 2023,JOE,0,466344000.00,46634400.00,93268800.00,93268800.00,233172000.00
Jan 18 2023,JOE,0,466084800.00,46608480.00,93216960.00,93216960.00,233042400.00
Jan 17 2023,JOE,0,465825600.00,46582560.00,93165120.00,93165120.00,232912800.00
Jan 15 2023,JOE,0,465307200.00,46530720.00,93061440.00,93061440.00,232653600.00
Jan 14 2023,JOE,0,465048000.00,46504800.00,93009600.00,93009600.00,232524000.00
Jan 13 2023,JOE,0,464788800.00,46478880.00,92957760.00,92957760.00,232394400.00
Jan 12 2023,JOE,0,464529600.00,46452960.00,92905920.00,92905920.00,232264800.00
Jan 10 2023,JOE,0,464011200.00,46401120.00,92802240.00,92802240.00,232005600.00
Jan 09 2023,JOE,0,463752000.00,46375200.00,92750400.00,92750400.00,231876000.00
Jan 08 2023,JOE,0,463492800.00,46349280.00,92698560.00,92698560.00,231746400.00
Jan 07 2023,JOE,0,463233600.00,46323360.00,92646720.00,92646720.00,231616800.00
Jan 06 2023,JOE,0,462974400.00,46297440.00,92594880.00,92594880.00,231487200.00
Jan 04 2023,JOE,0,462456000.00,46245600.00,92491200.00,92491200.00,231228000.00
Jan 03 2023,JOE,0,462196800.00,46219680.00,92439360.00,92439360.00,231098400.00
Jan 02 2023,JOE,0,461894400.00,46189440.00,92378880.00,92378880.00,230947200.00
Jan 01 2023,JOE,0,461592000.00,46159200.00,92318400.00,92318400.00,230796000.00
Dec 30 2022,JOE,0,460987200.00,46098720.00,92197440.00,92197440.00,230493600.00
Dec 29 2022,JOE,0,460684800.00,46068480.00,92136960.00,92136960.00,230342400.00
Dec 28 2022,JOE,0,460382400.00,46038240.00,92076480.00,92076480.00,230191200.00
Dec 27 2022,JOE,0,460080000.00,46008000.00,92016000.00,92016000.00,230040000.00
Dec 25 2022,JOE,0,459475200.00,45947520.00,91895040.00,91895040.00,229737600.00
Dec 24 2022,JOE,0,459172800.00,45917280.00,91834560.00,91834560.00,229586400.00
Dec 23 2022,JOE,0,458870400.00,45887040.00,91774080.00,91774080.00,229435200.00
Dec 22 2022,JOE,0,458568000.00,45856800.00,91713600.00,91713600.00,229284000.00
Dec 21 2022,JOE,0,458265600.00,45826560.00,91653120.00,91653120.00,229132800.00
Dec 19 2022,JOE,0,457660800.00,45766080.00,91532160.00,91532160.00,228830400.00
Dec 18 2022,JOE,0,457358400.00,45735840.00,91471680.00,91471680.00,228679200.00
Dec 17 2022,JOE,0,457056000.00,45705600.00,91411200.00,91411200.00,228528000.00
Dec 16 2022,JOE,0,456753600.00,45675360.00,91350720.00,91350720.00,228376800.00
Dec 14 2022,JOE,0,456148800.00,45614880.00,91229760.00,91229760.00,228074400.00
Dec 13 2022,JOE,0,455846400.00,45584640.00,91169280.00,91169280.00,227923200.00
Dec 12 2022,JOE,0,455544000.00,45554400.00,91108800.00,91108800.00,227772000.00
Dec 11 2022,JOE,0,455241600.00,45524160.00,91048320.00,91048320.00,227620800.00
Dec 10 2022,JOE,0,454939200.00,45493920.00,90987840.00,90987840.00,227469600.00
Dec 08 2022,JOE,0,454334400.00,45433440.00,90866880.00,90866880.00,227167200.00
Dec 07 2022,JOE,0,454032000.00,45403200.00,90806400.00,90806400.00,227016000.00
Dec 06 2022,JOE,0,453729600.00,45372960.00,90745920.00,90745920.00,226864800.00
Dec 05 2022,JOE,0,453427200.00,45342720.00,90685440.00,90685440.00,226713600.00
Dec 03 2022,JOE,0,452822400.00,45282240.00,90564480.00,90564480.00,226411200.00
Dec 02 2022,JOE,0,452476800.00,45247680.00,90495360.00,90495360.00,226238400.00
Dec 02 2022,JOE,0,452476800.00,45247680.00,90495360.00,90495360.00,226238400.00
Dec 01 2022,JOE,0,452131200.00,45213120.00,90426240.00,90426240.00,226065600.00
Nov 30 2022,JOE,0,451785600.00,45178560.00,90357120.00,90357120.00,225892800.00
Nov 29 2022,JOE,0,451440000.00,45144000.00,90288000.00,90288000.00,225720000.00
Nov 27 2022,JOE,0,450748800.00,45074880.00,90149760.00,90149760.00,225374400.00
Nov 26 2022,JOE,0,450403200.00,45040320.00,90080640.00,90080640.00,225201600.00
Nov 25 2022,JOE,0,450057600.00,45005760.00,90011520.00,90011520.00,225028800.00
Nov 24 2022,JOE,0,449712000.00,44971200.00,89942400.00,89942400.00,224856000.00
Nov 22 2022,JOE,0,449020800.00,44902080.00,89804160.00,89804160.00,224510400.00
Nov 21 2022,JOE,0,448675200.00,44867520.00,89735040.00,89735040.00,224337600.00
Nov 20 2022,JOE,0,448329600.00,44832960.00,89665920.00,89665920.00,224164800.00
Nov 19 2022,JOE,0,447984000.00,44798400.00,89596800.00,89596800.00,223992000.00
Nov 17 2022,JOE,0,447292800.00,44729280.00,89458560.00,89458560.00,223646400.00
Nov 16 2022,JOE,0,446947200.00,44694720.00,89389440.00,89389440.00,223473600.00
Nov 15 2022,JOE,0,446601600.00,44660160.00,89320320.00,89320320.00,223300800.00
Nov 14 2022,JOE,0,446256000.00,44625600.00,89251200.00,89251200.00,223128000.00
Nov 13 2022,JOE,0,445910400.00,44591040.00,89182080.00,89182080.00,222955200.00
Nov 11 2022,JOE,0,445219200.00,44521920.00,89043840.00,89043840.00,222609600.00
Nov 10 2022,JOE,0,444873600.00,44487360.00,88974720.00,88974720.00,222436800.00
Nov 09 2022,JOE,0,444528000.00,44452800.00,88905600.00,88905600.00,222264000.00
Nov 08 2022,JOE,0,444182400.00,44418240.00,88836480.00,88836480.00,222091200.00
Nov 06 2022,JOE,0,443491200.00,44349120.00,88698240.00,88698240.00,221745600.00
Nov 05 2022,JOE,0,443145600.00,44314560.00,88629120.00,88629120.00,221572800.00
Nov 04 2022,JOE,0,442800000.00,44280000.00,88560000.00,88560000.00,221400000.00
Nov 03 2022,JOE,0,442454400.00,44245440.00,88490880.00,88490880.00,221227200.00
Nov 02 2022,JOE,0,442065600.00,44206560.00,88413120.00,88413120.00,221032800.00
Oct 31 2022,JOE,0,441288000.00,44128800.00,88257600.00,88257600.00,220644000.00
Oct 30 2022,JOE,0,440899200.00,44089920.00,88179840.00,88179840.00,220449600.00
Oct 29 2022,JOE,0,440510400.00,44051040.00,88102080.00,88102080.00,220255200.00
Oct 28 2022,JOE,0,440121600.00,44012160.00,88024320.00,88024320.00,220060800.00
Oct 26 2022,JOE,0,439344000.00,43934400.00,87868800.00,87868800.00,219672000.00
Oct 25 2022,JOE,0,438955200.00,43895520.00,87791040.00,87791040.00,219477600.00
Oct 24 2022,JOE,0,438566400.00,43856640.00,87713280.00,87713280.00,219283200.00
Oct 23 2022,JOE,0,438177600.00,43817760.00,87635520.00,87635520.00,219088800.00
Oct 22 2022,JOE,0,437788800.00,43778880.00,87557760.00,87557760.00,218894400.00
Oct 20 2022,JOE,0,437011200.00,43701120.00,87402240.00,87402240.00,218505600.00
Oct 19 2022,JOE,0,436622400.00,43662240.00,87324480.00,87324480.00,218311200.00
Oct 18 2022,JOE,0,436233600.00,43623360.00,87246720.00,87246720.00,218116800.00
Oct 17 2022,JOE,0,435844800.00,43584480.00,87168960.00,87168960.00,217922400.00
Oct 15 2022,JOE,0,435067200.00,43506720.00,87013440.00,87013440.00,217533600.00
Oct 14 2022,JOE,0,434678400.00,43467840.00,86935680.00,86935680.00,217339200.00
Oct 13 2022,JOE,0,434289600.00,43428960.00,86857920.00,86857920.00,217144800.00
Oct 12 2022,JOE,0,433900800.00,43390080.00,86780160.00,86780160.00,216950400.00
Oct 10 2022,JOE,0,433123200.00,43312320.00,86624640.00,86624640.00,216561600.00
Oct 09 2022,JOE,0,432734400.00,43273440.00,86546880.00,86546880.00,216367200.00
Oct 08 2022,JOE,0,432345600.00,43234560.00,86469120.00,86469120.00,216172800.00
Oct 07 2022,JOE,0,431956800.00,43195680.00,86391360.00,86391360.00,215978400.00
Oct 06 2022,JOE,0,431568000.00,43156800.00,86313600.00,86313600.00,215784000.00
Oct 04 2022,JOE,0,430790400.00,43079040.00,86158080.00,86158080.00,215395200.00
Oct 03 2022,JOE,0,430401600.00,43040160.00,86080320.00,86080320.00,215200800.00
Oct 02 2022,JOE,0,429969600.00,42996960.00,85993920.00,85993920.00,214984800.00
Oct 01 2022,JOE,0,429537600.00,42953760.00,85907520.00,85907520.00,214768800.00
Sep 29 2022,JOE,0,428673600.00,42867360.00,85734720.00,85734720.00,214336800.00
Sep 28 2022,JOE,0,428241600.00,42824160.00,85648320.00,85648320.00,214120800.00
Sep 27 2022,JOE,0,427809600.00,42780960.00,85561920.00,85561920.00,213904800.00
Sep 26 2022,JOE,0,427377600.00,42737760.00,85475520.00,85475520.00,213688800.00
Sep 25 2022,JOE,0,426945600.00,42694560.00,85389120.00,85389120.00,213472800.00
Sep 23 2022,JOE,0,426081600.00,42608160.00,85216320.00,85216320.00,213040800.00
Sep 22 2022,JOE,0,425649600.00,42564960.00,85129920.00,85129920.00,212824800.00
Sep 21 2022,JOE,0,425217600.00,42521760.00,85043520.00,85043520.00,212608800.00
Sep 20 2022,JOE,0,424785600.00,42478560.00,84957120.00,84957120.00,212392800.00
Sep 18 2022,JOE,0,423921600.00,42392160.00,84784320.00,84784320.00,211960800.00
Sep 17 2022,JOE,0,423489600.00,42348960.00,84697920.00,84697920.00,211744800.00
Sep 16 2022,JOE,0,423057600.00,42305760.00,84611520.00,84611520.00,211528800.00
Sep 15 2022,JOE,0,422625600.00,42262560.00,84525120.00,84525120.00,211312800.00
Sep 14 2022,JOE,0,422193600.00,42219360.00,84438720.00,84438720.00,211096800.00
Sep 12 2022,JOE,0,421329600.00,42132960.00,84265920.00,84265920.00,210664800.00
Sep 11 2022,JOE,0,420897600.00,42089760.00,84179520.00,84179520.00,210448800.00
Sep 10 2022,JOE,0,420465600.00,42046560.00,84093120.00,84093120.00,210232800.00
Sep 09 2022,JOE,0,420033600.00,42003360.00,84006720.00,84006720.00,210016800.00
Sep 07 2022,JOE,0,419169600.00,41916960.00,83833920.00,83833920.00,209584800.00
Sep 06 2022,JOE,0,418737600.00,41873760.00,83747520.00,83747520.00,209368800.00
Sep 05 2022,JOE,0,418305600.00,41830560.00,83661120.00,83661120.00,209152800.00
Sep 04 2022,JOE,0,417873600.00,41787360.00,83574720.00,83574720.00,208936800.00
Sep 03 2022,JOE,0,417441600.00,41744160.00,83488320.00,83488320.00,208720800.00
Sep 01 2022,JOE,0,416491200.00,41649120.00,83298240.00,83298240.00,208245600.00
Aug 31 2022,JOE,0,416016000.00,41601600.00,83203200.00,83203200.00,208008000.00
Aug 30 2022,JOE,0,415540800.00,41554080.00,83108160.00,83108160.00,207770400.00
Aug 29 2022,JOE,0,415065600.00,41506560.00,83013120.00,83013120.00,207532800.00
Aug 27 2022,JOE,0,414115200.00,41411520.00,82823040.00,82823040.00,207057600.00
Aug 26 2022,JOE,0,413640000.00,41364000.00,82728000.00,82728000.00,206820000.00
Aug 25 2022,JOE,0,413164800.00,41316480.00,82632960.00,82632960.00,206582400.00
Aug 24 2022,JOE,0,412689600.00,41268960.00,82537920.00,82537920.00,206344800.00
Aug 22 2022,JOE,0,411739200.00,41173920.00,82347840.00,82347840.00,205869600.00
Aug 21 2022,JOE,0,411264000.00,41126400.00,82252800.00,82252800.00,205632000.00
Aug 20 2022,JOE,0,410788800.00,41078880.00,82157760.00,82157760.00,205394400.00
Aug 19 2022,JOE,0,410313600.00,41031360.00,82062720.00,82062720.00,205156800.00
Aug 18 2022,JOE,0,409838400.00,40983840.00,81967680.00,81967680.00,204919200.00
Aug 16 2022,JOE,0,408888000.00,40888800.00,81777600.00,81777600.00,204444000.00
Aug 15 2022,JOE,0,408412800.00,40841280.00,81682560.00,81682560.00,204206400.00
Aug 14 2022,JOE,0,407937600.00,40793760.00,81587520.00,81587520.00,203968800.00
Aug 13 2022,JOE,0,407462400.00,40746240.00,81492480.00,81492480.00,203731200.00
Aug 11 2022,JOE,0,406512000.00,40651200.00,81302400.00,81302400.00,203256000.00
Aug 10 2022,JOE,0,406036800.00,40603680.00,81207360.00,81207360.00,203018400.00
Aug 09 2022,JOE,0,405561600.00,40556160.00,81112320.00,81112320.00,202780800.00
Aug 08 2022,JOE,0,405086400.00,40508640.00,81017280.00,81017280.00,202543200.00
Aug 07 2022,JOE,0,404611200.00,40461120.00,80922240.00,80922240.00,202305600.00
Aug 05 2022,JOE,0,403660800.00,40366080.00,80732160.00,80732160.00,201830400.00
Aug 04 2022,JOE,0,403185600.00,40318560.00,80637120.00,80637120.00,201592800.00
Aug 03 2022,JOE,0,402710400.00,40271040.00,80542080.00,80542080.00,201355200.00
Aug 02 2022,JOE,0,402192000.00,40219200.00,80438400.00,80438400.00,201096000.00
Jul 31 2022,JOE,0,401155200.00,40115520.00,80231040.00,80231040.00,200577600.00
Jul 30 2022,JOE,0,400636800.00,40063680.00,80127360.00,80127360.00,200318400.00
Jul 29 2022,JOE,0,400118400.00,40011840.00,80023680.00,80023680.00,200059200.00
Jul 28 2022,JOE,0,399600000.00,39960000.00,79920000.00,79920000.00,199800000.00
Jul 27 2022,JOE,0,399081600.00,39908160.00,79816320.00,79816320.00,199540800.00
Jul 25 2022,JOE,0,398044800.00,39804480.00,79608960.00,79608960.00,199022400.00
Jul 24 2022,JOE,0,397526400.00,39752640.00,79505280.00,79505280.00,198763200.00
Jul 23 2022,JOE,0,397008000.00,39700800.00,79401600.00,79401600.00,198504000.00
Jul 22 2022,JOE,0,396489600.00,39648960.00,79297920.00,79297920.00,198244800.00
Jul 20 2022,JOE,0,395452800.00,39545280.00,79090560.00,79090560.00,197726400.00
Jul 19 2022,JOE,0,394934400.00,39493440.00,78986880.00,78986880.00,197467200.00
Jul 18 2022,JOE,0,394416000.00,39441600.00,78883200.00,78883200.00,197208000.00
Jul 17 2022,JOE,0,393897600.00,39389760.00,78779520.00,78779520.00,196948800.00
Jul 15 2022,JOE,0,392860800.00,39286080.00,78572160.00,78572160.00,196430400.00
Jul 14 2022,JOE,0,392342400.00,39234240.00,78468480.00,78468480.00,196171200.00
Jul 13 2022,JOE,0,391824000.00,39182400.00,78364800.00,78364800.00,195912000.00
Jul 12 2022,JOE,0,391305600.00,39130560.00,78261120.00,78261120.00,195652800.00
Jul 11 2022,JOE,0,390787200.00,39078720.00,78157440.00,78157440.00,195393600.00
Jul 09 2022,JOE,0,389750400.00,38975040.00,77950080.00,77950080.00,194875200.00
Jul 08 2022,JOE,0,389232000.00,38923200.00,77846400.00,77846400.00,194616000.00
Jul 07 2022,JOE,0,388713600.00,38871360.00,77742720.00,77742720.00,194356800.00
Jul 06 2022,JOE,0,388195200.00,38819520.00,77639040.00,77639040.00,194097600.00
Jul 04 2022,JOE,0,387158400.00,38715840.00,77431680.00,77431680.00,193579200.00
Jul 03 2022,JOE,0,386640000.00,38664000.00,77328000.00,77328000.00,193320000.00
Jul 02 2022,JOE,0,386078400.00,38607840.00,77215680.00,77215680.00,193039200.00
Jul 01 2022,JOE,0,385516800.00,38551680.00,77103360.00,77103360.00,192758400.00
Jun 30 2022,JOE,0,384955200.00,38495520.00,76991040.00,76991040.00,192477600.00
Jun 28 2022,JOE,0,383832000.00,38383200.00,76766400.00,76766400.00,191916000.00
Jun 27 2022,JOE,0,383270400.00,38327040.00,76654080.00,76654080.00,191635200.00
Jun 26 2022,JOE,0,382708800.00,38270880.00,76541760.00,76541760.00,191354400.00
Jun 25 2022,JOE,0,382147200.00,38214720.00,76429440.00,76429440.00,191073600.00
Jun 23 2022,JOE,0,381024000.00,38102400.00,76204800.00,76204800.00,190512000.00
Jun 22 2022,JOE,0,380462400.00,38046240.00,76092480.00,76092480.00,190231200.00
Jun 21 2022,JOE,0,379900800.00,37990080.00,75980160.00,75980160.00,189950400.00
Jun 20 2022,JOE,0,379339200.00,37933920.00,75867840.00,75867840.00,189669600.00
Jun 19 2022,JOE,0,378777600.00,37877760.00,75755520.00,75755520.00,189388800.00
Jun 17 2022,JOE,0,377654400.00,37765440.00,75530880.00,75530880.00,188827200.00
Jun 16 2022,JOE,0,377092800.00,37709280.00,75418560.00,75418560.00,188546400.00
Jun 15 2022,JOE,0,376531200.00,37653120.00,75306240.00,75306240.00,188265600.00
Jun 14 2022,JOE,0,375969600.00,37596960.00,75193920.00,75193920.00,187984800.00
Jun 12 2022,JOE,0,374846400.00,37484640.00,74969280.00,74969280.00,187423200.00
Jun 11 2022,JOE,0,374284800.00,37428480.00,74856960.00,74856960.00,187142400.00
Jun 10 2022,JOE,0,373723200.00,37372320.00,74744640.00,74744640.00,186861600.00
Jun 09 2022,JOE,0,373161600.00,37316160.00,74632320.00,74632320.00,186580800.00
Jun 07 2022,JOE,0,372038400.00,37203840.00,74407680.00,74407680.00,186019200.00
Jun 06 2022,JOE,0,371476800.00,37147680.00,74295360.00,74295360.00,185738400.00
Jun 05 2022,JOE,0,370915200.00,37091520.00,74183040.00,74183040.00,185457600.00
Jun 04 2022,JOE,0,370353600.00,37035360.00,74070720.00,74070720.00,185176800.00
Jun 03 2022,JOE,0,369792000.00,36979200.00,73958400.00,73958400.00,184896000.00
Jun 01 2022,JOE,0,368582400.00,36858240.00,73716480.00,73716480.00,184291200.00
May 31 2022,JOE,0,367977600.00,36797760.00,73595520.00,73595520.00,183988800.00
May 30 2022,JOE,0,367372800.00,36737280.00,73474560.00,73474560.00,183686400.00
May 29 2022,JOE,0,366768000.00,36676800.00,73353600.00,73353600.00,183384000.00
May 27 2022,JOE,0,365558400.00,36555840.00,73111680.00,73111680.00,182779200.00
May 26 2022,JOE,0,364953600.00,36495360.00,72990720.00,72990720.00,182476800.00
May 25 2022,JOE,0,364348800.00,36434880.00,72869760.00,72869760.00,182174400.00
May 24 2022,JOE,0,363744000.00,36374400.00,72748800.00,72748800.00,181872000.00
May 23 2022,JOE,0,363139200.00,36313920.00,72627840.00,72627840.00,181569600.00
May 21 2022,JOE,0,361929600.00,36192960.00,72385920.00,72385920.00,180964800.00
May 20 2022,JOE,0,361324800.00,36132480.00,72264960.00,72264960.00,180662400.00
May 19 2022,JOE,0,360720000.00,36072000.00,72144000.00,72144000.00,180360000.00
May 18 2022,JOE,0,360115200.00,36011520.00,72023040.00,72023040.00,180057600.00
May 16 2022,JOE,0,358905600.00,35890560.00,71781120.00,71781120.00,179452800.00
May 15 2022,JOE,0,358300800.00,35830080.00,71660160.00,71660160.00,179150400.00
May 14 2022,JOE,0,357696000.00,35769600.00,71539200.00,71539200.00,178848000.00
May 13 2022,JOE,0,357091200.00,35709120.00,71418240.00,71418240.00,178545600.00
May 12 2022,JOE,0,356486400.00,35648640.00,71297280.00,71297280.00,178243200.00
May 10 2022,JOE,0,355276800.00,35527680.00,71055360.00,71055360.00,177638400.00
May 09 2022,JOE,0,354672000.00,35467200.00,70934400.00,70934400.00,177336000.00
May 08 2022,JOE,0,354067200.00,35406720.00,70813440.00,70813440.00,177033600.00
May 07 2022,JOE,0,353462400.00,35346240.00,70692480.00,70692480.00,176731200.00
May 05 2022,JOE,0,352252800.00,35225280.00,70450560.00,70450560.00,176126400.00
May 04 2022,JOE,0,351648000.00,35164800.00,70329600.00,70329600.00,175824000.00
May 03 2022,JOE,0,351043200.00,35104320.00,70208640.00,70208640.00,175521600.00
May 02 2022,JOE,0,350395200.00,35039520.00,70079040.00,70079040.00,175197600.00
Apr 30 2022,JOE,0,349099200.00,34909920.00,69819840.00,69819840.00,174549600.00
Apr 29 2022,JOE,0,348451200.00,34845120.00,69690240.00,69690240.00,174225600.00
Apr 28 2022,JOE,0,347803200.00,34780320.00,69560640.00,69560640.00,173901600.00
Apr 27 2022,JOE,0,347155200.00,34715520.00,69431040.00,69431040.00,173577600.00
Apr 26 2022,JOE,0,346507200.00,34650720.00,69301440.00,69301440.00,173253600.00
Apr 24 2022,JOE,0,345211200.00,34521120.00,69042240.00,69042240.00,172605600.00
Apr 23 2022,JOE,0,344563200.00,34456320.00,68912640.00,68912640.00,172281600.00
Apr 22 2022,JOE,0,343915200.00,34391520.00,68783040.00,68783040.00,171957600.00
Apr 21 2022,JOE,0,343267200.00,34326720.00,68653440.00,68653440.00,171633600.00
Apr 19 2022,JOE,0,341971200.00,34197120.00,68394240.00,68394240.00,170985600.00
Apr 18 2022,JOE,0,341323200.00,34132320.00,68264640.00,68264640.00,170661600.00
Apr 17 2022,JOE,0,340675200.00,34067520.00,68135040.00,68135040.00,170337600.00
Apr 16 2022,JOE,0,340027200.00,34002720.00,68005440.00,68005440.00,170013600.00
Apr 15 2022,JOE,0,339379200.00,33937920.00,67875840.00,67875840.00,169689600.00
Apr 13 2022,JOE,0,338083200.00,33808320.00,67616640.00,67616640.00,169041600.00
Apr 12 2022,JOE,0,337435200.00,33743520.00,67487040.00,67487040.00,168717600.00
Apr 11 2022,JOE,0,336787200.00,33678720.00,67357440.00,67357440.00,168393600.00
Apr 10 2022,JOE,0,336139200.00,33613920.00,67227840.00,67227840.00,168069600.00
Apr 08 2022,JOE,0,334843200.00,33484320.00,66968640.00,66968640.00,167421600.00
Apr 07 2022,JOE,0,334195200.00,33419520.00,66839040.00,66839040.00,167097600.00
Apr 06 2022,JOE,0,333547200.00,33354720.00,66709440.00,66709440.00,166773600.00
Apr 05 2022,JOE,0,332899200.00,33289920.00,66579840.00,66579840.00,166449600.00
Apr 04 2022,JOE,0,332251200.00,33225120.00,66450240.00,66450240.00,166125600.00
Apr 02 2022,JOE,0,330912000.00,33091200.00,66182400.00,66182400.00,165456000.00
Apr 01 2022,JOE,0,330220800.00,33022080.00,66044160.00,66044160.00,165110400.00
Mar 31 2022,JOE,0,329529600.00,32952960.00,65905920.00,65905920.00,164764800.00
Mar 30 2022,JOE,0,328838400.00,32883840.00,65767680.00,65767680.00,164419200.00
Mar 28 2022,JOE,0,327456000.00,32745600.00,65491200.00,65491200.00,163728000.00
Mar 27 2022,JOE,0,326764800.00,32676480.00,65352960.00,65352960.00,163382400.00
Mar 26 2022,JOE,0,326073600.00,32607360.00,65214720.00,65214720.00,163036800.00
Mar 25 2022,JOE,0,325382400.00,32538240.00,65076480.00,65076480.00,162691200.00
Mar 24 2022,JOE,0,324691200.00,32469120.00,64938240.00,64938240.00,162345600.00
Mar 22 2022,JOE,0,323308800.00,32330880.00,64661760.00,64661760.00,161654400.00
Mar 21 2022,JOE,0,322617600.00,32261760.00,64523520.00,64523520.00,161308800.00
Mar 20 2022,JOE,0,321926400.00,32192640.00,64385280.00,64385280.00,160963200.00
Mar 19 2022,JOE,0,321235200.00,32123520.00,64247040.00,64247040.00,160617600.00
Mar 17 2022,JOE,0,319852800.00,31985280.00,63970560.00,63970560.00,159926400.00
Mar 16 2022,JOE,0,319161600.00,31916160.00,63832320.00,63832320.00,159580800.00
Mar 15 2022,JOE,0,318470400.00,31847040.00,63694080.00,63694080.00,159235200.00
Mar 14 2022,JOE,0,317779200.00,31777920.00,63555840.00,63555840.00,158889600.00
Mar 12 2022,JOE,0,316396800.00,31639680.00,63279360.00,63279360.00,158198400.00
Mar 11 2022,JOE,0,315705600.00,31570560.00,63141120.00,63141120.00,157852800.00
Mar 10 2022,JOE,0,315014400.00,31501440.00,63002880.00,63002880.00,157507200.00
Mar 09 2022,JOE,0,314323200.00,31432320.00,62864640.00,62864640.00,157161600.00
Mar 08 2022,JOE,0,313632000.00,31363200.00,62726400.00,62726400.00,156816000.00
Mar 06 2022,JOE,0,312249600.00,31224960.00,62449920.00,62449920.00,156124800.00
Mar 05 2022,JOE,0,311558400.00,31155840.00,62311680.00,62311680.00,155779200.00
Mar 04 2022,JOE,0,310867200.00,31086720.00,62173440.00,62173440.00,155433600.00
Mar 03 2022,JOE,0,310176000.00,31017600.00,62035200.00,62035200.00,155088000.00
Mar 01 2022,JOE,0,308707200.00,30870720.00,61741440.00,61741440.00,154353600.00
Feb 28 2022,JOE,0,307972800.00,30797280.00,61594560.00,61594560.00,153986400.00
Feb 27 2022,JOE,0,307238400.00,30723840.00,61447680.00,61447680.00,153619200.00
Feb 26 2022,JOE,0,306504000.00,30650400.00,61300800.00,61300800.00,153252000.00
Feb 25 2022,JOE,0,305769600.00,30576960.00,61153920.00,61153920.00,152884800.00
Feb 23 2022,JOE,0,304300800.00,30430080.00,60860160.00,60860160.00,152150400.00
Feb 22 2022,JOE,0,303566400.00,30356640.00,60713280.00,60713280.00,151783200.00
Feb 21 2022,JOE,0,302832000.00,30283200.00,60566400.00,60566400.00,151416000.00
Feb 20 2022,JOE,0,302097600.00,30209760.00,60419520.00,60419520.00,151048800.00
Feb 18 2022,JOE,0,300628800.00,30062880.00,60125760.00,60125760.00,150314400.00
Feb 17 2022,JOE,0,299894400.00,29989440.00,59978880.00,59978880.00,149947200.00
Feb 16 2022,JOE,0,299160000.00,29916000.00,59832000.00,59832000.00,149580000.00
Feb 15 2022,JOE,0,298425600.00,29842560.00,59685120.00,59685120.00,149212800.00
Feb 14 2022,JOE,0,297691200.00,29769120.00,59538240.00,59538240.00,148845600.00
Feb 12 2022,JOE,0,296222400.00,29622240.00,59244480.00,59244480.00,148111200.00
Feb 11 2022,JOE,0,295488000.00,29548800.00,59097600.00,59097600.00,147744000.00
Feb 10 2022,JOE,0,294753600.00,29475360.00,58950720.00,58950720.00,147376800.00
Feb 09 2022,JOE,0,294019200.00,29401920.00,58803840.00,58803840.00,147009600.00
Feb 07 2022,JOE,0,292550400.00,29255040.00,58510080.00,58510080.00,146275200.00
Feb 06 2022,JOE,0,291816000.00,29181600.00,58363200.00,58363200.00,145908000.00
Feb 05 2022,JOE,0,291081600.00,29108160.00,58216320.00,58216320.00,145540800.00
Feb 04 2022,JOE,0,290347200.00,29034720.00,58069440.00,58069440.00,145173600.00
Feb 02 2022,JOE,0,288835200.00,28883520.00,57767040.00,57767040.00,144417600.00
Feb 01 2022,JOE,0,288057600.00,28805760.00,57611520.00,57611520.00,144028800.00
Jan 31 2022,JOE,0,287280000.00,28728000.00,57456000.00,57456000.00,143640000.00
Jan 30 2022,JOE,0,286502400.00,28650240.00,57300480.00,57300480.00,143251200.00
Jan 29 2022,JOE,0,285724800.00,28572480.00,57144960.00,57144960.00,142862400.00
Jan 27 2022,JOE,0,284169600.00,28416960.00,56833920.00,56833920.00,142084800.00
Jan 26 2022,JOE,0,283392000.00,28339200.00,56678400.00,56678400.00,141696000.00
Jan 25 2022,JOE,0,282614400.00,28261440.00,56522880.00,56522880.00,141307200.00
Jan 24 2022,JOE,0,281836800.00,28183680.00,56367360.00,56367360.00,140918400.00
Jan 22 2022,JOE,0,280281600.00,28028160.00,56056320.00,56056320.00,140140800.00
Jan 21 2022,JOE,0,279504000.00,27950400.00,55900800.00,55900800.00,139752000.00
Jan 20 2022,JOE,0,278726400.00,27872640.00,55745280.00,55745280.00,139363200.00
Jan 19 2022,JOE,0,277948800.00,27794880.00,55589760.00,55589760.00,138974400.00
Jan 18 2022,JOE,0,277171200.00,27717120.00,55434240.00,55434240.00,138585600.00
Jan 16 2022,JOE,0,275616000.00,27561600.00,55123200.00,55123200.00,137808000.00
Jan 15 2022,JOE,0,274838400.00,27483840.00,54967680.00,54967680.00,137419200.00
Jan 14 2022,JOE,0,274060800.00,27406080.00,54812160.00,54812160.00,137030400.00
Jan 13 2022,JOE,0,273283200.00,27328320.00,54656640.00,54656640.00,136641600.00
Jan 11 2022,JOE,0,271728000.00,27172800.00,54345600.00,54345600.00,135864000.00
Jan 10 2022,JOE,0,270950400.00,27095040.00,54190080.00,54190080.00,135475200.00
Jan 09 2022,JOE,0,270172800.00,27017280.00,54034560.00,54034560.00,135086400.00
Jan 08 2022,JOE,0,269395200.00,26939520.00,53879040.00,53879040.00,134697600.00
Jan 07 2022,JOE,0,268617600.00,26861760.00,53723520.00,53723520.00,134308800.00
Jan 05 2022,JOE,0,267062400.00,26706240.00,53412480.00,53412480.00,133531200.00
Jan 04 2022,JOE,0,266284800.00,26628480.00,53256960.00,53256960.00,133142400.00
Jan 03 2022,JOE,0,265507200.00,26550720.00,53101440.00,53101440.00,132753600.00
Jan 02 2022,JOE,0,264686400.00,26468640.00,52937280.00,52937280.00,132343200.00
Dec 31 2021,JOE,0,263044800.00,26304480.00,52608960.00,52608960.00,131522400.00
Dec 30 2021,JOE,0,262224000.00,26222400.00,52444800.00,52444800.00,131112000.00
Dec 29 2021,JOE,0,261403200.00,26140320.00,52280640.00,52280640.00,130701600.00
Dec 28 2021,JOE,0,260582400.00,26058240.00,52116480.00,52116480.00,130291200.00
Dec 26 2021,JOE,0,258940800.00,25894080.00,51788160.00,51788160.00,129470400.00
Dec 25 2021,JOE,0,258120000.00,25812000.00,51624000.00,51624000.00,129060000.00
Dec 24 2021,JOE,0,257299200.00,25729920.00,51459840.00,51459840.00,128649600.00
Dec 23 2021,JOE,0,256478400.00,25647840.00,51295680.00,51295680.00,128239200.00
Dec 22 2021,JOE,0,255657600.00,25565760.00,51131520.00,51131520.00,127828800.00
Dec 20 2021,JOE,0,254016000.00,25401600.00,50803200.00,50803200.00,127008000.00
Dec 19 2021,JOE,0,253195200.00,25319520.00,50639040.00,50639040.00,126597600.00
Dec 18 2021,JOE,0,252374400.00,25237440.00,50474880.00,50474880.00,126187200.00
Dec 17 2021,JOE,0,251553600.00,25155360.00,50310720.00,50310720.00,125776800.00
Dec 15 2021,JOE,0,249912000.00,24991200.00,49982400.00,49982400.00,124956000.00
Dec 14 2021,JOE,0,249091200.00,24909120.00,49818240.00,49818240.00,124545600.00
Dec 13 2021,JOE,0,248270400.00,24827040.00,49654080.00,49654080.00,124135200.00
Dec 12 2021,JOE,0,247449600.00,24744960.00,49489920.00,49489920.00,123724800.00
Dec 11 2021,JOE,0,246628800.00,24662880.00,49325760.00,49325760.00,123314400.00
Dec 09 2021,JOE,0,244987200.00,24498720.00,48997440.00,48997440.00,122493600.00
Dec 08 2021,JOE,0,244166400.00,24416640.00,48833280.00,48833280.00,122083200.00
Dec 07 2021,JOE,0,243345600.00,24334560.00,48669120.00,48669120.00,121672800.00
Dec 06 2021,JOE,0,242524800.00,24252480.00,48504960.00,48504960.00,121262400.00
Dec 04 2021,JOE,0,240883200.00,24088320.00,48176640.00,48176640.00,120441600.00
Dec 03 2021,JOE,0,240062400.00,24006240.00,48012480.00,48012480.00,120031200.00
Dec 02 2021,JOE,0,239198400.00,23919840.00,47839680.00,47839680.00,119599200.00
Dec 01 2021,JOE,0,238334400.00,23833440.00,47666880.00,47666880.00,119167200.00
Nov 30 2021,JOE,0,237470400.00,23747040.00,47494080.00,47494080.00,118735200.00
Nov 28 2021,JOE,0,235742400.00,23574240.00,47148480.00,47148480.00,117871200.00
Nov 27 2021,JOE,0,234878400.00,23487840.00,46975680.00,46975680.00,117439200.00
Nov 26 2021,JOE,0,234014400.00,23401440.00,46802880.00,46802880.00,117007200.00
Nov 25 2021,JOE,0,233150400.00,23315040.00,46630080.00,46630080.00,116575200.00
Nov 23 2021,JOE,0,231422400.00,23142240.00,46284480.00,46284480.00,115711200.00
Nov 22 2021,JOE,0,230558400.00,23055840.00,46111680.00,46111680.00,115279200.00
Nov 21 2021,JOE,0,229694400.00,22969440.00,45938880.00,45938880.00,114847200.00
Nov 20 2021,JOE,0,228830400.00,22883040.00,45766080.00,45766080.00,114415200.00
Nov 18 2021,JOE,0,227102400.00,22710240.00,45420480.00,45420480.00,113551200.00
Nov 17 2021,JOE,0,226238400.00,22623840.00,45247680.00,45247680.00,113119200.00
Nov 16 2021,JOE,0,225374400.00,22537440.00,45074880.00,45074880.00,112687200.00
Nov 15 2021,JOE,0,224510400.00,22451040.00,44902080.00,44902080.00,112255200.00
Nov 14 2021,JOE,0,223646400.00,22364640.00,44729280.00,44729280.00,111823200.00
Nov 12 2021,JOE,0,221918400.00,22191840.00,44383680.00,44383680.00,110959200.00
Nov 11 2021,JOE,0,221054400.00,22105440.00,44210880.00,44210880.00,110527200.00
Nov 10 2021,JOE,0,220190400.00,22019040.00,44038080.00,44038080.00,110095200.00
Nov 09 2021,JOE,0,219326400.00,21932640.00,43865280.00,43865280.00,109663200.00
Nov 07 2021,JOE,0,217598400.00,21759840.00,43519680.00,43519680.00,108799200.00
Nov 06 2021,JOE,0,216734400.00,21673440.00,43346880.00,43346880.00,108367200.00
Nov 05 2021,JOE,0,215870400.00,21587040.00,43174080.00,43174080.00,107935200.00
Nov 04 2021,JOE,0,215006400.00,21500640.00,43001280.00,43001280.00,107503200.00
Nov 03 2021,JOE,0,214142400.00,21414240.00,42828480.00,42828480.00,107071200.00
Nov 01 2021,JOE,0,211809600.00,21180960.00,42361920.00,42361920.00,105904800.00
Oct 31 2021,JOE,0,210643200.00,21064320.00,42128640.00,42128640.00,105321600.00
Oct 30 2021,JOE,0,209476800.00,20947680.00,41895360.00,41895360.00,104738400.00
Oct 29 2021,JOE,0,208310400.00,20831040.00,41662080.00,41662080.00,104155200.00
Oct 27 2021,JOE,0,205977600.00,20597760.00,41195520.00,41195520.00,102988800.00
Oct 26 2021,JOE,0,204811200.00,20481120.00,40962240.00,40962240.00,102405600.00
Oct 25 2021,JOE,0,203644800.00,20364480.00,40728960.00,40728960.00,101822400.00
Oct 24 2021,JOE,0,202478400.00,20247840.00,40495680.00,40495680.00,101239200.00
Oct 23 2021,JOE,0,201312000.00,20131200.00,40262400.00,40262400.00,100656000.00
Oct 21 2021,JOE,0,198979200.00,19897920.00,39795840.00,39795840.00,99489600.00
Oct 20 2021,JOE,0,197812800.00,19781280.00,39562560.00,39562560.00,98906400.00
Oct 19 2021,JOE,0,196646400.00,19664640.00,39329280.00,39329280.00,98323200.00
Oct 18 2021,JOE,0,195480000.00,19548000.00,39096000.00,39096000.00,97740000.00
Oct 16 2021,JOE,0,193147200.00,19314720.00,38629440.00,38629440.00,96573600.00
Oct 15 2021,JOE,0,191980800.00,19198080.00,38396160.00,38396160.00,95990400.00
Oct 14 2021,JOE,0,190814400.00,19081440.00,38162880.00,38162880.00,95407200.00
Oct 13 2021,JOE,0,189648000.00,18964800.00,37929600.00,37929600.00,94824000.00
Oct 11 2021,JOE,0,187315200.00,18731520.00,37463040.00,37463040.00,93657600.00
Oct 10 2021,JOE,0,186148800.00,18614880.00,37229760.00,37229760.00,93074400.00
Oct 09 2021,JOE,0,184982400.00,18498240.00,36996480.00,36996480.00,92491200.00
Oct 08 2021,JOE,0,183816000.00,18381600.00,36763200.00,36763200.00,91908000.00
Oct 07 2021,JOE,0,182649600.00,18264960.00,36529920.00,36529920.00,91324800.00
Oct 05 2021,JOE,0,180316800.00,18031680.00,36063360.00,36063360.00,90158400.00
Oct 04 2021,JOE,0,179150400.00,17915040.00,35830080.00,35830080.00,89575200.00
Oct 03 2021,JOE,0,177984000.00,17798400.00,35596800.00,35596800.00,88992000.00
Oct 02 2021,JOE,0,123560640.00,0,0,35303040.00,88257600.00
Sep 30 2021,JOE,0,121504320.00,0,0,34715520.00,86788800.00
Sep 29 2021,JOE,0,120476160.00,0,0,34421760.00,86054400.00
Sep 28 2021,JOE,0,119448000.00,0,0,34128000.00,85320000.00
Sep 27 2021,JOE,0,118419840.00,0,0,33834240.00,84585600.00
Sep 26 2021,JOE,0,117391680.00,0,0,33540480.00,83851200.00
Sep 24 2021,JOE,0,115335360.00,0,0,32952960.00,82382400.00
Sep 23 2021,JOE,0,114307200.00,0,0,32659200.00,81648000.00
Sep 22 2021,JOE,0,113279040.00,0,0,32365440.00,80913600.00
Sep 21 2021,JOE,0,112250880.00,0,0,32071680.00,80179200.00
Sep 19 2021,JOE,0,110194560.00,0,0,31484160.00,78710400.00
Sep 18 2021,JOE,0,109166400.00,0,0,31190400.00,77976000.00
Sep 17 2021,JOE,0,108138240.00,0,0,30896640.00,77241600.00
Sep 16 2021,JOE,0,107110080.00,0,0,30602880.00,76507200.00
Sep 15 2021,JOE,0,106081920.00,0,0,30309120.00,75772800.00
Sep 13 2021,JOE,0,104025600.00,0,0,29721600.00,74304000.00
Sep 12 2021,JOE,0,102997440.00,0,0,29427840.00,73569600.00
Sep 11 2021,JOE,0,101969280.00,0,0,29134080.00,72835200.00
Sep 10 2021,JOE,0,100941120.00,0,0,28840320.00,72100800.00
Sep 08 2021,JOE,0,98884800.00,0,0,28252800.00,70632000.00
Sep 07 2021,JOE,0,97856640.00,0,0,27959040.00,69897600.00
Sep 06 2021,JOE,0,96828480.00,0,0,27665280.00,69163200.00
Sep 05 2021,JOE,0,95800320.00,0,0,27371520.00,68428800.00
Sep 04 2021,JOE,0,94772160.00,0,0,27077760.00,67694400.00
Sep 02 2021,JOE,0,92534400.00,0,0,26438400.00,66096000.00
Sep 01 2021,JOE,0,91324800.00,0,0,26092800.00,65232000.00
Aug 31 2021,JOE,0,90115200.00,0,0,25747200.00,64368000.00
Aug 30 2021,JOE,0,88905600.00,0,0,25401600.00,63504000.00
Aug 28 2021,JOE,0,86486400.00,0,0,24710400.00,61776000.00
Aug 27 2021,JOE,0,85276800.00,0,0,24364800.00,60912000.00
Aug 26 2021,JOE,0,84067200.00,0,0,24019200.00,60048000.00
Aug 25 2021,JOE,0,82857600.00,0,0,23673600.00,59184000.00
Aug 23 2021,JOE,0,80438400.00,0,0,22982400.00,57456000.00
Aug 22 2021,JOE,0,79228800.00,0,0,22636800.00,56592000.00
Aug 21 2021,JOE,0,78019200.00,0,0,22291200.00,55728000.00
Aug 20 2021,JOE,0,76809600.00,0,0,21945600.00,54864000.00
Aug 19 2021,JOE,0,75600000.00,0,0,21600000.00,54000000.00
Aug 17 2021,JOE,0,73180800.00,0,0,20908800.00,52272000.00
Aug 16 2021,JOE,0,71971200.00,0,0,20563200.00,51408000.00
Aug 15 2021,JOE,0,70761600.00,0,0,20217600.00,50544000.00
Aug 14 2021,JOE,0,69552000.00,0,0,19872000.00,49680000.00
Aug 12 2021,JOE,0,67132800.00,0,0,19180800.00,47952000.00
Aug 11 2021,JOE,0,65923200.00,0,0,18835200.00,47088000.00
Aug 10 2021,JOE,0,64713600.00,0,0,18489600.00,46224000.00
Aug 09 2021,JOE,0,63504000.00,0,0,18144000.00,45360000.00
Aug 08 2021,JOE,0,62294400.00,0,0,17798400.00,44496000.00
Aug 06 2021,JOE,0,59875200.00,0,0,17107200.00,42768000.00
Aug 05 2021,JOE,0,58665600.00,0,0,16761600.00,41904000.00
Aug 04 2021,JOE,0,57456000.00,0,0,16416000.00,41040000.00
Aug 03 2021,JOE,0,56246400.00,0,0,16070400.00,40176000.00
Aug 01 2021,JOE,0,52617600.00,0,0,15033600.00,37584000.00
Jul 31 2021,JOE,0,50803200.00,0,0,14515200.00,36288000.00
Jul 30 2021,JOE,0,48988800.00,0,0,13996800.00,34992000.00
Jul 29 2021,JOE,0,47174400.00,0,0,13478400.00,33696000.00
Jul 28 2021,JOE,0,45360000.00,0,0,12960000.00,32400000.00
Jul 26 2021,JOE,0,41731200.00,0,0,11923200.00,29808000.00
Jul 25 2021,JOE,0,39916800.00,0,0,11404800.00,28512000.00
Jul 24 2021,JOE,0,38102400.00,0,0,10886400.00,27216000.00
Jul 23 2021,JOE,0,36288000.00,0,0,10368000.00,25920000.00
Jul 21 2021,JOE,0,32659200.00,0,0,9331200.00,23328000.00
Jul 20 2021,JOE,0,30844800.00,0,0,8812800.00,22032000.00
Jul 19 2021,JOE,0,29030400.00,0,0,8294400.00,20736000.00
Jul 18 2021,JOE,0,27216000.00,0,0,7776000.00,19440000.00
Jul 16 2021,JOE,0,23587200.00,0,0,6739200.00,16848000.00
Jul 15 2021,JOE,0,21772800.00,0,0,6220800.00,15552000.00
Jul 14 2021,JOE,0,19958400.00,0,0,5702400.00,14256000.00
Jul 13 2021,JOE,0,18144000.00,0,0,5184000.00,12960000.00
Jul 12 2021,JOE,0,16329600.00,0,0,4665600.00,11664000.00
Jul 10 2021,JOE,0,12700800.00,0,0,3628800.00,9072000.00
Jul 09 2021,JOE,0,10886400.00,0,0,3110400.00,7776000.00
Jul 08 2021,JOE,0,9072000.00,0,0,2592000.00,6480000.00
Jul 07 2021,JOE,0,7257600.00,0,0,2073600.00,5184000.00
Jul 05 2021,JOE,0,3628800.00,0,0,1036800.00,2592000.00
Jul 04 2021,JOE,0,1814400.00,0,0,518400.00,1296000.00
Jul 03 2021,JOE,0.00,0.00,0,0,0,0
