Date,Symbol,Available Supply,Unlocked Supply,Mining,Platform,Investor/Strategic and Contributor
Apr 18 2031,KDA,516004712.00,516004712.00,226004712.00,197400000.00,92600000.00
Apr 13 2031,KDA,516004712.00,516004712.00,226004712.00,197400000.00,92600000.00
Apr 09 2031,KDA,516004712.00,516004712.00,226004712.00,197400000.00,92600000.00
Apr 04 2031,KDA,516004712.00,516004712.00,226004712.00,197400000.00,92600000.00
Mar 30 2031,KDA,516004712.00,516004712.00,226004712.00,197400000.00,92600000.00
Mar 25 2031,KDA,516004712.00,516004712.00,226004712.00,197400000.00,92600000.00
Mar 21 2031,KDA,516004712.00,516004712.00,226004712.00,197400000.00,92600000.00
Mar 16 2031,KDA,516004712.00,516004712.00,226004712.00,197400000.00,92600000.00
Mar 11 2031,KDA,516004712.00,516004712.00,226004712.00,197400000.00,92600000.00
Mar 07 2031,KDA,516004712.00,516004712.00,226004712.00,197400000.00,92600000.00
Mar 02 2031,KDA,516004712.00,516004712.00,226004712.00,197400000.00,92600000.00
Feb 25 2031,KDA,516004712.00,516004712.00,226004712.00,197400000.00,92600000.00
Feb 20 2031,KDA,516004712.00,516004712.00,226004712.00,197400000.00,92600000.00
Feb 16 2031,KDA,516004712.00,516004712.00,226004712.00,197400000.00,92600000.00
Feb 11 2031,KDA,516004712.00,516004712.00,226004712.00,197400000.00,92600000.00
Feb 06 2031,KDA,516004712.00,516004712.00,226004712.00,197400000.00,92600000.00
Feb 02 2031,KDA,516004712.00,516004712.00,226004712.00,197400000.00,92600000.00
Jan 28 2031,KDA,516004712.00,516004712.00,226004712.00,197400000.00,92600000.00
Jan 23 2031,KDA,516004712.00,516004712.00,226004712.00,197400000.00,92600000.00
Jan 18 2031,KDA,516004712.00,516004712.00,226004712.00,197400000.00,92600000.00
Jan 14 2031,KDA,515805708.50,515805708.50,225805708.50,197400000.00,92600000.00
Jan 09 2031,KDA,515584593.50,515584593.50,225584593.50,197400000.00,92600000.00
Jan 04 2031,KDA,515363478.50,515363478.50,225363478.50,197400000.00,92600000.00
Dec 31 2030,KDA,515186586.50,515186586.50,225186586.50,197400000.00,92600000.00
Dec 26 2030,KDA,514965471.50,514965471.50,224965471.50,197400000.00,92600000.00
Dec 21 2030,KDA,514744356.50,514744356.50,224744356.50,197400000.00,92600000.00
Dec 16 2030,KDA,514519225.75,514519225.75,224519225.75,197400000.00,92600000.00
Dec 12 2030,KDA,514335908.55,514335908.55,224335908.55,197400000.00,92600000.00
Dec 07 2030,KDA,514106762.05,514106762.05,224106762.05,197400000.00,92600000.00
Dec 02 2030,KDA,513877615.55,513877615.55,223877615.55,197400000.00,92600000.00
Nov 28 2030,KDA,513694298.35,513694298.35,223694298.35,197400000.00,92600000.00
Nov 23 2030,KDA,513465151.85,513465151.85,223465151.85,197400000.00,92600000.00
Nov 18 2030,KDA,513258920.00,513258920.00,223258920.00,197400000.00,92600000.00
Nov 13 2030,KDA,513014284.44,513014284.44,223014284.44,197400000.00,92600000.00
Nov 09 2030,KDA,512836367.66,512836367.66,222836367.66,197400000.00,92600000.00
Nov 04 2030,KDA,512613971.69,512613971.69,222613971.69,197400000.00,92600000.00
Oct 30 2030,KDA,512391575.73,512391575.73,222391575.73,197400000.00,92600000.00
Oct 26 2030,KDA,512213658.95,512213658.95,222213658.95,197400000.00,92600000.00
Oct 21 2030,KDA,511991262.98,511991262.98,221991262.98,197400000.00,92600000.00
Oct 16 2030,KDA,511764828.08,511764828.08,221764828.08,197400000.00,92600000.00
Oct 11 2030,KDA,511534354.25,511534354.25,221534354.25,197400000.00,92600000.00
Oct 07 2030,KDA,511349975.18,511349975.18,221349975.18,197400000.00,92600000.00
Oct 02 2030,KDA,511119501.35,511119501.35,221119501.35,197400000.00,92600000.00
Sep 27 2030,KDA,510889027.52,510889027.52,220889027.52,197400000.00,92600000.00
Sep 23 2030,KDA,510704648.45,510704648.45,220704648.45,197400000.00,92600000.00
Sep 18 2030,KDA,510497222.00,510497222.00,220497222.00,197400000.00,92600000.00
Sep 13 2030,KDA,510251169.21,510251169.21,220251169.21,197400000.00,92600000.00
Sep 08 2030,KDA,510027484.85,510027484.85,220027484.85,197400000.00,92600000.00
Sep 04 2030,KDA,509848537.37,509848537.37,219848537.37,197400000.00,92600000.00
Aug 30 2030,KDA,509624853.02,509624853.02,219624853.02,197400000.00,92600000.00
Aug 25 2030,KDA,509401168.66,509401168.66,219401168.66,197400000.00,92600000.00
Aug 21 2030,KDA,509222221.18,509222221.18,219222221.18,197400000.00,92600000.00
Aug 16 2030,KDA,508998213.35,508998213.35,218998213.35,197400000.00,92600000.00
Aug 11 2030,KDA,508773882.06,508773882.06,218773882.06,197400000.00,92600000.00
Aug 06 2030,KDA,508549550.77,508549550.77,218549550.77,197400000.00,92600000.00
Aug 02 2030,KDA,508370085.74,508370085.74,218370085.74,197400000.00,92600000.00
Jul 28 2030,KDA,508145754.45,508145754.45,218145754.45,197400000.00,92600000.00
Jul 23 2030,KDA,507921423.16,507921423.16,217921423.16,197400000.00,92600000.00
Jul 19 2030,KDA,507741958.13,507741958.13,217741958.13,197400000.00,92600000.00
Jul 14 2030,KDA,507510293.45,507510293.45,217510293.45,197400000.00,92600000.00
Jul 09 2030,KDA,507277813.95,507277813.95,217277813.95,197400000.00,92600000.00
Jul 04 2030,KDA,507045334.45,507045334.45,217045334.45,197400000.00,92600000.00
Jun 30 2030,KDA,506859350.85,506859350.85,216859350.85,197400000.00,92600000.00
Jun 25 2030,KDA,506626871.35,506626871.35,216626871.35,197400000.00,92600000.00
Jun 20 2030,KDA,506394391.85,506394391.85,216394391.85,197400000.00,92600000.00
Jun 16 2030,KDA,506211832.52,506211832.52,216211832.52,197400000.00,92600000.00
Jun 11 2030,KDA,505986201.55,505986201.55,215986201.55,197400000.00,92600000.00
Jun 06 2030,KDA,505760570.58,505760570.58,215760570.58,197400000.00,92600000.00
Jun 01 2030,KDA,505534939.61,505534939.61,215534939.61,197400000.00,92600000.00
May 28 2030,KDA,505354434.84,505354434.84,215354434.84,197400000.00,92600000.00
May 23 2030,KDA,505128803.87,505128803.87,215128803.87,197400000.00,92600000.00
May 18 2030,KDA,504925736.00,504925736.00,214925736.00,197400000.00,92600000.00
May 14 2030,KDA,504715292.45,504715292.45,214715292.45,197400000.00,92600000.00
May 09 2030,KDA,504481466.28,504481466.28,214481466.28,197400000.00,92600000.00
May 04 2030,KDA,504247640.12,504247640.12,214247640.12,197400000.00,92600000.00
Apr 29 2030,KDA,504013813.95,504013813.95,214013813.95,197400000.00,92600000.00
Apr 25 2030,KDA,503826753.02,503826753.02,213826753.02,197400000.00,92600000.00
Apr 20 2030,KDA,503592926.85,503592926.85,213592926.85,197400000.00,92600000.00
Apr 15 2030,KDA,503363922.47,503363922.47,213363922.47,197400000.00,92600000.00
Apr 11 2030,KDA,503182372.15,503182372.15,213182372.15,197400000.00,92600000.00
Apr 06 2030,KDA,502955434.24,502955434.24,212955434.24,197400000.00,92600000.00
Apr 01 2030,KDA,502728496.34,502728496.34,212728496.34,197400000.00,92600000.00
Mar 27 2030,KDA,502501558.44,502501558.44,212501558.44,197400000.00,92600000.00
Mar 23 2030,KDA,502320008.11,502320008.11,212320008.11,197400000.00,92600000.00
Mar 18 2030,KDA,502115764.00,502115764.00,212115764.00,197400000.00,92600000.00
Mar 13 2030,KDA,501838586.59,501838586.59,211838586.59,197400000.00,92600000.00
Mar 09 2030,KDA,501637003.02,501637003.02,211637003.02,197400000.00,92600000.00
Mar 04 2030,KDA,501385023.55,501385023.55,211385023.55,197400000.00,92600000.00
Feb 27 2030,KDA,501133044.09,501133044.09,211133044.09,197400000.00,92600000.00
Feb 22 2030,KDA,500881064.63,500881064.63,210881064.63,197400000.00,92600000.00
Feb 18 2030,KDA,500704679.00,500704679.00,210704679.00,197400000.00,92600000.00
Feb 13 2030,KDA,500453601.34,500453601.34,210453601.34,197400000.00,92600000.00
Feb 08 2030,KDA,500225348.92,500225348.92,210225348.92,197400000.00,92600000.00
Feb 04 2030,KDA,500042746.98,500042746.98,210042746.98,197400000.00,92600000.00
Jan 30 2030,KDA,499814494.56,499814494.56,209814494.56,197400000.00,92600000.00
Jan 25 2030,KDA,499586242.15,499586242.15,209586242.15,197400000.00,92600000.00
Jan 20 2030,KDA,499357989.73,499357989.73,209357989.73,197400000.00,92600000.00
Jan 16 2030,KDA,499175057.55,499175057.55,209175057.55,197400000.00,92600000.00
Jan 11 2030,KDA,498946144.65,498946144.65,208946144.65,197400000.00,92600000.00
Jan 06 2030,KDA,498717231.74,498717231.74,208717231.74,197400000.00,92600000.00
Jan 02 2030,KDA,498534101.42,498534101.42,208534101.42,197400000.00,92600000.00
Dec 28 2029,KDA,498305188.52,498305188.52,208305188.52,197400000.00,92600000.00
Dec 23 2029,KDA,498076275.61,498076275.61,208076275.61,197400000.00,92600000.00
Dec 18 2029,KDA,497870254.00,497870254.00,207870254.00,197400000.00,92600000.00
Dec 14 2029,KDA,497656749.55,497656749.55,207656749.55,197400000.00,92600000.00
Dec 09 2029,KDA,497419522.38,497419522.38,207419522.38,197400000.00,92600000.00
Dec 04 2029,KDA,497182295.22,497182295.22,207182295.22,197400000.00,92600000.00
Nov 30 2029,KDA,496992513.48,496992513.48,206992513.48,197400000.00,92600000.00
Nov 25 2029,KDA,496755286.32,496755286.32,206755286.32,197400000.00,92600000.00
Nov 20 2029,KDA,496518059.15,496518059.15,206518059.15,197400000.00,92600000.00
Nov 15 2029,KDA,496059917.45,496059917.45,206285723.90,197174193.55,92600000.00
Nov 11 2029,KDA,495617661.97,495617661.97,206101532.94,196916129.03,92600000.00
Nov 06 2029,KDA,495064842.61,495064842.61,205871294.23,196593548.39,92600000.00
Nov 01 2029,KDA,494512023.26,494512023.26,205641055.52,196270967.74,92600000.00
Oct 28 2029,KDA,494069767.77,494069767.77,205456864.55,196012903.23,92600000.00
Oct 23 2029,KDA,493516948.42,493516948.42,205226625.84,195690322.58,92600000.00
Oct 18 2029,KDA,493019411.00,493019411.00,205019411.00,195400000.00,92600000.00
Oct 13 2029,KDA,492463615.83,492463615.83,204756949.17,195106666.67,92600000.00
Oct 09 2029,KDA,492059401.17,492059401.17,204566067.83,194893333.33,92600000.00
Oct 04 2029,KDA,491554132.83,491554132.83,204327466.17,194626666.67,92600000.00
Sep 29 2029,KDA,491048864.50,491048864.50,204088864.50,194360000.00,92600000.00
Sep 25 2029,KDA,490644649.83,490644649.83,203897983.17,194146666.67,92600000.00
Sep 20 2029,KDA,490139381.50,490139381.50,203659381.50,193880000.00,92600000.00
Sep 15 2029,KDA,489645055.03,489645055.03,203425700.19,193619354.84,92600000.00
Sep 10 2029,KDA,489155417.94,489155417.94,203194127.61,193361290.32,92600000.00
Sep 06 2029,KDA,488763708.26,488763708.26,203008869.55,193154838.71,92600000.00
Sep 01 2029,KDA,488274071.16,488274071.16,202777296.97,192896774.19,92600000.00
Aug 27 2029,KDA,487784434.06,487784434.06,202545724.39,192638709.68,92600000.00
Aug 23 2029,KDA,487392724.39,487392724.39,202360466.32,192432258.06,92600000.00
Aug 18 2029,KDA,486952051.00,486952051.00,202152051.00,192200000.00,92600000.00
Aug 13 2029,KDA,486412713.55,486412713.55,201896584.52,191916129.03,92600000.00
Aug 08 2029,KDA,485922406.77,485922406.77,201664342.26,191658064.52,92600000.00
Aug 04 2029,KDA,485530161.35,485530161.35,201478548.45,191451612.90,92600000.00
Jul 30 2029,KDA,485039854.58,485039854.58,201246306.19,191193548.39,92600000.00
Jul 25 2029,KDA,484549547.81,484549547.81,201014063.94,190935483.87,92600000.00
Jul 21 2029,KDA,484157302.39,484157302.39,200828270.13,190729032.26,92600000.00
Jul 16 2029,KDA,483658476.75,483658476.75,200591810.08,190466666.67,92600000.00
Jul 11 2029,KDA,483151132.25,483151132.25,200351132.25,190200000.00,92600000.00
Jul 06 2029,KDA,482643787.75,482643787.75,200110454.42,189933333.33,92600000.00
Jul 02 2029,KDA,482237912.15,482237912.15,199917912.15,189720000.00,92600000.00
Jun 27 2029,KDA,481730567.65,481730567.65,199677234.32,189453333.33,92600000.00
Jun 22 2029,KDA,481223223.15,481223223.15,199436556.48,189186666.67,92600000.00
Jun 18 2029,KDA,480868082.00,480868082.00,199268082.00,189000000.00,92600000.00
Jun 13 2029,KDA,480327264.52,480327264.52,199011135.48,188716129.03,92600000.00
Jun 08 2029,KDA,479835612.26,479835612.26,198777547.74,188458064.52,92600000.00
Jun 03 2029,KDA,479343960.00,479343960.00,198543960.00,188200000.00,92600000.00
May 30 2029,KDA,478950638.19,478950638.19,198357089.81,187993548.39,92600000.00
May 25 2029,KDA,478458985.94,478458985.94,198123502.06,187735483.87,92600000.00
May 20 2029,KDA,477967333.68,477967333.68,197889914.32,187477419.35,92600000.00
May 16 2029,KDA,477584135.33,477584135.33,197698802.00,187285333.33,92600000.00
May 11 2029,KDA,477112730.00,477112730.00,197456730.00,187056000.00,92600000.00
May 06 2029,KDA,476641324.67,476641324.67,197214658.00,186826666.67,92600000.00
May 02 2029,KDA,476264200.40,476264200.40,197021000.40,186643200.00,92600000.00
Apr 27 2029,KDA,475792795.07,475792795.07,196778928.40,186413866.67,92600000.00
Apr 22 2029,KDA,475321389.73,475321389.73,196536856.40,186184533.33,92600000.00
Apr 17 2029,KDA,474843504.40,474843504.40,196296923.76,185946580.65,92600000.00
Apr 13 2029,KDA,474449100.15,474449100.15,196108971.11,185740129.03,92600000.00
Apr 08 2029,KDA,473956094.82,473956094.82,195874030.31,185482064.52,92600000.00
Apr 03 2029,KDA,473463089.50,473463089.50,195639089.50,185224000.00,92600000.00
Mar 30 2029,KDA,473068685.24,473068685.24,195451136.85,185017548.39,92600000.00
Mar 25 2029,KDA,472575679.92,472575679.92,195216196.05,184759483.87,92600000.00
Mar 20 2029,KDA,472082674.60,472082674.60,194981255.24,184501419.35,92600000.00
Mar 15 2029,KDA,471552167.13,471552167.13,194728167.13,184224000.00,92600000.00
Mar 11 2029,KDA,471114903.27,471114903.27,194519474.70,183995428.57,92600000.00
Mar 06 2029,KDA,470568323.45,470568323.45,194258609.16,183709714.29,92600000.00
Mar 01 2029,KDA,470021743.63,470021743.63,193997743.63,183424000.00,92600000.00
Feb 25 2029,KDA,469584479.77,469584479.77,193789051.20,183195428.57,92600000.00
Feb 20 2029,KDA,469037899.95,469037899.95,193528185.66,182909714.29,92600000.00
Feb 15 2029,KDA,468527869.60,468527869.60,193284514.76,182643354.84,92600000.00
Feb 10 2029,KDA,468033503.31,468033503.31,193048212.98,182385290.32,92600000.00
Feb 06 2029,KDA,467638010.27,467638010.27,192859171.56,182178838.71,92600000.00
Feb 01 2029,KDA,467143643.98,467143643.98,192622869.79,181920774.19,92600000.00
Jan 27 2029,KDA,466649277.69,466649277.69,192386568.02,181662709.68,92600000.00
Jan 23 2029,KDA,466253784.66,466253784.66,192197526.60,181456258.06,92600000.00
Jan 18 2029,KDA,465808855.00,465808855.00,191984855.00,181224000.00,92600000.00
Jan 13 2029,KDA,465264300.18,465264300.18,191724171.15,180940129.03,92600000.00
Jan 08 2029,KDA,464769250.34,464769250.34,191487185.82,180682064.52,92600000.00
Jan 04 2029,KDA,464373210.47,464373210.47,191297597.56,180475612.90,92600000.00
Dec 30 2028,KDA,463878160.63,463878160.63,191060612.24,180217548.39,92600000.00
Dec 25 2028,KDA,463383110.79,463383110.79,190823626.92,179959483.87,92600000.00
Dec 21 2028,KDA,462987070.92,462987070.92,190634038.66,179753032.26,92600000.00
Dec 16 2028,KDA,462616749.42,462616749.42,190392749.42,179624000.00,92600000.00
Dec 11 2028,KDA,462371156.25,462371156.25,190147156.25,179624000.00,92600000.00
Dec 06 2028,KDA,462125563.08,462125563.08,189901563.08,179624000.00,92600000.00
Dec 02 2028,KDA,461929088.55,461929088.55,189705088.55,179624000.00,92600000.00
Nov 27 2028,KDA,461683495.38,461683495.38,189459495.38,179624000.00,92600000.00
Nov 22 2028,KDA,461437902.22,461437902.22,189213902.22,179624000.00,92600000.00
Nov 18 2028,KDA,461265987.00,461265987.00,189041987.00,179624000.00,92600000.00
Nov 13 2028,KDA,460648954.42,460648954.42,188779793.13,179269161.29,92600000.00
Nov 08 2028,KDA,460088015.71,460088015.71,188541435.06,178946580.65,92600000.00
Nov 03 2028,KDA,459527077.00,459527077.00,188303077.00,178624000.00,92600000.00
Oct 30 2028,KDA,459078326.03,459078326.03,188112390.55,178365935.48,92600000.00
Oct 25 2028,KDA,458517387.32,458517387.32,187874032.48,178043354.84,92600000.00
Oct 20 2028,KDA,457956448.61,457956448.61,187635674.42,177720774.19,92600000.00
Oct 16 2028,KDA,457497992.33,457497992.33,187440659.00,177457333.33,92600000.00
Oct 11 2028,KDA,456917643.00,456917643.00,187193643.00,177124000.00,92600000.00
Oct 06 2028,KDA,456337293.67,456337293.67,186946627.00,176790666.67,92600000.00
Oct 01 2028,KDA,455756944.33,455756944.33,186699611.00,176457333.33,92600000.00
Sep 27 2028,KDA,455292664.87,455292664.87,186501998.20,176190666.67,92600000.00
Sep 22 2028,KDA,454712315.53,454712315.53,186254982.20,175857333.33,92600000.00
Sep 17 2028,KDA,454137375.15,454137375.15,186010149.34,175527225.81,92600000.00
Sep 13 2028,KDA,453687519.53,453687519.53,185818358.24,175269161.29,92600000.00
Sep 08 2028,KDA,453125200.02,453125200.02,185578619.37,174946580.65,92600000.00
Sep 03 2028,KDA,452562880.50,452562880.50,185338880.50,174624000.00,92600000.00
Aug 29 2028,KDA,452000560.98,452000560.98,185099141.63,174301419.35,92600000.00
Aug 25 2028,KDA,451550705.37,451550705.37,184907350.53,174043354.84,92600000.00
Aug 20 2028,KDA,450988385.85,450988385.85,184667611.66,173720774.19,92600000.00
Aug 15 2028,KDA,450425580.85,450425580.85,184427387.31,173398193.55,92600000.00
Aug 11 2028,KDA,449975170.40,449975170.40,184235041.37,173140129.03,92600000.00
Aug 06 2028,KDA,449412157.34,449412157.34,183994608.95,172817548.39,92600000.00
Aug 01 2028,KDA,448849144.27,448849144.27,183754176.53,172494967.74,92600000.00
Jul 27 2028,KDA,448286131.21,448286131.21,183513744.11,172172387.10,92600000.00
Jul 23 2028,KDA,447835720.76,447835720.76,183321398.18,171914322.58,92600000.00
Jul 18 2028,KDA,447329009.00,447329009.00,183105009.00,171624000.00,92600000.00
Jul 13 2028,KDA,446688260.65,446688260.65,182830927.32,171257333.33,92600000.00
Jul 09 2028,KDA,446222261.85,446222261.85,182631595.18,170990666.67,92600000.00
Jul 04 2028,KDA,445639763.35,445639763.35,182382430.02,170657333.33,92600000.00
Jun 29 2028,KDA,445057264.85,445057264.85,182133264.85,170324000.00,92600000.00
Jun 24 2028,KDA,444474766.35,444474766.35,181884099.68,169990666.67,92600000.00
Jun 20 2028,KDA,444008767.55,444008767.55,181684767.55,169724000.00,92600000.00
Jun 15 2028,KDA,443438933.82,443438933.82,181440740.27,169398193.55,92600000.00
Jun 10 2028,KDA,442874527.85,442874527.85,181198914.95,169075612.90,92600000.00
Jun 06 2028,KDA,442423003.08,442423003.08,181005454.69,168817548.39,92600000.00
Jun 01 2028,KDA,441858597.11,441858597.11,180763629.37,168494967.74,92600000.00
May 27 2028,KDA,441294191.15,441294191.15,180521804.05,168172387.10,92600000.00
May 22 2028,KDA,440729785.18,440729785.18,180279978.73,167849806.45,92600000.00
May 18 2028,KDA,440334701.00,440334701.00,180110701.00,167624000.00,92600000.00
May 13 2028,KDA,439692364.98,439692364.98,179835031.65,167257333.33,92600000.00
May 08 2028,KDA,439108423.15,439108423.15,179584423.15,166924000.00,92600000.00
May 04 2028,KDA,438641269.68,438641269.68,179383936.35,166657333.33,92600000.00
Apr 29 2028,KDA,438057327.85,438057327.85,179133327.85,166324000.00,92600000.00
Apr 24 2028,KDA,437473386.02,437473386.02,178882719.35,165990666.67,92600000.00
Apr 19 2028,KDA,436889444.18,436889444.18,178632110.85,165657333.33,92600000.00
Apr 15 2028,KDA,436434985.15,436434985.15,178436791.60,165398193.55,92600000.00
Apr 10 2028,KDA,435869178.21,435869178.21,178193565.31,165075612.90,92600000.00
Apr 05 2028,KDA,435303371.27,435303371.27,177950339.02,164753032.26,92600000.00
Apr 01 2028,KDA,434850725.73,434850725.73,177755757.98,164494967.74,92600000.00
Mar 27 2028,KDA,434284918.79,434284918.79,177512531.69,164172387.10,92600000.00
Mar 22 2028,KDA,433719111.85,433719111.85,177269305.40,163849806.45,92600000.00
Mar 17 2028,KDA,433141373.10,433141373.10,177020821.38,163520551.72,92600000.00
Mar 13 2028,KDA,432656909.38,432656909.38,176812219.72,163244689.66,92600000.00
Mar 08 2028,KDA,432051329.72,432051329.72,176551467.66,162899862.07,92600000.00
Mar 03 2028,KDA,431445750.07,431445750.07,176290715.59,162555034.48,92600000.00
Feb 28 2028,KDA,430961286.34,430961286.34,176082113.93,162279172.41,92600000.00
Feb 23 2028,KDA,430355706.69,430355706.69,175821361.86,161934344.83,92600000.00
Feb 18 2028,KDA,429810685.00,429810685.00,175586685.00,161624000.00,92600000.00
Feb 13 2028,KDA,429186747.61,429186747.61,175317586.32,161269161.29,92600000.00
Feb 09 2028,KDA,428732974.97,428732974.97,175121878.19,161011096.77,92600000.00
Feb 04 2028,KDA,428165759.16,428165759.16,174877243.03,160688516.13,92600000.00
Jan 30 2028,KDA,427598543.35,427598543.35,174632607.87,160365935.48,92600000.00
Jan 26 2028,KDA,427144770.71,427144770.71,174436899.74,160107870.97,92600000.00
Jan 21 2028,KDA,426577554.90,426577554.90,174192264.58,159785290.32,92600000.00
Jan 16 2028,KDA,426009985.47,426009985.47,173947275.79,159462709.68,92600000.00
Jan 11 2028,KDA,425442062.40,425442062.40,173701933.37,159140129.03,92600000.00
Jan 07 2028,KDA,424987723.95,424987723.95,173505659.44,158882064.52,92600000.00
Jan 02 2028,KDA,424419800.89,424419800.89,173260317.02,158559483.87,92600000.00
Dec 28 2027,KDA,423851877.82,423851877.82,173014974.60,158236903.23,92600000.00
Dec 24 2027,KDA,423397539.37,423397539.37,172818700.66,157978838.71,92600000.00
Dec 19 2027,KDA,422829616.31,422829616.31,172573358.24,157656258.06,92600000.00
Dec 14 2027,KDA,422543995.25,422543995.25,172319995.25,157624000.00,92600000.00
Dec 09 2027,KDA,422289741.08,422289741.08,172065741.08,157624000.00,92600000.00
Dec 05 2027,KDA,422086337.75,422086337.75,171862337.75,157624000.00,92600000.00
Nov 30 2027,KDA,421832083.58,421832083.58,171608083.58,157624000.00,92600000.00
Nov 25 2027,KDA,421577829.42,421577829.42,171353829.42,157624000.00,92600000.00
Nov 21 2027,KDA,421374426.08,421374426.08,171150426.08,157624000.00,92600000.00
Nov 16 2027,KDA,420962626.90,420962626.90,170899917.23,157462709.68,92600000.00
Nov 11 2027,KDA,420393282.71,420393282.71,170653153.68,157140129.03,92600000.00
Nov 06 2027,KDA,419823938.52,419823938.52,170406390.13,156817548.39,92600000.00
Nov 02 2027,KDA,419368463.16,419368463.16,170208979.29,156559483.87,92600000.00
Oct 28 2027,KDA,418799118.97,418799118.97,169962215.74,156236903.23,92600000.00
Oct 23 2027,KDA,418229774.77,418229774.77,169715452.19,155914322.58,92600000.00
Oct 19 2027,KDA,417774299.42,417774299.42,169518041.35,155656258.06,92600000.00
Oct 14 2027,KDA,417187210.70,417187210.70,169263210.70,155324000.00,92600000.00
Oct 09 2027,KDA,416598150.37,416598150.37,169007483.70,154990666.67,92600000.00
Oct 04 2027,KDA,416009090.03,416009090.03,168751756.70,154657333.33,92600000.00
Sep 30 2027,KDA,415537841.77,415537841.77,168547175.10,154390666.67,92600000.00
Sep 25 2027,KDA,414948781.43,414948781.43,168291448.10,154057333.33,92600000.00
Sep 20 2027,KDA,414359721.10,414359721.10,168035721.10,153724000.00,92600000.00
Sep 16 2027,KDA,413897616.06,413897616.06,167834906.39,153462709.68,92600000.00
Sep 11 2027,KDA,413326842.19,413326842.19,167586713.16,153140129.03,92600000.00
Sep 06 2027,KDA,412756068.32,412756068.32,167338519.94,152817548.39,92600000.00
Sep 01 2027,KDA,412185294.45,412185294.45,167090326.71,152494967.74,92600000.00
Aug 28 2027,KDA,411728675.35,411728675.35,166891772.13,152236903.23,92600000.00
Aug 23 2027,KDA,411157901.48,411157901.48,166643578.90,151914322.58,92600000.00
Aug 18 2027,KDA,410644205.00,410644205.00,166420205.00,151624000.00,92600000.00
Aug 14 2027,KDA,410129862.26,410129862.26,166196184.84,151333677.42,92600000.00
Aug 09 2027,KDA,409558370.32,409558370.32,165947273.55,151011096.77,92600000.00
Aug 04 2027,KDA,408986878.39,408986878.39,165698362.26,150688516.13,92600000.00
Jul 30 2027,KDA,408415386.45,408415386.45,165449450.97,150365935.48,92600000.00
Jul 26 2027,KDA,407958192.90,407958192.90,165250321.94,150107870.97,92600000.00
Jul 21 2027,KDA,407386700.97,407386700.97,165001410.65,149785290.32,92600000.00
Jul 16 2027,KDA,406805312.33,406805312.33,164747979.00,149457333.33,92600000.00
Jul 12 2027,KDA,406332284.07,406332284.07,164541617.40,149190666.67,92600000.00
Jul 07 2027,KDA,405740998.73,405740998.73,164283665.40,148857333.33,92600000.00
Jul 02 2027,KDA,405149713.40,405149713.40,164025713.40,148524000.00,92600000.00
Jun 27 2027,KDA,404558428.07,404558428.07,163767761.40,148190666.67,92600000.00
Jun 23 2027,KDA,404085399.80,404085399.80,163561399.80,147924000.00,92600000.00
Jun 18 2027,KDA,403553243.00,403553243.00,163329243.00,147624000.00,92600000.00
Jun 13 2027,KDA,402923015.74,402923015.74,163053854.45,147269161.29,92600000.00
Jun 09 2027,KDA,402464668.65,402464668.65,162853571.87,147011096.77,92600000.00
Jun 04 2027,KDA,401891734.77,401891734.77,162603218.65,146688516.13,92600000.00
May 30 2027,KDA,401318800.90,401318800.90,162352865.42,146365935.48,92600000.00
May 25 2027,KDA,400745867.03,400745867.03,162102512.19,146043354.84,92600000.00
May 21 2027,KDA,400287519.94,400287519.94,161902229.61,145785290.32,92600000.00
May 16 2027,KDA,399704663.17,399704663.17,161647329.83,145457333.33,92600000.00
May 11 2027,KDA,399111883.50,399111883.50,161387883.50,145124000.00,92600000.00
May 07 2027,KDA,398637659.77,398637659.77,161180326.43,144857333.33,92600000.00
May 02 2027,KDA,398044880.10,398044880.10,160920880.10,144524000.00,92600000.00
Apr 27 2027,KDA,397452100.43,397452100.43,160661433.77,144190666.67,92600000.00
Apr 22 2027,KDA,396859320.77,396859320.77,160401987.43,143857333.33,92600000.00
Apr 18 2027,KDA,396444375.00,396444375.00,160220375.00,143624000.00,92600000.00
Apr 13 2027,KDA,395812552.56,395812552.56,159943391.27,143269161.29,92600000.00
Apr 08 2027,KDA,395238168.53,395238168.53,159691587.89,142946580.65,92600000.00
Apr 04 2027,KDA,394778661.31,394778661.31,159490145.18,142688516.13,92600000.00
Mar 30 2027,KDA,394204277.27,394204277.27,159238341.79,142365935.48,92600000.00
Mar 25 2027,KDA,393629893.24,393629893.24,158986538.40,142043354.84,92600000.00
Mar 20 2027,KDA,393055509.21,393055509.21,158734735.02,141720774.19,92600000.00
Mar 16 2027,KDA,392564828.29,392564828.29,158519399.71,141445428.57,92600000.00
Mar 11 2027,KDA,391928096.86,391928096.86,158239811.14,141088285.71,92600000.00
Mar 06 2027,KDA,391291365.43,391291365.43,157960222.57,140731142.86,92600000.00
Mar 02 2027,KDA,390781980.29,390781980.29,157736551.71,140445428.57,92600000.00
Feb 25 2027,KDA,390145248.86,390145248.86,157456963.14,140088285.71,92600000.00
Feb 20 2027,KDA,389508517.43,389508517.43,157177374.57,139731142.86,92600000.00
Feb 15 2027,KDA,388914407.97,388914407.97,156916214.42,139398193.55,92600000.00
Feb 11 2027,KDA,388453733.65,388453733.65,156713604.61,139140129.03,92600000.00
Feb 06 2027,KDA,387877890.74,387877890.74,156460342.35,138817548.39,92600000.00
Feb 01 2027,KDA,387302047.84,387302047.84,156207080.10,138494967.74,92600000.00
Jan 28 2027,KDA,386841373.52,386841373.52,156004470.29,138236903.23,92600000.00
Jan 23 2027,KDA,386265530.61,386265530.61,155751208.03,137914322.58,92600000.00
Jan 18 2027,KDA,385747272.00,385747272.00,155523272.00,137624000.00,92600000.00
Jan 13 2027,KDA,385113039.32,385113039.32,155243878.03,137269161.29,92600000.00
Jan 09 2027,KDA,384651779.19,384651779.19,155040682.42,137011096.77,92600000.00
Jan 04 2027,KDA,384075204.03,384075204.03,154786687.90,136688516.13,92600000.00
Dec 30 2026,KDA,383498628.87,383498628.87,154532693.39,136365935.48,92600000.00
Dec 26 2026,KDA,383037368.74,383037368.74,154329497.77,136107870.97,92600000.00
Dec 21 2026,KDA,382460793.58,382460793.58,154075503.26,135785290.32,92600000.00
Dec 16 2026,KDA,382040895.92,382040895.92,153816895.92,135624000.00,92600000.00
Dec 11 2026,KDA,381777675.75,381777675.75,153553675.75,135624000.00,92600000.00
Dec 07 2026,KDA,381567099.62,381567099.62,153343099.62,135624000.00,92600000.00
Dec 02 2026,KDA,381303879.45,381303879.45,153079879.45,135624000.00,92600000.00
Nov 27 2026,KDA,381040659.28,381040659.28,152816659.28,135624000.00,92600000.00
Nov 23 2026,KDA,380830083.15,380830083.15,152606083.15,135624000.00,92600000.00
Nov 18 2026,KDA,380593185.00,380593185.00,152369185.00,135624000.00,92600000.00
Nov 13 2026,KDA,379957333.90,379957333.90,152088172.61,135269161.29,92600000.00
Nov 08 2026,KDA,379379287.45,379379287.45,151832706.81,134946580.65,92600000.00
Nov 04 2026,KDA,378916850.29,378916850.29,151628334.16,134688516.13,92600000.00
Oct 30 2026,KDA,378338803.84,378338803.84,151372868.35,134365935.48,92600000.00
Oct 25 2026,KDA,377760757.39,377760757.39,151117402.55,134043354.84,92600000.00
Oct 21 2026,KDA,377298320.23,377298320.23,150913029.90,133785290.32,92600000.00
Oct 16 2026,KDA,376710257.83,376710257.83,150652924.50,133457333.33,92600000.00
Oct 11 2026,KDA,376112179.50,376112179.50,150388179.50,133124000.00,92600000.00
Oct 06 2026,KDA,375514101.17,375514101.17,150123434.50,132790666.67,92600000.00
Oct 02 2026,KDA,375035638.50,375035638.50,149911638.50,132524000.00,92600000.00
Sep 27 2026,KDA,374437560.17,374437560.17,149646893.50,132190666.67,92600000.00
Sep 22 2026,KDA,373839481.83,373839481.83,149382148.50,131857333.33,92600000.00
Sep 18 2026,KDA,373420827.00,373420827.00,149196827.00,131624000.00,92600000.00
Sep 13 2026,KDA,372783347.90,372783347.90,148914186.61,131269161.29,92600000.00
Sep 08 2026,KDA,372203821.45,372203821.45,148657240.81,130946580.65,92600000.00
Sep 03 2026,KDA,371624295.00,371624295.00,148400295.00,130624000.00,92600000.00
Aug 30 2026,KDA,371160673.84,371160673.84,148194738.35,130365935.48,92600000.00
Aug 25 2026,KDA,370581147.39,370581147.39,147937792.55,130043354.84,92600000.00
Aug 20 2026,KDA,370001620.94,370001620.94,147680846.74,129720774.19,92600000.00
Aug 16 2026,KDA,369537628.08,369537628.08,147474918.40,129462709.68,92600000.00
Aug 11 2026,KDA,368957358.24,368957358.24,147217229.21,129140129.03,92600000.00
Aug 06 2026,KDA,368377088.40,368377088.40,146959540.02,128817548.39,92600000.00
Aug 01 2026,KDA,367796818.56,367796818.56,146701850.82,128494967.74,92600000.00
Jul 28 2026,KDA,367332602.69,367332602.69,146495699.47,128236903.23,92600000.00
Jul 23 2026,KDA,366752332.85,366752332.85,146238010.27,127914322.58,92600000.00
Jul 18 2026,KDA,366230090.00,366230090.00,146006090.00,127624000.00,92600000.00
Jul 14 2026,KDA,365689746.20,365689746.20,145765746.20,127324000.00,92600000.00
Jul 09 2026,KDA,365089364.20,365089364.20,145498697.53,126990666.67,92600000.00
Jul 04 2026,KDA,364488982.20,364488982.20,145231648.87,126657333.33,92600000.00
Jun 29 2026,KDA,363888600.20,363888600.20,144964600.20,126324000.00,92600000.00
Jun 25 2026,KDA,363408294.60,363408294.60,144750961.27,126057333.33,92600000.00
Jun 20 2026,KDA,362807912.60,362807912.60,144483912.60,125724000.00,92600000.00
Jun 15 2026,KDA,362220564.19,362220564.19,144222370.65,125398193.55,92600000.00
Jun 11 2026,KDA,361755154.13,361755154.13,144015025.10,125140129.03,92600000.00
Jun 06 2026,KDA,361173391.55,361173391.55,143755843.16,124817548.39,92600000.00
Jun 01 2026,KDA,360591628.97,360591628.97,143496661.23,124494967.74,92600000.00
May 27 2026,KDA,360009866.39,360009866.39,143237479.29,124172387.10,92600000.00
May 23 2026,KDA,359544456.32,359544456.32,143030133.74,123914322.58,92600000.00
May 18 2026,KDA,359020870.00,359020870.00,142796870.00,123624000.00,92600000.00
May 13 2026,KDA,358358748.10,358358748.10,142501414.77,123257333.33,92600000.00
May 09 2026,KDA,357877204.90,357877204.90,142286538.23,122990666.67,92600000.00
May 04 2026,KDA,357275275.90,357275275.90,142017942.57,122657333.33,92600000.00
Apr 29 2026,KDA,356673346.90,356673346.90,141749346.90,122324000.00,92600000.00
Apr 24 2026,KDA,356071417.90,356071417.90,141480751.23,121990666.67,92600000.00
Apr 20 2026,KDA,355589874.70,355589874.70,141265874.70,121724000.00,92600000.00
Apr 15 2026,KDA,355001011.29,355001011.29,141002817.74,121398193.55,92600000.00
Apr 10 2026,KDA,354417747.42,354417747.42,140742134.52,121075612.90,92600000.00
Apr 06 2026,KDA,353951136.32,353951136.32,140533587.94,120817548.39,92600000.00
Apr 01 2026,KDA,353367872.45,353367872.45,140272904.71,120494967.74,92600000.00
Mar 27 2026,KDA,352784608.58,352784608.58,140012221.48,120172387.10,92600000.00
Mar 22 2026,KDA,352201344.71,352201344.71,139751538.26,119849806.45,92600000.00
Mar 18 2026,KDA,351793060.00,351793060.00,139569060.00,119624000.00,92600000.00
Mar 13 2026,KDA,351081809.63,351081809.63,139250666.77,119231142.86,92600000.00
Mar 08 2026,KDA,350435218.38,350435218.38,138961218.38,118874000.00,92600000.00
Mar 04 2026,KDA,349917945.38,349917945.38,138729659.66,118588285.71,92600000.00
Feb 27 2026,KDA,349271354.13,349271354.13,138440211.27,118231142.86,92600000.00
Feb 22 2026,KDA,348624762.88,348624762.88,138150762.88,117874000.00,92600000.00
Feb 17 2026,KDA,347996716.84,347996716.84,137869491.03,117527225.81,92600000.00
Feb 13 2026,KDA,347528897.74,347528897.74,137659736.45,117269161.29,92600000.00
Feb 08 2026,KDA,346944123.87,346944123.87,137397543.23,116946580.65,92600000.00
Feb 03 2026,KDA,346359350.00,346359350.00,137135350.00,116624000.00,92600000.00
Jan 30 2026,KDA,345891530.90,345891530.90,136925595.42,116365935.48,92600000.00
Jan 25 2026,KDA,345306757.03,345306757.03,136663402.19,116043354.84,92600000.00
Jan 20 2026,KDA,344721983.16,344721983.16,136401208.97,115720774.19,92600000.00
Jan 15 2026,KDA,344136678.31,344136678.31,136138484.76,115398193.55,92600000.00
Jan 11 2026,KDA,343668252.37,343668252.37,135928123.34,115140129.03,92600000.00
Jan 06 2026,KDA,343082719.95,343082719.95,135665171.56,114817548.39,92600000.00
Jan 01 2026,KDA,342497187.53,342497187.53,135402219.79,114494967.74,92600000.00
Dec 28 2025,KDA,342028761.60,342028761.60,135191858.37,114236903.23,92600000.00
Dec 23 2025,KDA,341443229.18,341443229.18,134928906.60,113914322.58,92600000.00
Dec 18 2025,KDA,340916250.00,340916250.00,134692250.00,113624000.00,92600000.00
Dec 13 2025,KDA,340616497.07,340616497.07,134392497.07,113624000.00,92600000.00
Dec 09 2025,KDA,340398494.93,340398494.93,134174494.93,113624000.00,92600000.00
Dec 04 2025,KDA,340125992.27,340125992.27,133901992.27,113624000.00,92600000.00
Nov 29 2025,KDA,339853489.60,339853489.60,133629489.60,113624000.00,92600000.00
Nov 25 2025,KDA,339635487.47,339635487.47,133411487.47,113624000.00,92600000.00
Nov 20 2025,KDA,339362984.80,339362984.80,133138984.80,113624000.00,92600000.00
Nov 15 2025,KDA,338873907.95,338873907.95,132872101.50,113401806.45,92600000.00
Nov 10 2025,KDA,338292013.60,338292013.60,132607626.50,113084387.10,92600000.00
Nov 06 2025,KDA,337826498.11,337826498.11,132396046.50,112830451.61,92600000.00
Nov 01 2025,KDA,337244603.76,337244603.76,132131571.50,112513032.26,92600000.00
Oct 27 2025,KDA,336662709.40,336662709.40,131867096.50,112195612.90,92600000.00
Oct 23 2025,KDA,336197193.92,336197193.92,131655516.50,111941677.42,92600000.00
Oct 18 2025,KDA,335673489.00,335673489.00,131417489.00,111656000.00,92600000.00
Oct 13 2025,KDA,335011199.90,335011199.90,131115999.90,111295200.00,92600000.00
Oct 08 2025,KDA,334409118.90,334409118.90,130841918.90,110967200.00,92600000.00
Oct 04 2025,KDA,333927454.10,333927454.10,130622654.10,110704800.00,92600000.00
Sep 29 2025,KDA,333325373.10,333325373.10,130348573.10,110376800.00,92600000.00
Sep 24 2025,KDA,332723292.10,332723292.10,130074492.10,110048800.00,92600000.00
Sep 20 2025,KDA,332241627.30,332241627.30,129855227.30,109786400.00,92600000.00
Sep 15 2025,KDA,331652604.37,331652604.37,129586797.92,109465806.45,92600000.00
Sep 10 2025,KDA,331069177.76,331069177.76,129320790.66,109148387.10,92600000.00
Sep 05 2025,KDA,330485751.15,330485751.15,129054783.40,108830967.74,92600000.00
Sep 01 2025,KDA,330019009.85,330019009.85,128841977.60,108577032.26,92600000.00
Aug 27 2025,KDA,329435583.24,329435583.24,128575970.34,108259612.90,92600000.00
Aug 22 2025,KDA,328852156.63,328852156.63,128309963.08,107942193.55,92600000.00
Aug 18 2025,KDA,328443758.00,328443758.00,128123758.00,107720000.00,92600000.00
Aug 13 2025,KDA,327801142.79,327801142.79,127830304.08,107370838.71,92600000.00
Aug 08 2025,KDA,327216947.15,327216947.15,127563527.79,107053419.35,92600000.00
Aug 03 2025,KDA,326632751.50,326632751.50,127296751.50,106736000.00,92600000.00
Jul 30 2025,KDA,326165394.98,326165394.98,127083330.47,106482064.52,92600000.00
Jul 25 2025,KDA,325581199.34,325581199.34,126816554.18,106164645.16,92600000.00
Jul 20 2025,KDA,324997003.69,324997003.69,126549777.89,105847225.81,92600000.00
Jul 16 2025,KDA,324519511.83,324519511.83,126331511.83,105588000.00,92600000.00
Jul 11 2025,KDA,323915045.50,323915045.50,126055045.50,105260000.00,92600000.00
Jul 06 2025,KDA,323310579.17,323310579.17,125778579.17,104932000.00,92600000.00
Jul 02 2025,KDA,322827006.10,322827006.10,125557406.10,104669600.00,92600000.00
Jun 27 2025,KDA,322222539.77,322222539.77,125280939.77,104341600.00,92600000.00
Jun 22 2025,KDA,321618073.43,321618073.43,125004473.43,104013600.00,92600000.00
Jun 17 2025,KDA,321017676.27,321017676.27,124730450.47,103687225.81,92600000.00
Jun 13 2025,KDA,320544954.34,320544954.34,124515793.05,103429161.29,92600000.00
Jun 08 2025,KDA,319954051.92,319954051.92,124247471.27,103106580.65,92600000.00
Jun 03 2025,KDA,319363149.50,319363149.50,123979149.50,102784000.00,92600000.00
May 30 2025,KDA,318890427.56,318890427.56,123764492.08,102525935.48,92600000.00
May 25 2025,KDA,318299525.15,318299525.15,123496170.31,102203354.84,92600000.00
May 20 2025,KDA,317708622.73,317708622.73,123227848.53,101880774.19,92600000.00
May 15 2025,KDA,317103371.18,317103371.18,122952704.52,101550666.67,92600000.00
May 11 2025,KDA,316614250.25,316614250.25,122730250.25,101284000.00,92600000.00
May 06 2025,KDA,316002849.08,316002849.08,122452182.42,100950666.67,92600000.00
May 01 2025,KDA,315391447.92,315391447.92,122174114.58,100617333.33,92600000.00
Apr 27 2025,KDA,314902326.98,314902326.98,121951660.32,100350666.67,92600000.00
Apr 22 2025,KDA,314290925.82,314290925.82,121673592.48,100017333.33,92600000.00
Apr 17 2025,KDA,313685207.97,313685207.97,121397982.16,99687225.81,92600000.00
Apr 12 2025,KDA,313092751.19,313092751.19,121128106.03,99364645.16,92600000.00
Apr 08 2025,KDA,312618785.77,312618785.77,120912205.13,99106580.65,92600000.00
Apr 03 2025,KDA,312026329.00,312026329.00,120642329.00,98784000.00,92600000.00
Mar 29 2025,KDA,311433872.23,311433872.23,120372452.87,98461419.35,92600000.00
Mar 29 2025,KDA,311433872.23,311433872.23,120372452.87,98461419.35,92600000.00
Mar 25 2025,KDA,310959906.81,310959906.81,120156551.97,98203354.84,92600000.00
Mar 20 2025,KDA,310367450.03,310367450.03,119886675.84,97880774.19,92600000.00
Mar 15 2025,KDA,309729954.00,309729954.00,119595954.00,97534000.00,92600000.00
Mar 10 2025,KDA,309073155.43,309073155.43,119296298.29,97176857.14,92600000.00
Mar 06 2025,KDA,308547716.57,308547716.57,119056573.71,96891142.86,92600000.00
Mar 01 2025,KDA,307890918.00,307890918.00,118756918.00,96534000.00,92600000.00
Feb 24 2025,KDA,307234119.43,307234119.43,118457262.29,96176857.14,92600000.00
Feb 20 2025,KDA,306708680.57,306708680.57,118217537.71,95891142.86,92600000.00
Feb 15 2025,KDA,306095826.77,306095826.77,117937633.23,95558193.55,92600000.00
Feb 10 2025,KDA,305501806.45,305501806.45,117666193.55,95235612.90,92600000.00
Feb 05 2025,KDA,304907786.13,304907786.13,117394753.87,94913032.26,92600000.00
Feb 01 2025,KDA,304432569.87,304432569.87,117177602.13,94654967.74,92600000.00
Jan 27 2025,KDA,303838549.55,303838549.55,116906162.45,94332387.10,92600000.00
Jan 22 2025,KDA,303244529.23,303244529.23,116634722.77,94009806.45,92600000.00
Jan 18 2025,KDA,302828715.00,302828715.00,116444715.00,93784000.00,92600000.00
Jan 13 2025,KDA,302174429.15,302174429.15,116145267.85,93429161.29,92600000.00
Jan 08 2025,KDA,301579623.82,301579623.82,115873043.18,93106580.65,92600000.00
Jan 03 2025,KDA,300984818.50,300984818.50,115600818.50,92784000.00,92600000.00
Dec 30 2024,KDA,300508974.24,300508974.24,115383038.76,92525935.48,92600000.00
Dec 25 2024,KDA,299914168.92,299914168.92,115110814.08,92203354.84,92600000.00
Dec 20 2024,KDA,299319363.60,299319363.60,114838589.40,91880774.19,92600000.00
Dec 16 2024,KDA,298999865.83,298999865.83,114615865.83,91784000.00,92600000.00
Dec 11 2024,KDA,298717753.50,298717753.50,114333753.50,91784000.00,92600000.00
Dec 06 2024,KDA,298435641.17,298435641.17,114051641.17,91784000.00,92600000.00
Dec 01 2024,KDA,298153528.83,298153528.83,113769528.83,91784000.00,92600000.00
Nov 27 2024,KDA,297927838.97,297927838.97,113543838.97,91784000.00,92600000.00
Nov 22 2024,KDA,297645726.63,297645726.63,113261726.63,91784000.00,92600000.00
Nov 17 2024,KDA,297269333.32,297269333.32,112982107.52,91687225.81,92600000.00
Nov 13 2024,KDA,296792227.52,296792227.52,112763066.23,91429161.29,92600000.00
Nov 08 2024,KDA,296195845.26,296195845.26,112489264.61,91106580.65,92600000.00
Nov 03 2024,KDA,295599463.00,295599463.00,112215463.00,90784000.00,92600000.00
Oct 29 2024,KDA,295003080.74,295003080.74,111941661.39,90461419.35,92600000.00
Oct 25 2024,KDA,294525974.94,294525974.94,111722620.10,90203354.84,92600000.00
Oct 20 2024,KDA,293929592.68,293929592.68,111448818.48,89880774.19,92600000.00
Oct 15 2024,KDA,293318721.88,293318721.88,111168055.22,89550666.67,92600000.00
Oct 11 2024,KDA,292825057.75,292825057.75,110941057.75,89284000.00,92600000.00
Oct 06 2024,KDA,292207977.58,292207977.58,110657310.92,88950666.67,92600000.00
Oct 01 2024,KDA,291590897.42,291590897.42,110373564.08,88617333.33,92600000.00
Sep 26 2024,KDA,290973817.25,290973817.25,110089817.25,88284000.00,92600000.00
Sep 22 2024,KDA,290480153.12,290480153.12,109862819.78,88017333.33,92600000.00
Sep 17 2024,KDA,289868806.53,289868806.53,109581580.73,87687225.81,92600000.00
Sep 12 2024,KDA,289270838.31,289270838.31,109306193.15,87364645.16,92600000.00
Sep 08 2024,KDA,288792463.73,288792463.73,109085883.08,87106580.65,92600000.00
Sep 03 2024,KDA,288194495.50,288194495.50,108810495.50,86784000.00,92600000.00
Aug 29 2024,KDA,287596527.27,287596527.27,108535107.92,86461419.35,92600000.00
Aug 24 2024,KDA,286998559.05,286998559.05,108259720.34,86138838.71,92600000.00
Aug 20 2024,KDA,286520184.47,286520184.47,108039410.27,85880774.19,92600000.00
Aug 15 2024,KDA,285921658.50,285921658.50,107763464.95,85558193.55,92600000.00
Aug 10 2024,KDA,285322893.50,285322893.50,107487280.60,85235612.90,92600000.00
Aug 06 2024,KDA,284843881.50,284843881.50,107266333.11,84977548.39,92600000.00
Aug 01 2024,KDA,284245116.50,284245116.50,106990148.76,84654967.74,92600000.00
Jul 27 2024,KDA,283646351.50,283646351.50,106713964.40,84332387.10,92600000.00
Jul 22 2024,KDA,283047586.50,283047586.50,106437780.05,84009806.45,92600000.00
Jul 18 2024,KDA,282628451.00,282628451.00,106244451.00,83784000.00,92600000.00
Jul 13 2024,KDA,281946946.92,281946946.92,105929613.58,83417333.33,92600000.00
Jul 08 2024,KDA,281327397.75,281327397.75,105643397.75,83084000.00,92600000.00
Jul 04 2024,KDA,280831758.42,280831758.42,105414425.08,82817333.33,92600000.00
Jun 29 2024,KDA,280212209.25,280212209.25,105128209.25,82484000.00,92600000.00
Jun 24 2024,KDA,279592660.08,279592660.08,104841993.42,82150666.67,92600000.00
Jun 19 2024,KDA,278973110.92,278973110.92,104555777.58,81817333.33,92600000.00
Jun 15 2024,KDA,278490900.61,278490900.61,104332707.06,81558193.55,92600000.00
Jun 10 2024,KDA,277890535.77,277890535.77,104054922.87,81235612.90,92600000.00
Jun 05 2024,KDA,277290170.94,277290170.94,103777138.68,80913032.26,92600000.00
Jun 01 2024,KDA,276809879.06,276809879.06,103554911.32,80654967.74,92600000.00
May 27 2024,KDA,276209514.23,276209514.23,103277127.13,80332387.10,92600000.00
May 22 2024,KDA,275609149.39,275609149.39,102999342.94,80009806.45,92600000.00
May 17 2024,KDA,275002531.90,275002531.90,102718531.90,79684000.00,92600000.00
May 13 2024,KDA,274505566.30,274505566.30,102488232.97,79417333.33,92600000.00
May 08 2024,KDA,273884359.30,273884359.30,102200359.30,79084000.00,92600000.00
May 03 2024,KDA,273263152.30,273263152.30,101912485.63,78750666.67,92600000.00
Apr 29 2024,KDA,272766186.70,272766186.70,101682186.70,78484000.00,92600000.00
Apr 24 2024,KDA,272144979.70,272144979.70,101394313.03,78150666.67,92600000.00
Apr 19 2024,KDA,271523772.70,271523772.70,101106439.37,77817333.33,92600000.00
Apr 14 2024,KDA,270919875.23,270919875.23,100826197.81,77493677.42,92600000.00
Apr 10 2024,KDA,270438295.87,270438295.87,100602682.97,77235612.90,92600000.00
Apr 05 2024,KDA,269836321.68,269836321.68,100323289.42,76913032.26,92600000.00
Mar 31 2024,KDA,269234347.48,269234347.48,100043895.87,76590451.61,92600000.00
Mar 27 2024,KDA,0,268752768.13,99820381.03,76332387.10,92600000.00
Mar 22 2024,KDA,0,268150793.94,99540987.48,76009806.45,92600000.00
Mar 17 2024,KDA,0,267536106.07,99255554.34,75680551.72,92600000.00
Mar 12 2024,KDA,0,266891752.97,98956028.83,75335724.14,92600000.00
Mar 08 2024,KDA,0,266376270.48,98716408.41,75059862.07,92600000.00
Mar 03 2024,KDA,0,265731917.38,98416882.90,74715034.48,92600000.00
Feb 27 2024,KDA,0,265087564.28,98117357.38,74370206.90,92600000.00
Feb 23 2024,KDA,0,264572081.79,97877736.97,74094344.83,92600000.00
Feb 18 2024,KDA,0,263992164.00,97608164.00,73784000.00,92600000.00
Feb 13 2024,KDA,0,263328212.16,97299050.87,73429161.29,92600000.00
Feb 08 2024,KDA,0,262724619.58,97018038.94,73106580.65,92600000.00
Feb 04 2024,KDA,0,262241745.52,96793229.39,72848516.13,92600000.00
Jan 30 2024,KDA,0,261638152.94,96512217.45,72525935.48,92600000.00
Jan 25 2024,KDA,0,261034560.35,96231205.52,72203354.84,92600000.00
Jan 21 2024,KDA,0,260551686.29,96006395.97,71945290.32,92600000.00
Jan 16 2024,KDA,0,259947687.42,95724977.74,71622709.68,92600000.00
Jan 11 2024,KDA,0,259343282.26,95443153.23,71300129.03,92600000.00
Jan 06 2024,KDA,0,258738877.10,95161328.71,70977548.39,92600000.00
Jan 02 2024,KDA,0,258255352.97,94935869.10,70719483.87,92600000.00
Dec 28 2023,KDA,0,257650947.81,94654044.58,70396903.23,92600000.00
Dec 23 2023,KDA,0,257046542.65,94372220.06,70074322.58,92600000.00
Dec 19 2023,KDA,0,256563018.52,94146760.45,69816258.06,92600000.00
Dec 14 2023,KDA,0,256239722.95,93855722.95,69784000.00,92600000.00
Dec 09 2023,KDA,0,255947661.78,93563661.78,69784000.00,92600000.00
Dec 04 2023,KDA,0,255655600.62,93271600.62,69784000.00,92600000.00
Nov 30 2023,KDA,0,255421951.68,93037951.68,69784000.00,92600000.00
Nov 25 2023,KDA,0,255129890.52,92745890.52,69784000.00,92600000.00
Nov 20 2023,KDA,0,254837829.35,92453829.35,69784000.00,92600000.00
Nov 16 2023,KDA,0,254447192.13,92224482.45,69622709.68,92600000.00
Nov 11 2023,KDA,0,253841154.39,91941025.35,69300129.03,92600000.00
Nov 06 2023,KDA,0,253235116.65,91657568.26,68977548.39,92600000.00
Nov 01 2023,KDA,0,252629078.90,91374111.16,68654967.74,92600000.00
Oct 28 2023,KDA,0,252144248.71,91147345.48,68396903.23,92600000.00
Oct 23 2023,KDA,0,251538210.97,90863888.39,68074322.58,92600000.00
Oct 18 2023,KDA,0,250992777.00,90608777.00,67784000.00,92600000.00
Oct 14 2023,KDA,0,250428399.15,90344399.15,67484000.00,92600000.00
Oct 09 2023,KDA,0,249801312.65,90050645.98,67150666.67,92600000.00
Oct 04 2023,KDA,0,249174226.15,89756892.82,66817333.33,92600000.00
Sep 29 2023,KDA,0,248547139.65,89463139.65,66484000.00,92600000.00
Sep 25 2023,KDA,0,248045470.45,89228137.12,66217333.33,92600000.00
Sep 20 2023,KDA,0,247418383.95,88934383.95,65884000.00,92600000.00
Sep 15 2023,KDA,0,246804882.23,88646688.68,65558193.55,92600000.00
Sep 11 2023,KDA,0,246318738.48,88418609.45,65300129.03,92600000.00
Sep 06 2023,KDA,0,245711058.81,88133510.42,64977548.39,92600000.00
Sep 01 2023,KDA,0,245103379.13,87848411.39,64654967.74,92600000.00
Aug 27 2023,KDA,0,244495699.45,87563312.35,64332387.10,92600000.00
Aug 23 2023,KDA,0,244009555.71,87335233.13,64074322.58,92600000.00
Aug 18 2023,KDA,0,243462644.00,87078644.00,63784000.00,92600000.00
Aug 13 2023,KDA,0,242793288.85,86764127.56,63429161.29,92600000.00
Aug 09 2023,KDA,0,242306485.11,86535388.34,63171096.77,92600000.00
Aug 04 2023,KDA,0,241697980.44,86249464.31,62848516.13,92600000.00
Jul 30 2023,KDA,0,241089475.76,85963540.27,62525935.48,92600000.00
Jul 25 2023,KDA,0,240480971.08,85677616.24,62203354.84,92600000.00
Jul 21 2023,KDA,0,239994167.34,85448877.02,61945290.32,92600000.00
Jul 16 2023,KDA,0,239375093.83,85157760.50,61617333.33,92600000.00
Jul 11 2023,KDA,0,238745451.50,84861451.50,61284000.00,92600000.00
Jul 07 2023,KDA,0,238241737.63,84624404.30,61017333.33,92600000.00
Jul 02 2023,KDA,0,237612095.30,84328095.30,60684000.00,92600000.00
Jun 27 2023,KDA,0,236982452.97,84031786.30,60350666.67,92600000.00
Jun 22 2023,KDA,0,236352810.63,83735477.30,60017333.33,92600000.00
Jun 18 2023,KDA,0,235912061.00,83528061.00,59784000.00,92600000.00
Jun 13 2023,KDA,0,235240883.76,83211722.47,59429161.29,92600000.00
Jun 08 2023,KDA,0,234630722.63,82924141.98,59106580.65,92600000.00
Jun 04 2023,KDA,0,234142593.73,82694077.60,58848516.13,92600000.00
May 30 2023,KDA,0,233532432.60,82406497.11,58525935.48,92600000.00
May 25 2023,KDA,0,232922271.47,82118916.63,58203354.84,92600000.00
May 20 2023,KDA,0,232312110.34,81831336.15,57880774.19,92600000.00
May 16 2023,KDA,0,231813382.67,81596049.33,57617333.33,92600000.00
May 11 2023,KDA,0,231182024.00,81298024.00,57284000.00,92600000.00
May 06 2023,KDA,0,230550665.33,80999998.67,56950666.67,92600000.00
May 02 2023,KDA,0,230045578.40,80761578.40,56684000.00,92600000.00
Apr 27 2023,KDA,0,229414219.73,80463553.07,56350666.67,92600000.00
Apr 22 2023,KDA,0,228782861.07,80165527.73,56017333.33,92600000.00
Apr 17 2023,KDA,0,228157361.87,79870136.06,55687225.81,92600000.00
Apr 13 2023,KDA,0,227667900.19,79638738.90,55429161.29,92600000.00
Apr 08 2023,KDA,0,227056073.10,79349492.45,55106580.65,92600000.00
Apr 03 2023,KDA,0,226444246.00,79060246.00,54784000.00,92600000.00
Mar 30 2023,KDA,0,225954784.32,78828848.84,54525935.48,92600000.00
Mar 25 2023,KDA,0,225342957.23,78539602.39,54203354.84,92600000.00
Mar 20 2023,KDA,0,224731130.13,78250355.94,53880774.19,92600000.00
Mar 15 2023,KDA,0,224072768.00,77938768.00,53534000.00,92600000.00
Mar 11 2023,KDA,0,223530123.43,77681837.71,53248285.71,92600000.00
Mar 06 2023,KDA,0,222851817.71,77360674.86,52891142.86,92600000.00
Mar 01 2023,KDA,0,222173512.00,77039512.00,52534000.00,92600000.00
Feb 25 2023,KDA,0,221630867.43,76782581.71,52248285.71,92600000.00
Feb 20 2023,KDA,0,220952561.71,76461418.86,51891142.86,92600000.00
Feb 15 2023,KDA,0,220319618.19,76161424.65,51558193.55,92600000.00
Feb 10 2023,KDA,0,219706115.61,75870502.71,51235612.90,92600000.00
Feb 06 2023,KDA,0,219215313.55,75637765.16,50977548.39,92600000.00
Feb 01 2023,KDA,0,218601810.97,75346843.23,50654967.74,92600000.00
Jan 27 2023,KDA,0,217988308.39,75055921.29,50332387.10,92600000.00
Jan 23 2023,KDA,0,217497506.32,74823183.74,50074322.58,92600000.00
Jan 18 2023,KDA,0,216945354.00,74561354.00,49784000.00,92600000.00
Jan 13 2023,KDA,0,216269576.27,74240414.98,49429161.29,92600000.00
Jan 08 2023,KDA,0,215655232.89,73948652.24,49106580.65,92600000.00
Jan 04 2023,KDA,0,215163758.18,73715242.05,48848516.13,92600000.00
Dec 30 2022,KDA,0,214549414.79,73423479.31,48525935.48,92600000.00
Dec 25 2022,KDA,0,213935071.40,73131716.56,48203354.84,92600000.00
Dec 21 2022,KDA,0,213443596.69,72898306.37,47945290.32,92600000.00
Dec 16 2022,KDA,0,212985244.50,72601244.50,47784000.00,92600000.00
Dec 11 2022,KDA,0,212682883.50,72298883.50,47784000.00,92600000.00
Dec 06 2022,KDA,0,212380522.50,71996522.50,47784000.00,92600000.00
Dec 02 2022,KDA,0,212138633.70,71754633.70,47784000.00,92600000.00
Nov 27 2022,KDA,0,211836272.70,71452272.70,47784000.00,92600000.00
Nov 22 2022,KDA,0,211533911.70,71149911.70,47784000.00,92600000.00
Nov 18 2022,KDA,0,211322259.00,70938259.00,47784000.00,92600000.00
Nov 13 2022,KDA,0,210644621.92,70615460.63,47429161.29,92600000.00
Nov 08 2022,KDA,0,210028588.21,70322007.56,47106580.65,92600000.00
Nov 03 2022,KDA,0,209412554.50,70028554.50,46784000.00,92600000.00
Oct 30 2022,KDA,0,208919727.53,69793792.05,46525935.48,92600000.00
Oct 25 2022,KDA,0,208303693.82,69500338.98,46203354.84,92600000.00
Oct 20 2022,KDA,0,207687660.11,69206885.92,45880774.19,92600000.00
Oct 16 2022,KDA,0,207045238.17,68966793.75,45617333.33,92461111.08
Oct 11 2022,KDA,0,206130014.50,68662681.25,45284000.00,92183333.25
Oct 06 2022,KDA,0,205214790.83,68358568.75,44950666.67,91905555.42
Oct 01 2022,KDA,0,204299567.17,68054456.25,44617333.33,91627777.58
Sep 27 2022,KDA,0,203567388.23,67811166.25,44350666.67,91405555.32
Sep 22 2022,KDA,0,202652164.57,67507053.75,44017333.33,91127777.48
Sep 17 2022,KDA,0,201826187.94,67205629.13,43687225.81,90933333.00
Sep 13 2022,KDA,0,201332001.10,66969506.81,43429161.29,90933333.00
Sep 08 2022,KDA,0,200714267.55,66674353.90,43106580.65,90933333.00
Sep 03 2022,KDA,0,200096534.00,66379201.00,42784000.00,90933333.00
Aug 29 2022,KDA,0,199478800.45,66084048.10,42461419.35,90933333.00
Aug 25 2022,KDA,0,198984613.61,65847925.77,42203354.84,90933333.00
Aug 20 2022,KDA,0,198366880.06,65552772.87,41880774.19,90933333.00
Aug 15 2022,KDA,0,197748548.47,65257021.92,41558193.55,90933333.00
Aug 11 2022,KDA,0,197253678.15,65020216.11,41300129.03,90933333.00
Aug 06 2022,KDA,0,196635090.24,64724208.85,40977548.39,90933333.00
Aug 01 2022,KDA,0,196016502.34,64428201.60,40654967.74,90933333.00
Jul 27 2022,KDA,0,195397914.44,64132194.34,40332387.10,90933333.00
Jul 23 2022,KDA,0,194903044.11,63895388.53,40074322.58,90933333.00
Jul 18 2022,KDA,0,194346315.00,63628982.00,39784000.00,90933333.00
Jul 13 2022,KDA,0,193336658.73,63291548.02,39417333.33,90627777.38
Jul 09 2022,KDA,0,192602363.27,63046141.48,39150666.67,90405555.12
Jul 04 2022,KDA,0,191684493.93,62739383.32,38817333.33,90127777.28
Jun 29 2022,KDA,0,190766624.60,62432625.15,38484000.00,89849999.45
Jun 24 2022,KDA,0,189848755.27,62125866.98,38150666.67,89572221.62
Jun 20 2022,KDA,0,189114459.80,61880460.45,37884000.00,89349999.35
Jun 15 2022,KDA,0,188404887.19,61580027.65,37558193.55,89266666.00
Jun 10 2022,KDA,0,187784584.61,61282305.71,37235612.90,89266666.00
Jun 06 2022,KDA,0,187288342.55,61044128.16,36977548.39,89266666.00
Jun 01 2022,KDA,0,186668039.97,60746406.23,36654967.74,89266666.00
May 27 2022,KDA,0,186047737.39,60448684.29,36332387.10,89266666.00
May 22 2022,KDA,0,185427434.81,60150962.35,36009806.45,89266666.00
May 18 2022,KDA,0,184993223.00,59942557.00,35784000.00,89266666.00
May 13 2022,KDA,0,184287167.47,59603168.13,35417333.33,89266666.00
May 08 2022,KDA,0,183645298.80,59294632.80,35084000.00,89266666.00
May 04 2022,KDA,0,183131803.87,59047804.53,34817333.33,89266666.00
Apr 29 2022,KDA,0,182489935.20,58739269.20,34484000.00,89266666.00
Apr 24 2022,KDA,0,181848066.53,58430733.87,34150666.67,89266666.00
Apr 19 2022,KDA,0,181206197.87,58122198.53,33817333.33,89266666.00
Apr 15 2022,KDA,0,180518419.73,57881732.26,33558193.55,89078493.92
Apr 10 2022,KDA,0,179627575.05,57582285.48,33235612.90,88809676.66
Apr 05 2022,KDA,0,178736730.37,57282838.71,32913032.26,88540859.40
Apr 01 2022,KDA,0,178024054.63,57043281.29,32654967.74,88325805.60
Mar 27 2022,KDA,0,177133209.95,56743834.52,32332387.10,88056988.34
Mar 22 2022,KDA,0,176242365.27,56444387.74,32009806.45,87788171.08
Mar 17 2022,KDA,0,175411884.63,56135028.48,31676857.14,87599999.00
Mar 13 2022,KDA,0,174860179.63,55869037.77,31391142.86,87599999.00
Mar 08 2022,KDA,0,174170548.38,55536549.38,31034000.00,87599999.00
Mar 03 2022,KDA,0,173480917.13,55204060.98,30676857.14,87599999.00
Feb 27 2022,KDA,0,172929212.13,54938070.27,30391142.86,87599999.00
Feb 22 2022,KDA,0,172239580.88,54605581.88,30034000.00,87599999.00
Feb 17 2022,KDA,0,171569710.37,54282485.56,29687225.81,87599999.00
Feb 12 2022,KDA,0,170945948.27,53981304.11,29364645.16,87599999.00
Feb 08 2022,KDA,0,170446938.60,53740358.95,29106580.65,87599999.00
Feb 03 2022,KDA,0,169823176.50,53439177.50,28784000.00,87599999.00
Jan 29 2022,KDA,0,169199414.40,53137996.05,28461419.35,87599999.00
Jan 25 2022,KDA,0,168700404.73,52897050.89,28203354.84,87599999.00
Jan 20 2022,KDA,0,168076642.63,52595869.44,27880774.19,87599999.00
Jan 15 2022,KDA,0,167264099.23,52294078.76,27558193.55,87411826.92
Jan 10 2022,KDA,0,166370649.55,51992026.98,27235612.90,87143009.66
Jan 06 2022,KDA,0,165655889.81,51750385.56,26977548.39,86927955.85
Jan 01 2022,KDA,0,164762440.13,51448333.79,26654967.74,86659138.60
Dec 27 2021,KDA,0,163868990.45,51146282.02,26332387.10,86390321.34
Dec 23 2021,KDA,0,163154230.71,50904640.60,26074322.58,86175267.53
Dec 18 2021,KDA,0,162350126.00,50632794.00,25784000.00,85933332.00
Dec 13 2021,KDA,0,161598066.63,50288467.97,25417333.33,85892265.33
Dec 08 2021,KDA,0,160914376.30,49975444.30,25084000.00,85854932.00
Dec 04 2021,KDA,0,160367424.03,49725025.37,24817333.33,85825065.33
Nov 29 2021,KDA,0,159683733.70,49412001.70,24484000.00,85787732.00
Nov 24 2021,KDA,0,159000043.37,49098978.03,24150666.67,85750398.67
Nov 20 2021,KDA,0,158453091.10,48848559.10,23884000.00,85720532.00
Nov 15 2021,KDA,0,157785129.32,48541990.87,23558193.55,85684944.90
Nov 10 2021,KDA,0,157123908.35,48238189.26,23235612.90,85650106.19
Nov 05 2021,KDA,0,156462687.39,47934387.65,22913032.26,85615267.48
Nov 01 2021,KDA,0,155933710.61,47691346.35,22654967.74,85587396.52
Oct 27 2021,KDA,0,155272489.65,47387544.74,22332387.10,85552557.81
Oct 22 2021,KDA,0,154611268.68,47083743.13,22009806.45,85517719.10
Oct 18 2021,KDA,0,154148414.00,46871082.00,21784000.00,85493332.00
Oct 13 2021,KDA,0,153090271.02,46524761.30,21417333.33,85148176.38
Oct 08 2021,KDA,0,152128322.85,46209924.30,21084000.00,84834398.55
Oct 03 2021,KDA,0,151166374.68,45895087.30,20750666.67,84520620.72
Sep 29 2021,KDA,0,150396816.15,45643217.70,20484000.00,84269598.45
Sep 24 2021,KDA,0,149434867.98,45328380.70,20150666.67,83955820.62
Sep 19 2021,KDA,0,148472919.82,45013543.70,19817333.33,83642042.78
Sep 15 2021,KDA,0,147912638.32,44768166.87,19558193.55,83586277.90
Sep 10 2021,KDA,0,147249657.35,44462605.26,19235612.90,83551439.19
Sep 05 2021,KDA,0,146586676.39,44157043.65,18913032.26,83516600.48
Sep 01 2021,KDA,0,146056291.61,43912594.35,18654967.74,83488729.52
Aug 27 2021,KDA,0,145393310.65,43607032.74,18332387.10,83453890.81
Aug 22 2021,KDA,0,144730329.68,43301471.13,18009806.45,83419052.10
Aug 17 2021,KDA,0,144067083.45,42995644.26,17687225.81,83384213.39
Aug 13 2021,KDA,0,143535991.32,42750487.61,17429161.29,83356342.42
Aug 08 2021,KDA,0,142872126.16,42444041.81,17106580.65,83321503.71
Aug 03 2021,KDA,0,142208261.00,42137596.00,16784000.00,83286665.00
Jul 30 2021,KDA,0,141677168.87,41892439.35,16525935.48,83258794.03
Jul 25 2021,KDA,0,141013303.71,41585993.55,16203354.84,83223955.32
Jul 20 2021,KDA,0,140349438.55,41279547.74,15880774.19,83189116.61
Jul 15 2021,KDA,0,139474997.87,40965310.68,15550666.67,82959020.52
Jul 11 2021,KDA,0,138703248.00,40711249.75,15284000.00,82707998.25
Jul 06 2021,KDA,0,137738560.67,40393673.58,14950666.67,82394220.42
Jul 01 2021,KDA,0,136773873.33,40076097.42,14617333.33,82080442.58
Jun 27 2021,KDA,0,136002123.47,39822036.48,14350666.67,81829420.32
Jun 22 2021,KDA,0,135037436.13,39504460.32,14017333.33,81515642.48
Jun 17 2021,KDA,0,134162462.90,39189690.71,13687225.81,81285546.39
Jun 12 2021,KDA,0,133496822.58,38881469.74,13364645.16,81250707.68
Jun 08 2021,KDA,0,132964310.32,38634892.97,13106580.65,81222836.71
Jun 03 2021,KDA,0,132298670.00,38326672.00,12784000.00,81187998.00
May 29 2021,KDA,0,131633029.68,38018451.03,12461419.35,81153159.29
May 25 2021,KDA,0,131100517.42,37771874.26,12203354.84,81125288.32
May 20 2021,KDA,0,130434877.10,37463653.29,11880774.19,81090449.61
May 15 2021,KDA,0,129753060.47,37147595.80,11550666.67,81054798.00
May 10 2021,KDA,0,129064311.13,36828179.80,11217333.33,81018798.00
May 06 2021,KDA,0,128513311.67,36572647.00,10950666.67,80989998.00
May 01 2021,KDA,0,127824562.33,36253231.00,10617333.33,80953998.00
Apr 26 2021,KDA,0,127135813.00,35933815.00,10284000.00,80917998.00
Apr 22 2021,KDA,0,126584813.53,35678282.20,10017333.33,80889198.00
Apr 17 2021,KDA,0,125789558.00,35361689.06,9687225.81,80740643.13
Apr 12 2021,KDA,0,124745788.00,35051682.61,9364645.16,80329460.23
Apr 07 2021,KDA,0,123702018.00,34741676.16,9042064.52,79918277.32
Apr 03 2021,KDA,0,122867002.00,34493671.00,8784000.00,79589331.00
Mar 29 2021,KDA,0,121823232.00,34183664.55,8461419.35,79178148.10
Mar 24 2021,KDA,0,120779462.00,33873658.10,8138838.71,78766965.19
Mar 20 2021,KDA,0,119944446.00,33625652.94,7880774.19,78438018.87
Mar 15 2021,KDA,0,119030031.88,33291701.25,7534000.00,78204330.63
Mar 10 2021,KDA,0,118171055.98,32947487.32,7176857.14,78046711.52
Mar 05 2021,KDA,0,117312080.09,32603273.39,6819714.29,77889092.41
Mar 01 2021,KDA,0,116624899.38,32327902.25,6534000.00,77762997.13
Feb 24 2021,KDA,0,115765923.48,31983688.32,6176857.14,77605378.02
Feb 19 2021,KDA,0,114906947.59,31639474.39,5819714.29,77447758.91
Feb 15 2021,KDA,0,114277326.02,31386791.42,5558193.55,77332341.05
Feb 10 2021,KDA,0,113500577.47,31074989.16,5235612.90,77189975.40
Feb 05 2021,KDA,0,112723828.92,30763186.90,4913032.26,77047609.76
Jan 31 2021,KDA,0,111947080.37,30451384.65,4590451.61,76905244.11
Jan 27 2021,KDA,0,111325681.53,30201942.84,4332387.10,76791351.60
Jan 22 2021,KDA,0,110548932.98,29890140.58,4009806.45,76648985.95
Jan 17 2021,KDA,0,109282365.58,29578067.84,3600903.23,76103394.52
Jan 13 2021,KDA,0,107354783.13,29327904.74,3112645.16,74914233.23
Jan 08 2021,KDA,0,104945305.06,29015200.87,2502322.58,73427781.61
Jan 03 2021,KDA,0,102535827.00,28702497.00,1892000.00,71941330.00
Dec 29 2020,KDA,0,100126348.94,28389793.13,1281677.42,70454878.39
Dec 25 2020,KDA,0,98198766.48,28139630.03,793419.35,69265717.10
Dec 20 2020,KDA,0,95789288.42,27826926.16,183096.77,67779265.48
Dec 15 2020,KDA,0,94458505.62,27506271.48,0,66952234.13
Dec 11 2020,KDA,0,93763717.75,27247021.75,0,66516696.00
Dec 06 2020,KDA,0,92895232.92,26922959.58,0,65972273.33
Dec 01 2020,KDA,0,92026748.08,26598897.42,0,65427850.67
Nov 26 2020,KDA,0,91158263.25,26274835.25,0,64883428.00
Nov 22 2020,KDA,0,90463475.38,26015585.52,0,64447889.87
Nov 17 2020,KDA,0,88677314.65,25694387.40,0,62982927.24
Nov 12 2020,KDA,0,84749910.13,25379872.08,0,59370038.05
Nov 08 2020,KDA,0,81607986.52,25128259.82,0,56479726.69
Nov 03 2020,KDA,0,77680582.00,24813744.50,0,52866837.50
Oct 29 2020,KDA,0,73753177.48,24499229.18,0,49253948.31
Oct 24 2020,KDA,0,69825772.97,24184713.85,0,45641059.11
Oct 20 2020,KDA,0,66683849.35,23933101.60,0,42750747.76
Oct 15 2020,KDA,0,64997480.50,23610589.35,0,41386891.15
Oct 10 2020,KDA,0,64271555.50,23284649.85,0,40986905.65
Oct 06 2020,KDA,0,63690815.50,23023898.25,0,40666917.25
Oct 01 2020,KDA,0,62964890.50,22697958.75,0,40266931.75
Sep 26 2020,KDA,0,62238965.50,22372019.25,0,39866946.25
Sep 21 2020,KDA,0,61513040.50,22046079.75,0,39466960.75
Sep 17 2020,KDA,0,60939052.00,21788208.82,0,39150843.18
Sep 12 2020,KDA,0,60235632.00,21471871.56,0,38763760.44
Sep 07 2020,KDA,0,59532212.00,21155534.31,0,38376677.69
Sep 03 2020,KDA,0,58969476.00,20902464.50,0,38067011.50
Aug 29 2020,KDA,0,58266056.00,20586127.24,0,37679928.76
Aug 24 2020,KDA,0,57562636.00,20269789.98,0,37292846.02
Aug 19 2020,KDA,0,56859216.00,19953452.73,0,36905763.27
Aug 15 2020,KDA,0,56295839.16,19699742.19,0,36596096.97
Aug 10 2020,KDA,0,55591503.68,19382489.61,0,36209014.06
Aug 05 2020,KDA,0,54887168.19,19065237.03,0,35821931.16
Aug 01 2020,KDA,0,54323699.81,18811434.97,0,35512264.84
Jul 27 2020,KDA,0,53619364.32,18494182.39,0,35125181.94
Jul 22 2020,KDA,0,52915028.84,18176929.81,0,34738099.03
Jul 17 2020,KDA,0,52203365.70,17856220.35,0,34347145.35
Jul 13 2020,KDA,0,51620356.90,17593199.95,0,34027156.95
Jul 08 2020,KDA,0,50891595.90,17264424.45,0,33627171.45
Jul 03 2020,KDA,0,50162834.90,16935648.95,0,33227185.95
Jun 29 2020,KDA,0,49579826.10,16672628.55,0,32907197.55
Jun 24 2020,KDA,0,48851065.10,16343853.05,0,32507212.05
Jun 19 2020,KDA,0,48122304.10,16015077.55,0,32107226.55
Jun 14 2020,KDA,0,47268710.81,15695018.56,0,31573692.24
Jun 10 2020,KDA,0,46574739.97,15439746.18,0,31134993.79
Jun 05 2020,KDA,0,45707276.42,15120655.69,0,30586620.73
May 31 2020,KDA,0,44839812.87,14801565.21,0,30038247.66
May 27 2020,KDA,0,44145842.03,14546292.82,0,29599549.21
May 22 2020,KDA,0,43278378.48,14227202.34,0,29051176.15
May 17 2020,KDA,0,42401954.35,13904635.00,0,28497319.35
May 12 2020,KDA,0,41504622.18,13573955.00,0,27930667.18
May 08 2020,KDA,0,40786756.45,13309411.00,0,27477345.45
May 03 2020,KDA,0,39889424.28,12978731.00,0,26910693.28
Apr 28 2020,KDA,0,38992092.12,12648051.00,0,26344041.12
Apr 24 2020,KDA,0,38274226.38,12383507.00,0,25890719.38
Apr 19 2020,KDA,0,37376894.22,12052827.00,0,25324067.22
Apr 14 2020,KDA,0,36504780.26,11730914.02,0,24773866.24
Apr 09 2020,KDA,0,35635468.32,11409975.15,0,24225493.18
Apr 05 2020,KDA,0,34940018.77,11153224.05,0,23786794.73
Mar 31 2020,KDA,0,34070706.84,10832285.18,0,23238421.66
Mar 26 2020,KDA,0,33201394.90,10511346.31,0,22690048.60
Mar 22 2020,KDA,0,32505945.35,10254595.21,0,22251350.15
Mar 17 2020,KDA,0,31560860.16,9926718.71,0,21634141.45
Mar 12 2020,KDA,0,30438970.67,9582654.40,0,20856316.28
Mar 07 2020,KDA,0,29317081.19,9238590.09,0,20078491.10
Mar 03 2020,KDA,0,28419569.60,8963338.64,0,19456230.97
Feb 27 2020,KDA,0,27297680.12,8619274.33,0,18678405.79
Feb 22 2020,KDA,0,26175790.64,8275210.02,0,17900580.62
Feb 18 2020,KDA,0,25390468.00,8034365.00,0,17356103.00
Feb 13 2020,KDA,0,24234982.94,7679286.95,0,16555695.98
Feb 08 2020,KDA,0,23184541.97,7356488.73,0,15828053.24
Feb 03 2020,KDA,0,22134101.00,7033690.50,0,15100410.50
Jan 30 2020,KDA,0,21293748.23,6775451.92,0,14518296.31
Jan 25 2020,KDA,0,20243307.26,6452653.69,0,13790653.56
Jan 20 2020,KDA,0,19192866.29,6129855.47,0,13063010.82
Jan 16 2020,KDA,0,18083229.81,5871150.35,0,12212079.45
Jan 11 2020,KDA,0,16494221.42,5547419.06,0,10946802.35
Jan 06 2020,KDA,0,14905213.03,5223687.77,0,9681525.26
Jan 01 2020,KDA,0,13316204.65,4899956.48,0,8416248.16
Dec 28 2019,KDA,0,12044997.94,4640971.45,0,7404026.48
Dec 23 2019,KDA,0,10455989.55,4317240.16,0,6138749.39
Dec 18 2019,KDA,0,9025882.00,4025882.00,0,5000000.00
Dec 14 2019,KDA,0,7973940.85,3723940.85,0,4250000.00
Dec 09 2019,KDA,0,6805117.35,3388450.68,0,3416666.67
Dec 04 2019,KDA,0,5636293.85,3052960.52,0,2583333.33
Nov 29 2019,KDA,0,4467470.35,2717470.35,0,1750000.00
Nov 25 2019,KDA,0,3532411.55,2449078.22,0,1083333.33
Nov 20 2019,KDA,0,2363588.05,2113588.05,0,250000.00
Nov 15 2019,KDA,0,1785673.47,1785673.47,0,0
Nov 11 2019,KDA,0,1525939.15,1525939.15,0,0
Nov 06 2019,KDA,0,1201271.24,1201271.24,0,0
Nov 01 2019,KDA,0,876603.34,876603.34,0,0
Oct 27 2019,KDA,0,551935.44,551935.44,0,0
Oct 23 2019,KDA,0,292201.11,292201.11,0,0
Oct 18 2019,KDA,0.00,0.00,0,0,0
