Date,Symbol,Available Supply,Unlocked Supply,Community Treasury,Validator Incentives,Migrated from $MATIC
Oct 25 2033,POL,12189944201.26,12189944201.26,1094972100.66,1094972100.60,10000000000.00
Oct 21 2033,POL,12187324820.29,12187324820.29,1093662410.17,1093662410.11,10000000000.00
Oct 17 2033,POL,12184705439.31,12184705439.31,1092352719.69,1092352719.62,10000000000.00
Oct 13 2033,POL,12182086058.33,12182086058.33,1091043029.20,1091043029.14,10000000000.00
Oct 09 2033,POL,12179466677.36,12179466677.36,1089733338.71,1089733338.65,10000000000.00
Oct 05 2033,POL,12176847296.38,12176847296.38,1088423648.22,1088423648.16,10000000000.00
Sep 30 2033,POL,12173573070.17,12173573070.17,1086786535.11,1086786535.05,10000000000.00
Sep 26 2033,POL,12170953689.19,12170953689.19,1085476844.63,1085476844.56,10000000000.00
Sep 22 2033,POL,12168334308.22,12168334308.22,1084167154.14,1084167154.08,10000000000.00
Sep 18 2033,POL,12165714927.24,12165714927.24,1082857463.65,1082857463.59,10000000000.00
Sep 14 2033,POL,12163095546.27,12163095546.27,1081547773.16,1081547773.10,10000000000.00
Sep 10 2033,POL,12160476165.29,12160476165.29,1080238082.68,1080238082.61,10000000000.00
Sep 06 2033,POL,12157856784.32,12157856784.32,1078928392.19,1078928392.13,10000000000.00
Sep 02 2033,POL,12155237403.34,12155237403.34,1077618701.70,1077618701.64,10000000000.00
Aug 29 2033,POL,12152618022.37,12152618022.37,1076309011.22,1076309011.15,10000000000.00
Aug 25 2033,POL,12149998641.39,12149998641.39,1074999320.73,1074999320.66,10000000000.00
Aug 20 2033,POL,12146724415.17,12146724415.17,1073362207.62,1073362207.55,10000000000.00
Aug 16 2033,POL,12144105034.20,12144105034.20,1072052517.13,1072052517.07,10000000000.00
Aug 12 2033,POL,12141485653.22,12141485653.22,1070742826.64,1070742826.58,10000000000.00
Aug 08 2033,POL,12138866272.25,12138866272.25,1069433136.16,1069433136.09,10000000000.00
Aug 04 2033,POL,12136246891.27,12136246891.27,1068123445.67,1068123445.60,10000000000.00
Jul 31 2033,POL,12133627510.30,12133627510.30,1066813755.18,1066813755.12,10000000000.00
Jul 27 2033,POL,12131008129.32,12131008129.32,1065504064.69,1065504064.63,10000000000.00
Jul 23 2033,POL,12128388748.35,12128388748.35,1064194374.21,1064194374.14,10000000000.00
Jul 19 2033,POL,12125769367.37,12125769367.37,1062884683.72,1062884683.65,10000000000.00
Jul 15 2033,POL,12123149986.40,12123149986.40,1061574993.23,1061574993.16,10000000000.00
Jul 10 2033,POL,12119875760.18,12119875760.18,1059937880.12,1059937880.05,10000000000.00
Jul 06 2033,POL,12117256379.20,12117256379.20,1058628189.64,1058628189.57,10000000000.00
Jul 02 2033,POL,12114636998.23,12114636998.23,1057318499.15,1057318499.08,10000000000.00
Jun 28 2033,POL,12112017617.25,12112017617.25,1056008808.66,1056008808.59,10000000000.00
Jun 24 2033,POL,12109398236.28,12109398236.28,1054699118.17,1054699118.10,10000000000.00
Jun 20 2033,POL,12106778855.30,12106778855.30,1053389427.69,1053389427.62,10000000000.00
Jun 16 2033,POL,12104159474.33,12104159474.33,1052079737.20,1052079737.13,10000000000.00
Jun 12 2033,POL,12101540093.35,12101540093.35,1050770046.71,1050770046.64,10000000000.00
Jun 08 2033,POL,12098920712.38,12098920712.38,1049460356.22,1049460356.15,10000000000.00
Jun 04 2033,POL,12096301331.40,12096301331.40,1048150665.74,1048150665.67,10000000000.00
May 30 2033,POL,12093027105.18,12093027105.18,1046513552.63,1046513552.56,10000000000.00
May 26 2033,POL,12090407724.21,12090407724.21,1045203862.14,1045203862.07,10000000000.00
May 22 2033,POL,12087788343.23,12087788343.23,1043894171.65,1043894171.58,10000000000.00
May 18 2033,POL,12085168962.26,12085168962.26,1042584481.17,1042584481.09,10000000000.00
May 14 2033,POL,12082549581.28,12082549581.28,1041274790.68,1041274790.61,10000000000.00
May 10 2033,POL,12079930200.31,12079930200.31,1039965100.19,1039965100.12,10000000000.00
May 06 2033,POL,12077310819.33,12077310819.33,1038655409.70,1038655409.63,10000000000.00
May 02 2033,POL,12074691438.36,12074691438.36,1037345719.22,1037345719.14,10000000000.00
Apr 28 2033,POL,12072072057.38,12072072057.38,1036036028.73,1036036028.65,10000000000.00
Apr 24 2033,POL,12069452676.41,12069452676.41,1034726338.24,1034726338.17,10000000000.00
Apr 19 2033,POL,12066178450.19,12066178450.19,1033089225.13,1033089225.06,10000000000.00
Apr 15 2033,POL,12063559069.22,12063559069.22,1031779534.65,1031779534.57,10000000000.00
Apr 11 2033,POL,12060939688.24,12060939688.24,1030469844.16,1030469844.08,10000000000.00
Apr 07 2033,POL,12058320307.27,12058320307.27,1029160153.67,1029160153.59,10000000000.00
Apr 03 2033,POL,12055700926.29,12055700926.29,1027850463.18,1027850463.11,10000000000.00
Mar 30 2033,POL,12053081545.32,12053081545.32,1026540772.70,1026540772.62,10000000000.00
Mar 26 2033,POL,12050462164.34,12050462164.34,1025231082.21,1025231082.13,10000000000.00
Mar 22 2033,POL,12047842783.37,12047842783.37,1023921391.72,1023921391.64,10000000000.00
Mar 18 2033,POL,12045223402.39,12045223402.39,1022611701.23,1022611701.16,10000000000.00
Mar 14 2033,POL,12042604021.42,12042604021.42,1021302010.75,1021302010.67,10000000000.00
Mar 09 2033,POL,12039329795.20,12039329795.20,1019664897.64,1019664897.56,10000000000.00
Mar 05 2033,POL,12036710414.22,12036710414.22,1018355207.15,1018355207.07,10000000000.00
Mar 01 2033,POL,12034091033.25,12034091033.25,1017045516.66,1017045516.58,10000000000.00
Feb 25 2033,POL,12031471652.27,12031471652.27,1015735826.18,1015735826.10,10000000000.00
Feb 21 2033,POL,12028852271.30,12028852271.30,1014426135.69,1014426135.61,10000000000.00
Feb 17 2033,POL,12026232890.32,12026232890.32,1013116445.20,1013116445.12,10000000000.00
Feb 13 2033,POL,12023613509.35,12023613509.35,1011806754.71,1011806754.63,10000000000.00
Feb 09 2033,POL,12020994128.37,12020994128.37,1010497064.23,1010497064.15,10000000000.00
Feb 05 2033,POL,12018374747.40,12018374747.40,1009187373.74,1009187373.66,10000000000.00
Feb 01 2033,POL,12015755366.42,12015755366.42,1007877683.25,1007877683.17,10000000000.00
Jan 27 2033,POL,12012481140.20,12012481140.20,1006240570.14,1006240570.06,10000000000.00
Jan 23 2033,POL,12009861759.23,12009861759.23,1004930879.66,1004930879.57,10000000000.00
Jan 19 2033,POL,12007242378.25,12007242378.25,1003621189.17,1003621189.08,10000000000.00
Jan 15 2033,POL,12004622997.28,12004622997.28,1002311498.68,1002311498.60,10000000000.00
Jan 11 2033,POL,12002003616.30,12002003616.30,1001001808.19,1001001808.11,10000000000.00
Jan 07 2033,POL,11999384235.33,11999384235.33,999692117.71,999692117.62,10000000000.00
Jan 03 2033,POL,11996764854.35,11996764854.35,998382427.22,998382427.13,10000000000.00
Dec 30 2032,POL,11994145473.38,11994145473.38,997072736.73,997072736.65,10000000000.00
Dec 26 2032,POL,11991526092.40,11991526092.40,995763046.24,995763046.16,10000000000.00
Dec 22 2032,POL,11988906711.43,11988906711.43,994453355.76,994453355.67,10000000000.00
Dec 17 2032,POL,11985632485.21,11985632485.21,992816242.65,992816242.56,10000000000.00
Dec 13 2032,POL,11983013104.23,11983013104.23,991506552.16,991506552.07,10000000000.00
Dec 09 2032,POL,11980393723.26,11980393723.26,990196861.67,990196861.59,10000000000.00
Dec 05 2032,POL,11977774342.28,11977774342.28,988887171.19,988887171.10,10000000000.00
Dec 01 2032,POL,11975154961.31,11975154961.31,987577480.70,987577480.61,10000000000.00
Nov 27 2032,POL,11972535580.33,11972535580.33,986267790.21,986267790.12,10000000000.00
Nov 23 2032,POL,11969916199.36,11969916199.36,984958099.72,984958099.64,10000000000.00
Nov 19 2032,POL,11967296818.38,11967296818.38,983648409.24,983648409.15,10000000000.00
Nov 15 2032,POL,11964677437.41,11964677437.41,982338718.75,982338718.66,10000000000.00
Nov 11 2032,POL,11962058056.43,11962058056.43,981029028.26,981029028.17,10000000000.00
Nov 06 2032,POL,11958783830.22,11958783830.22,979391915.15,979391915.06,10000000000.00
Nov 02 2032,POL,11956164449.24,11956164449.24,978082224.66,978082224.58,10000000000.00
Oct 29 2032,POL,11953545068.27,11953545068.27,976772534.18,976772534.09,10000000000.00
Oct 25 2032,POL,11950925687.29,11950925687.29,975462843.69,975462843.60,10000000000.00
Oct 21 2032,POL,11948364683.18,11948364683.18,974182341.63,974182341.54,10000000000.00
Oct 17 2032,POL,11945803679.07,11945803679.07,972901839.58,972901839.49,10000000000.00
Oct 13 2032,POL,11943242674.96,11943242674.96,971621337.52,971621337.43,10000000000.00
Oct 09 2032,POL,11940681670.84,11940681670.84,970340835.47,970340835.38,10000000000.00
Oct 05 2032,POL,11938120666.73,11938120666.73,969060333.41,969060333.32,10000000000.00
Oct 01 2032,POL,11935559662.62,11935559662.62,967779831.35,967779831.27,10000000000.00
Sep 26 2032,POL,11932358407.48,11932358407.48,966179203.79,966179203.70,10000000000.00
Sep 22 2032,POL,11929797403.37,11929797403.37,964898701.73,964898701.64,10000000000.00
Sep 18 2032,POL,11927236399.26,11927236399.26,963618199.67,963618199.58,10000000000.00
Sep 14 2032,POL,11924675395.15,11924675395.15,962337697.62,962337697.53,10000000000.00
Sep 10 2032,POL,11922114391.03,11922114391.03,961057195.56,961057195.47,10000000000.00
Sep 06 2032,POL,11919553386.92,11919553386.92,959776693.51,959776693.42,10000000000.00
Sep 02 2032,POL,11916992382.81,11916992382.81,958496191.45,958496191.36,10000000000.00
Aug 29 2032,POL,11914431378.70,11914431378.70,957215689.39,957215689.31,10000000000.00
Aug 25 2032,POL,11911870374.59,11911870374.59,955935187.34,955935187.25,10000000000.00
Aug 21 2032,POL,11909309370.48,11909309370.48,954654685.28,954654685.19,10000000000.00
Aug 16 2032,POL,11906108115.34,11906108115.34,953054057.71,953054057.62,10000000000.00
Aug 12 2032,POL,11903547111.23,11903547111.23,951773555.66,951773555.57,10000000000.00
Aug 08 2032,POL,11900986107.11,11900986107.11,950493053.60,950493053.51,10000000000.00
Aug 04 2032,POL,11898425103.00,11898425103.00,949212551.55,949212551.46,10000000000.00
Jul 31 2032,POL,11895864098.89,11895864098.89,947932049.49,947932049.40,10000000000.00
Jul 27 2032,POL,11893303094.78,11893303094.78,946651547.43,946651547.35,10000000000.00
Jul 23 2032,POL,11890742090.67,11890742090.67,945371045.38,945371045.29,10000000000.00
Jul 19 2032,POL,11888181086.56,11888181086.56,944090543.32,944090543.23,10000000000.00
Jul 15 2032,POL,11885620082.44,11885620082.44,942810041.27,942810041.18,10000000000.00
Jul 11 2032,POL,11883059078.33,11883059078.33,941529539.21,941529539.12,10000000000.00
Jul 06 2032,POL,11879857823.19,11879857823.19,939928911.64,939928911.55,10000000000.00
Jul 02 2032,POL,11877296819.08,11877296819.08,938648409.58,938648409.50,10000000000.00
Jun 28 2032,POL,11874735814.97,11874735814.97,937367907.53,937367907.44,10000000000.00
Jun 24 2032,POL,11872174810.86,11872174810.86,936087405.47,936087405.39,10000000000.00
Jun 20 2032,POL,11869613806.75,11869613806.75,934806903.42,934806903.33,10000000000.00
Jun 16 2032,POL,11867052802.64,11867052802.64,933526401.36,933526401.27,10000000000.00
Jun 12 2032,POL,11864491798.52,11864491798.52,932245899.31,932245899.22,10000000000.00
Jun 08 2032,POL,11861930794.41,11861930794.41,930965397.25,930965397.16,10000000000.00
Jun 04 2032,POL,11859369790.30,11859369790.30,929684895.19,929684895.11,10000000000.00
May 31 2032,POL,11856808786.19,11856808786.19,928404393.14,928404393.05,10000000000.00
May 26 2032,POL,11853607531.05,11853607531.05,926803765.57,926803765.48,10000000000.00
May 22 2032,POL,11851046526.94,11851046526.94,925523263.51,925523263.43,10000000000.00
May 18 2032,POL,11848485522.83,11848485522.83,924242761.46,924242761.37,10000000000.00
May 14 2032,POL,11845924518.72,11845924518.72,922962259.40,922962259.31,10000000000.00
May 10 2032,POL,11843363514.60,11843363514.60,921681757.34,921681757.26,10000000000.00
May 06 2032,POL,11840802510.49,11840802510.49,920401255.29,920401255.20,10000000000.00
May 02 2032,POL,11838241506.38,11838241506.38,919120753.23,919120753.15,10000000000.00
Apr 28 2032,POL,11835680502.27,11835680502.27,917840251.18,917840251.09,10000000000.00
Apr 24 2032,POL,11833119498.16,11833119498.16,916559749.12,916559749.04,10000000000.00
Apr 20 2032,POL,11830558494.05,11830558494.05,915279247.07,915279246.98,10000000000.00
Apr 15 2032,POL,11827357238.91,11827357238.91,913678619.50,913678619.41,10000000000.00
Apr 11 2032,POL,11824796234.79,11824796234.79,912398117.44,912398117.35,10000000000.00
Apr 07 2032,POL,11822235230.68,11822235230.68,911117615.38,911117615.30,10000000000.00
Apr 03 2032,POL,11819674226.57,11819674226.57,909837113.33,909837113.24,10000000000.00
Mar 30 2032,POL,11817113222.46,11817113222.46,908556611.27,908556611.19,10000000000.00
Mar 26 2032,POL,11814552218.35,11814552218.35,907276109.22,907276109.13,10000000000.00
Mar 22 2032,POL,11811991214.24,11811991214.24,905995607.16,905995607.08,10000000000.00
Mar 18 2032,POL,11809430210.12,11809430210.12,904715105.10,904715105.02,10000000000.00
Mar 14 2032,POL,11806869206.01,11806869206.01,903434603.05,903434602.96,10000000000.00
Mar 10 2032,POL,11804308201.90,11804308201.90,902154100.99,902154100.91,10000000000.00
Mar 05 2032,POL,11801106946.76,11801106946.76,900553473.42,900553473.34,10000000000.00
Mar 01 2032,POL,11798545942.65,11798545942.65,899272971.37,899272971.28,10000000000.00
Feb 26 2032,POL,11795984938.54,11795984938.54,897992469.31,897992469.23,10000000000.00
Feb 22 2032,POL,11793423934.43,11793423934.43,896711967.26,896711967.17,10000000000.00
Feb 18 2032,POL,11790862930.32,11790862930.32,895431465.20,895431465.12,10000000000.00
Feb 14 2032,POL,11788301926.20,11788301926.20,894150963.14,894150963.06,10000000000.00
Feb 10 2032,POL,11785740922.09,11785740922.09,892870461.09,892870461.00,10000000000.00
Feb 06 2032,POL,11783179917.98,11783179917.98,891589959.03,891589958.95,10000000000.00
Feb 02 2032,POL,11780618913.87,11780618913.87,890309456.98,890309456.89,10000000000.00
Jan 29 2032,POL,11778057909.76,11778057909.76,889028954.92,889028954.84,10000000000.00
Jan 24 2032,POL,11774856654.62,11774856654.62,887428327.35,887428327.27,10000000000.00
Jan 20 2032,POL,11772295650.51,11772295650.51,886147825.29,886147825.21,10000000000.00
Jan 16 2032,POL,11769734646.40,11769734646.40,884867323.24,884867323.16,10000000000.00
Jan 12 2032,POL,11767173642.28,11767173642.28,883586821.18,883586821.10,10000000000.00
Jan 08 2032,POL,11764612638.17,11764612638.17,882306319.13,882306319.05,10000000000.00
Jan 04 2032,POL,11762051634.06,11762051634.06,881025817.07,881025816.99,10000000000.00
Dec 31 2031,POL,11759490629.95,11759490629.95,879745315.02,879745314.93,10000000000.00
Dec 27 2031,POL,11756929625.84,11756929625.84,878464812.96,878464812.88,10000000000.00
Dec 23 2031,POL,11754368621.73,11754368621.73,877184310.90,877184310.82,10000000000.00
Dec 19 2031,POL,11751807617.61,11751807617.61,875903808.85,875903808.77,10000000000.00
Dec 14 2031,POL,11748606362.47,11748606362.47,874303181.28,874303181.20,10000000000.00
Dec 10 2031,POL,11746045358.36,11746045358.36,873022679.22,873022679.14,10000000000.00
Dec 06 2031,POL,11743484354.25,11743484354.25,871742177.17,871742177.09,10000000000.00
Dec 02 2031,POL,11740923350.14,11740923350.14,870461675.11,870461675.03,10000000000.00
Nov 28 2031,POL,11738362346.03,11738362346.03,869181173.05,869181172.97,10000000000.00
Nov 24 2031,POL,11735801341.92,11735801341.92,867900671.00,867900670.92,10000000000.00
Nov 20 2031,POL,11733240337.81,11733240337.81,866620168.94,866620168.86,10000000000.00
Nov 16 2031,POL,11730679333.69,11730679333.69,865339666.89,865339666.81,10000000000.00
Nov 12 2031,POL,11728118329.58,11728118329.58,864059164.83,864059164.75,10000000000.00
Nov 08 2031,POL,11725557325.47,11725557325.47,862778662.78,862778662.70,10000000000.00
Nov 03 2031,POL,11722356070.33,11722356070.33,861178035.21,861178035.13,10000000000.00
Oct 30 2031,POL,11719795066.22,11719795066.22,859897533.15,859897533.07,10000000000.00
Oct 26 2031,POL,11717234062.11,11717234062.11,858617031.09,858617031.01,10000000000.00
Oct 22 2031,POL,11714705560.66,11714705560.66,857352780.37,857352780.29,10000000000.00
Oct 18 2031,POL,11712187893.44,11712187893.44,856093946.76,856093946.68,10000000000.00
Oct 14 2031,POL,11709670226.22,11709670226.22,854835113.15,854835113.07,10000000000.00
Oct 10 2031,POL,11707152559.00,11707152559.00,853576279.54,853576279.46,10000000000.00
Oct 06 2031,POL,11704634891.78,11704634891.78,852317445.93,852317445.85,10000000000.00
Oct 02 2031,POL,11702117224.55,11702117224.55,851058612.32,851058612.24,10000000000.00
Sep 28 2031,POL,11699599557.33,11699599557.33,849799778.71,849799778.63,10000000000.00
Sep 23 2031,POL,11696452473.30,11696452473.30,848226236.69,848226236.61,10000000000.00
Sep 19 2031,POL,11693934806.08,11693934806.08,846967403.08,846967403.00,10000000000.00
Sep 15 2031,POL,11691417138.86,11691417138.86,845708569.47,845708569.39,10000000000.00
Sep 11 2031,POL,11688899471.64,11688899471.64,844449735.86,844449735.78,10000000000.00
Sep 07 2031,POL,11686381804.42,11686381804.42,843190902.25,843190902.17,10000000000.00
Sep 03 2031,POL,11683864137.19,11683864137.19,841932068.64,841932068.56,10000000000.00
Aug 30 2031,POL,11681346469.97,11681346469.97,840673235.03,840673234.95,10000000000.00
Aug 26 2031,POL,11678828802.75,11678828802.75,839414401.41,839414401.34,10000000000.00
Aug 22 2031,POL,11676311135.53,11676311135.53,838155567.80,838155567.72,10000000000.00
Aug 18 2031,POL,11673793468.31,11673793468.31,836896734.19,836896734.11,10000000000.00
Aug 13 2031,POL,11670646384.28,11670646384.28,835323192.18,835323192.10,10000000000.00
Aug 09 2031,POL,11668128717.06,11668128717.06,834064358.57,834064358.49,10000000000.00
Aug 05 2031,POL,11665611049.83,11665611049.83,832805524.96,832805524.88,10000000000.00
Aug 01 2031,POL,11663093382.61,11663093382.61,831546691.34,831546691.27,10000000000.00
Jul 28 2031,POL,11660575715.39,11660575715.39,830287857.73,830287857.66,10000000000.00
Jul 24 2031,POL,11658058048.17,11658058048.17,829029024.12,829029024.05,10000000000.00
Jul 20 2031,POL,11655540380.95,11655540380.95,827770190.51,827770190.43,10000000000.00
Jul 16 2031,POL,11653022713.72,11653022713.72,826511356.90,826511356.82,10000000000.00
Jul 12 2031,POL,11650505046.50,11650505046.50,825252523.29,825252523.21,10000000000.00
Jul 08 2031,POL,11647987379.28,11647987379.28,823993689.68,823993689.60,10000000000.00
Jul 03 2031,POL,11644840295.25,11644840295.25,822420147.66,822420147.59,10000000000.00
Jun 29 2031,POL,11642322628.03,11642322628.03,821161314.05,821161313.98,10000000000.00
Jun 25 2031,POL,11639804960.81,11639804960.81,819902480.44,819902480.37,10000000000.00
Jun 21 2031,POL,11637287293.59,11637287293.59,818643646.83,818643646.75,10000000000.00
Jun 17 2031,POL,11634769626.36,11634769626.36,817384813.22,817384813.14,10000000000.00
Jun 13 2031,POL,11632251959.14,11632251959.14,816125979.61,816125979.53,10000000000.00
Jun 09 2031,POL,11629734291.92,11629734291.92,814867146.00,814867145.92,10000000000.00
Jun 05 2031,POL,11627216624.70,11627216624.70,813608312.39,813608312.31,10000000000.00
Jun 01 2031,POL,11624698957.48,11624698957.48,812349478.78,812349478.70,10000000000.00
May 28 2031,POL,11622181290.25,11622181290.25,811090645.16,811090645.09,10000000000.00
May 23 2031,POL,11619034206.23,11619034206.23,809517103.15,809517103.08,10000000000.00
May 19 2031,POL,11616516539.00,11616516539.00,808258269.54,808258269.46,10000000000.00
May 15 2031,POL,11613998871.78,11613998871.78,806999435.93,806999435.85,10000000000.00
May 11 2031,POL,11611481204.56,11611481204.56,805740602.32,805740602.24,10000000000.00
May 07 2031,POL,11608963537.34,11608963537.34,804481768.71,804481768.63,10000000000.00
May 03 2031,POL,11606445870.12,11606445870.12,803222935.10,803222935.02,10000000000.00
Apr 29 2031,POL,11603928202.89,11603928202.89,801964101.48,801964101.41,10000000000.00
Apr 25 2031,POL,11601410535.67,11601410535.67,800705267.87,800705267.80,10000000000.00
Apr 21 2031,POL,11598892868.45,11598892868.45,799446434.26,799446434.19,10000000000.00
Apr 17 2031,POL,11596375201.23,11596375201.23,798187600.65,798187600.58,10000000000.00
Apr 12 2031,POL,11593228117.20,11593228117.20,796614058.64,796614058.56,10000000000.00
Apr 08 2031,POL,11590710449.98,11590710449.98,795355225.03,795355224.95,10000000000.00
Apr 04 2031,POL,11588192782.76,11588192782.76,794096391.42,794096391.34,10000000000.00
Mar 31 2031,POL,11585675115.53,11585675115.53,792837557.80,792837557.73,10000000000.00
Mar 27 2031,POL,11583157448.31,11583157448.31,791578724.19,791578724.12,10000000000.00
Mar 23 2031,POL,11580639781.09,11580639781.09,790319890.58,790319890.51,10000000000.00
Mar 19 2031,POL,11578122113.87,11578122113.87,789061056.97,789061056.90,10000000000.00
Mar 15 2031,POL,11575604446.65,11575604446.65,787802223.36,787802223.29,10000000000.00
Mar 11 2031,POL,11573086779.42,11573086779.42,786543389.75,786543389.68,10000000000.00
Mar 07 2031,POL,11570569112.20,11570569112.20,785284556.14,785284556.06,10000000000.00
Mar 02 2031,POL,11567422028.17,11567422028.17,783711014.12,783711014.05,10000000000.00
Feb 26 2031,POL,11564904360.95,11564904360.95,782452180.51,782452180.44,10000000000.00
Feb 22 2031,POL,11562386693.73,11562386693.73,781193346.90,781193346.83,10000000000.00
Feb 18 2031,POL,11559869026.51,11559869026.51,779934513.29,779934513.22,10000000000.00
Feb 14 2031,POL,11557351359.29,11557351359.29,778675679.68,778675679.61,10000000000.00
Feb 10 2031,POL,11554833692.06,11554833692.06,777416846.07,777416846.00,10000000000.00
Feb 06 2031,POL,11552316024.84,11552316024.84,776158012.46,776158012.38,10000000000.00
Feb 02 2031,POL,11549798357.62,11549798357.62,774899178.85,774899178.77,10000000000.00
Jan 29 2031,POL,11547280690.40,11547280690.40,773640345.24,773640345.16,10000000000.00
Jan 25 2031,POL,11544763023.18,11544763023.18,772381511.62,772381511.55,10000000000.00
Jan 20 2031,POL,11541615939.15,11541615939.15,770807969.61,770807969.54,10000000000.00
Jan 16 2031,POL,11539098271.93,11539098271.93,769549136.00,769549135.93,10000000000.00
Jan 12 2031,POL,11536580604.71,11536580604.71,768290302.39,768290302.32,10000000000.00
Jan 08 2031,POL,11534062937.48,11534062937.48,767031468.78,767031468.71,10000000000.00
Jan 04 2031,POL,11531545270.26,11531545270.26,765772635.17,765772635.09,10000000000.00
Dec 31 2030,POL,11529027603.04,11529027603.04,764513801.56,764513801.48,10000000000.00
Dec 27 2030,POL,11526509935.82,11526509935.82,763254967.94,763254967.87,10000000000.00
Dec 23 2030,POL,11523992268.59,11523992268.59,761996134.33,761996134.26,10000000000.00
Dec 19 2030,POL,11521474601.37,11521474601.37,760737300.72,760737300.65,10000000000.00
Dec 15 2030,POL,11518956934.15,11518956934.15,759478467.11,759478467.04,10000000000.00
Dec 10 2030,POL,11515809850.12,11515809850.12,757904925.10,757904925.03,10000000000.00
Dec 06 2030,POL,11513292182.90,11513292182.90,756646091.49,756646091.42,10000000000.00
Dec 02 2030,POL,11510774515.68,11510774515.68,755387257.88,755387257.80,10000000000.00
Nov 28 2030,POL,11508256848.46,11508256848.46,754128424.26,754128424.19,10000000000.00
Nov 24 2030,POL,11505739181.24,11505739181.24,752869590.65,752869590.58,10000000000.00
Nov 20 2030,POL,11503221514.01,11503221514.01,751610757.04,751610756.97,10000000000.00
Nov 16 2030,POL,11500703846.79,11500703846.79,750351923.43,750351923.36,10000000000.00
Nov 12 2030,POL,11498186179.57,11498186179.57,749093089.82,749093089.75,10000000000.00
Nov 08 2030,POL,11495668512.35,11495668512.35,747834256.21,747834256.14,10000000000.00
Nov 04 2030,POL,11493150845.13,11493150845.13,746575422.60,746575422.53,10000000000.00
Oct 30 2030,POL,11490003761.10,11490003761.10,745001880.58,745001880.51,10000000000.00
Oct 26 2030,POL,11487486093.88,11487486093.88,743743046.97,743743046.90,10000000000.00
Oct 22 2030,POL,11485005451.17,11485005451.17,742502725.62,742502725.55,10000000000.00
Oct 18 2030,POL,11482537149.97,11482537149.97,741268575.02,741268574.95,10000000000.00
Oct 14 2030,POL,11480068848.77,11480068848.77,740034424.42,740034424.35,10000000000.00
Oct 10 2030,POL,11477600547.57,11477600547.57,738800273.82,738800273.75,10000000000.00
Oct 06 2030,POL,11475132246.37,11475132246.37,737566123.22,737566123.15,10000000000.00
Oct 02 2030,POL,11472663945.17,11472663945.17,736331972.62,736331972.55,10000000000.00
Sep 28 2030,POL,11470195643.97,11470195643.97,735097822.02,735097821.95,10000000000.00
Sep 24 2030,POL,11467727342.77,11467727342.77,733863671.42,733863671.35,10000000000.00
Sep 19 2030,POL,11464641966.27,11464641966.27,732320983.17,732320983.10,10000000000.00
Sep 15 2030,POL,11462173665.08,11462173665.08,731086832.57,731086832.51,10000000000.00
Sep 11 2030,POL,11459705363.88,11459705363.88,729852681.97,729852681.91,10000000000.00
Sep 07 2030,POL,11457237062.68,11457237062.68,728618531.37,728618531.31,10000000000.00
Sep 03 2030,POL,11454768761.48,11454768761.48,727384380.77,727384380.71,10000000000.00
Aug 30 2030,POL,11452300460.28,11452300460.28,726150230.17,726150230.11,10000000000.00
Aug 26 2030,POL,11449832159.08,11449832159.08,724916079.57,724916079.51,10000000000.00
Aug 22 2030,POL,11447363857.88,11447363857.88,723681928.97,723681928.91,10000000000.00
Aug 18 2030,POL,11444895556.68,11444895556.68,722447778.37,722447778.31,10000000000.00
Aug 14 2030,POL,11442427255.48,11442427255.48,721213627.77,721213627.71,10000000000.00
Aug 09 2030,POL,11439341878.98,11439341878.98,719670939.52,719670939.46,10000000000.00
Aug 05 2030,POL,11436873577.78,11436873577.78,718436788.92,718436788.86,10000000000.00
Aug 01 2030,POL,11434405276.58,11434405276.58,717202638.32,717202638.26,10000000000.00
Jul 28 2030,POL,11431936975.38,11431936975.38,715968487.72,715968487.66,10000000000.00
Jul 24 2030,POL,11429468674.18,11429468674.18,714734337.12,714734337.06,10000000000.00
Jul 20 2030,POL,11427000372.98,11427000372.98,713500186.52,713500186.46,10000000000.00
Jul 16 2030,POL,11424532071.78,11424532071.78,712266035.92,712266035.86,10000000000.00
Jul 12 2030,POL,11422063770.58,11422063770.58,711031885.32,711031885.26,10000000000.00
Jul 08 2030,POL,11419595469.38,11419595469.38,709797734.72,709797734.66,10000000000.00
Jul 04 2030,POL,11417127168.19,11417127168.19,708563584.12,708563584.07,10000000000.00
Jun 29 2030,POL,11414041791.69,11414041791.69,707020895.87,707020895.82,10000000000.00
Jun 25 2030,POL,11411573490.49,11411573490.49,705786745.27,705786745.22,10000000000.00
Jun 21 2030,POL,11409105189.29,11409105189.29,704552594.67,704552594.62,10000000000.00
Jun 17 2030,POL,11406636888.09,11406636888.09,703318444.07,703318444.02,10000000000.00
Jun 13 2030,POL,11404168586.89,11404168586.89,702084293.47,702084293.42,10000000000.00
Jun 09 2030,POL,11401700285.69,11401700285.69,700850142.87,700850142.82,10000000000.00
Jun 05 2030,POL,11399231984.49,11399231984.49,699615992.27,699615992.22,10000000000.00
Jun 01 2030,POL,11396763683.29,11396763683.29,698381841.67,698381841.62,10000000000.00
May 28 2030,POL,11394295382.09,11394295382.09,697147691.07,697147691.02,10000000000.00
May 24 2030,POL,11391827080.89,11391827080.89,695913540.47,695913540.42,10000000000.00
May 19 2030,POL,11388741704.39,11388741704.39,694370852.22,694370852.17,10000000000.00
May 15 2030,POL,11386273403.19,11386273403.19,693136701.62,693136701.57,10000000000.00
May 11 2030,POL,11383805101.99,11383805101.99,691902551.02,691902550.97,10000000000.00
May 07 2030,POL,11381336800.79,11381336800.79,690668400.42,690668400.37,10000000000.00
May 03 2030,POL,11378868499.59,11378868499.59,689434249.82,689434249.77,10000000000.00
Apr 29 2030,POL,11376400198.39,11376400198.39,688200099.22,688200099.17,10000000000.00
Apr 25 2030,POL,11373931897.20,11373931897.20,686965948.62,686965948.58,10000000000.00
Apr 21 2030,POL,11371463596.00,11371463596.00,685731798.02,685731797.98,10000000000.00
Apr 17 2030,POL,11368995294.80,11368995294.80,684497647.42,684497647.38,10000000000.00
Apr 13 2030,POL,11366526993.60,11366526993.60,683263496.82,683263496.78,10000000000.00
Apr 08 2030,POL,11363441617.10,11363441617.10,681720808.57,681720808.53,10000000000.00
Apr 04 2030,POL,11360973315.90,11360973315.90,680486657.97,680486657.93,10000000000.00
Mar 31 2030,POL,11358505014.70,11358505014.70,679252507.37,679252507.33,10000000000.00
Mar 27 2030,POL,11356036713.50,11356036713.50,678018356.77,678018356.73,10000000000.00
Mar 23 2030,POL,11353568412.30,11353568412.30,676784206.17,676784206.13,10000000000.00
Mar 19 2030,POL,11351100111.10,11351100111.10,675550055.57,675550055.53,10000000000.00
Mar 15 2030,POL,11348631809.90,11348631809.90,674315904.97,674315904.93,10000000000.00
Mar 11 2030,POL,11346163508.70,11346163508.70,673081754.37,673081754.33,10000000000.00
Mar 07 2030,POL,11343695207.50,11343695207.50,671847603.77,671847603.73,10000000000.00
Mar 03 2030,POL,11341226906.30,11341226906.30,670613453.17,670613453.13,10000000000.00
Feb 26 2030,POL,11338141529.80,11338141529.80,669070764.92,669070764.88,10000000000.00
Feb 22 2030,POL,11335673228.60,11335673228.60,667836614.32,667836614.28,10000000000.00
Feb 18 2030,POL,11333204927.40,11333204927.40,666602463.72,666602463.68,10000000000.00
Feb 14 2030,POL,11330736626.20,11330736626.20,665368313.12,665368313.08,10000000000.00
Feb 10 2030,POL,11328268325.01,11328268325.01,664134162.52,664134162.49,10000000000.00
Feb 06 2030,POL,11325800023.81,11325800023.81,662900011.92,662900011.89,10000000000.00
Feb 02 2030,POL,11323331722.61,11323331722.61,661665861.32,661665861.29,10000000000.00
Jan 29 2030,POL,11320863421.41,11320863421.41,660431710.72,660431710.69,10000000000.00
Jan 25 2030,POL,11318395120.21,11318395120.21,659197560.12,659197560.09,10000000000.00
Jan 21 2030,POL,11315926819.01,11315926819.01,657963409.52,657963409.49,10000000000.00
Jan 16 2030,POL,11312841442.51,11312841442.51,656420721.27,656420721.24,10000000000.00
Jan 12 2030,POL,11310373141.31,11310373141.31,655186570.67,655186570.64,10000000000.00
Jan 08 2030,POL,11307904840.11,11307904840.11,653952420.07,653952420.04,10000000000.00
Jan 04 2030,POL,11305436538.91,11305436538.91,652718269.47,652718269.44,10000000000.00
Dec 31 2029,POL,11302968237.71,11302968237.71,651484118.87,651484118.84,10000000000.00
Dec 27 2029,POL,11300499936.51,11300499936.51,650249968.27,650249968.24,10000000000.00
Dec 23 2029,POL,11298031635.31,11298031635.31,649015817.67,649015817.64,10000000000.00
Dec 19 2029,POL,11295563334.11,11295563334.11,647781667.07,647781667.04,10000000000.00
Dec 15 2029,POL,11293095032.91,11293095032.91,646547516.47,646547516.44,10000000000.00
Dec 11 2029,POL,11290626731.71,11290626731.71,645313365.87,645313365.84,10000000000.00
Dec 06 2029,POL,11287541355.21,11287541355.21,643770677.62,643770677.59,10000000000.00
Dec 02 2029,POL,11285073054.01,11285073054.01,642536527.02,642536526.99,10000000000.00
Nov 28 2029,POL,11282604752.82,11282604752.82,641302376.42,641302376.40,10000000000.00
Nov 24 2029,POL,11280136451.62,11280136451.62,640068225.82,640068225.80,10000000000.00
Nov 20 2029,POL,11277668150.42,11277668150.42,638834075.22,638834075.20,10000000000.00
Nov 16 2029,POL,11275199849.22,11275199849.22,637599924.62,637599924.60,10000000000.00
Nov 12 2029,POL,11272731548.02,11272731548.02,636365774.02,636365774.00,10000000000.00
Nov 08 2029,POL,11270263246.82,11270263246.82,635131623.42,635131623.40,10000000000.00
Nov 04 2029,POL,11267794945.62,11267794945.62,633897472.82,633897472.80,10000000000.00
Oct 31 2029,POL,11265326644.42,11265326644.42,632663322.22,632663322.20,10000000000.00
Oct 26 2029,POL,11262241267.92,11262241267.92,631120633.97,631120633.95,10000000000.00
Oct 22 2029,POL,11259809265.27,11259809265.27,629904632.65,629904632.63,10000000000.00
Oct 18 2029,POL,11257389362.14,11257389362.14,628694681.08,628694681.06,10000000000.00
Oct 14 2029,POL,11254969459.01,11254969459.01,627484729.52,627484729.50,10000000000.00
Oct 10 2029,POL,11252549555.88,11252549555.88,626274777.95,626274777.93,10000000000.00
Oct 06 2029,POL,11250129652.75,11250129652.75,625064826.39,625064826.37,10000000000.00
Oct 02 2029,POL,11247709749.62,11247709749.62,623854874.82,623854874.80,10000000000.00
Sep 28 2029,POL,11245289846.49,11245289846.49,622644923.26,622644923.24,10000000000.00
Sep 24 2029,POL,11242869943.36,11242869943.36,621434971.69,621434971.67,10000000000.00
Sep 20 2029,POL,11240450040.23,11240450040.23,620225020.12,620225020.11,10000000000.00
Sep 15 2029,POL,11237425161.32,11237425161.32,618712580.67,618712580.65,10000000000.00
Sep 11 2029,POL,11235005258.19,11235005258.19,617502629.10,617502629.09,10000000000.00
Sep 07 2029,POL,11232585355.06,11232585355.06,616292677.54,616292677.52,10000000000.00
Sep 03 2029,POL,11230165451.93,11230165451.93,615082725.97,615082725.96,10000000000.00
Aug 30 2029,POL,11227745548.80,11227745548.80,613872774.41,613872774.39,10000000000.00
Aug 26 2029,POL,11225325645.67,11225325645.67,612662822.84,612662822.83,10000000000.00
Aug 22 2029,POL,11222905742.54,11222905742.54,611452871.28,611452871.26,10000000000.00
Aug 18 2029,POL,11220485839.41,11220485839.41,610242919.71,610242919.70,10000000000.00
Aug 14 2029,POL,11218065936.28,11218065936.28,609032968.15,609032968.13,10000000000.00
Aug 10 2029,POL,11215646033.15,11215646033.15,607823016.58,607823016.57,10000000000.00
Aug 05 2029,POL,11212621154.24,11212621154.24,606310577.13,606310577.11,10000000000.00
Aug 01 2029,POL,11210201251.11,11210201251.11,605100625.56,605100625.55,10000000000.00
Jul 28 2029,POL,11207781347.98,11207781347.98,603890674.00,603890673.98,10000000000.00
Jul 24 2029,POL,11205361444.85,11205361444.85,602680722.43,602680722.42,10000000000.00
Jul 20 2029,POL,11202941541.72,11202941541.72,601470770.87,601470770.85,10000000000.00
Jul 16 2029,POL,11200521638.59,11200521638.59,600260819.30,600260819.29,10000000000.00
Jul 12 2029,POL,11198101735.46,11198101735.46,599050867.73,599050867.72,10000000000.00
Jul 08 2029,POL,11195681832.33,11195681832.33,597840916.17,597840916.16,10000000000.00
Jul 04 2029,POL,11193261929.20,11193261929.20,596630964.60,596630964.59,10000000000.00
Jun 30 2029,POL,11190842026.07,11190842026.07,595421013.04,595421013.03,10000000000.00
Jun 25 2029,POL,11187817147.15,11187817147.15,593908573.58,593908573.57,10000000000.00
Jun 21 2029,POL,11185397244.02,11185397244.02,592698622.02,592698622.00,10000000000.00
Jun 17 2029,POL,11182977340.89,11182977340.89,591488670.45,591488670.44,10000000000.00
Jun 13 2029,POL,11180557437.76,11180557437.76,590278718.89,590278718.87,10000000000.00
Jun 09 2029,POL,11178137534.63,11178137534.63,589068767.32,589068767.31,10000000000.00
Jun 05 2029,POL,11175717631.50,11175717631.50,587858815.76,587858815.74,10000000000.00
Jun 01 2029,POL,11173297728.37,11173297728.37,586648864.19,586648864.18,10000000000.00
May 28 2029,POL,11170877825.24,11170877825.24,585438912.63,585438912.62,10000000000.00
May 24 2029,POL,11168457922.11,11168457922.11,584228961.06,584228961.05,10000000000.00
May 20 2029,POL,11166038018.98,11166038018.98,583019009.50,583019009.49,10000000000.00
May 15 2029,POL,11163013140.07,11163013140.07,581506570.04,581506570.03,10000000000.00
May 11 2029,POL,11160593236.94,11160593236.94,580296618.47,580296618.46,10000000000.00
May 07 2029,POL,11158173333.81,11158173333.81,579086666.91,579086666.90,10000000000.00
May 03 2029,POL,11155753430.68,11155753430.68,577876715.34,577876715.33,10000000000.00
Apr 29 2029,POL,11153333527.55,11153333527.55,576666763.78,576666763.77,10000000000.00
Apr 25 2029,POL,11150913624.42,11150913624.42,575456812.21,575456812.20,10000000000.00
Apr 21 2029,POL,11148493721.29,11148493721.29,574246860.65,574246860.64,10000000000.00
Apr 17 2029,POL,11146073818.16,11146073818.16,573036909.08,573036909.07,10000000000.00
Apr 13 2029,POL,11143653915.03,11143653915.03,571826957.52,571826957.51,10000000000.00
Apr 09 2029,POL,11141234011.90,11141234011.90,570617005.95,570617005.94,10000000000.00
Apr 04 2029,POL,11138209132.99,11138209132.99,569104566.50,569104566.49,10000000000.00
Mar 31 2029,POL,11135789229.86,11135789229.86,567894614.93,567894614.92,10000000000.00
Mar 27 2029,POL,11133369326.73,11133369326.73,566684663.37,566684663.36,10000000000.00
Mar 23 2029,POL,11130949423.60,11130949423.60,565474711.80,565474711.79,10000000000.00
Mar 19 2029,POL,11128529520.47,11128529520.47,564264760.24,564264760.23,10000000000.00
Mar 15 2029,POL,11126109617.34,11126109617.34,563054808.67,563054808.66,10000000000.00
Mar 11 2029,POL,11123689714.21,11123689714.21,561844857.11,561844857.10,10000000000.00
Mar 07 2029,POL,11121269811.08,11121269811.08,560634905.54,560634905.53,10000000000.00
Mar 03 2029,POL,11118849907.95,11118849907.95,559424953.98,559424953.97,10000000000.00
Feb 27 2029,POL,11116430004.82,11116430004.82,558215002.41,558215002.40,10000000000.00
Feb 22 2029,POL,11113405125.90,11113405125.90,556702562.95,556702562.95,10000000000.00
Feb 18 2029,POL,11110985222.77,11110985222.77,555492611.39,555492611.38,10000000000.00
Feb 14 2029,POL,11108565319.64,11108565319.64,554282659.82,554282659.82,10000000000.00
Feb 10 2029,POL,11106145416.51,11106145416.51,553072708.26,553072708.25,10000000000.00
Feb 06 2029,POL,11103725513.38,11103725513.38,551862756.69,551862756.69,10000000000.00
Feb 02 2029,POL,11101305610.25,11101305610.25,550652805.13,550652805.12,10000000000.00
Jan 29 2029,POL,11098885707.12,11098885707.12,549442853.56,549442853.56,10000000000.00
Jan 25 2029,POL,11096465803.99,11096465803.99,548232902.00,548232901.99,10000000000.00
Jan 21 2029,POL,11094045900.86,11094045900.86,547022950.43,547022950.43,10000000000.00
Jan 17 2029,POL,11091625997.73,11091625997.73,545812998.87,545812998.86,10000000000.00
Jan 12 2029,POL,11088601118.82,11088601118.82,544300559.41,544300559.41,10000000000.00
Jan 08 2029,POL,11086181215.69,11086181215.69,543090607.85,543090607.84,10000000000.00
Jan 04 2029,POL,11083761312.56,11083761312.56,541880656.28,541880656.28,10000000000.00
Dec 31 2028,POL,11081341409.43,11081341409.43,540670704.72,540670704.71,10000000000.00
Dec 27 2028,POL,11078921506.30,11078921506.30,539460753.15,539460753.15,10000000000.00
Dec 23 2028,POL,11076501603.17,11076501603.17,538250801.59,538250801.58,10000000000.00
Dec 19 2028,POL,11074081700.04,11074081700.04,537040850.02,537040850.02,10000000000.00
Dec 15 2028,POL,11071661796.91,11071661796.91,535830898.46,535830898.45,10000000000.00
Dec 11 2028,POL,11069241893.78,11069241893.78,534620946.89,534620946.89,10000000000.00
Dec 07 2028,POL,11066821990.65,11066821990.65,533410995.33,533410995.32,10000000000.00
Dec 02 2028,POL,11063797111.74,11063797111.74,531898555.87,531898555.87,10000000000.00
Nov 28 2028,POL,11061377208.61,11061377208.61,530688604.30,530688604.30,10000000000.00
Nov 24 2028,POL,11058957305.48,11058957305.48,529478652.74,529478652.74,10000000000.00
Nov 20 2028,POL,11056537402.35,11056537402.35,528268701.17,528268701.17,10000000000.00
Nov 16 2028,POL,11054117499.22,11054117499.22,527058749.61,527058749.61,10000000000.00
Nov 12 2028,POL,11051697596.09,11051697596.09,525848798.04,525848798.04,10000000000.00
Nov 08 2028,POL,11049277692.96,11049277692.96,524638846.48,524638846.48,10000000000.00
Nov 04 2028,POL,11046857789.83,11046857789.83,523428894.91,523428894.91,10000000000.00
Oct 31 2028,POL,11044437886.70,11044437886.70,522218943.35,522218943.35,10000000000.00
Oct 27 2028,POL,11042017983.57,11042017983.57,521008991.78,521008991.78,10000000000.00
Oct 22 2028,POL,11039033553.05,11039033553.05,519516776.52,519516776.52,10000000000.00
Oct 18 2028,POL,11036667581.11,11036667581.11,518333790.56,518333790.56,10000000000.00
Oct 14 2028,POL,11034301609.18,11034301609.18,517150804.59,517150804.59,10000000000.00
Oct 10 2028,POL,11031935637.25,11031935637.25,515967818.62,515967818.62,10000000000.00
Oct 06 2028,POL,11029569665.31,11029569665.31,514784832.66,514784832.66,10000000000.00
Oct 02 2028,POL,11027203693.38,11027203693.38,513601846.69,513601846.69,10000000000.00
Sep 28 2028,POL,11024837721.44,11024837721.44,512418860.72,512418860.72,10000000000.00
Sep 24 2028,POL,11022471749.51,11022471749.51,511235874.75,511235874.75,10000000000.00
Sep 20 2028,POL,11020105777.57,11020105777.57,510052888.79,510052888.79,10000000000.00
Sep 16 2028,POL,11017739805.64,11017739805.64,508869902.82,508869902.82,10000000000.00
Sep 11 2028,POL,11014782340.72,11014782340.72,507391170.36,507391170.36,10000000000.00
Sep 07 2028,POL,11012416368.79,11012416368.79,506208184.39,506208184.39,10000000000.00
Sep 03 2028,POL,11010050396.85,11010050396.85,505025198.43,505025198.43,10000000000.00
Aug 30 2028,POL,11007684424.92,11007684424.92,503842212.46,503842212.46,10000000000.00
Aug 26 2028,POL,11005318452.98,11005318452.98,502659226.49,502659226.49,10000000000.00
Aug 22 2028,POL,11002952481.05,11002952481.05,501476240.52,501476240.52,10000000000.00
Aug 18 2028,POL,11000586509.11,11000586509.11,500293254.56,500293254.56,10000000000.00
Aug 14 2028,POL,10998220537.18,10998220537.18,499110268.59,499110268.59,10000000000.00
Aug 10 2028,POL,10995854565.25,10995854565.25,497927282.62,497927282.62,10000000000.00
Aug 06 2028,POL,10993488593.31,10993488593.31,496744296.66,496744296.66,10000000000.00
Aug 01 2028,POL,10990531128.39,10990531128.39,495265564.20,495265564.20,10000000000.00
Jul 28 2028,POL,10988165156.46,10988165156.46,494082578.23,494082578.23,10000000000.00
Jul 24 2028,POL,10985799184.52,10985799184.52,492899592.26,492899592.26,10000000000.00
Jul 20 2028,POL,10983433212.59,10983433212.59,491716606.30,491716606.30,10000000000.00
Jul 20 2028,POL,10983433212.59,10983433212.59,491716606.30,491716606.30,10000000000.00
Jul 16 2028,POL,10981067240.66,10981067240.66,490533620.33,490533620.33,10000000000.00
Jul 12 2028,POL,10978701268.72,10978701268.72,489350634.36,489350634.36,10000000000.00
Jul 08 2028,POL,10976335296.79,10976335296.79,488167648.39,488167648.39,10000000000.00
Jul 04 2028,POL,10973969324.85,10973969324.85,486984662.43,486984662.43,10000000000.00
Jun 30 2028,POL,10971603352.92,10971603352.92,485801676.46,485801676.46,10000000000.00
Jun 26 2028,POL,10969237380.98,10969237380.98,484618690.49,484618690.49,10000000000.00
Jun 21 2028,POL,10966279916.07,10966279916.07,483139958.03,483139958.03,10000000000.00
Jun 17 2028,POL,10963913944.13,10963913944.13,481956972.07,481956972.07,10000000000.00
Jun 13 2028,POL,10961547972.20,10961547972.20,480773986.10,480773986.10,10000000000.00
Jun 09 2028,POL,10959182000.26,10959182000.26,479591000.13,479591000.13,10000000000.00
Jun 05 2028,POL,10956816028.33,10956816028.33,478408014.16,478408014.16,10000000000.00
Jun 01 2028,POL,10954450056.39,10954450056.39,477225028.20,477225028.20,10000000000.00
May 28 2028,POL,10952084084.46,10952084084.46,476042042.23,476042042.23,10000000000.00
May 24 2028,POL,10949718112.52,10949718112.52,474859056.26,474859056.26,10000000000.00
May 20 2028,POL,10947352140.59,10947352140.59,473676070.30,473676070.30,10000000000.00
May 16 2028,POL,10944986168.66,10944986168.66,472493084.33,472493084.33,10000000000.00
May 11 2028,POL,10942028703.74,10942028703.74,471014351.87,471014351.87,10000000000.00
May 07 2028,POL,10939662731.80,10939662731.80,469831365.90,469831365.90,10000000000.00
May 03 2028,POL,10937296759.87,10937296759.87,468648379.93,468648379.93,10000000000.00
Apr 29 2028,POL,10934930787.93,10934930787.93,467465393.97,467465393.97,10000000000.00
Apr 25 2028,POL,10932564816.00,10932564816.00,466282408.00,466282408.00,10000000000.00
Apr 21 2028,POL,10930198844.07,10930198844.07,465099422.03,465099422.03,10000000000.00
Apr 17 2028,POL,10927832872.13,10927832872.13,463916436.07,463916436.07,10000000000.00
Apr 13 2028,POL,10925466900.20,10925466900.20,462733450.10,462733450.10,10000000000.00
Apr 09 2028,POL,10923100928.26,10923100928.26,461550464.13,461550464.13,10000000000.00
Apr 05 2028,POL,10920734956.33,10920734956.33,460367478.16,460367478.16,10000000000.00
Mar 31 2028,POL,10917777491.41,10917777491.41,458888745.70,458888745.70,10000000000.00
Mar 27 2028,POL,10915411519.48,10915411519.48,457705759.74,457705759.74,10000000000.00
Mar 23 2028,POL,10913045547.54,10913045547.54,456522773.77,456522773.77,10000000000.00
Mar 19 2028,POL,10910679575.61,10910679575.61,455339787.80,455339787.80,10000000000.00
Mar 15 2028,POL,10908313603.67,10908313603.67,454156801.84,454156801.84,10000000000.00
Mar 11 2028,POL,10905947631.74,10905947631.74,452973815.87,452973815.87,10000000000.00
Mar 07 2028,POL,10903581659.80,10903581659.80,451790829.90,451790829.90,10000000000.00
Mar 03 2028,POL,10901215687.87,10901215687.87,450607843.93,450607843.93,10000000000.00
Feb 28 2028,POL,10898849715.93,10898849715.93,449424857.97,449424857.97,10000000000.00
Feb 24 2028,POL,10896483744.00,10896483744.00,448241872.00,448241872.00,10000000000.00
Feb 19 2028,POL,10893526279.08,10893526279.08,446763139.54,446763139.54,10000000000.00
Feb 15 2028,POL,10891160307.15,10891160307.15,445580153.57,445580153.57,10000000000.00
Feb 11 2028,POL,10888794335.21,10888794335.21,444397167.61,444397167.61,10000000000.00
Feb 07 2028,POL,10886428363.28,10886428363.28,443214181.64,443214181.64,10000000000.00
Feb 03 2028,POL,10884062391.34,10884062391.34,442031195.67,442031195.67,10000000000.00
Jan 30 2028,POL,10881696419.41,10881696419.41,440848209.70,440848209.70,10000000000.00
Jan 26 2028,POL,10879330447.48,10879330447.48,439665223.74,439665223.74,10000000000.00
Jan 22 2028,POL,10876964475.54,10876964475.54,438482237.77,438482237.77,10000000000.00
Jan 18 2028,POL,10874598503.61,10874598503.61,437299251.80,437299251.80,10000000000.00
Jan 14 2028,POL,10872232531.67,10872232531.67,436116265.84,436116265.84,10000000000.00
Jan 09 2028,POL,10869275066.75,10869275066.75,434637533.38,434637533.38,10000000000.00
Jan 05 2028,POL,10866909094.82,10866909094.82,433454547.41,433454547.41,10000000000.00
Jan 01 2028,POL,10864543122.89,10864543122.89,432271561.44,432271561.44,10000000000.00
Dec 28 2027,POL,10862177150.95,10862177150.95,431088575.48,431088575.48,10000000000.00
Dec 24 2027,POL,10859811179.02,10859811179.02,429905589.51,429905589.51,10000000000.00
Dec 20 2027,POL,10857445207.08,10857445207.08,428722603.54,428722603.54,10000000000.00
Dec 16 2027,POL,10855079235.15,10855079235.15,427539617.57,427539617.57,10000000000.00
Dec 12 2027,POL,10852713263.21,10852713263.21,426356631.61,426356631.61,10000000000.00
Dec 08 2027,POL,10850347291.28,10850347291.28,425173645.64,425173645.64,10000000000.00
Dec 04 2027,POL,10847981319.34,10847981319.34,423990659.67,423990659.67,10000000000.00
Nov 29 2027,POL,10845023854.43,10845023854.43,422511927.21,422511927.21,10000000000.00
Nov 25 2027,POL,10842657882.49,10842657882.49,421328941.25,421328941.25,10000000000.00
Nov 21 2027,POL,10840291910.56,10840291910.56,420145955.28,420145955.28,10000000000.00
Nov 17 2027,POL,10837925938.62,10837925938.62,418962969.31,418962969.31,10000000000.00
Nov 13 2027,POL,10835559966.69,10835559966.69,417779983.34,417779983.34,10000000000.00
Nov 09 2027,POL,10833193994.75,10833193994.75,416596997.38,416596997.38,10000000000.00
Nov 05 2027,POL,10830828022.82,10830828022.82,415414011.41,415414011.41,10000000000.00
Nov 01 2027,POL,10828462050.89,10828462050.89,414231025.44,414231025.44,10000000000.00
Oct 28 2027,POL,10826096078.95,10826096078.95,413048039.48,413048039.48,10000000000.00
Oct 24 2027,POL,10823740116.16,10823740116.16,411870058.08,411870058.08,10000000000.00
Oct 19 2027,POL,10820832696.99,10820832696.99,410416348.49,410416348.49,10000000000.00
Oct 15 2027,POL,10818506761.64,10818506761.64,409253380.82,409253380.82,10000000000.00
Oct 11 2027,POL,10816180826.30,10816180826.30,408090413.15,408090413.15,10000000000.00
Oct 07 2027,POL,10813854890.96,10813854890.96,406927445.48,406927445.48,10000000000.00
Oct 03 2027,POL,10811528955.62,10811528955.62,405764477.81,405764477.81,10000000000.00
Sep 29 2027,POL,10809203020.27,10809203020.27,404601510.14,404601510.14,10000000000.00
Sep 25 2027,POL,10806877084.93,10806877084.93,403438542.47,403438542.47,10000000000.00
Sep 21 2027,POL,10804551149.59,10804551149.59,402275574.79,402275574.79,10000000000.00
Sep 17 2027,POL,10802225214.25,10802225214.25,401112607.12,401112607.12,10000000000.00
Sep 13 2027,POL,10799899278.90,10799899278.90,399949639.45,399949639.45,10000000000.00
Sep 08 2027,POL,10796991859.73,10796991859.73,398495929.86,398495929.86,10000000000.00
Sep 04 2027,POL,10794665924.38,10794665924.38,397332962.19,397332962.19,10000000000.00
Aug 31 2027,POL,10792339989.04,10792339989.04,396169994.52,396169994.52,10000000000.00
Aug 27 2027,POL,10790014053.70,10790014053.70,395007026.85,395007026.85,10000000000.00
Aug 23 2027,POL,10787688118.36,10787688118.36,393844059.18,393844059.18,10000000000.00
Aug 19 2027,POL,10785362183.01,10785362183.01,392681091.51,392681091.51,10000000000.00
Aug 15 2027,POL,10783036247.67,10783036247.67,391518123.84,391518123.84,10000000000.00
Aug 11 2027,POL,10780710312.33,10780710312.33,390355156.16,390355156.16,10000000000.00
Aug 07 2027,POL,10778384376.99,10778384376.99,389192188.49,389192188.49,10000000000.00
Aug 03 2027,POL,10776058441.64,10776058441.64,388029220.82,388029220.82,10000000000.00
Jul 29 2027,POL,10773151022.47,10773151022.47,386575511.23,386575511.23,10000000000.00
Jul 25 2027,POL,10770825087.12,10770825087.12,385412543.56,385412543.56,10000000000.00
Jul 21 2027,POL,10768499151.78,10768499151.78,384249575.89,384249575.89,10000000000.00
Jul 17 2027,POL,10766173216.44,10766173216.44,383086608.22,383086608.22,10000000000.00
Jul 13 2027,POL,10763847281.10,10763847281.10,381923640.55,381923640.55,10000000000.00
Jul 09 2027,POL,10761521345.75,10761521345.75,380760672.88,380760672.88,10000000000.00
Jul 05 2027,POL,10759195410.41,10759195410.41,379597705.21,379597705.21,10000000000.00
Jul 01 2027,POL,10756869475.07,10756869475.07,378434737.53,378434737.53,10000000000.00
Jun 27 2027,POL,10754543539.73,10754543539.73,377271769.86,377271769.86,10000000000.00
Jun 23 2027,POL,10752217604.38,10752217604.38,376108802.19,376108802.19,10000000000.00
Jun 18 2027,POL,10749310185.21,10749310185.21,374655092.60,374655092.60,10000000000.00
Jun 14 2027,POL,10746984249.86,10746984249.86,373492124.93,373492124.93,10000000000.00
Jun 10 2027,POL,10744658314.52,10744658314.52,372329157.26,372329157.26,10000000000.00
Jun 06 2027,POL,10742332379.18,10742332379.18,371166189.59,371166189.59,10000000000.00
Jun 02 2027,POL,10740006443.84,10740006443.84,370003221.92,370003221.92,10000000000.00
May 29 2027,POL,10737680508.49,10737680508.49,368840254.25,368840254.25,10000000000.00
May 25 2027,POL,10735354573.15,10735354573.15,367677286.58,367677286.58,10000000000.00
May 21 2027,POL,10733028637.81,10733028637.81,366514318.90,366514318.90,10000000000.00
May 17 2027,POL,10730702702.47,10730702702.47,365351351.23,365351351.23,10000000000.00
May 13 2027,POL,10728376767.12,10728376767.12,364188383.56,364188383.56,10000000000.00
May 08 2027,POL,10725469347.95,10725469347.95,362734673.97,362734673.97,10000000000.00
May 04 2027,POL,10723143412.60,10723143412.60,361571706.30,361571706.30,10000000000.00
Apr 30 2027,POL,10720817477.26,10720817477.26,360408738.63,360408738.63,10000000000.00
Apr 26 2027,POL,10718491541.92,10718491541.92,359245770.96,359245770.96,10000000000.00
Apr 22 2027,POL,10716165606.58,10716165606.58,358082803.29,358082803.29,10000000000.00
Apr 18 2027,POL,10713839671.23,10713839671.23,356919835.62,356919835.62,10000000000.00
Apr 14 2027,POL,10711513735.89,10711513735.89,355756867.95,355756867.95,10000000000.00
Apr 10 2027,POL,10709187800.55,10709187800.55,354593900.27,354593900.27,10000000000.00
Apr 06 2027,POL,10706861865.21,10706861865.21,353430932.60,353430932.60,10000000000.00
Apr 02 2027,POL,10704535929.86,10704535929.86,352267964.93,352267964.93,10000000000.00
Mar 28 2027,POL,10701628510.68,10701628510.68,350814255.34,350814255.34,10000000000.00
Mar 24 2027,POL,10699302575.34,10699302575.34,349651287.67,349651287.67,10000000000.00
Mar 20 2027,POL,10696976640.00,10696976640.00,348488320.00,348488320.00,10000000000.00
Mar 16 2027,POL,10694650704.66,10694650704.66,347325352.33,347325352.33,10000000000.00
Mar 12 2027,POL,10692324769.32,10692324769.32,346162384.66,346162384.66,10000000000.00
Mar 08 2027,POL,10689998833.97,10689998833.97,344999416.99,344999416.99,10000000000.00
Mar 04 2027,POL,10687672898.63,10687672898.63,343836449.32,343836449.32,10000000000.00
Feb 28 2027,POL,10685346963.29,10685346963.29,342673481.64,342673481.64,10000000000.00
Feb 24 2027,POL,10683021027.95,10683021027.95,341510513.97,341510513.97,10000000000.00
Feb 20 2027,POL,10680695092.60,10680695092.60,340347546.30,340347546.30,10000000000.00
Feb 15 2027,POL,10677787673.42,10677787673.42,338893836.71,338893836.71,10000000000.00
Feb 11 2027,POL,10675461738.08,10675461738.08,337730869.04,337730869.04,10000000000.00
Feb 07 2027,POL,10673135802.74,10673135802.74,336567901.37,336567901.37,10000000000.00
Feb 03 2027,POL,10670809867.40,10670809867.40,335404933.70,335404933.70,10000000000.00
Jan 30 2027,POL,10668483932.05,10668483932.05,334241966.03,334241966.03,10000000000.00
Jan 26 2027,POL,10666157996.71,10666157996.71,333078998.36,333078998.36,10000000000.00
Jan 22 2027,POL,10663832061.37,10663832061.37,331916030.68,331916030.68,10000000000.00
Jan 18 2027,POL,10661506126.03,10661506126.03,330753063.01,330753063.01,10000000000.00
Jan 14 2027,POL,10659180190.68,10659180190.68,329590095.34,329590095.34,10000000000.00
Jan 10 2027,POL,10656854255.34,10656854255.34,328427127.67,328427127.67,10000000000.00
Jan 05 2027,POL,10653946836.16,10653946836.16,326973418.08,326973418.08,10000000000.00
Jan 01 2027,POL,10651620900.82,10651620900.82,325810450.41,325810450.41,10000000000.00
Dec 28 2026,POL,10649294965.48,10649294965.48,324647482.74,324647482.74,10000000000.00
Dec 24 2026,POL,10646969030.14,10646969030.14,323484515.07,323484515.07,10000000000.00
Dec 20 2026,POL,10644643094.79,10644643094.79,322321547.40,322321547.40,10000000000.00
Dec 16 2026,POL,10642317159.45,10642317159.45,321158579.73,321158579.73,10000000000.00
Dec 12 2026,POL,10639991224.11,10639991224.11,319995612.05,319995612.05,10000000000.00
Dec 08 2026,POL,10637665288.77,10637665288.77,318832644.38,318832644.38,10000000000.00
Dec 04 2026,POL,10635339353.42,10635339353.42,317669676.71,317669676.71,10000000000.00
Nov 30 2026,POL,10633013418.08,10633013418.08,316506709.04,316506709.04,10000000000.00
Nov 25 2026,POL,10630105998.90,10630105998.90,315052999.45,315052999.45,10000000000.00
Nov 21 2026,POL,10627780063.56,10627780063.56,313890031.78,313890031.78,10000000000.00
Nov 17 2026,POL,10625454128.22,10625454128.22,312727064.11,312727064.11,10000000000.00
Nov 13 2026,POL,10623128192.88,10623128192.88,311564096.44,311564096.44,10000000000.00
Nov 09 2026,POL,10620802257.53,10620802257.53,310401128.77,310401128.77,10000000000.00
Nov 05 2026,POL,10618476322.19,10618476322.19,309238161.10,309238161.10,10000000000.00
Nov 01 2026,POL,10616150386.85,10616150386.85,308075193.42,308075193.42,10000000000.00
Oct 28 2026,POL,10613824451.51,10613824451.51,306912225.75,306912225.75,10000000000.00
Oct 24 2026,POL,10611509917.81,10611509917.81,305754958.90,305754958.90,10000000000.00
Oct 20 2026,POL,10609229589.04,10609229589.04,304614794.52,304614794.52,10000000000.00
Oct 15 2026,POL,10606379178.08,10606379178.08,303189589.04,303189589.04,10000000000.00
Oct 11 2026,POL,10604098849.32,10604098849.32,302049424.66,302049424.66,10000000000.00
Oct 07 2026,POL,10601818520.55,10601818520.55,300909260.27,300909260.27,10000000000.00
Oct 03 2026,POL,10599538191.78,10599538191.78,299769095.89,299769095.89,10000000000.00
Sep 29 2026,POL,10597257863.01,10597257863.01,298628931.51,298628931.51,10000000000.00
Sep 25 2026,POL,10594977534.25,10594977534.25,297488767.12,297488767.12,10000000000.00
Sep 21 2026,POL,10592697205.48,10592697205.48,296348602.74,296348602.74,10000000000.00
Sep 17 2026,POL,10590416876.71,10590416876.71,295208438.36,295208438.36,10000000000.00
Sep 13 2026,POL,10588136547.95,10588136547.95,294068273.97,294068273.97,10000000000.00
Sep 09 2026,POL,10585856219.18,10585856219.18,292928109.59,292928109.59,10000000000.00
Sep 04 2026,POL,10583005808.22,10583005808.22,291502904.11,291502904.11,10000000000.00
Aug 31 2026,POL,10580725479.45,10580725479.45,290362739.73,290362739.73,10000000000.00
Aug 27 2026,POL,10578445150.68,10578445150.68,289222575.34,289222575.34,10000000000.00
Aug 23 2026,POL,10576164821.92,10576164821.92,288082410.96,288082410.96,10000000000.00
Aug 19 2026,POL,10573884493.15,10573884493.15,286942246.58,286942246.58,10000000000.00
Aug 15 2026,POL,10571604164.38,10571604164.38,285802082.19,285802082.19,10000000000.00
Aug 11 2026,POL,10569323835.62,10569323835.62,284661917.81,284661917.81,10000000000.00
Aug 07 2026,POL,10567043506.85,10567043506.85,283521753.42,283521753.42,10000000000.00
Aug 03 2026,POL,10564763178.08,10564763178.08,282381589.04,282381589.04,10000000000.00
Jul 30 2026,POL,10562482849.32,10562482849.32,281241424.66,281241424.66,10000000000.00
Jul 25 2026,POL,10559632438.36,10559632438.36,279816219.18,279816219.18,10000000000.00
Jul 21 2026,POL,10557352109.59,10557352109.59,278676054.79,278676054.79,10000000000.00
Jul 17 2026,POL,10555071780.82,10555071780.82,277535890.41,277535890.41,10000000000.00
Jul 13 2026,POL,10552791452.05,10552791452.05,276395726.03,276395726.03,10000000000.00
Jul 09 2026,POL,10550511123.29,10550511123.29,275255561.64,275255561.64,10000000000.00
Jul 05 2026,POL,10548230794.52,10548230794.52,274115397.26,274115397.26,10000000000.00
Jul 01 2026,POL,10545950465.75,10545950465.75,272975232.88,272975232.88,10000000000.00
Jun 27 2026,POL,10543670136.99,10543670136.99,271835068.49,271835068.49,10000000000.00
Jun 23 2026,POL,10541389808.22,10541389808.22,270694904.11,270694904.11,10000000000.00
Jun 19 2026,POL,10539109479.45,10539109479.45,269554739.73,269554739.73,10000000000.00
Jun 14 2026,POL,10536259068.49,10536259068.49,268129534.25,268129534.25,10000000000.00
Jun 10 2026,POL,10533978739.73,10533978739.73,266989369.86,266989369.86,10000000000.00
Jun 06 2026,POL,10531698410.96,10531698410.96,265849205.48,265849205.48,10000000000.00
Jun 02 2026,POL,10529418082.19,10529418082.19,264709041.10,264709041.10,10000000000.00
May 29 2026,POL,10527137753.42,10527137753.42,263568876.71,263568876.71,10000000000.00
May 25 2026,POL,10524857424.66,10524857424.66,262428712.33,262428712.33,10000000000.00
May 21 2026,POL,10522577095.89,10522577095.89,261288547.95,261288547.95,10000000000.00
May 17 2026,POL,10520296767.12,10520296767.12,260148383.56,260148383.56,10000000000.00
May 13 2026,POL,10518016438.36,10518016438.36,259008219.18,259008219.18,10000000000.00
May 09 2026,POL,10515736109.59,10515736109.59,257868054.79,257868054.79,10000000000.00
May 04 2026,POL,10512885698.63,10512885698.63,256442849.32,256442849.32,10000000000.00
Apr 30 2026,POL,10510605369.86,10510605369.86,255302684.93,255302684.93,10000000000.00
Apr 26 2026,POL,10508325041.10,10508325041.10,254162520.55,254162520.55,10000000000.00
Apr 22 2026,POL,10506044712.33,10506044712.33,253022356.16,253022356.16,10000000000.00
Apr 18 2026,POL,10503764383.56,10503764383.56,251882191.78,251882191.78,10000000000.00
Apr 14 2026,POL,10501484054.79,10501484054.79,250742027.40,250742027.40,10000000000.00
Apr 10 2026,POL,10499203726.03,10499203726.03,249601863.01,249601863.01,10000000000.00
Apr 06 2026,POL,10496923397.26,10496923397.26,248461698.63,248461698.63,10000000000.00
Apr 02 2026,POL,10494643068.49,10494643068.49,247321534.25,247321534.25,10000000000.00
Mar 29 2026,POL,10492362739.73,10492362739.73,246181369.86,246181369.86,10000000000.00
Mar 24 2026,POL,10489512328.77,10489512328.77,244756164.38,244756164.38,10000000000.00
Mar 20 2026,POL,10487232000.00,10487232000.00,243616000.00,243616000.00,10000000000.00
Mar 16 2026,POL,10484951671.23,10484951671.23,242475835.62,242475835.62,10000000000.00
Mar 12 2026,POL,10482671342.47,10482671342.47,241335671.23,241335671.23,10000000000.00
Mar 08 2026,POL,10480391013.70,10480391013.70,240195506.85,240195506.85,10000000000.00
Mar 04 2026,POL,10478110684.93,10478110684.93,239055342.47,239055342.47,10000000000.00
Feb 28 2026,POL,10475830356.16,10475830356.16,237915178.08,237915178.08,10000000000.00
Feb 24 2026,POL,10473550027.40,10473550027.40,236775013.70,236775013.70,10000000000.00
Feb 20 2026,POL,10471269698.63,10471269698.63,235634849.32,235634849.32,10000000000.00
Feb 16 2026,POL,10468989369.86,10468989369.86,234494684.93,234494684.93,10000000000.00
Feb 11 2026,POL,10466138958.90,10466138958.90,233069479.45,233069479.45,10000000000.00
Feb 07 2026,POL,10463858630.14,10463858630.14,231929315.07,231929315.07,10000000000.00
Feb 03 2026,POL,10461578301.37,10461578301.37,230789150.68,230789150.68,10000000000.00
Jan 30 2026,POL,10459297972.60,10459297972.60,229648986.30,229648986.30,10000000000.00
Jan 26 2026,POL,10457017643.84,10457017643.84,228508821.92,228508821.92,10000000000.00
Jan 22 2026,POL,10454737315.07,10454737315.07,227368657.53,227368657.53,10000000000.00
Jan 18 2026,POL,10452456986.30,10452456986.30,226228493.15,226228493.15,10000000000.00
Jan 14 2026,POL,10450176657.53,10450176657.53,225088328.77,225088328.77,10000000000.00
Jan 10 2026,POL,10447896328.77,10447896328.77,223948164.38,223948164.38,10000000000.00
Jan 06 2026,POL,10445616000.00,10445616000.00,222808000.00,222808000.00,10000000000.00
Jan 01 2026,POL,10442765589.04,10442765589.04,221382794.52,221382794.52,10000000000.00
Dec 28 2025,POL,10440485260.27,10440485260.27,220242630.14,220242630.14,10000000000.00
Dec 24 2025,POL,10438204931.51,10438204931.51,219102465.75,219102465.75,10000000000.00
Dec 20 2025,POL,10435924602.74,10435924602.74,217962301.37,217962301.37,10000000000.00
Dec 16 2025,POL,10433644273.97,10433644273.97,216822136.99,216822136.99,10000000000.00
Dec 12 2025,POL,10431363945.21,10431363945.21,215681972.60,215681972.60,10000000000.00
Dec 08 2025,POL,10429083616.44,10429083616.44,214541808.22,214541808.22,10000000000.00
Dec 04 2025,POL,10426803287.67,10426803287.67,213401643.84,213401643.84,10000000000.00
Nov 30 2025,POL,10424522958.90,10424522958.90,212261479.45,212261479.45,10000000000.00
Nov 26 2025,POL,10422242630.14,10422242630.14,211121315.07,211121315.07,10000000000.00
Nov 21 2025,POL,10419392219.18,10419392219.18,209696109.59,209696109.59,10000000000.00
Nov 17 2025,POL,10417111890.41,10417111890.41,208555945.21,208555945.21,10000000000.00
Nov 13 2025,POL,10414831561.64,10414831561.64,207415780.82,207415780.82,10000000000.00
Nov 09 2025,POL,10412551232.88,10412551232.88,206275616.44,206275616.44,10000000000.00
Nov 05 2025,POL,10410270904.11,10410270904.11,205135452.05,205135452.05,10000000000.00
Nov 01 2025,POL,10407990575.34,10407990575.34,203995287.67,203995287.67,10000000000.00
Oct 28 2025,POL,10405710246.58,10405710246.58,202855123.29,202855123.29,10000000000.00
Oct 24 2025,POL,10403441095.89,10403441095.89,201720547.95,201720547.95,10000000000.00
Oct 20 2025,POL,10401205479.45,10401205479.45,200602739.73,200602739.73,10000000000.00
Oct 16 2025,POL,10398969863.01,10398969863.01,199484931.51,199484931.51,10000000000.00
Oct 11 2025,POL,10396175342.47,10396175342.47,198087671.23,198087671.23,10000000000.00
Oct 07 2025,POL,10393939726.03,10393939726.03,196969863.01,196969863.01,10000000000.00
Oct 03 2025,POL,10391704109.59,10391704109.59,195852054.79,195852054.79,10000000000.00
Sep 29 2025,POL,10389468493.15,10389468493.15,194734246.58,194734246.58,10000000000.00
Sep 25 2025,POL,10387232876.71,10387232876.71,193616438.36,193616438.36,10000000000.00
Sep 21 2025,POL,10384997260.27,10384997260.27,192498630.14,192498630.14,10000000000.00
Sep 17 2025,POL,10382761643.84,10382761643.84,191380821.92,191380821.92,10000000000.00
Sep 13 2025,POL,10380526027.40,10380526027.40,190263013.70,190263013.70,10000000000.00
Sep 09 2025,POL,10378290410.96,10378290410.96,189145205.48,189145205.48,10000000000.00
Sep 05 2025,POL,10376054794.52,10376054794.52,188027397.26,188027397.26,10000000000.00
Aug 31 2025,POL,10373260273.97,10373260273.97,186630136.99,186630136.99,10000000000.00
Aug 27 2025,POL,10371024657.53,10371024657.53,185512328.77,185512328.77,10000000000.00
Aug 23 2025,POL,10368789041.10,10368789041.10,184394520.55,184394520.55,10000000000.00
Aug 19 2025,POL,10366553424.66,10366553424.66,183276712.33,183276712.33,10000000000.00
Aug 15 2025,POL,10364317808.22,10364317808.22,182158904.11,182158904.11,10000000000.00
Aug 11 2025,POL,10362082191.78,10362082191.78,181041095.89,181041095.89,10000000000.00
Aug 07 2025,POL,10359846575.34,10359846575.34,179923287.67,179923287.67,10000000000.00
Aug 03 2025,POL,10357610958.90,10357610958.90,178805479.45,178805479.45,10000000000.00
Jul 30 2025,POL,10355375342.47,10355375342.47,177687671.23,177687671.23,10000000000.00
Jul 26 2025,POL,10353139726.03,10353139726.03,176569863.01,176569863.01,10000000000.00
Jul 21 2025,POL,10350345205.48,10350345205.48,175172602.74,175172602.74,10000000000.00
Jul 17 2025,POL,10348109589.04,10348109589.04,174054794.52,174054794.52,10000000000.00
Jul 13 2025,POL,10345873972.60,10345873972.60,172936986.30,172936986.30,10000000000.00
Jul 09 2025,POL,10343638356.16,10343638356.16,171819178.08,171819178.08,10000000000.00
Jul 05 2025,POL,10341402739.73,10341402739.73,170701369.86,170701369.86,10000000000.00
Jul 01 2025,POL,10339167123.29,10339167123.29,169583561.64,169583561.64,10000000000.00
Jun 27 2025,POL,10336931506.85,10336931506.85,168465753.42,168465753.42,10000000000.00
Jun 23 2025,POL,10334695890.41,10334695890.41,167347945.21,167347945.21,10000000000.00
Jun 19 2025,POL,10332460273.97,10332460273.97,166230136.99,166230136.99,10000000000.00
Jun 15 2025,POL,10330224657.53,10330224657.53,165112328.77,165112328.77,10000000000.00
Jun 10 2025,POL,10327430136.99,10327430136.99,163715068.49,163715068.49,10000000000.00
Jun 06 2025,POL,10325194520.55,10325194520.55,162597260.27,162597260.27,10000000000.00
Jun 02 2025,POL,10322958904.11,10322958904.11,161479452.05,161479452.05,10000000000.00
May 29 2025,POL,10320723287.67,10320723287.67,160361643.84,160361643.84,10000000000.00
May 25 2025,POL,10318487671.23,10318487671.23,159243835.62,159243835.62,10000000000.00
May 21 2025,POL,10316252054.79,10316252054.79,158126027.40,158126027.40,10000000000.00
May 17 2025,POL,10314016438.36,10314016438.36,157008219.18,157008219.18,10000000000.00
May 13 2025,POL,10311780821.92,10311780821.92,155890410.96,155890410.96,10000000000.00
May 09 2025,POL,10309545205.48,10309545205.48,154772602.74,154772602.74,10000000000.00
May 05 2025,POL,10307309589.04,10307309589.04,153654794.52,153654794.52,10000000000.00
Apr 30 2025,POL,10304515068.49,10304515068.49,152257534.25,152257534.25,10000000000.00
Apr 26 2025,POL,10302279452.05,10302279452.05,151139726.03,151139726.03,10000000000.00
Apr 22 2025,POL,10300043835.62,10300043835.62,150021917.81,150021917.81,10000000000.00
Apr 18 2025,POL,10297808219.18,10297808219.18,148904109.59,148904109.59,10000000000.00
Apr 14 2025,POL,10295572602.74,10295572602.74,147786301.37,147786301.37,10000000000.00
Apr 10 2025,POL,10293336986.30,10293336986.30,146668493.15,146668493.15,10000000000.00
Apr 06 2025,POL,10291101369.86,10291101369.86,145550684.93,145550684.93,10000000000.00
Apr 02 2025,POL,10288865753.42,10288865753.42,144432876.71,144432876.71,10000000000.00
Mar 29 2025,POL,10286630136.99,10286630136.99,143315068.49,143315068.49,10000000000.00
Mar 25 2025,POL,10284394520.55,10284394520.55,142197260.27,142197260.27,10000000000.00
Mar 20 2025,POL,10281600000.00,10281600000.00,140800000.00,140800000.00,10000000000.00
Mar 16 2025,POL,10279364383.56,10279364383.56,139682191.78,139682191.78,10000000000.00
Mar 12 2025,POL,10277128767.12,10277128767.12,138564383.56,138564383.56,10000000000.00
Mar 08 2025,POL,10274893150.68,10274893150.68,137446575.34,137446575.34,10000000000.00
Mar 04 2025,POL,10272657534.25,10272657534.25,136328767.12,136328767.12,10000000000.00
Feb 28 2025,POL,10270421917.81,10270421917.81,135210958.90,135210958.90,10000000000.00
Feb 24 2025,POL,10268186301.37,10268186301.37,134093150.68,134093150.68,10000000000.00
Feb 20 2025,POL,10265950684.93,10265950684.93,132975342.47,132975342.47,10000000000.00
Feb 16 2025,POL,10263715068.49,10263715068.49,131857534.25,131857534.25,10000000000.00
Feb 12 2025,POL,10261479452.05,10261479452.05,130739726.03,130739726.03,10000000000.00
Feb 07 2025,POL,10258684931.51,10258684931.51,129342465.75,129342465.75,10000000000.00
Feb 03 2025,POL,10256449315.07,10256449315.07,128224657.53,128224657.53,10000000000.00
Jan 30 2025,POL,10254213698.63,10254213698.63,127106849.32,127106849.32,10000000000.00
Jan 26 2025,POL,10251978082.19,10251978082.19,125989041.10,125989041.10,10000000000.00
Jan 22 2025,POL,10249742465.75,10249742465.75,124871232.88,124871232.88,10000000000.00
Jan 18 2025,POL,10247506849.32,10247506849.32,123753424.66,123753424.66,10000000000.00
Jan 14 2025,POL,10245271232.88,10245271232.88,122635616.44,122635616.44,10000000000.00
Jan 10 2025,POL,10243035616.44,10243035616.44,121517808.22,121517808.22,10000000000.00
Jan 06 2025,POL,10240800000.00,10240800000.00,120400000.00,120400000.00,10000000000.00
Jan 02 2025,POL,10238564383.56,10238564383.56,119282191.78,119282191.78,10000000000.00
Dec 28 2024,POL,10235769863.01,10235769863.01,117884931.51,117884931.51,10000000000.00
Dec 24 2024,POL,10233534246.58,10233534246.58,116767123.29,116767123.29,10000000000.00
Dec 20 2024,POL,10231298630.14,10231298630.14,115649315.07,115649315.07,10000000000.00
Dec 16 2024,POL,10229063013.70,10229063013.70,114531506.85,114531506.85,10000000000.00
Dec 12 2024,POL,10226827397.26,10226827397.26,113413698.63,113413698.63,10000000000.00
Dec 08 2024,POL,10224591780.82,10224591780.82,112295890.41,112295890.41,10000000000.00
Dec 04 2024,POL,10222356164.38,10222356164.38,111178082.19,111178082.19,10000000000.00
Nov 30 2024,POL,10220120547.95,10220120547.95,110060273.97,110060273.97,10000000000.00
Nov 26 2024,POL,10217884931.51,10217884931.51,108942465.75,108942465.75,10000000000.00
Nov 22 2024,POL,10215649315.07,10215649315.07,107824657.53,107824657.53,10000000000.00
Nov 17 2024,POL,10212854794.52,10212854794.52,106427397.26,106427397.26,10000000000.00
Nov 13 2024,POL,10210619178.08,10210619178.08,105309589.04,105309589.04,10000000000.00
Nov 09 2024,POL,10208383561.64,10208383561.64,104191780.82,104191780.82,10000000000.00
Nov 05 2024,POL,10206147945.21,10206147945.21,103073972.60,103073972.60,10000000000.00
Nov 01 2024,POL,10203912328.77,10203912328.77,101956164.38,101956164.38,10000000000.00
Oct 28 2024,POL,10201676712.33,10201676712.33,100838356.16,100838356.16,10000000000.00
Oct 24 2024,POL,10199453551.91,10199453551.91,99726775.96,99726775.96,10000000000.00
Oct 20 2024,POL,10197267759.56,10197267759.56,98633879.78,98633879.78,10000000000.00
Oct 16 2024,POL,10195081967.21,10195081967.21,97540983.61,97540983.61,10000000000.00
Oct 12 2024,POL,10192896174.86,10192896174.86,96448087.43,96448087.43,10000000000.00
Oct 07 2024,POL,10190163934.43,10190163934.43,95081967.21,95081967.21,10000000000.00
Oct 03 2024,POL,10187978142.08,10187978142.08,93989071.04,93989071.04,10000000000.00
Sep 29 2024,POL,10185792349.73,10185792349.73,92896174.86,92896174.86,10000000000.00
Sep 25 2024,POL,10183606557.38,10183606557.38,91803278.69,91803278.69,10000000000.00
Sep 21 2024,POL,10181420765.03,10181420765.03,90710382.51,90710382.51,10000000000.00
Sep 17 2024,POL,10179234972.68,10179234972.68,89617486.34,89617486.34,10000000000.00
Sep 13 2024,POL,10177049180.33,10177049180.33,88524590.16,88524590.16,10000000000.00
Sep 09 2024,POL,10174863387.98,10174863387.98,87431693.99,87431693.99,10000000000.00
Sep 05 2024,POL,10172677595.63,10172677595.63,86338797.81,86338797.81,10000000000.00
Sep 01 2024,POL,10170491803.28,10170491803.28,85245901.64,85245901.64,10000000000.00
Aug 27 2024,POL,10167759562.84,10167759562.84,83879781.42,83879781.42,10000000000.00
Aug 23 2024,POL,10165573770.49,10165573770.49,82786885.25,82786885.25,10000000000.00
Aug 19 2024,POL,10163387978.14,10163387978.14,81693989.07,81693989.07,10000000000.00
Aug 15 2024,POL,10161202185.79,10161202185.79,80601092.90,80601092.90,10000000000.00
Aug 11 2024,POL,10159016393.44,10159016393.44,79508196.72,79508196.72,10000000000.00
Aug 07 2024,POL,10156830601.09,10156830601.09,78415300.55,78415300.55,10000000000.00
Aug 03 2024,POL,10154644808.74,10154644808.74,77322404.37,77322404.37,10000000000.00
Jul 30 2024,POL,10152459016.39,10152459016.39,76229508.20,76229508.20,10000000000.00
Jul 26 2024,POL,10150273224.04,10150273224.04,75136612.02,75136612.02,10000000000.00
Jul 22 2024,POL,10148087431.69,10148087431.69,74043715.85,74043715.85,10000000000.00
Jul 17 2024,POL,10145355191.26,10145355191.26,72677595.63,72677595.63,10000000000.00
Jul 13 2024,POL,10143169398.91,10143169398.91,71584699.45,71584699.45,10000000000.00
Jul 09 2024,POL,10140983606.56,10140983606.56,70491803.28,70491803.28,10000000000.00
Jul 05 2024,POL,10138797814.21,10138797814.21,69398907.10,69398907.10,10000000000.00
Jul 01 2024,POL,10136612021.86,10136612021.86,68306010.93,68306010.93,10000000000.00
Jun 27 2024,POL,10134426229.51,10134426229.51,67213114.75,67213114.75,10000000000.00
Jun 23 2024,POL,10132240437.16,10132240437.16,66120218.58,66120218.58,10000000000.00
Jun 19 2024,POL,10130054644.81,10130054644.81,65027322.40,65027322.40,10000000000.00
Jun 15 2024,POL,10127868852.46,10127868852.46,63934426.23,63934426.23,10000000000.00
Jun 11 2024,POL,10125683060.11,10125683060.11,62841530.05,62841530.05,10000000000.00
Jun 06 2024,POL,10122950819.67,10122950819.67,61475409.84,61475409.84,10000000000.00
Jun 02 2024,POL,10120765027.32,10120765027.32,60382513.66,60382513.66,10000000000.00
May 29 2024,POL,10118579234.97,10118579234.97,59289617.49,59289617.49,10000000000.00
May 25 2024,POL,10116393442.62,10116393442.62,58196721.31,58196721.31,10000000000.00
May 21 2024,POL,10114207650.27,10114207650.27,57103825.14,57103825.14,10000000000.00
May 17 2024,POL,10112021857.92,10112021857.92,56010928.96,56010928.96,10000000000.00
May 13 2024,POL,10109836065.57,10109836065.57,54918032.79,54918032.79,10000000000.00
May 09 2024,POL,10107650273.22,10107650273.22,53825136.61,53825136.61,10000000000.00
May 05 2024,POL,10105464480.87,10105464480.87,52732240.44,52732240.44,10000000000.00
May 01 2024,POL,10103278688.52,10103278688.52,51639344.26,51639344.26,10000000000.00
Apr 26 2024,POL,10100546448.09,10100546448.09,50273224.04,50273224.04,10000000000.00
Apr 22 2024,POL,10098360655.74,10098360655.74,49180327.87,49180327.87,10000000000.00
Apr 18 2024,POL,10096174863.39,10096174863.39,48087431.69,48087431.69,10000000000.00
Apr 14 2024,POL,10093989071.04,10093989071.04,46994535.52,46994535.52,10000000000.00
Apr 10 2024,POL,10091803278.69,10091803278.69,45901639.34,45901639.34,10000000000.00
Apr 06 2024,POL,10089617486.34,10089617486.34,44808743.17,44808743.17,10000000000.00
Apr 02 2024,POL,10087431693.99,10087431693.99,43715846.99,43715846.99,10000000000.00
Mar 29 2024,POL,0,10085245901.64,42622950.82,42622950.82,10000000000.00
Mar 25 2024,POL,0,10083060109.29,41530054.64,41530054.64,10000000000.00
Mar 21 2024,POL,0,10080874316.94,40437158.47,40437158.47,10000000000.00
Mar 16 2024,POL,0,10078142076.50,39071038.25,39071038.25,10000000000.00
Mar 12 2024,POL,0,10075956284.15,37978142.08,37978142.08,10000000000.00
Mar 08 2024,POL,0,10073770491.80,36885245.90,36885245.90,10000000000.00
Mar 04 2024,POL,0,10071584699.45,35792349.73,35792349.73,10000000000.00
Feb 29 2024,POL,0,10069398907.10,34699453.55,34699453.55,10000000000.00
Feb 25 2024,POL,0,10067213114.75,33606557.38,33606557.38,10000000000.00
Feb 21 2024,POL,0,10065027322.40,32513661.20,32513661.20,10000000000.00
Feb 17 2024,POL,0,10062841530.05,31420765.03,31420765.03,10000000000.00
Feb 13 2024,POL,0,10060655737.70,30327868.85,30327868.85,10000000000.00
Feb 09 2024,POL,0,10058469945.36,29234972.68,29234972.68,10000000000.00
Feb 04 2024,POL,0,10055737704.92,27868852.46,27868852.46,10000000000.00
Jan 31 2024,POL,0,10053551912.57,26775956.28,26775956.28,10000000000.00
Jan 27 2024,POL,0,10051366120.22,25683060.11,25683060.11,10000000000.00
Jan 23 2024,POL,0,10049180327.87,24590163.93,24590163.93,10000000000.00
Jan 19 2024,POL,0,10046994535.52,23497267.76,23497267.76,10000000000.00
Jan 15 2024,POL,0,10044808743.17,22404371.58,22404371.58,10000000000.00
Jan 11 2024,POL,0,10042622950.82,21311475.41,21311475.41,10000000000.00
Jan 07 2024,POL,0,10040437158.47,20218579.23,20218579.23,10000000000.00
Jan 03 2024,POL,0,10038251366.12,19125683.06,19125683.06,10000000000.00
Dec 30 2023,POL,0,10036065573.77,18032786.89,18032786.89,10000000000.00
Dec 25 2023,POL,0,10033333333.33,16666666.67,16666666.67,10000000000.00
Dec 21 2023,POL,0,10031147540.98,15573770.49,15573770.49,10000000000.00
Dec 17 2023,POL,0,10028961748.63,14480874.32,14480874.32,10000000000.00
Dec 13 2023,POL,0,10026775956.28,13387978.14,13387978.14,10000000000.00
Dec 09 2023,POL,0,10024590163.93,12295081.97,12295081.97,10000000000.00
Dec 05 2023,POL,0,10022404371.58,11202185.79,11202185.79,10000000000.00
Dec 01 2023,POL,0,10020218579.23,10109289.62,10109289.62,10000000000.00
Nov 27 2023,POL,0,10018032786.89,9016393.44,9016393.44,10000000000.00
Nov 23 2023,POL,0,10015846994.54,7923497.27,7923497.27,10000000000.00
Nov 19 2023,POL,0,10013661202.19,6830601.09,6830601.09,10000000000.00
Nov 14 2023,POL,0,10010928961.75,5464480.87,5464480.87,10000000000.00
Nov 10 2023,POL,0,10008743169.40,4371584.70,4371584.70,10000000000.00
Nov 06 2023,POL,0,10006557377.05,3278688.52,3278688.52,10000000000.00
Nov 02 2023,POL,0,10004371584.70,2185792.35,2185792.35,10000000000.00
Oct 29 2023,POL,0,10002185792.35,1092896.17,1092896.17,10000000000.00
Oct 25 2023,POL,0,10000000000.00,0,0,10000000000.00
