Date,Symbol,Available Supply,Unlocked Supply,Post-Attack LUNA holders,Pre-Attack aUST holders,Post-Attack UST holders,Pre-Attack LUNA holders,Community Pool
May 27 2024,LUNA,1000000000.00,1000000000.00,100000000.00,100000000.00,150000000.00,350000000.00,300000000.00
May 26 2024,LUNA,999109090.91,999109090.91,99872727.27,99872727.27,149809090.91,349554545.45,300000000.00
May 25 2024,LUNA,998218181.82,998218181.82,99745454.55,99745454.55,149618181.82,349109090.91,300000000.00
May 25 2024,LUNA,998218181.82,998218181.82,99745454.55,99745454.55,149618181.82,349109090.91,300000000.00
May 24 2024,LUNA,997327272.73,997327272.73,99618181.82,99618181.82,149427272.73,348663636.36,300000000.00
May 23 2024,LUNA,996436363.64,996436363.64,99490909.09,99490909.09,149236363.64,348218181.82,300000000.00
May 22 2024,LUNA,995545454.55,995545454.55,99363636.36,99363636.36,149045454.55,347772727.27,300000000.00
May 21 2024,LUNA,994654545.45,994654545.45,99236363.64,99236363.64,148854545.45,347327272.73,300000000.00
May 20 2024,LUNA,993763636.36,993763636.36,99109090.91,99109090.91,148663636.36,346881818.18,300000000.00
May 20 2024,LUNA,993763636.36,993763636.36,99109090.91,99109090.91,148663636.36,346881818.18,300000000.00
May 19 2024,LUNA,992872727.27,992872727.27,98981818.18,98981818.18,148472727.27,346436363.64,300000000.00
May 18 2024,LUNA,991981818.18,991981818.18,98854545.45,98854545.45,148281818.18,345990909.09,300000000.00
May 17 2024,LUNA,991090909.09,991090909.09,98727272.73,98727272.73,148090909.09,345545454.55,300000000.00
May 16 2024,LUNA,990200000.00,990200000.00,98600000.00,98600000.00,147900000.00,345100000.00,300000000.00
May 16 2024,LUNA,990200000.00,990200000.00,98600000.00,98600000.00,147900000.00,345100000.00,300000000.00
May 15 2024,LUNA,989309090.91,989309090.91,98472727.27,98472727.27,147709090.91,344654545.45,300000000.00
May 14 2024,LUNA,988418181.82,988418181.82,98345454.55,98345454.55,147518181.82,344209090.91,300000000.00
May 13 2024,LUNA,987527272.73,987527272.73,98218181.82,98218181.82,147327272.73,343763636.36,300000000.00
May 12 2024,LUNA,986636363.64,986636363.64,98090909.09,98090909.09,147136363.64,343318181.82,300000000.00
May 11 2024,LUNA,985745454.55,985745454.55,97963636.36,97963636.36,146945454.55,342872727.27,300000000.00
May 11 2024,LUNA,985745454.55,985745454.55,97963636.36,97963636.36,146945454.55,342872727.27,300000000.00
May 10 2024,LUNA,984854545.45,984854545.45,97836363.64,97836363.64,146754545.45,342427272.73,300000000.00
May 09 2024,LUNA,983963636.36,983963636.36,97709090.91,97709090.91,146563636.36,341981818.18,300000000.00
May 08 2024,LUNA,983072727.27,983072727.27,97581818.18,97581818.18,146372727.27,341536363.64,300000000.00
May 07 2024,LUNA,982181818.18,982181818.18,97454545.45,97454545.45,146181818.18,341090909.09,300000000.00
May 07 2024,LUNA,982181818.18,982181818.18,97454545.45,97454545.45,146181818.18,341090909.09,300000000.00
May 06 2024,LUNA,981290909.09,981290909.09,97327272.73,97327272.73,145990909.09,340645454.55,300000000.00
May 05 2024,LUNA,980400000.00,980400000.00,97200000.00,97200000.00,145800000.00,340200000.00,300000000.00
May 04 2024,LUNA,979509090.91,979509090.91,97072727.27,97072727.27,145609090.91,339754545.45,300000000.00
May 03 2024,LUNA,978618181.82,978618181.82,96945454.55,96945454.55,145418181.82,339309090.91,300000000.00
May 02 2024,LUNA,977727272.73,977727272.73,96818181.82,96818181.82,145227272.73,338863636.36,300000000.00
May 02 2024,LUNA,977727272.73,977727272.73,96818181.82,96818181.82,145227272.73,338863636.36,300000000.00
May 01 2024,LUNA,976836363.64,976836363.64,96690909.09,96690909.09,145036363.64,338418181.82,300000000.00
Apr 30 2024,LUNA,975945454.55,975945454.55,96563636.36,96563636.36,144845454.55,337972727.27,300000000.00
Apr 29 2024,LUNA,975054545.45,975054545.45,96436363.64,96436363.64,144654545.45,337527272.73,300000000.00
Apr 28 2024,LUNA,974163636.36,974163636.36,96309090.91,96309090.91,144463636.36,337081818.18,300000000.00
Apr 28 2024,LUNA,974163636.36,974163636.36,96309090.91,96309090.91,144463636.36,337081818.18,300000000.00
Apr 27 2024,LUNA,973272727.27,973272727.27,96181818.18,96181818.18,144272727.27,336636363.64,300000000.00
Apr 26 2024,LUNA,972381818.18,972381818.18,96054545.45,96054545.45,144081818.18,336190909.09,300000000.00
Apr 25 2024,LUNA,971490909.09,971490909.09,95927272.73,95927272.73,143890909.09,335745454.55,300000000.00
Apr 24 2024,LUNA,970600000.00,970600000.00,95800000.00,95800000.00,143700000.00,335300000.00,300000000.00
Apr 23 2024,LUNA,969709090.91,969709090.91,95672727.27,95672727.27,143509090.91,334854545.45,300000000.00
Apr 23 2024,LUNA,969709090.91,969709090.91,95672727.27,95672727.27,143509090.91,334854545.45,300000000.00
Apr 22 2024,LUNA,968818181.82,968818181.82,95545454.55,95545454.55,143318181.82,334409090.91,300000000.00
Apr 21 2024,LUNA,967927272.73,967927272.73,95418181.82,95418181.82,143127272.73,333963636.36,300000000.00
Apr 20 2024,LUNA,967036363.64,967036363.64,95290909.09,95290909.09,142936363.64,333518181.82,300000000.00
Apr 19 2024,LUNA,966145454.55,966145454.55,95163636.36,95163636.36,142745454.55,333072727.27,300000000.00
Apr 18 2024,LUNA,965254545.45,965254545.45,95036363.64,95036363.64,142554545.45,332627272.73,300000000.00
Apr 18 2024,LUNA,965254545.45,965254545.45,95036363.64,95036363.64,142554545.45,332627272.73,300000000.00
Apr 17 2024,LUNA,964363636.36,964363636.36,94909090.91,94909090.91,142363636.36,332181818.18,300000000.00
Apr 16 2024,LUNA,963472727.27,963472727.27,94781818.18,94781818.18,142172727.27,331736363.64,300000000.00
Apr 15 2024,LUNA,962581818.18,962581818.18,94654545.45,94654545.45,141981818.18,331290909.09,300000000.00
Apr 14 2024,LUNA,961690909.09,961690909.09,94527272.73,94527272.73,141790909.09,330845454.55,300000000.00
Apr 14 2024,LUNA,961690909.09,961690909.09,94527272.73,94527272.73,141790909.09,330845454.55,300000000.00
Apr 13 2024,LUNA,960800000.00,960800000.00,94400000.00,94400000.00,141600000.00,330400000.00,300000000.00
Apr 12 2024,LUNA,959909090.91,959909090.91,94272727.27,94272727.27,141409090.91,329954545.45,300000000.00
Apr 11 2024,LUNA,959018181.82,959018181.82,94145454.55,94145454.55,141218181.82,329509090.91,300000000.00
Apr 10 2024,LUNA,958127272.73,958127272.73,94018181.82,94018181.82,141027272.73,329063636.36,300000000.00
Apr 09 2024,LUNA,957236363.64,957236363.64,93890909.09,93890909.09,140836363.64,328618181.82,300000000.00
Apr 09 2024,LUNA,957236363.64,957236363.64,93890909.09,93890909.09,140836363.64,328618181.82,300000000.00
Apr 08 2024,LUNA,956345454.55,956345454.55,93763636.36,93763636.36,140645454.55,328172727.27,300000000.00
Apr 07 2024,LUNA,955454545.45,955454545.45,93636363.64,93636363.64,140454545.45,327727272.73,300000000.00
Apr 06 2024,LUNA,954563636.36,954563636.36,93509090.91,93509090.91,140263636.36,327281818.18,300000000.00
Apr 05 2024,LUNA,953672727.27,953672727.27,93381818.18,93381818.18,140072727.27,326836363.64,300000000.00
Apr 05 2024,LUNA,953672727.27,953672727.27,93381818.18,93381818.18,140072727.27,326836363.64,300000000.00
Apr 04 2024,LUNA,952781818.18,952781818.18,93254545.45,93254545.45,139881818.18,326390909.09,300000000.00
Apr 03 2024,LUNA,951890909.09,951890909.09,93127272.73,93127272.73,139690909.09,325945454.55,300000000.00
Apr 02 2024,LUNA,951000000.00,951000000.00,93000000.00,93000000.00,139500000.00,325500000.00,300000000.00
Apr 01 2024,LUNA,950109090.91,950109090.91,92872727.27,92872727.27,139309090.91,325054545.45,300000000.00
Mar 31 2024,LUNA,949218181.82,949218181.82,92745454.55,92745454.55,139118181.82,324609090.91,300000000.00
Mar 31 2024,LUNA,949218181.82,949218181.82,92745454.55,92745454.55,139118181.82,324609090.91,300000000.00
Mar 30 2024,LUNA,0,948327272.73,92618181.82,92618181.82,138927272.73,324163636.36,300000000.00
Mar 29 2024,LUNA,0,947436363.64,92490909.09,92490909.09,138736363.64,323718181.82,300000000.00
Mar 28 2024,LUNA,0,946545454.55,92363636.36,92363636.36,138545454.55,323272727.27,300000000.00
Mar 27 2024,LUNA,0,945654545.45,92236363.64,92236363.64,138354545.45,322827272.73,300000000.00
Mar 27 2024,LUNA,0,945654545.45,92236363.64,92236363.64,138354545.45,322827272.73,300000000.00
Mar 26 2024,LUNA,0,944763636.36,92109090.91,92109090.91,138163636.36,322381818.18,300000000.00
Mar 25 2024,LUNA,0,943872727.27,91981818.18,91981818.18,137972727.27,321936363.64,300000000.00
Mar 24 2024,LUNA,0,942981818.18,91854545.45,91854545.45,137781818.18,321490909.09,300000000.00
Mar 23 2024,LUNA,0,942090909.09,91727272.73,91727272.73,137590909.09,321045454.55,300000000.00
Mar 22 2024,LUNA,0,941200000.00,91600000.00,91600000.00,137400000.00,320600000.00,300000000.00
Mar 22 2024,LUNA,0,941200000.00,91600000.00,91600000.00,137400000.00,320600000.00,300000000.00
Mar 21 2024,LUNA,0,940309090.91,91472727.27,91472727.27,137209090.91,320154545.45,300000000.00
Mar 20 2024,LUNA,0,939418181.82,91345454.55,91345454.55,137018181.82,319709090.91,300000000.00
Mar 19 2024,LUNA,0,938527272.73,91218181.82,91218181.82,136827272.73,319263636.36,300000000.00
Mar 18 2024,LUNA,0,937636363.64,91090909.09,91090909.09,136636363.64,318818181.82,300000000.00
Mar 18 2024,LUNA,0,937636363.64,91090909.09,91090909.09,136636363.64,318818181.82,300000000.00
Mar 17 2024,LUNA,0,936745454.55,90963636.36,90963636.36,136445454.55,318372727.27,300000000.00
Mar 16 2024,LUNA,0,935854545.45,90836363.64,90836363.64,136254545.45,317927272.73,300000000.00
Mar 15 2024,LUNA,0,934963636.36,90709090.91,90709090.91,136063636.36,317481818.18,300000000.00
Mar 14 2024,LUNA,0,934072727.27,90581818.18,90581818.18,135872727.27,317036363.64,300000000.00
Mar 13 2024,LUNA,0,933181818.18,90454545.45,90454545.45,135681818.18,316590909.09,300000000.00
Mar 13 2024,LUNA,0,933181818.18,90454545.45,90454545.45,135681818.18,316590909.09,300000000.00
Mar 12 2024,LUNA,0,932290909.09,90327272.73,90327272.73,135490909.09,316145454.55,300000000.00
Mar 11 2024,LUNA,0,931400000.00,90200000.00,90200000.00,135300000.00,315700000.00,300000000.00
Mar 10 2024,LUNA,0,930509090.91,90072727.27,90072727.27,135109090.91,315254545.45,300000000.00
Mar 09 2024,LUNA,0,929618181.82,89945454.55,89945454.55,134918181.82,314809090.91,300000000.00
Mar 09 2024,LUNA,0,929618181.82,89945454.55,89945454.55,134918181.82,314809090.91,300000000.00
Mar 08 2024,LUNA,0,928727272.73,89818181.82,89818181.82,134727272.73,314363636.36,300000000.00
Mar 07 2024,LUNA,0,927836363.64,89690909.09,89690909.09,134536363.64,313918181.82,300000000.00
Mar 06 2024,LUNA,0,926945454.55,89563636.36,89563636.36,134345454.55,313472727.27,300000000.00
Mar 05 2024,LUNA,0,926054545.45,89436363.64,89436363.64,134154545.45,313027272.73,300000000.00
Mar 04 2024,LUNA,0,925163636.36,89309090.91,89309090.91,133963636.36,312581818.18,300000000.00
Mar 04 2024,LUNA,0,925163636.36,89309090.91,89309090.91,133963636.36,312581818.18,300000000.00
Mar 03 2024,LUNA,0,924272727.27,89181818.18,89181818.18,133772727.27,312136363.64,300000000.00
Mar 02 2024,LUNA,0,923381818.18,89054545.45,89054545.45,133581818.18,311690909.09,300000000.00
Mar 01 2024,LUNA,0,922490909.09,88927272.73,88927272.73,133390909.09,311245454.55,300000000.00
Feb 29 2024,LUNA,0,921600000.00,88800000.00,88800000.00,133200000.00,310800000.00,300000000.00
Feb 29 2024,LUNA,0,921600000.00,88800000.00,88800000.00,133200000.00,310800000.00,300000000.00
Feb 28 2024,LUNA,0,920709090.91,88672727.27,88672727.27,133009090.91,310354545.45,300000000.00
Feb 27 2024,LUNA,0,919818181.82,88545454.55,88545454.55,132818181.82,309909090.91,300000000.00
Feb 26 2024,LUNA,0,918927272.73,88418181.82,88418181.82,132627272.73,309463636.36,300000000.00
Feb 25 2024,LUNA,0,918036363.64,88290909.09,88290909.09,132436363.64,309018181.82,300000000.00
Feb 24 2024,LUNA,0,917145454.55,88163636.36,88163636.36,132245454.55,308572727.27,300000000.00
Feb 24 2024,LUNA,0,917145454.55,88163636.36,88163636.36,132245454.55,308572727.27,300000000.00
Feb 23 2024,LUNA,0,916254545.45,88036363.64,88036363.64,132054545.45,308127272.73,300000000.00
Feb 22 2024,LUNA,0,915363636.36,87909090.91,87909090.91,131863636.36,307681818.18,300000000.00
Feb 21 2024,LUNA,0,914472727.27,87781818.18,87781818.18,131672727.27,307236363.64,300000000.00
Feb 20 2024,LUNA,0,913581818.18,87654545.45,87654545.45,131481818.18,306790909.09,300000000.00
Feb 20 2024,LUNA,0,913581818.18,87654545.45,87654545.45,131481818.18,306790909.09,300000000.00
Feb 19 2024,LUNA,0,912690909.09,87527272.73,87527272.73,131290909.09,306345454.55,300000000.00
Feb 18 2024,LUNA,0,911800000.00,87400000.00,87400000.00,131100000.00,305900000.00,300000000.00
Feb 17 2024,LUNA,0,910909090.91,87272727.27,87272727.27,130909090.91,305454545.45,300000000.00
Feb 16 2024,LUNA,0,910018181.82,87145454.55,87145454.55,130718181.82,305009090.91,300000000.00
Feb 15 2024,LUNA,0,909127272.73,87018181.82,87018181.82,130527272.73,304563636.36,300000000.00
Feb 15 2024,LUNA,0,909127272.73,87018181.82,87018181.82,130527272.73,304563636.36,300000000.00
Feb 14 2024,LUNA,0,908236363.64,86890909.09,86890909.09,130336363.64,304118181.82,300000000.00
Feb 13 2024,LUNA,0,907345454.55,86763636.36,86763636.36,130145454.55,303672727.27,300000000.00
Feb 12 2024,LUNA,0,906454545.45,86636363.64,86636363.64,129954545.45,303227272.73,300000000.00
Feb 11 2024,LUNA,0,905563636.36,86509090.91,86509090.91,129763636.36,302781818.18,300000000.00
Feb 10 2024,LUNA,0,904672727.27,86381818.18,86381818.18,129572727.27,302336363.64,300000000.00
Feb 10 2024,LUNA,0,904672727.27,86381818.18,86381818.18,129572727.27,302336363.64,300000000.00
Feb 09 2024,LUNA,0,903781818.18,86254545.45,86254545.45,129381818.18,301890909.09,300000000.00
Feb 08 2024,LUNA,0,902890909.09,86127272.73,86127272.73,129190909.09,301445454.55,300000000.00
Feb 07 2024,LUNA,0,902000000.00,86000000.00,86000000.00,129000000.00,301000000.00,300000000.00
Feb 06 2024,LUNA,0,901109090.91,85872727.27,85872727.27,128809090.91,300554545.45,300000000.00
Feb 06 2024,LUNA,0,901109090.91,85872727.27,85872727.27,128809090.91,300554545.45,300000000.00
Feb 05 2024,LUNA,0,900218181.82,85745454.55,85745454.55,128618181.82,300109090.91,300000000.00
Feb 04 2024,LUNA,0,899327272.73,85618181.82,85618181.82,128427272.73,299663636.36,300000000.00
Feb 03 2024,LUNA,0,898436363.64,85490909.09,85490909.09,128236363.64,299218181.82,300000000.00
Feb 02 2024,LUNA,0,897545454.55,85363636.36,85363636.36,128045454.55,298772727.27,300000000.00
Feb 01 2024,LUNA,0,896654545.45,85236363.64,85236363.64,127854545.45,298327272.73,300000000.00
Feb 01 2024,LUNA,0,896654545.45,85236363.64,85236363.64,127854545.45,298327272.73,300000000.00
Jan 31 2024,LUNA,0,895763636.36,85109090.91,85109090.91,127663636.36,297881818.18,300000000.00
Jan 30 2024,LUNA,0,894872727.27,84981818.18,84981818.18,127472727.27,297436363.64,300000000.00
Jan 29 2024,LUNA,0,893981818.18,84854545.45,84854545.45,127281818.18,296990909.09,300000000.00
Jan 28 2024,LUNA,0,893090909.09,84727272.73,84727272.73,127090909.09,296545454.55,300000000.00
Jan 28 2024,LUNA,0,893090909.09,84727272.73,84727272.73,127090909.09,296545454.55,300000000.00
Jan 27 2024,LUNA,0,892200000.00,84600000.00,84600000.00,126900000.00,296100000.00,300000000.00
Jan 26 2024,LUNA,0,891309090.91,84472727.27,84472727.27,126709090.91,295654545.45,300000000.00
Jan 25 2024,LUNA,0,890418181.82,84345454.55,84345454.55,126518181.82,295209090.91,300000000.00
Jan 24 2024,LUNA,0,889527272.73,84218181.82,84218181.82,126327272.73,294763636.36,300000000.00
Jan 23 2024,LUNA,0,888636363.64,84090909.09,84090909.09,126136363.64,294318181.82,300000000.00
Jan 23 2024,LUNA,0,888636363.64,84090909.09,84090909.09,126136363.64,294318181.82,300000000.00
Jan 22 2024,LUNA,0,887745454.55,83963636.36,83963636.36,125945454.55,293872727.27,300000000.00
Jan 21 2024,LUNA,0,886854545.45,83836363.64,83836363.64,125754545.45,293427272.73,300000000.00
Jan 20 2024,LUNA,0,885963636.36,83709090.91,83709090.91,125563636.36,292981818.18,300000000.00
Jan 19 2024,LUNA,0,885072727.27,83581818.18,83581818.18,125372727.27,292536363.64,300000000.00
Jan 19 2024,LUNA,0,885072727.27,83581818.18,83581818.18,125372727.27,292536363.64,300000000.00
Jan 18 2024,LUNA,0,884181818.18,83454545.45,83454545.45,125181818.18,292090909.09,300000000.00
Jan 17 2024,LUNA,0,883290909.09,83327272.73,83327272.73,124990909.09,291645454.55,300000000.00
Jan 16 2024,LUNA,0,882400000.00,83200000.00,83200000.00,124800000.00,291200000.00,300000000.00
Jan 15 2024,LUNA,0,881509090.91,83072727.27,83072727.27,124609090.91,290754545.45,300000000.00
Jan 14 2024,LUNA,0,880618181.82,82945454.55,82945454.55,124418181.82,290309090.91,300000000.00
Jan 14 2024,LUNA,0,880618181.82,82945454.55,82945454.55,124418181.82,290309090.91,300000000.00
Jan 13 2024,LUNA,0,879727272.73,82818181.82,82818181.82,124227272.73,289863636.36,300000000.00
Jan 12 2024,LUNA,0,878836363.64,82690909.09,82690909.09,124036363.64,289418181.82,300000000.00
Jan 11 2024,LUNA,0,877945454.55,82563636.36,82563636.36,123845454.55,288972727.27,300000000.00
Jan 10 2024,LUNA,0,877054545.45,82436363.64,82436363.64,123654545.45,288527272.73,300000000.00
Jan 10 2024,LUNA,0,877054545.45,82436363.64,82436363.64,123654545.45,288527272.73,300000000.00
Jan 09 2024,LUNA,0,876163636.36,82309090.91,82309090.91,123463636.36,288081818.18,300000000.00
Jan 08 2024,LUNA,0,875272727.27,82181818.18,82181818.18,123272727.27,287636363.64,300000000.00
Jan 07 2024,LUNA,0,874381818.18,82054545.45,82054545.45,123081818.18,287190909.09,300000000.00
Jan 06 2024,LUNA,0,873490909.09,81927272.73,81927272.73,122890909.09,286745454.55,300000000.00
Jan 05 2024,LUNA,0,872600000.00,81800000.00,81800000.00,122700000.00,286300000.00,300000000.00
Jan 05 2024,LUNA,0,872600000.00,81800000.00,81800000.00,122700000.00,286300000.00,300000000.00
Jan 04 2024,LUNA,0,871709090.91,81672727.27,81672727.27,122509090.91,285854545.45,300000000.00
Jan 03 2024,LUNA,0,870818181.82,81545454.55,81545454.55,122318181.82,285409090.91,300000000.00
Jan 02 2024,LUNA,0,869927272.73,81418181.82,81418181.82,122127272.73,284963636.36,300000000.00
Jan 01 2024,LUNA,0,869036363.64,81290909.09,81290909.09,121936363.64,284518181.82,300000000.00
Jan 01 2024,LUNA,0,869036363.64,81290909.09,81290909.09,121936363.64,284518181.82,300000000.00
Dec 31 2023,LUNA,0,868145454.55,81163636.36,81163636.36,121745454.55,284072727.27,300000000.00
Dec 30 2023,LUNA,0,867254545.45,81036363.64,81036363.64,121554545.45,283627272.73,300000000.00
Dec 29 2023,LUNA,0,866363636.36,80909090.91,80909090.91,121363636.36,283181818.18,300000000.00
Dec 28 2023,LUNA,0,865472727.27,80781818.18,80781818.18,121172727.27,282736363.64,300000000.00
Dec 27 2023,LUNA,0,864581818.18,80654545.45,80654545.45,120981818.18,282290909.09,300000000.00
Dec 27 2023,LUNA,0,864581818.18,80654545.45,80654545.45,120981818.18,282290909.09,300000000.00
Dec 26 2023,LUNA,0,863690909.09,80527272.73,80527272.73,120790909.09,281845454.55,300000000.00
Dec 25 2023,LUNA,0,862800000.00,80400000.00,80400000.00,120600000.00,281400000.00,300000000.00
Dec 24 2023,LUNA,0,861909090.91,80272727.27,80272727.27,120409090.91,280954545.45,300000000.00
Dec 23 2023,LUNA,0,861018181.82,80145454.55,80145454.55,120218181.82,280509090.91,300000000.00
Dec 23 2023,LUNA,0,861018181.82,80145454.55,80145454.55,120218181.82,280509090.91,300000000.00
Dec 22 2023,LUNA,0,860127272.73,80018181.82,80018181.82,120027272.73,280063636.36,300000000.00
Dec 21 2023,LUNA,0,859236363.64,79890909.09,79890909.09,119836363.64,279618181.82,300000000.00
Dec 20 2023,LUNA,0,858345454.55,79763636.36,79763636.36,119645454.55,279172727.27,300000000.00
Dec 19 2023,LUNA,0,857454545.45,79636363.64,79636363.64,119454545.45,278727272.73,300000000.00
Dec 18 2023,LUNA,0,856563636.36,79509090.91,79509090.91,119263636.36,278281818.18,300000000.00
Dec 18 2023,LUNA,0,856563636.36,79509090.91,79509090.91,119263636.36,278281818.18,300000000.00
Dec 17 2023,LUNA,0,855672727.27,79381818.18,79381818.18,119072727.27,277836363.64,300000000.00
Dec 16 2023,LUNA,0,854781818.18,79254545.45,79254545.45,118881818.18,277390909.09,300000000.00
Dec 15 2023,LUNA,0,853890909.09,79127272.73,79127272.73,118690909.09,276945454.55,300000000.00
Dec 14 2023,LUNA,0,853000000.00,79000000.00,79000000.00,118500000.00,276500000.00,300000000.00
Dec 14 2023,LUNA,0,853000000.00,79000000.00,79000000.00,118500000.00,276500000.00,300000000.00
Dec 13 2023,LUNA,0,852109090.91,78872727.27,78872727.27,118309090.91,276054545.45,300000000.00
Dec 12 2023,LUNA,0,851218181.82,78745454.55,78745454.55,118118181.82,275609090.91,300000000.00
Dec 11 2023,LUNA,0,850327272.73,78618181.82,78618181.82,117927272.73,275163636.36,300000000.00
Dec 10 2023,LUNA,0,849436363.64,78490909.09,78490909.09,117736363.64,274718181.82,300000000.00
Dec 09 2023,LUNA,0,848545454.55,78363636.36,78363636.36,117545454.55,274272727.27,300000000.00
Dec 09 2023,LUNA,0,848545454.55,78363636.36,78363636.36,117545454.55,274272727.27,300000000.00
Dec 08 2023,LUNA,0,847654545.45,78236363.64,78236363.64,117354545.45,273827272.73,300000000.00
Dec 07 2023,LUNA,0,846763636.36,78109090.91,78109090.91,117163636.36,273381818.18,300000000.00
Dec 06 2023,LUNA,0,845872727.27,77981818.18,77981818.18,116972727.27,272936363.64,300000000.00
Dec 05 2023,LUNA,0,844981818.18,77854545.45,77854545.45,116781818.18,272490909.09,300000000.00
Dec 04 2023,LUNA,0,844090909.09,77727272.73,77727272.73,116590909.09,272045454.55,300000000.00
Dec 04 2023,LUNA,0,844090909.09,77727272.73,77727272.73,116590909.09,272045454.55,300000000.00
Dec 03 2023,LUNA,0,843200000.00,77600000.00,77600000.00,116400000.00,271600000.00,300000000.00
Dec 02 2023,LUNA,0,842309090.91,77472727.27,77472727.27,116209090.91,271154545.45,300000000.00
Dec 01 2023,LUNA,0,841418181.82,77345454.55,77345454.55,116018181.82,270709090.91,300000000.00
Nov 30 2023,LUNA,0,840527272.73,77218181.82,77218181.82,115827272.73,270263636.36,300000000.00
Nov 30 2023,LUNA,0,840527272.73,77218181.82,77218181.82,115827272.73,270263636.36,300000000.00
Nov 29 2023,LUNA,0,839636363.64,77090909.09,77090909.09,115636363.64,269818181.82,300000000.00
Nov 28 2023,LUNA,0,838745454.55,76963636.36,76963636.36,115445454.55,269372727.27,300000000.00
Nov 27 2023,LUNA,0,837854545.45,76836363.64,76836363.64,115254545.45,268927272.73,300000000.00
Nov 26 2023,LUNA,0,836963636.36,76709090.91,76709090.91,115063636.36,268481818.18,300000000.00
Nov 25 2023,LUNA,0,836072727.27,76581818.18,76581818.18,114872727.27,268036363.64,300000000.00
Nov 25 2023,LUNA,0,836072727.27,76581818.18,76581818.18,114872727.27,268036363.64,300000000.00
Nov 24 2023,LUNA,0,835181818.18,76454545.45,76454545.45,114681818.18,267590909.09,300000000.00
Nov 23 2023,LUNA,0,834290909.09,76327272.73,76327272.73,114490909.09,267145454.55,300000000.00
Nov 22 2023,LUNA,0,833400000.00,76200000.00,76200000.00,114300000.00,266700000.00,300000000.00
Nov 21 2023,LUNA,0,832509090.91,76072727.27,76072727.27,114109090.91,266254545.45,300000000.00
Nov 21 2023,LUNA,0,832509090.91,76072727.27,76072727.27,114109090.91,266254545.45,300000000.00
Nov 20 2023,LUNA,0,831618181.82,75945454.55,75945454.55,113918181.82,265809090.91,300000000.00
Nov 19 2023,LUNA,0,830727272.73,75818181.82,75818181.82,113727272.73,265363636.36,300000000.00
Nov 18 2023,LUNA,0,829836363.64,75690909.09,75690909.09,113536363.64,264918181.82,300000000.00
Nov 17 2023,LUNA,0,828945454.55,75563636.36,75563636.36,113345454.55,264472727.27,300000000.00
Nov 16 2023,LUNA,0,828054545.45,75436363.64,75436363.64,113154545.45,264027272.73,300000000.00
Nov 16 2023,LUNA,0,828054545.45,75436363.64,75436363.64,113154545.45,264027272.73,300000000.00
Nov 15 2023,LUNA,0,827163636.36,75309090.91,75309090.91,112963636.36,263581818.18,300000000.00
Nov 14 2023,LUNA,0,826272727.27,75181818.18,75181818.18,112772727.27,263136363.64,300000000.00
Nov 13 2023,LUNA,0,825381818.18,75054545.45,75054545.45,112581818.18,262690909.09,300000000.00
Nov 12 2023,LUNA,0,824490909.09,74927272.73,74927272.73,112390909.09,262245454.55,300000000.00
Nov 12 2023,LUNA,0,824490909.09,74927272.73,74927272.73,112390909.09,262245454.55,300000000.00
Nov 11 2023,LUNA,0,823600000.00,74800000.00,74800000.00,112200000.00,261800000.00,300000000.00
Nov 10 2023,LUNA,0,822709090.91,74672727.27,74672727.27,112009090.91,261354545.45,300000000.00
Nov 09 2023,LUNA,0,821818181.82,74545454.55,74545454.55,111818181.82,260909090.91,300000000.00
Nov 08 2023,LUNA,0,820927272.73,74418181.82,74418181.82,111627272.73,260463636.36,300000000.00
Nov 07 2023,LUNA,0,820036363.64,74290909.09,74290909.09,111436363.64,260018181.82,300000000.00
Nov 07 2023,LUNA,0,820036363.64,74290909.09,74290909.09,111436363.64,260018181.82,300000000.00
Nov 06 2023,LUNA,0,819145454.55,74163636.36,74163636.36,111245454.55,259572727.27,300000000.00
Nov 05 2023,LUNA,0,818254545.45,74036363.64,74036363.64,111054545.45,259127272.73,300000000.00
Nov 04 2023,LUNA,0,817363636.36,73909090.91,73909090.91,110863636.36,258681818.18,300000000.00
Nov 03 2023,LUNA,0,816472727.27,73781818.18,73781818.18,110672727.27,258236363.64,300000000.00
Nov 03 2023,LUNA,0,816472727.27,73781818.18,73781818.18,110672727.27,258236363.64,300000000.00
Nov 02 2023,LUNA,0,815581818.18,73654545.45,73654545.45,110481818.18,257790909.09,300000000.00
Nov 01 2023,LUNA,0,814690909.09,73527272.73,73527272.73,110290909.09,257345454.55,300000000.00
Oct 31 2023,LUNA,0,813800000.00,73400000.00,73400000.00,110100000.00,256900000.00,300000000.00
Oct 30 2023,LUNA,0,812909090.91,73272727.27,73272727.27,109909090.91,256454545.45,300000000.00
Oct 29 2023,LUNA,0,812018181.82,73145454.55,73145454.55,109718181.82,256009090.91,300000000.00
Oct 29 2023,LUNA,0,812018181.82,73145454.55,73145454.55,109718181.82,256009090.91,300000000.00
Oct 28 2023,LUNA,0,811127272.73,73018181.82,73018181.82,109527272.73,255563636.36,300000000.00
Oct 27 2023,LUNA,0,810236363.64,72890909.09,72890909.09,109336363.64,255118181.82,300000000.00
Oct 26 2023,LUNA,0,809345454.55,72763636.36,72763636.36,109145454.55,254672727.27,300000000.00
Oct 25 2023,LUNA,0,808454545.45,72636363.64,72636363.64,108954545.45,254227272.73,300000000.00
Oct 25 2023,LUNA,0,808454545.45,72636363.64,72636363.64,108954545.45,254227272.73,300000000.00
Oct 24 2023,LUNA,0,807563636.36,72509090.91,72509090.91,108763636.36,253781818.18,300000000.00
Oct 23 2023,LUNA,0,806672727.27,72381818.18,72381818.18,108572727.27,253336363.64,300000000.00
Oct 22 2023,LUNA,0,805781818.18,72254545.45,72254545.45,108381818.18,252890909.09,300000000.00
Oct 21 2023,LUNA,0,804890909.09,72127272.73,72127272.73,108190909.09,252445454.55,300000000.00
Oct 20 2023,LUNA,0,804000000.00,72000000.00,72000000.00,108000000.00,252000000.00,300000000.00
Oct 20 2023,LUNA,0,804000000.00,72000000.00,72000000.00,108000000.00,252000000.00,300000000.00
Oct 19 2023,LUNA,0,803109090.91,71872727.27,71872727.27,107809090.91,251554545.45,300000000.00
Oct 18 2023,LUNA,0,802218181.82,71745454.55,71745454.55,107618181.82,251109090.91,300000000.00
Oct 17 2023,LUNA,0,801327272.73,71618181.82,71618181.82,107427272.73,250663636.36,300000000.00
Oct 16 2023,LUNA,0,800436363.64,71490909.09,71490909.09,107236363.64,250218181.82,300000000.00
Oct 16 2023,LUNA,0,800436363.64,71490909.09,71490909.09,107236363.64,250218181.82,300000000.00
Oct 15 2023,LUNA,0,799545454.55,71363636.36,71363636.36,107045454.55,249772727.27,300000000.00
Oct 14 2023,LUNA,0,798654545.45,71236363.64,71236363.64,106854545.45,249327272.73,300000000.00
Oct 13 2023,LUNA,0,797763636.36,71109090.91,71109090.91,106663636.36,248881818.18,300000000.00
Oct 12 2023,LUNA,0,796872727.27,70981818.18,70981818.18,106472727.27,248436363.64,300000000.00
Oct 11 2023,LUNA,0,795981818.18,70854545.45,70854545.45,106281818.18,247990909.09,300000000.00
Oct 11 2023,LUNA,0,795981818.18,70854545.45,70854545.45,106281818.18,247990909.09,300000000.00
Oct 10 2023,LUNA,0,795090909.09,70727272.73,70727272.73,106090909.09,247545454.55,300000000.00
Oct 09 2023,LUNA,0,794200000.00,70600000.00,70600000.00,105900000.00,247100000.00,300000000.00
Oct 08 2023,LUNA,0,793309090.91,70472727.27,70472727.27,105709090.91,246654545.45,300000000.00
Oct 07 2023,LUNA,0,792418181.82,70345454.55,70345454.55,105518181.82,246209090.91,300000000.00
Oct 06 2023,LUNA,0,791527272.73,70218181.82,70218181.82,105327272.73,245763636.36,300000000.00
Oct 06 2023,LUNA,0,791527272.73,70218181.82,70218181.82,105327272.73,245763636.36,300000000.00
Oct 05 2023,LUNA,0,790636363.64,70090909.09,70090909.09,105136363.64,245318181.82,300000000.00
Oct 04 2023,LUNA,0,789745454.55,69963636.36,69963636.36,104945454.55,244872727.27,300000000.00
Oct 03 2023,LUNA,0,788854545.45,69836363.64,69836363.64,104754545.45,244427272.73,300000000.00
Oct 02 2023,LUNA,0,787963636.36,69709090.91,69709090.91,104563636.36,243981818.18,300000000.00
Oct 02 2023,LUNA,0,787963636.36,69709090.91,69709090.91,104563636.36,243981818.18,300000000.00
Oct 01 2023,LUNA,0,787072727.27,69581818.18,69581818.18,104372727.27,243536363.64,300000000.00
Sep 30 2023,LUNA,0,786181818.18,69454545.45,69454545.45,104181818.18,243090909.09,300000000.00
Sep 29 2023,LUNA,0,785290909.09,69327272.73,69327272.73,103990909.09,242645454.55,300000000.00
Sep 28 2023,LUNA,0,784400000.00,69200000.00,69200000.00,103800000.00,242200000.00,300000000.00
Sep 27 2023,LUNA,0,783509090.91,69072727.27,69072727.27,103609090.91,241754545.45,300000000.00
Sep 27 2023,LUNA,0,783509090.91,69072727.27,69072727.27,103609090.91,241754545.45,300000000.00
Sep 26 2023,LUNA,0,782618181.82,68945454.55,68945454.55,103418181.82,241309090.91,300000000.00
Sep 25 2023,LUNA,0,781727272.73,68818181.82,68818181.82,103227272.73,240863636.36,300000000.00
Sep 24 2023,LUNA,0,780836363.64,68690909.09,68690909.09,103036363.64,240418181.82,300000000.00
Sep 23 2023,LUNA,0,779945454.55,68563636.36,68563636.36,102845454.55,239972727.27,300000000.00
Sep 23 2023,LUNA,0,779945454.55,68563636.36,68563636.36,102845454.55,239972727.27,300000000.00
Sep 22 2023,LUNA,0,779054545.45,68436363.64,68436363.64,102654545.45,239527272.73,300000000.00
Sep 21 2023,LUNA,0,778163636.36,68309090.91,68309090.91,102463636.36,239081818.18,300000000.00
Sep 20 2023,LUNA,0,777272727.27,68181818.18,68181818.18,102272727.27,238636363.64,300000000.00
Sep 19 2023,LUNA,0,776381818.18,68054545.45,68054545.45,102081818.18,238190909.09,300000000.00
Sep 18 2023,LUNA,0,775490909.09,67927272.73,67927272.73,101890909.09,237745454.55,300000000.00
Sep 18 2023,LUNA,0,775490909.09,67927272.73,67927272.73,101890909.09,237745454.55,300000000.00
Sep 17 2023,LUNA,0,774600000.00,67800000.00,67800000.00,101700000.00,237300000.00,300000000.00
Sep 16 2023,LUNA,0,773709090.91,67672727.27,67672727.27,101509090.91,236854545.45,300000000.00
Sep 15 2023,LUNA,0,772818181.82,67545454.55,67545454.55,101318181.82,236409090.91,300000000.00
Sep 14 2023,LUNA,0,771927272.73,67418181.82,67418181.82,101127272.73,235963636.36,300000000.00
Sep 14 2023,LUNA,0,771927272.73,67418181.82,67418181.82,101127272.73,235963636.36,300000000.00
Sep 13 2023,LUNA,0,771036363.64,67290909.09,67290909.09,100936363.64,235518181.82,300000000.00
Sep 12 2023,LUNA,0,770145454.55,67163636.36,67163636.36,100745454.55,235072727.27,300000000.00
Sep 11 2023,LUNA,0,769254545.45,67036363.64,67036363.64,100554545.45,234627272.73,300000000.00
Sep 10 2023,LUNA,0,768363636.36,66909090.91,66909090.91,100363636.36,234181818.18,300000000.00
Sep 09 2023,LUNA,0,767472727.27,66781818.18,66781818.18,100172727.27,233736363.64,300000000.00
Sep 09 2023,LUNA,0,767472727.27,66781818.18,66781818.18,100172727.27,233736363.64,300000000.00
Sep 08 2023,LUNA,0,766581818.18,66654545.45,66654545.45,99981818.18,233290909.09,300000000.00
Sep 07 2023,LUNA,0,765690909.09,66527272.73,66527272.73,99790909.09,232845454.55,300000000.00
Sep 06 2023,LUNA,0,764800000.00,66400000.00,66400000.00,99600000.00,232400000.00,300000000.00
Sep 05 2023,LUNA,0,763909090.91,66272727.27,66272727.27,99409090.91,231954545.45,300000000.00
Sep 05 2023,LUNA,0,763909090.91,66272727.27,66272727.27,99409090.91,231954545.45,300000000.00
Sep 04 2023,LUNA,0,763018181.82,66145454.55,66145454.55,99218181.82,231509090.91,300000000.00
Sep 03 2023,LUNA,0,762127272.73,66018181.82,66018181.82,99027272.73,231063636.36,300000000.00
Sep 02 2023,LUNA,0,761236363.64,65890909.09,65890909.09,98836363.64,230618181.82,300000000.00
Sep 01 2023,LUNA,0,760345454.55,65763636.36,65763636.36,98645454.55,230172727.27,300000000.00
Aug 31 2023,LUNA,0,759454545.45,65636363.64,65636363.64,98454545.45,229727272.73,300000000.00
Aug 31 2023,LUNA,0,759454545.45,65636363.64,65636363.64,98454545.45,229727272.73,300000000.00
Aug 30 2023,LUNA,0,758563636.36,65509090.91,65509090.91,98263636.36,229281818.18,300000000.00
Aug 29 2023,LUNA,0,757672727.27,65381818.18,65381818.18,98072727.27,228836363.64,300000000.00
Aug 28 2023,LUNA,0,756781818.18,65254545.45,65254545.45,97881818.18,228390909.09,300000000.00
Aug 27 2023,LUNA,0,755890909.09,65127272.73,65127272.73,97690909.09,227945454.55,300000000.00
Aug 27 2023,LUNA,0,755890909.09,65127272.73,65127272.73,97690909.09,227945454.55,300000000.00
Aug 26 2023,LUNA,0,755000000.00,65000000.00,65000000.00,97500000.00,227500000.00,300000000.00
Aug 25 2023,LUNA,0,754109090.91,64872727.27,64872727.27,97309090.91,227054545.45,300000000.00
Aug 24 2023,LUNA,0,753218181.82,64745454.55,64745454.55,97118181.82,226609090.91,300000000.00
Aug 23 2023,LUNA,0,752327272.73,64618181.82,64618181.82,96927272.73,226163636.36,300000000.00
Aug 22 2023,LUNA,0,751436363.64,64490909.09,64490909.09,96736363.64,225718181.82,300000000.00
Aug 22 2023,LUNA,0,751436363.64,64490909.09,64490909.09,96736363.64,225718181.82,300000000.00
Aug 21 2023,LUNA,0,750545454.55,64363636.36,64363636.36,96545454.55,225272727.27,300000000.00
Aug 20 2023,LUNA,0,749654545.45,64236363.64,64236363.64,96354545.45,224827272.73,300000000.00
Aug 19 2023,LUNA,0,748763636.36,64109090.91,64109090.91,96163636.36,224381818.18,300000000.00
Aug 18 2023,LUNA,0,747872727.27,63981818.18,63981818.18,95972727.27,223936363.64,300000000.00
Aug 18 2023,LUNA,0,747872727.27,63981818.18,63981818.18,95972727.27,223936363.64,300000000.00
Aug 17 2023,LUNA,0,746981818.18,63854545.45,63854545.45,95781818.18,223490909.09,300000000.00
Aug 16 2023,LUNA,0,746090909.09,63727272.73,63727272.73,95590909.09,223045454.55,300000000.00
Aug 15 2023,LUNA,0,745200000.00,63600000.00,63600000.00,95400000.00,222600000.00,300000000.00
Aug 14 2023,LUNA,0,744309090.91,63472727.27,63472727.27,95209090.91,222154545.45,300000000.00
Aug 13 2023,LUNA,0,743418181.82,63345454.55,63345454.55,95018181.82,221709090.91,300000000.00
Aug 13 2023,LUNA,0,743418181.82,63345454.55,63345454.55,95018181.82,221709090.91,300000000.00
Aug 12 2023,LUNA,0,742527272.73,63218181.82,63218181.82,94827272.73,221263636.36,300000000.00
Aug 11 2023,LUNA,0,741636363.64,63090909.09,63090909.09,94636363.64,220818181.82,300000000.00
Aug 10 2023,LUNA,0,740745454.55,62963636.36,62963636.36,94445454.55,220372727.27,300000000.00
Aug 09 2023,LUNA,0,739854545.45,62836363.64,62836363.64,94254545.45,219927272.73,300000000.00
Aug 09 2023,LUNA,0,739854545.45,62836363.64,62836363.64,94254545.45,219927272.73,300000000.00
Aug 08 2023,LUNA,0,738963636.36,62709090.91,62709090.91,94063636.36,219481818.18,300000000.00
Aug 07 2023,LUNA,0,738072727.27,62581818.18,62581818.18,93872727.27,219036363.64,300000000.00
Aug 06 2023,LUNA,0,737181818.18,62454545.45,62454545.45,93681818.18,218590909.09,300000000.00
Aug 05 2023,LUNA,0,736290909.09,62327272.73,62327272.73,93490909.09,218145454.55,300000000.00
Aug 04 2023,LUNA,0,735400000.00,62200000.00,62200000.00,93300000.00,217700000.00,300000000.00
Aug 04 2023,LUNA,0,735400000.00,62200000.00,62200000.00,93300000.00,217700000.00,300000000.00
Aug 03 2023,LUNA,0,734509090.91,62072727.27,62072727.27,93109090.91,217254545.45,300000000.00
Aug 02 2023,LUNA,0,733618181.82,61945454.55,61945454.55,92918181.82,216809090.91,300000000.00
Aug 01 2023,LUNA,0,732727272.73,61818181.82,61818181.82,92727272.73,216363636.36,300000000.00
Jul 31 2023,LUNA,0,731836363.64,61690909.09,61690909.09,92536363.64,215918181.82,300000000.00
Jul 30 2023,LUNA,0,730945454.55,61563636.36,61563636.36,92345454.55,215472727.27,300000000.00
Jul 30 2023,LUNA,0,730945454.55,61563636.36,61563636.36,92345454.55,215472727.27,300000000.00
Jul 29 2023,LUNA,0,730054545.45,61436363.64,61436363.64,92154545.45,215027272.73,300000000.00
Jul 28 2023,LUNA,0,729163636.36,61309090.91,61309090.91,91963636.36,214581818.18,300000000.00
Jul 27 2023,LUNA,0,728272727.27,61181818.18,61181818.18,91772727.27,214136363.64,300000000.00
Jul 26 2023,LUNA,0,727381818.18,61054545.45,61054545.45,91581818.18,213690909.09,300000000.00
Jul 26 2023,LUNA,0,727381818.18,61054545.45,61054545.45,91581818.18,213690909.09,300000000.00
Jul 25 2023,LUNA,0,726490909.09,60927272.73,60927272.73,91390909.09,213245454.55,300000000.00
Jul 24 2023,LUNA,0,725600000.00,60800000.00,60800000.00,91200000.00,212800000.00,300000000.00
Jul 23 2023,LUNA,0,724709090.91,60672727.27,60672727.27,91009090.91,212354545.45,300000000.00
Jul 22 2023,LUNA,0,723818181.82,60545454.55,60545454.55,90818181.82,211909090.91,300000000.00
Jul 21 2023,LUNA,0,722927272.73,60418181.82,60418181.82,90627272.73,211463636.36,300000000.00
Jul 21 2023,LUNA,0,722927272.73,60418181.82,60418181.82,90627272.73,211463636.36,300000000.00
Jul 20 2023,LUNA,0,722036363.64,60290909.09,60290909.09,90436363.64,211018181.82,300000000.00
Jul 19 2023,LUNA,0,721145454.55,60163636.36,60163636.36,90245454.55,210572727.27,300000000.00
Jul 18 2023,LUNA,0,720254545.45,60036363.64,60036363.64,90054545.45,210127272.73,300000000.00
Jul 17 2023,LUNA,0,719363636.36,59909090.91,59909090.91,89863636.36,209681818.18,300000000.00
Jul 17 2023,LUNA,0,719363636.36,59909090.91,59909090.91,89863636.36,209681818.18,300000000.00
Jul 16 2023,LUNA,0,718472727.27,59781818.18,59781818.18,89672727.27,209236363.64,300000000.00
Jul 15 2023,LUNA,0,717581818.18,59654545.45,59654545.45,89481818.18,208790909.09,300000000.00
Jul 14 2023,LUNA,0,716690909.09,59527272.73,59527272.73,89290909.09,208345454.55,300000000.00
Jul 13 2023,LUNA,0,715800000.00,59400000.00,59400000.00,89100000.00,207900000.00,300000000.00
Jul 12 2023,LUNA,0,714909090.91,59272727.27,59272727.27,88909090.91,207454545.45,300000000.00
Jul 12 2023,LUNA,0,714909090.91,59272727.27,59272727.27,88909090.91,207454545.45,300000000.00
Jul 11 2023,LUNA,0,714018181.82,59145454.55,59145454.55,88718181.82,207009090.91,300000000.00
Jul 10 2023,LUNA,0,713127272.73,59018181.82,59018181.82,88527272.73,206563636.36,300000000.00
Jul 09 2023,LUNA,0,712236363.64,58890909.09,58890909.09,88336363.64,206118181.82,300000000.00
Jul 08 2023,LUNA,0,711345454.55,58763636.36,58763636.36,88145454.55,205672727.27,300000000.00
Jul 08 2023,LUNA,0,711345454.55,58763636.36,58763636.36,88145454.55,205672727.27,300000000.00
Jul 07 2023,LUNA,0,710454545.45,58636363.64,58636363.64,87954545.45,205227272.73,300000000.00
Jul 06 2023,LUNA,0,709563636.36,58509090.91,58509090.91,87763636.36,204781818.18,300000000.00
Jul 05 2023,LUNA,0,708672727.27,58381818.18,58381818.18,87572727.27,204336363.64,300000000.00
Jul 04 2023,LUNA,0,707781818.18,58254545.45,58254545.45,87381818.18,203890909.09,300000000.00
Jul 03 2023,LUNA,0,706890909.09,58127272.73,58127272.73,87190909.09,203445454.55,300000000.00
Jul 03 2023,LUNA,0,706890909.09,58127272.73,58127272.73,87190909.09,203445454.55,300000000.00
Jul 02 2023,LUNA,0,706000000.00,58000000.00,58000000.00,87000000.00,203000000.00,300000000.00
Jul 01 2023,LUNA,0,705109090.91,57872727.27,57872727.27,86809090.91,202554545.45,300000000.00
Jun 30 2023,LUNA,0,704218181.82,57745454.55,57745454.55,86618181.82,202109090.91,300000000.00
Jun 29 2023,LUNA,0,703327272.73,57618181.82,57618181.82,86427272.73,201663636.36,300000000.00
Jun 29 2023,LUNA,0,703327272.73,57618181.82,57618181.82,86427272.73,201663636.36,300000000.00
Jun 28 2023,LUNA,0,702436363.64,57490909.09,57490909.09,86236363.64,201218181.82,300000000.00
Jun 27 2023,LUNA,0,701545454.55,57363636.36,57363636.36,86045454.55,200772727.27,300000000.00
Jun 26 2023,LUNA,0,700654545.45,57236363.64,57236363.64,85854545.45,200327272.73,300000000.00
Jun 25 2023,LUNA,0,699763636.36,57109090.91,57109090.91,85663636.36,199881818.18,300000000.00
Jun 24 2023,LUNA,0,698872727.27,56981818.18,56981818.18,85472727.27,199436363.64,300000000.00
Jun 24 2023,LUNA,0,698872727.27,56981818.18,56981818.18,85472727.27,199436363.64,300000000.00
Jun 23 2023,LUNA,0,697981818.18,56854545.45,56854545.45,85281818.18,198990909.09,300000000.00
Jun 22 2023,LUNA,0,697090909.09,56727272.73,56727272.73,85090909.09,198545454.55,300000000.00
Jun 21 2023,LUNA,0,696200000.00,56600000.00,56600000.00,84900000.00,198100000.00,300000000.00
Jun 20 2023,LUNA,0,695309090.91,56472727.27,56472727.27,84709090.91,197654545.45,300000000.00
Jun 20 2023,LUNA,0,695309090.91,56472727.27,56472727.27,84709090.91,197654545.45,300000000.00
Jun 19 2023,LUNA,0,694418181.82,56345454.55,56345454.55,84518181.82,197209090.91,300000000.00
Jun 18 2023,LUNA,0,693527272.73,56218181.82,56218181.82,84327272.73,196763636.36,300000000.00
Jun 17 2023,LUNA,0,692636363.64,56090909.09,56090909.09,84136363.64,196318181.82,300000000.00
Jun 16 2023,LUNA,0,691745454.55,55963636.36,55963636.36,83945454.55,195872727.27,300000000.00
Jun 15 2023,LUNA,0,690854545.45,55836363.64,55836363.64,83754545.45,195427272.73,300000000.00
Jun 15 2023,LUNA,0,690854545.45,55836363.64,55836363.64,83754545.45,195427272.73,300000000.00
Jun 14 2023,LUNA,0,689963636.36,55709090.91,55709090.91,83563636.36,194981818.18,300000000.00
Jun 13 2023,LUNA,0,689072727.27,55581818.18,55581818.18,83372727.27,194536363.64,300000000.00
Jun 12 2023,LUNA,0,688181818.18,55454545.45,55454545.45,83181818.18,194090909.09,300000000.00
Jun 11 2023,LUNA,0,687290909.09,55327272.73,55327272.73,82990909.09,193645454.55,300000000.00
Jun 11 2023,LUNA,0,687290909.09,55327272.73,55327272.73,82990909.09,193645454.55,300000000.00
Jun 10 2023,LUNA,0,686400000.00,55200000.00,55200000.00,82800000.00,193200000.00,300000000.00
Jun 09 2023,LUNA,0,685509090.91,55072727.27,55072727.27,82609090.91,192754545.45,300000000.00
Jun 08 2023,LUNA,0,684618181.82,54945454.55,54945454.55,82418181.82,192309090.91,300000000.00
Jun 07 2023,LUNA,0,683727272.73,54818181.82,54818181.82,82227272.73,191863636.36,300000000.00
Jun 06 2023,LUNA,0,682836363.64,54690909.09,54690909.09,82036363.64,191418181.82,300000000.00
Jun 06 2023,LUNA,0,682836363.64,54690909.09,54690909.09,82036363.64,191418181.82,300000000.00
Jun 05 2023,LUNA,0,681945454.55,54563636.36,54563636.36,81845454.55,190972727.27,300000000.00
Jun 04 2023,LUNA,0,681054545.45,54436363.64,54436363.64,81654545.45,190527272.73,300000000.00
Jun 03 2023,LUNA,0,680163636.36,54309090.91,54309090.91,81463636.36,190081818.18,300000000.00
Jun 02 2023,LUNA,0,679272727.27,54181818.18,54181818.18,81272727.27,189636363.64,300000000.00
Jun 02 2023,LUNA,0,679272727.27,54181818.18,54181818.18,81272727.27,189636363.64,300000000.00
Jun 01 2023,LUNA,0,678381818.18,54054545.45,54054545.45,81081818.18,189190909.09,300000000.00
May 31 2023,LUNA,0,677490909.09,53927272.73,53927272.73,80890909.09,188745454.55,300000000.00
May 30 2023,LUNA,0,676600000.00,53800000.00,53800000.00,80700000.00,188300000.00,300000000.00
May 29 2023,LUNA,0,675709090.91,53672727.27,53672727.27,80509090.91,187854545.45,300000000.00
May 28 2023,LUNA,0,674818181.82,53545454.55,53545454.55,80318181.82,187409090.91,300000000.00
May 28 2023,LUNA,0,674818181.82,53545454.55,53545454.55,80318181.82,187409090.91,300000000.00
May 27 2023,LUNA,0,673927272.73,53418181.82,53418181.82,80127272.73,186963636.36,300000000.00
May 26 2023,LUNA,0,673036363.64,53290909.09,53290909.09,79936363.64,186518181.82,300000000.00
May 25 2023,LUNA,0,672145454.55,53163636.36,53163636.36,79745454.55,186072727.27,300000000.00
May 24 2023,LUNA,0,671254545.45,53036363.64,53036363.64,79554545.45,185627272.73,300000000.00
May 23 2023,LUNA,0,670363636.36,52909090.91,52909090.91,79363636.36,185181818.18,300000000.00
May 23 2023,LUNA,0,670363636.36,52909090.91,52909090.91,79363636.36,185181818.18,300000000.00
May 22 2023,LUNA,0,669472727.27,52781818.18,52781818.18,79172727.27,184736363.64,300000000.00
May 21 2023,LUNA,0,668581818.18,52654545.45,52654545.45,78981818.18,184290909.09,300000000.00
May 20 2023,LUNA,0,667690909.09,52527272.73,52527272.73,78790909.09,183845454.55,300000000.00
May 19 2023,LUNA,0,666800000.00,52400000.00,52400000.00,78600000.00,183400000.00,300000000.00
May 19 2023,LUNA,0,666800000.00,52400000.00,52400000.00,78600000.00,183400000.00,300000000.00
May 18 2023,LUNA,0,665909090.91,52272727.27,52272727.27,78409090.91,182954545.45,300000000.00
May 17 2023,LUNA,0,665018181.82,52145454.55,52145454.55,78218181.82,182509090.91,300000000.00
May 16 2023,LUNA,0,664127272.73,52018181.82,52018181.82,78027272.73,182063636.36,300000000.00
May 15 2023,LUNA,0,663236363.64,51890909.09,51890909.09,77836363.64,181618181.82,300000000.00
May 14 2023,LUNA,0,662345454.55,51763636.36,51763636.36,77645454.55,181172727.27,300000000.00
May 14 2023,LUNA,0,662345454.55,51763636.36,51763636.36,77645454.55,181172727.27,300000000.00
May 13 2023,LUNA,0,661454545.45,51636363.64,51636363.64,77454545.45,180727272.73,300000000.00
May 12 2023,LUNA,0,660563636.36,51509090.91,51509090.91,77263636.36,180281818.18,300000000.00
May 11 2023,LUNA,0,659672727.27,51381818.18,51381818.18,77072727.27,179836363.64,300000000.00
May 10 2023,LUNA,0,658781818.18,51254545.45,51254545.45,76881818.18,179390909.09,300000000.00
May 10 2023,LUNA,0,658781818.18,51254545.45,51254545.45,76881818.18,179390909.09,300000000.00
May 09 2023,LUNA,0,657890909.09,51127272.73,51127272.73,76690909.09,178945454.55,300000000.00
May 09 2023,LUNA,0,657890909.09,51127272.73,51127272.73,76690909.09,178945454.55,300000000.00
May 08 2023,LUNA,0,657000000.00,51000000.00,51000000.00,76500000.00,178500000.00,300000000.00
May 07 2023,LUNA,0,656109090.91,50872727.27,50872727.27,76309090.91,178054545.45,300000000.00
May 06 2023,LUNA,0,655218181.82,50745454.55,50745454.55,76118181.82,177609090.91,300000000.00
May 05 2023,LUNA,0,654327272.73,50618181.82,50618181.82,75927272.73,177163636.36,300000000.00
May 05 2023,LUNA,0,654327272.73,50618181.82,50618181.82,75927272.73,177163636.36,300000000.00
May 04 2023,LUNA,0,653436363.64,50490909.09,50490909.09,75736363.64,176718181.82,300000000.00
May 03 2023,LUNA,0,652545454.55,50363636.36,50363636.36,75545454.55,176272727.27,300000000.00
May 02 2023,LUNA,0,651654545.45,50236363.64,50236363.64,75354545.45,175827272.73,300000000.00
May 01 2023,LUNA,0,650763636.36,50109090.91,50109090.91,75163636.36,175381818.18,300000000.00
May 01 2023,LUNA,0,650763636.36,50109090.91,50109090.91,75163636.36,175381818.18,300000000.00
Apr 30 2023,LUNA,0,649872727.27,49981818.18,49981818.18,74972727.27,174936363.64,300000000.00
Apr 29 2023,LUNA,0,648981818.18,49854545.45,49854545.45,74781818.18,174490909.09,300000000.00
Apr 28 2023,LUNA,0,648090909.09,49727272.73,49727272.73,74590909.09,174045454.55,300000000.00
Apr 27 2023,LUNA,0,647200000.00,49600000.00,49600000.00,74400000.00,173600000.00,300000000.00
Apr 26 2023,LUNA,0,646309090.91,49472727.27,49472727.27,74209090.91,173154545.45,300000000.00
Apr 26 2023,LUNA,0,646309090.91,49472727.27,49472727.27,74209090.91,173154545.45,300000000.00
Apr 25 2023,LUNA,0,645418181.82,49345454.55,49345454.55,74018181.82,172709090.91,300000000.00
Apr 24 2023,LUNA,0,644527272.73,49218181.82,49218181.82,73827272.73,172263636.36,300000000.00
Apr 23 2023,LUNA,0,643636363.64,49090909.09,49090909.09,73636363.64,171818181.82,300000000.00
Apr 22 2023,LUNA,0,642745454.55,48963636.36,48963636.36,73445454.55,171372727.27,300000000.00
Apr 22 2023,LUNA,0,642745454.55,48963636.36,48963636.36,73445454.55,171372727.27,300000000.00
Apr 21 2023,LUNA,0,641854545.45,48836363.64,48836363.64,73254545.45,170927272.73,300000000.00
Apr 20 2023,LUNA,0,640963636.36,48709090.91,48709090.91,73063636.36,170481818.18,300000000.00
Apr 19 2023,LUNA,0,640072727.27,48581818.18,48581818.18,72872727.27,170036363.64,300000000.00
Apr 18 2023,LUNA,0,639181818.18,48454545.45,48454545.45,72681818.18,169590909.09,300000000.00
Apr 17 2023,LUNA,0,638290909.09,48327272.73,48327272.73,72490909.09,169145454.55,300000000.00
Apr 17 2023,LUNA,0,638290909.09,48327272.73,48327272.73,72490909.09,169145454.55,300000000.00
Apr 16 2023,LUNA,0,637400000.00,48200000.00,48200000.00,72300000.00,168700000.00,300000000.00
Apr 15 2023,LUNA,0,636509090.91,48072727.27,48072727.27,72109090.91,168254545.45,300000000.00
Apr 14 2023,LUNA,0,635618181.82,47945454.55,47945454.55,71918181.82,167809090.91,300000000.00
Apr 13 2023,LUNA,0,634727272.73,47818181.82,47818181.82,71727272.73,167363636.36,300000000.00
Apr 13 2023,LUNA,0,634727272.73,47818181.82,47818181.82,71727272.73,167363636.36,300000000.00
Apr 12 2023,LUNA,0,633836363.64,47690909.09,47690909.09,71536363.64,166918181.82,300000000.00
Apr 11 2023,LUNA,0,632945454.55,47563636.36,47563636.36,71345454.55,166472727.27,300000000.00
Apr 10 2023,LUNA,0,632054545.45,47436363.64,47436363.64,71154545.45,166027272.73,300000000.00
Apr 09 2023,LUNA,0,631163636.36,47309090.91,47309090.91,70963636.36,165581818.18,300000000.00
Apr 08 2023,LUNA,0,630272727.27,47181818.18,47181818.18,70772727.27,165136363.64,300000000.00
Apr 08 2023,LUNA,0,630272727.27,47181818.18,47181818.18,70772727.27,165136363.64,300000000.00
Apr 07 2023,LUNA,0,629381818.18,47054545.45,47054545.45,70581818.18,164690909.09,300000000.00
Apr 06 2023,LUNA,0,628490909.09,46927272.73,46927272.73,70390909.09,164245454.55,300000000.00
Apr 05 2023,LUNA,0,627600000.00,46800000.00,46800000.00,70200000.00,163800000.00,300000000.00
Apr 04 2023,LUNA,0,626709090.91,46672727.27,46672727.27,70009090.91,163354545.45,300000000.00
Apr 04 2023,LUNA,0,626709090.91,46672727.27,46672727.27,70009090.91,163354545.45,300000000.00
Apr 03 2023,LUNA,0,625818181.82,46545454.55,46545454.55,69818181.82,162909090.91,300000000.00
Apr 02 2023,LUNA,0,624927272.73,46418181.82,46418181.82,69627272.73,162463636.36,300000000.00
Apr 01 2023,LUNA,0,624036363.64,46290909.09,46290909.09,69436363.64,162018181.82,300000000.00
Mar 31 2023,LUNA,0,623145454.55,46163636.36,46163636.36,69245454.55,161572727.27,300000000.00
Mar 30 2023,LUNA,0,622254545.45,46036363.64,46036363.64,69054545.45,161127272.73,300000000.00
Mar 30 2023,LUNA,0,622254545.45,46036363.64,46036363.64,69054545.45,161127272.73,300000000.00
Mar 29 2023,LUNA,0,621363636.36,45909090.91,45909090.91,68863636.36,160681818.18,300000000.00
Mar 28 2023,LUNA,0,620472727.27,45781818.18,45781818.18,68672727.27,160236363.64,300000000.00
Mar 27 2023,LUNA,0,619581818.18,45654545.45,45654545.45,68481818.18,159790909.09,300000000.00
Mar 26 2023,LUNA,0,618690909.09,45527272.73,45527272.73,68290909.09,159345454.55,300000000.00
Mar 26 2023,LUNA,0,618690909.09,45527272.73,45527272.73,68290909.09,159345454.55,300000000.00
Mar 25 2023,LUNA,0,617800000.00,45400000.00,45400000.00,68100000.00,158900000.00,300000000.00
Mar 24 2023,LUNA,0,616909090.91,45272727.27,45272727.27,67909090.91,158454545.45,300000000.00
Mar 23 2023,LUNA,0,616018181.82,45145454.55,45145454.55,67718181.82,158009090.91,300000000.00
Mar 22 2023,LUNA,0,615127272.73,45018181.82,45018181.82,67527272.73,157563636.36,300000000.00
Mar 21 2023,LUNA,0,614236363.64,44890909.09,44890909.09,67336363.64,157118181.82,300000000.00
Mar 21 2023,LUNA,0,614236363.64,44890909.09,44890909.09,67336363.64,157118181.82,300000000.00
Mar 20 2023,LUNA,0,613345454.55,44763636.36,44763636.36,67145454.55,156672727.27,300000000.00
Mar 19 2023,LUNA,0,612454545.45,44636363.64,44636363.64,66954545.45,156227272.73,300000000.00
Mar 18 2023,LUNA,0,611563636.36,44509090.91,44509090.91,66763636.36,155781818.18,300000000.00
Mar 17 2023,LUNA,0,610672727.27,44381818.18,44381818.18,66572727.27,155336363.64,300000000.00
Mar 16 2023,LUNA,0,609781818.18,44254545.45,44254545.45,66381818.18,154890909.09,300000000.00
Mar 16 2023,LUNA,0,609781818.18,44254545.45,44254545.45,66381818.18,154890909.09,300000000.00
Mar 15 2023,LUNA,0,608890909.09,44127272.73,44127272.73,66190909.09,154445454.55,300000000.00
Mar 14 2023,LUNA,0,608000000.00,44000000.00,44000000.00,66000000.00,154000000.00,300000000.00
Mar 13 2023,LUNA,0,607109090.91,43872727.27,43872727.27,65809090.91,153554545.45,300000000.00
Mar 12 2023,LUNA,0,606218181.82,43745454.55,43745454.55,65618181.82,153109090.91,300000000.00
Mar 12 2023,LUNA,0,606218181.82,43745454.55,43745454.55,65618181.82,153109090.91,300000000.00
Mar 11 2023,LUNA,0,605327272.73,43618181.82,43618181.82,65427272.73,152663636.36,300000000.00
Mar 10 2023,LUNA,0,604436363.64,43490909.09,43490909.09,65236363.64,152218181.82,300000000.00
Mar 09 2023,LUNA,0,603545454.55,43363636.36,43363636.36,65045454.55,151772727.27,300000000.00
Mar 08 2023,LUNA,0,602654545.45,43236363.64,43236363.64,64854545.45,151327272.73,300000000.00
Mar 07 2023,LUNA,0,601763636.36,43109090.91,43109090.91,64663636.36,150881818.18,300000000.00
Mar 07 2023,LUNA,0,601763636.36,43109090.91,43109090.91,64663636.36,150881818.18,300000000.00
Mar 06 2023,LUNA,0,600872727.27,42981818.18,42981818.18,64472727.27,150436363.64,300000000.00
Mar 05 2023,LUNA,0,599981818.18,42854545.45,42854545.45,64281818.18,149990909.09,300000000.00
Mar 04 2023,LUNA,0,599090909.09,42727272.73,42727272.73,64090909.09,149545454.55,300000000.00
Mar 03 2023,LUNA,0,598200000.00,42600000.00,42600000.00,63900000.00,149100000.00,300000000.00
Mar 03 2023,LUNA,0,598200000.00,42600000.00,42600000.00,63900000.00,149100000.00,300000000.00
Mar 02 2023,LUNA,0,597309090.91,42472727.27,42472727.27,63709090.91,148654545.45,300000000.00
Mar 01 2023,LUNA,0,596418181.82,42345454.55,42345454.55,63518181.82,148209090.91,300000000.00
Feb 28 2023,LUNA,0,595527272.73,42218181.82,42218181.82,63327272.73,147763636.36,300000000.00
Feb 27 2023,LUNA,0,594636363.64,42090909.09,42090909.09,63136363.64,147318181.82,300000000.00
Feb 26 2023,LUNA,0,593745454.55,41963636.36,41963636.36,62945454.55,146872727.27,300000000.00
Feb 26 2023,LUNA,0,593745454.55,41963636.36,41963636.36,62945454.55,146872727.27,300000000.00
Feb 25 2023,LUNA,0,592854545.45,41836363.64,41836363.64,62754545.45,146427272.73,300000000.00
Feb 24 2023,LUNA,0,591963636.36,41709090.91,41709090.91,62563636.36,145981818.18,300000000.00
Feb 23 2023,LUNA,0,591072727.27,41581818.18,41581818.18,62372727.27,145536363.64,300000000.00
Feb 22 2023,LUNA,0,590181818.18,41454545.45,41454545.45,62181818.18,145090909.09,300000000.00
Feb 22 2023,LUNA,0,590181818.18,41454545.45,41454545.45,62181818.18,145090909.09,300000000.00
Feb 21 2023,LUNA,0,589290909.09,41327272.73,41327272.73,61990909.09,144645454.55,300000000.00
Feb 20 2023,LUNA,0,588400000.00,41200000.00,41200000.00,61800000.00,144200000.00,300000000.00
Feb 19 2023,LUNA,0,587509090.91,41072727.27,41072727.27,61609090.91,143754545.45,300000000.00
Feb 18 2023,LUNA,0,586618181.82,40945454.55,40945454.55,61418181.82,143309090.91,300000000.00
Feb 17 2023,LUNA,0,585727272.73,40818181.82,40818181.82,61227272.73,142863636.36,300000000.00
Feb 17 2023,LUNA,0,585727272.73,40818181.82,40818181.82,61227272.73,142863636.36,300000000.00
Feb 16 2023,LUNA,0,584836363.64,40690909.09,40690909.09,61036363.64,142418181.82,300000000.00
Feb 15 2023,LUNA,0,583945454.55,40563636.36,40563636.36,60845454.55,141972727.27,300000000.00
Feb 14 2023,LUNA,0,583054545.45,40436363.64,40436363.64,60654545.45,141527272.73,300000000.00
Feb 13 2023,LUNA,0,582163636.36,40309090.91,40309090.91,60463636.36,141081818.18,300000000.00
Feb 13 2023,LUNA,0,582163636.36,40309090.91,40309090.91,60463636.36,141081818.18,300000000.00
Feb 12 2023,LUNA,0,581272727.27,40181818.18,40181818.18,60272727.27,140636363.64,300000000.00
Feb 11 2023,LUNA,0,580381818.18,40054545.45,40054545.45,60081818.18,140190909.09,300000000.00
Feb 10 2023,LUNA,0,579490909.09,39927272.73,39927272.73,59890909.09,139745454.55,300000000.00
Feb 09 2023,LUNA,0,578600000.00,39800000.00,39800000.00,59700000.00,139300000.00,300000000.00
Feb 08 2023,LUNA,0,577709090.91,39672727.27,39672727.27,59509090.91,138854545.45,300000000.00
Feb 08 2023,LUNA,0,577709090.91,39672727.27,39672727.27,59509090.91,138854545.45,300000000.00
Feb 07 2023,LUNA,0,576818181.82,39545454.55,39545454.55,59318181.82,138409090.91,300000000.00
Feb 06 2023,LUNA,0,575927272.73,39418181.82,39418181.82,59127272.73,137963636.36,300000000.00
Feb 05 2023,LUNA,0,575036363.64,39290909.09,39290909.09,58936363.64,137518181.82,300000000.00
Feb 04 2023,LUNA,0,574145454.55,39163636.36,39163636.36,58745454.55,137072727.27,300000000.00
Feb 04 2023,LUNA,0,574145454.55,39163636.36,39163636.36,58745454.55,137072727.27,300000000.00
Feb 03 2023,LUNA,0,573254545.45,39036363.64,39036363.64,58554545.45,136627272.73,300000000.00
Feb 02 2023,LUNA,0,572363636.36,38909090.91,38909090.91,58363636.36,136181818.18,300000000.00
Feb 01 2023,LUNA,0,571472727.27,38781818.18,38781818.18,58172727.27,135736363.64,300000000.00
Jan 31 2023,LUNA,0,570581818.18,38654545.45,38654545.45,57981818.18,135290909.09,300000000.00
Jan 30 2023,LUNA,0,569690909.09,38527272.73,38527272.73,57790909.09,134845454.55,300000000.00
Jan 30 2023,LUNA,0,569690909.09,38527272.73,38527272.73,57790909.09,134845454.55,300000000.00
Jan 29 2023,LUNA,0,568800000.00,38400000.00,38400000.00,57600000.00,134400000.00,300000000.00
Jan 28 2023,LUNA,0,567909090.91,38272727.27,38272727.27,57409090.91,133954545.45,300000000.00
Jan 27 2023,LUNA,0,567018181.82,38145454.55,38145454.55,57218181.82,133509090.91,300000000.00
Jan 26 2023,LUNA,0,566127272.73,38018181.82,38018181.82,57027272.73,133063636.36,300000000.00
Jan 26 2023,LUNA,0,566127272.73,38018181.82,38018181.82,57027272.73,133063636.36,300000000.00
Jan 25 2023,LUNA,0,565236363.64,37890909.09,37890909.09,56836363.64,132618181.82,300000000.00
Jan 24 2023,LUNA,0,564345454.55,37763636.36,37763636.36,56645454.55,132172727.27,300000000.00
Jan 23 2023,LUNA,0,563454545.45,37636363.64,37636363.64,56454545.45,131727272.73,300000000.00
Jan 22 2023,LUNA,0,562563636.36,37509090.91,37509090.91,56263636.36,131281818.18,300000000.00
Jan 21 2023,LUNA,0,561672727.27,37381818.18,37381818.18,56072727.27,130836363.64,300000000.00
Jan 21 2023,LUNA,0,561672727.27,37381818.18,37381818.18,56072727.27,130836363.64,300000000.00
Jan 20 2023,LUNA,0,560781818.18,37254545.45,37254545.45,55881818.18,130390909.09,300000000.00
Jan 19 2023,LUNA,0,559890909.09,37127272.73,37127272.73,55690909.09,129945454.55,300000000.00
Jan 18 2023,LUNA,0,559000000.00,37000000.00,37000000.00,55500000.00,129500000.00,300000000.00
Jan 17 2023,LUNA,0,558109090.91,36872727.27,36872727.27,55309090.91,129054545.45,300000000.00
Jan 17 2023,LUNA,0,558109090.91,36872727.27,36872727.27,55309090.91,129054545.45,300000000.00
Jan 16 2023,LUNA,0,557218181.82,36745454.55,36745454.55,55118181.82,128609090.91,300000000.00
Jan 15 2023,LUNA,0,556327272.73,36618181.82,36618181.82,54927272.73,128163636.36,300000000.00
Jan 14 2023,LUNA,0,555436363.64,36490909.09,36490909.09,54736363.64,127718181.82,300000000.00
Jan 13 2023,LUNA,0,554545454.55,36363636.36,36363636.36,54545454.55,127272727.27,300000000.00
Jan 12 2023,LUNA,0,553654545.45,36236363.64,36236363.64,54354545.45,126827272.73,300000000.00
Jan 12 2023,LUNA,0,553654545.45,36236363.64,36236363.64,54354545.45,126827272.73,300000000.00
Jan 11 2023,LUNA,0,552763636.36,36109090.91,36109090.91,54163636.36,126381818.18,300000000.00
Jan 10 2023,LUNA,0,551872727.27,35981818.18,35981818.18,53972727.27,125936363.64,300000000.00
Jan 09 2023,LUNA,0,550981818.18,35854545.45,35854545.45,53781818.18,125490909.09,300000000.00
Jan 08 2023,LUNA,0,550090909.09,35727272.73,35727272.73,53590909.09,125045454.55,300000000.00
Jan 07 2023,LUNA,0,549200000.00,35600000.00,35600000.00,53400000.00,124600000.00,300000000.00
Jan 07 2023,LUNA,0,549200000.00,35600000.00,35600000.00,53400000.00,124600000.00,300000000.00
Jan 06 2023,LUNA,0,548309090.91,35472727.27,35472727.27,53209090.91,124154545.45,300000000.00
Jan 05 2023,LUNA,0,547418181.82,35345454.55,35345454.55,53018181.82,123709090.91,300000000.00
Jan 04 2023,LUNA,0,546527272.73,35218181.82,35218181.82,52827272.73,123263636.36,300000000.00
Jan 03 2023,LUNA,0,545636363.64,35090909.09,35090909.09,52636363.64,122818181.82,300000000.00
Jan 03 2023,LUNA,0,545636363.64,35090909.09,35090909.09,52636363.64,122818181.82,300000000.00
Jan 02 2023,LUNA,0,544745454.55,34963636.36,34963636.36,52445454.55,122372727.27,300000000.00
Jan 01 2023,LUNA,0,543854545.45,34836363.64,34836363.64,52254545.45,121927272.73,300000000.00
Dec 31 2022,LUNA,0,542963636.36,34709090.91,34709090.91,52063636.36,121481818.18,300000000.00
Dec 30 2022,LUNA,0,542072727.27,34581818.18,34581818.18,51872727.27,121036363.64,300000000.00
Dec 29 2022,LUNA,0,541181818.18,34454545.45,34454545.45,51681818.18,120590909.09,300000000.00
Dec 29 2022,LUNA,0,541181818.18,34454545.45,34454545.45,51681818.18,120590909.09,300000000.00
Dec 28 2022,LUNA,0,540290909.09,34327272.73,34327272.73,51490909.09,120145454.55,300000000.00
Dec 27 2022,LUNA,0,539400000.00,34200000.00,34200000.00,51300000.00,119700000.00,300000000.00
Dec 26 2022,LUNA,0,538509090.91,34072727.27,34072727.27,51109090.91,119254545.45,300000000.00
Dec 25 2022,LUNA,0,537618181.82,33945454.55,33945454.55,50918181.82,118809090.91,300000000.00
Dec 25 2022,LUNA,0,537618181.82,33945454.55,33945454.55,50918181.82,118809090.91,300000000.00
Dec 24 2022,LUNA,0,536727272.73,33818181.82,33818181.82,50727272.73,118363636.36,300000000.00
Dec 23 2022,LUNA,0,535836363.64,33690909.09,33690909.09,50536363.64,117918181.82,300000000.00
Dec 22 2022,LUNA,0,534945454.55,33563636.36,33563636.36,50345454.55,117472727.27,300000000.00
Dec 21 2022,LUNA,0,534054545.45,33436363.64,33436363.64,50154545.45,117027272.73,300000000.00
Dec 20 2022,LUNA,0,533163636.36,33309090.91,33309090.91,49963636.36,116581818.18,300000000.00
Dec 20 2022,LUNA,0,533163636.36,33309090.91,33309090.91,49963636.36,116581818.18,300000000.00
Dec 19 2022,LUNA,0,532272727.27,33181818.18,33181818.18,49772727.27,116136363.64,300000000.00
Dec 18 2022,LUNA,0,531381818.18,33054545.45,33054545.45,49581818.18,115690909.09,300000000.00
Dec 17 2022,LUNA,0,530490909.09,32927272.73,32927272.73,49390909.09,115245454.55,300000000.00
Dec 16 2022,LUNA,0,529600000.00,32800000.00,32800000.00,49200000.00,114800000.00,300000000.00
Dec 16 2022,LUNA,0,529600000.00,32800000.00,32800000.00,49200000.00,114800000.00,300000000.00
Dec 15 2022,LUNA,0,528709090.91,32672727.27,32672727.27,49009090.91,114354545.45,300000000.00
Dec 14 2022,LUNA,0,527818181.82,32545454.55,32545454.55,48818181.82,113909090.91,300000000.00
Dec 13 2022,LUNA,0,526927272.73,32418181.82,32418181.82,48627272.73,113463636.36,300000000.00
Dec 12 2022,LUNA,0,526036363.64,32290909.09,32290909.09,48436363.64,113018181.82,300000000.00
Dec 11 2022,LUNA,0,525145454.55,32163636.36,32163636.36,48245454.55,112572727.27,300000000.00
Dec 11 2022,LUNA,0,525145454.55,32163636.36,32163636.36,48245454.55,112572727.27,300000000.00
Dec 10 2022,LUNA,0,524254545.45,32036363.64,32036363.64,48054545.45,112127272.73,300000000.00
Dec 09 2022,LUNA,0,523363636.36,31909090.91,31909090.91,47863636.36,111681818.18,300000000.00
Dec 08 2022,LUNA,0,522472727.27,31781818.18,31781818.18,47672727.27,111236363.64,300000000.00
Dec 07 2022,LUNA,0,521581818.18,31654545.45,31654545.45,47481818.18,110790909.09,300000000.00
Dec 07 2022,LUNA,0,521581818.18,31654545.45,31654545.45,47481818.18,110790909.09,300000000.00
Dec 06 2022,LUNA,0,520690909.09,31527272.73,31527272.73,47290909.09,110345454.55,300000000.00
Dec 05 2022,LUNA,0,519800000.00,31400000.00,31400000.00,47100000.00,109900000.00,300000000.00
Dec 04 2022,LUNA,0,518909090.91,31272727.27,31272727.27,46909090.91,109454545.45,300000000.00
Dec 03 2022,LUNA,0,518018181.82,31145454.55,31145454.55,46718181.82,109009090.91,300000000.00
Dec 02 2022,LUNA,0,517127272.73,31018181.82,31018181.82,46527272.73,108563636.36,300000000.00
Dec 02 2022,LUNA,0,517127272.73,31018181.82,31018181.82,46527272.73,108563636.36,300000000.00
Dec 01 2022,LUNA,0,516236363.64,30890909.09,30890909.09,46336363.64,108118181.82,300000000.00
Nov 30 2022,LUNA,0,515345454.55,30763636.36,30763636.36,46145454.55,107672727.27,300000000.00
Nov 29 2022,LUNA,0,514454545.45,30636363.64,30636363.64,45954545.45,107227272.73,300000000.00
Nov 28 2022,LUNA,0,513563636.36,30509090.91,30509090.91,45763636.36,106781818.18,300000000.00
Nov 28 2022,LUNA,0,513563636.36,30509090.91,30509090.91,45763636.36,106781818.18,300000000.00
Nov 27 2022,LUNA,0,512672727.27,30381818.18,30381818.18,45572727.27,106336363.64,300000000.00
Nov 26 2022,LUNA,0,511781818.18,30254545.45,30254545.45,45381818.18,105890909.09,300000000.00
Nov 25 2022,LUNA,0,510890909.09,30127272.73,30127272.73,45190909.09,105445454.55,300000000.00
Nov 24 2022,LUNA,0,510000000.00,30000000.00,30000000.00,45000000.00,105000000.00,300000000.00
Nov 23 2022,LUNA,0,510000000.00,30000000.00,30000000.00,45000000.00,105000000.00,300000000.00
Nov 23 2022,LUNA,0,510000000.00,30000000.00,30000000.00,45000000.00,105000000.00,300000000.00
Nov 22 2022,LUNA,0,510000000.00,30000000.00,30000000.00,45000000.00,105000000.00,300000000.00
Nov 21 2022,LUNA,0,510000000.00,30000000.00,30000000.00,45000000.00,105000000.00,300000000.00
Nov 20 2022,LUNA,0,510000000.00,30000000.00,30000000.00,45000000.00,105000000.00,300000000.00
Nov 19 2022,LUNA,0,510000000.00,30000000.00,30000000.00,45000000.00,105000000.00,300000000.00
Nov 19 2022,LUNA,0,510000000.00,30000000.00,30000000.00,45000000.00,105000000.00,300000000.00
Nov 18 2022,LUNA,0,510000000.00,30000000.00,30000000.00,45000000.00,105000000.00,300000000.00
Nov 17 2022,LUNA,0,510000000.00,30000000.00,30000000.00,45000000.00,105000000.00,300000000.00
Nov 16 2022,LUNA,0,510000000.00,30000000.00,30000000.00,45000000.00,105000000.00,300000000.00
Nov 15 2022,LUNA,0,510000000.00,30000000.00,30000000.00,45000000.00,105000000.00,300000000.00
Nov 14 2022,LUNA,0,510000000.00,30000000.00,30000000.00,45000000.00,105000000.00,300000000.00
Nov 14 2022,LUNA,0,510000000.00,30000000.00,30000000.00,45000000.00,105000000.00,300000000.00
Nov 13 2022,LUNA,0,510000000.00,30000000.00,30000000.00,45000000.00,105000000.00,300000000.00
Nov 12 2022,LUNA,0,510000000.00,30000000.00,30000000.00,45000000.00,105000000.00,300000000.00
Nov 11 2022,LUNA,0,510000000.00,30000000.00,30000000.00,45000000.00,105000000.00,300000000.00
Nov 10 2022,LUNA,0,510000000.00,30000000.00,30000000.00,45000000.00,105000000.00,300000000.00
Nov 09 2022,LUNA,0,510000000.00,30000000.00,30000000.00,45000000.00,105000000.00,300000000.00
Nov 09 2022,LUNA,0,510000000.00,30000000.00,30000000.00,45000000.00,105000000.00,300000000.00
Nov 08 2022,LUNA,0,510000000.00,30000000.00,30000000.00,45000000.00,105000000.00,300000000.00
Nov 07 2022,LUNA,0,510000000.00,30000000.00,30000000.00,45000000.00,105000000.00,300000000.00
Nov 06 2022,LUNA,0,510000000.00,30000000.00,30000000.00,45000000.00,105000000.00,300000000.00
Nov 05 2022,LUNA,0,510000000.00,30000000.00,30000000.00,45000000.00,105000000.00,300000000.00
Nov 05 2022,LUNA,0,510000000.00,30000000.00,30000000.00,45000000.00,105000000.00,300000000.00
Nov 04 2022,LUNA,0,510000000.00,30000000.00,30000000.00,45000000.00,105000000.00,300000000.00
Nov 03 2022,LUNA,0,510000000.00,30000000.00,30000000.00,45000000.00,105000000.00,300000000.00
Nov 02 2022,LUNA,0,510000000.00,30000000.00,30000000.00,45000000.00,105000000.00,300000000.00
Nov 01 2022,LUNA,0,510000000.00,30000000.00,30000000.00,45000000.00,105000000.00,300000000.00
Oct 31 2022,LUNA,0,510000000.00,30000000.00,30000000.00,45000000.00,105000000.00,300000000.00
Oct 31 2022,LUNA,0,510000000.00,30000000.00,30000000.00,45000000.00,105000000.00,300000000.00
Oct 30 2022,LUNA,0,510000000.00,30000000.00,30000000.00,45000000.00,105000000.00,300000000.00
Oct 29 2022,LUNA,0,510000000.00,30000000.00,30000000.00,45000000.00,105000000.00,300000000.00
Oct 28 2022,LUNA,0,510000000.00,30000000.00,30000000.00,45000000.00,105000000.00,300000000.00
Oct 27 2022,LUNA,0,510000000.00,30000000.00,30000000.00,45000000.00,105000000.00,300000000.00
Oct 27 2022,LUNA,0,510000000.00,30000000.00,30000000.00,45000000.00,105000000.00,300000000.00
Oct 26 2022,LUNA,0,510000000.00,30000000.00,30000000.00,45000000.00,105000000.00,300000000.00
Oct 25 2022,LUNA,0,510000000.00,30000000.00,30000000.00,45000000.00,105000000.00,300000000.00
Oct 24 2022,LUNA,0,510000000.00,30000000.00,30000000.00,45000000.00,105000000.00,300000000.00
Oct 23 2022,LUNA,0,510000000.00,30000000.00,30000000.00,45000000.00,105000000.00,300000000.00
Oct 22 2022,LUNA,0,510000000.00,30000000.00,30000000.00,45000000.00,105000000.00,300000000.00
Oct 22 2022,LUNA,0,510000000.00,30000000.00,30000000.00,45000000.00,105000000.00,300000000.00
Oct 21 2022,LUNA,0,510000000.00,30000000.00,30000000.00,45000000.00,105000000.00,300000000.00
Oct 20 2022,LUNA,0,510000000.00,30000000.00,30000000.00,45000000.00,105000000.00,300000000.00
Oct 19 2022,LUNA,0,510000000.00,30000000.00,30000000.00,45000000.00,105000000.00,300000000.00
Oct 18 2022,LUNA,0,510000000.00,30000000.00,30000000.00,45000000.00,105000000.00,300000000.00
Oct 18 2022,LUNA,0,510000000.00,30000000.00,30000000.00,45000000.00,105000000.00,300000000.00
Oct 17 2022,LUNA,0,510000000.00,30000000.00,30000000.00,45000000.00,105000000.00,300000000.00
Oct 16 2022,LUNA,0,510000000.00,30000000.00,30000000.00,45000000.00,105000000.00,300000000.00
Oct 15 2022,LUNA,0,510000000.00,30000000.00,30000000.00,45000000.00,105000000.00,300000000.00
Oct 14 2022,LUNA,0,510000000.00,30000000.00,30000000.00,45000000.00,105000000.00,300000000.00
Oct 13 2022,LUNA,0,510000000.00,30000000.00,30000000.00,45000000.00,105000000.00,300000000.00
Oct 13 2022,LUNA,0,510000000.00,30000000.00,30000000.00,45000000.00,105000000.00,300000000.00
Oct 12 2022,LUNA,0,510000000.00,30000000.00,30000000.00,45000000.00,105000000.00,300000000.00
Oct 11 2022,LUNA,0,510000000.00,30000000.00,30000000.00,45000000.00,105000000.00,300000000.00
Oct 10 2022,LUNA,0,510000000.00,30000000.00,30000000.00,45000000.00,105000000.00,300000000.00
Oct 09 2022,LUNA,0,510000000.00,30000000.00,30000000.00,45000000.00,105000000.00,300000000.00
Oct 09 2022,LUNA,0,510000000.00,30000000.00,30000000.00,45000000.00,105000000.00,300000000.00
Oct 08 2022,LUNA,0,510000000.00,30000000.00,30000000.00,45000000.00,105000000.00,300000000.00
Oct 07 2022,LUNA,0,510000000.00,30000000.00,30000000.00,45000000.00,105000000.00,300000000.00
Oct 06 2022,LUNA,0,510000000.00,30000000.00,30000000.00,45000000.00,105000000.00,300000000.00
Oct 05 2022,LUNA,0,510000000.00,30000000.00,30000000.00,45000000.00,105000000.00,300000000.00
Oct 04 2022,LUNA,0,510000000.00,30000000.00,30000000.00,45000000.00,105000000.00,300000000.00
Oct 04 2022,LUNA,0,510000000.00,30000000.00,30000000.00,45000000.00,105000000.00,300000000.00
Oct 03 2022,LUNA,0,510000000.00,30000000.00,30000000.00,45000000.00,105000000.00,300000000.00
Oct 02 2022,LUNA,0,510000000.00,30000000.00,30000000.00,45000000.00,105000000.00,300000000.00
Oct 01 2022,LUNA,0,510000000.00,30000000.00,30000000.00,45000000.00,105000000.00,300000000.00
Sep 30 2022,LUNA,0,510000000.00,30000000.00,30000000.00,45000000.00,105000000.00,300000000.00
Sep 30 2022,LUNA,0,510000000.00,30000000.00,30000000.00,45000000.00,105000000.00,300000000.00
Sep 29 2022,LUNA,0,510000000.00,30000000.00,30000000.00,45000000.00,105000000.00,300000000.00
Sep 28 2022,LUNA,0,510000000.00,30000000.00,30000000.00,45000000.00,105000000.00,300000000.00
Sep 27 2022,LUNA,0,510000000.00,30000000.00,30000000.00,45000000.00,105000000.00,300000000.00
Sep 26 2022,LUNA,0,510000000.00,30000000.00,30000000.00,45000000.00,105000000.00,300000000.00
Sep 25 2022,LUNA,0,510000000.00,30000000.00,30000000.00,45000000.00,105000000.00,300000000.00
Sep 25 2022,LUNA,0,510000000.00,30000000.00,30000000.00,45000000.00,105000000.00,300000000.00
Sep 24 2022,LUNA,0,510000000.00,30000000.00,30000000.00,45000000.00,105000000.00,300000000.00
Sep 23 2022,LUNA,0,510000000.00,30000000.00,30000000.00,45000000.00,105000000.00,300000000.00
Sep 22 2022,LUNA,0,510000000.00,30000000.00,30000000.00,45000000.00,105000000.00,300000000.00
Sep 21 2022,LUNA,0,510000000.00,30000000.00,30000000.00,45000000.00,105000000.00,300000000.00
Sep 21 2022,LUNA,0,510000000.00,30000000.00,30000000.00,45000000.00,105000000.00,300000000.00
Sep 20 2022,LUNA,0,510000000.00,30000000.00,30000000.00,45000000.00,105000000.00,300000000.00
Sep 19 2022,LUNA,0,510000000.00,30000000.00,30000000.00,45000000.00,105000000.00,300000000.00
Sep 18 2022,LUNA,0,510000000.00,30000000.00,30000000.00,45000000.00,105000000.00,300000000.00
Sep 17 2022,LUNA,0,510000000.00,30000000.00,30000000.00,45000000.00,105000000.00,300000000.00
Sep 16 2022,LUNA,0,510000000.00,30000000.00,30000000.00,45000000.00,105000000.00,300000000.00
Sep 16 2022,LUNA,0,510000000.00,30000000.00,30000000.00,45000000.00,105000000.00,300000000.00
Sep 15 2022,LUNA,0,510000000.00,30000000.00,30000000.00,45000000.00,105000000.00,300000000.00
Sep 14 2022,LUNA,0,510000000.00,30000000.00,30000000.00,45000000.00,105000000.00,300000000.00
Sep 13 2022,LUNA,0,510000000.00,30000000.00,30000000.00,45000000.00,105000000.00,300000000.00
Sep 12 2022,LUNA,0,510000000.00,30000000.00,30000000.00,45000000.00,105000000.00,300000000.00
Sep 12 2022,LUNA,0,510000000.00,30000000.00,30000000.00,45000000.00,105000000.00,300000000.00
Sep 11 2022,LUNA,0,510000000.00,30000000.00,30000000.00,45000000.00,105000000.00,300000000.00
Sep 10 2022,LUNA,0,510000000.00,30000000.00,30000000.00,45000000.00,105000000.00,300000000.00
Sep 09 2022,LUNA,0,510000000.00,30000000.00,30000000.00,45000000.00,105000000.00,300000000.00
Sep 08 2022,LUNA,0,510000000.00,30000000.00,30000000.00,45000000.00,105000000.00,300000000.00
Sep 07 2022,LUNA,0,510000000.00,30000000.00,30000000.00,45000000.00,105000000.00,300000000.00
Sep 07 2022,LUNA,0,510000000.00,30000000.00,30000000.00,45000000.00,105000000.00,300000000.00
Sep 06 2022,LUNA,0,510000000.00,30000000.00,30000000.00,45000000.00,105000000.00,300000000.00
Sep 05 2022,LUNA,0,510000000.00,30000000.00,30000000.00,45000000.00,105000000.00,300000000.00
Sep 04 2022,LUNA,0,510000000.00,30000000.00,30000000.00,45000000.00,105000000.00,300000000.00
Sep 03 2022,LUNA,0,510000000.00,30000000.00,30000000.00,45000000.00,105000000.00,300000000.00
Sep 02 2022,LUNA,0,510000000.00,30000000.00,30000000.00,45000000.00,105000000.00,300000000.00
Sep 02 2022,LUNA,0,510000000.00,30000000.00,30000000.00,45000000.00,105000000.00,300000000.00
Sep 01 2022,LUNA,0,510000000.00,30000000.00,30000000.00,45000000.00,105000000.00,300000000.00
Aug 31 2022,LUNA,0,510000000.00,30000000.00,30000000.00,45000000.00,105000000.00,300000000.00
Aug 30 2022,LUNA,0,510000000.00,30000000.00,30000000.00,45000000.00,105000000.00,300000000.00
Aug 29 2022,LUNA,0,510000000.00,30000000.00,30000000.00,45000000.00,105000000.00,300000000.00
Aug 29 2022,LUNA,0,510000000.00,30000000.00,30000000.00,45000000.00,105000000.00,300000000.00
Aug 28 2022,LUNA,0,510000000.00,30000000.00,30000000.00,45000000.00,105000000.00,300000000.00
Aug 27 2022,LUNA,0,510000000.00,30000000.00,30000000.00,45000000.00,105000000.00,300000000.00
Aug 26 2022,LUNA,0,510000000.00,30000000.00,30000000.00,45000000.00,105000000.00,300000000.00
Aug 25 2022,LUNA,0,510000000.00,30000000.00,30000000.00,45000000.00,105000000.00,300000000.00
Aug 24 2022,LUNA,0,510000000.00,30000000.00,30000000.00,45000000.00,105000000.00,300000000.00
Aug 24 2022,LUNA,0,510000000.00,30000000.00,30000000.00,45000000.00,105000000.00,300000000.00
Aug 23 2022,LUNA,0,510000000.00,30000000.00,30000000.00,45000000.00,105000000.00,300000000.00
Aug 22 2022,LUNA,0,510000000.00,30000000.00,30000000.00,45000000.00,105000000.00,300000000.00
Aug 21 2022,LUNA,0,510000000.00,30000000.00,30000000.00,45000000.00,105000000.00,300000000.00
Aug 20 2022,LUNA,0,510000000.00,30000000.00,30000000.00,45000000.00,105000000.00,300000000.00
Aug 20 2022,LUNA,0,510000000.00,30000000.00,30000000.00,45000000.00,105000000.00,300000000.00
Aug 19 2022,LUNA,0,510000000.00,30000000.00,30000000.00,45000000.00,105000000.00,300000000.00
Aug 18 2022,LUNA,0,510000000.00,30000000.00,30000000.00,45000000.00,105000000.00,300000000.00
Aug 17 2022,LUNA,0,510000000.00,30000000.00,30000000.00,45000000.00,105000000.00,300000000.00
Aug 16 2022,LUNA,0,510000000.00,30000000.00,30000000.00,45000000.00,105000000.00,300000000.00
Aug 15 2022,LUNA,0,510000000.00,30000000.00,30000000.00,45000000.00,105000000.00,300000000.00
Aug 15 2022,LUNA,0,510000000.00,30000000.00,30000000.00,45000000.00,105000000.00,300000000.00
Aug 14 2022,LUNA,0,510000000.00,30000000.00,30000000.00,45000000.00,105000000.00,300000000.00
Aug 13 2022,LUNA,0,510000000.00,30000000.00,30000000.00,45000000.00,105000000.00,300000000.00
Aug 12 2022,LUNA,0,510000000.00,30000000.00,30000000.00,45000000.00,105000000.00,300000000.00
Aug 11 2022,LUNA,0,510000000.00,30000000.00,30000000.00,45000000.00,105000000.00,300000000.00
Aug 11 2022,LUNA,0,510000000.00,30000000.00,30000000.00,45000000.00,105000000.00,300000000.00
Aug 10 2022,LUNA,0,510000000.00,30000000.00,30000000.00,45000000.00,105000000.00,300000000.00
Aug 09 2022,LUNA,0,510000000.00,30000000.00,30000000.00,45000000.00,105000000.00,300000000.00
Aug 08 2022,LUNA,0,510000000.00,30000000.00,30000000.00,45000000.00,105000000.00,300000000.00
Aug 07 2022,LUNA,0,510000000.00,30000000.00,30000000.00,45000000.00,105000000.00,300000000.00
Aug 06 2022,LUNA,0,510000000.00,30000000.00,30000000.00,45000000.00,105000000.00,300000000.00
Aug 06 2022,LUNA,0,510000000.00,30000000.00,30000000.00,45000000.00,105000000.00,300000000.00
Aug 05 2022,LUNA,0,510000000.00,30000000.00,30000000.00,45000000.00,105000000.00,300000000.00
Aug 04 2022,LUNA,0,510000000.00,30000000.00,30000000.00,45000000.00,105000000.00,300000000.00
Aug 03 2022,LUNA,0,510000000.00,30000000.00,30000000.00,45000000.00,105000000.00,300000000.00
Aug 02 2022,LUNA,0,510000000.00,30000000.00,30000000.00,45000000.00,105000000.00,300000000.00
Aug 02 2022,LUNA,0,510000000.00,30000000.00,30000000.00,45000000.00,105000000.00,300000000.00
Aug 01 2022,LUNA,0,510000000.00,30000000.00,30000000.00,45000000.00,105000000.00,300000000.00
Jul 31 2022,LUNA,0,510000000.00,30000000.00,30000000.00,45000000.00,105000000.00,300000000.00
Jul 30 2022,LUNA,0,510000000.00,30000000.00,30000000.00,45000000.00,105000000.00,300000000.00
Jul 29 2022,LUNA,0,510000000.00,30000000.00,30000000.00,45000000.00,105000000.00,300000000.00
Jul 28 2022,LUNA,0,510000000.00,30000000.00,30000000.00,45000000.00,105000000.00,300000000.00
Jul 28 2022,LUNA,0,510000000.00,30000000.00,30000000.00,45000000.00,105000000.00,300000000.00
Jul 27 2022,LUNA,0,510000000.00,30000000.00,30000000.00,45000000.00,105000000.00,300000000.00
Jul 26 2022,LUNA,0,510000000.00,30000000.00,30000000.00,45000000.00,105000000.00,300000000.00
Jul 25 2022,LUNA,0,510000000.00,30000000.00,30000000.00,45000000.00,105000000.00,300000000.00
Jul 24 2022,LUNA,0,510000000.00,30000000.00,30000000.00,45000000.00,105000000.00,300000000.00
Jul 24 2022,LUNA,0,510000000.00,30000000.00,30000000.00,45000000.00,105000000.00,300000000.00
Jul 23 2022,LUNA,0,510000000.00,30000000.00,30000000.00,45000000.00,105000000.00,300000000.00
Jul 22 2022,LUNA,0,510000000.00,30000000.00,30000000.00,45000000.00,105000000.00,300000000.00
Jul 21 2022,LUNA,0,510000000.00,30000000.00,30000000.00,45000000.00,105000000.00,300000000.00
Jul 20 2022,LUNA,0,510000000.00,30000000.00,30000000.00,45000000.00,105000000.00,300000000.00
Jul 19 2022,LUNA,0,510000000.00,30000000.00,30000000.00,45000000.00,105000000.00,300000000.00
Jul 19 2022,LUNA,0,510000000.00,30000000.00,30000000.00,45000000.00,105000000.00,300000000.00
Jul 18 2022,LUNA,0,510000000.00,30000000.00,30000000.00,45000000.00,105000000.00,300000000.00
Jul 17 2022,LUNA,0,510000000.00,30000000.00,30000000.00,45000000.00,105000000.00,300000000.00
Jul 16 2022,LUNA,0,510000000.00,30000000.00,30000000.00,45000000.00,105000000.00,300000000.00
Jul 15 2022,LUNA,0,510000000.00,30000000.00,30000000.00,45000000.00,105000000.00,300000000.00
Jul 15 2022,LUNA,0,510000000.00,30000000.00,30000000.00,45000000.00,105000000.00,300000000.00
Jul 14 2022,LUNA,0,510000000.00,30000000.00,30000000.00,45000000.00,105000000.00,300000000.00
Jul 13 2022,LUNA,0,510000000.00,30000000.00,30000000.00,45000000.00,105000000.00,300000000.00
Jul 12 2022,LUNA,0,510000000.00,30000000.00,30000000.00,45000000.00,105000000.00,300000000.00
Jul 11 2022,LUNA,0,510000000.00,30000000.00,30000000.00,45000000.00,105000000.00,300000000.00
Jul 10 2022,LUNA,0,510000000.00,30000000.00,30000000.00,45000000.00,105000000.00,300000000.00
Jul 10 2022,LUNA,0,510000000.00,30000000.00,30000000.00,45000000.00,105000000.00,300000000.00
Jul 09 2022,LUNA,0,510000000.00,30000000.00,30000000.00,45000000.00,105000000.00,300000000.00
Jul 08 2022,LUNA,0,510000000.00,30000000.00,30000000.00,45000000.00,105000000.00,300000000.00
Jul 07 2022,LUNA,0,510000000.00,30000000.00,30000000.00,45000000.00,105000000.00,300000000.00
Jul 06 2022,LUNA,0,510000000.00,30000000.00,30000000.00,45000000.00,105000000.00,300000000.00
Jul 06 2022,LUNA,0,510000000.00,30000000.00,30000000.00,45000000.00,105000000.00,300000000.00
Jul 05 2022,LUNA,0,510000000.00,30000000.00,30000000.00,45000000.00,105000000.00,300000000.00
Jul 04 2022,LUNA,0,510000000.00,30000000.00,30000000.00,45000000.00,105000000.00,300000000.00
Jul 03 2022,LUNA,0,510000000.00,30000000.00,30000000.00,45000000.00,105000000.00,300000000.00
Jul 02 2022,LUNA,0,510000000.00,30000000.00,30000000.00,45000000.00,105000000.00,300000000.00
Jul 01 2022,LUNA,0,510000000.00,30000000.00,30000000.00,45000000.00,105000000.00,300000000.00
Jul 01 2022,LUNA,0,510000000.00,30000000.00,30000000.00,45000000.00,105000000.00,300000000.00
Jun 30 2022,LUNA,0,510000000.00,30000000.00,30000000.00,45000000.00,105000000.00,300000000.00
Jun 29 2022,LUNA,0,510000000.00,30000000.00,30000000.00,45000000.00,105000000.00,300000000.00
Jun 28 2022,LUNA,0,510000000.00,30000000.00,30000000.00,45000000.00,105000000.00,300000000.00
Jun 27 2022,LUNA,0,510000000.00,30000000.00,30000000.00,45000000.00,105000000.00,300000000.00
Jun 26 2022,LUNA,0,510000000.00,30000000.00,30000000.00,45000000.00,105000000.00,300000000.00
Jun 26 2022,LUNA,0,510000000.00,30000000.00,30000000.00,45000000.00,105000000.00,300000000.00
Jun 25 2022,LUNA,0,510000000.00,30000000.00,30000000.00,45000000.00,105000000.00,300000000.00
Jun 24 2022,LUNA,0,510000000.00,30000000.00,30000000.00,45000000.00,105000000.00,300000000.00
Jun 23 2022,LUNA,0,510000000.00,30000000.00,30000000.00,45000000.00,105000000.00,300000000.00
Jun 22 2022,LUNA,0,510000000.00,30000000.00,30000000.00,45000000.00,105000000.00,300000000.00
Jun 22 2022,LUNA,0,510000000.00,30000000.00,30000000.00,45000000.00,105000000.00,300000000.00
Jun 21 2022,LUNA,0,510000000.00,30000000.00,30000000.00,45000000.00,105000000.00,300000000.00
Jun 20 2022,LUNA,0,510000000.00,30000000.00,30000000.00,45000000.00,105000000.00,300000000.00
Jun 19 2022,LUNA,0,510000000.00,30000000.00,30000000.00,45000000.00,105000000.00,300000000.00
Jun 18 2022,LUNA,0,510000000.00,30000000.00,30000000.00,45000000.00,105000000.00,300000000.00
Jun 17 2022,LUNA,0,510000000.00,30000000.00,30000000.00,45000000.00,105000000.00,300000000.00
Jun 17 2022,LUNA,0,510000000.00,30000000.00,30000000.00,45000000.00,105000000.00,300000000.00
Jun 16 2022,LUNA,0,510000000.00,30000000.00,30000000.00,45000000.00,105000000.00,300000000.00
Jun 15 2022,LUNA,0,510000000.00,30000000.00,30000000.00,45000000.00,105000000.00,300000000.00
Jun 14 2022,LUNA,0,510000000.00,30000000.00,30000000.00,45000000.00,105000000.00,300000000.00
Jun 13 2022,LUNA,0,510000000.00,30000000.00,30000000.00,45000000.00,105000000.00,300000000.00
Jun 13 2022,LUNA,0,510000000.00,30000000.00,30000000.00,45000000.00,105000000.00,300000000.00
Jun 12 2022,LUNA,0,510000000.00,30000000.00,30000000.00,45000000.00,105000000.00,300000000.00
Jun 11 2022,LUNA,0,510000000.00,30000000.00,30000000.00,45000000.00,105000000.00,300000000.00
Jun 10 2022,LUNA,0,510000000.00,30000000.00,30000000.00,45000000.00,105000000.00,300000000.00
Jun 09 2022,LUNA,0,510000000.00,30000000.00,30000000.00,45000000.00,105000000.00,300000000.00
Jun 08 2022,LUNA,0,510000000.00,30000000.00,30000000.00,45000000.00,105000000.00,300000000.00
Jun 08 2022,LUNA,0,510000000.00,30000000.00,30000000.00,45000000.00,105000000.00,300000000.00
Jun 07 2022,LUNA,0,510000000.00,30000000.00,30000000.00,45000000.00,105000000.00,300000000.00
Jun 06 2022,LUNA,0,510000000.00,30000000.00,30000000.00,45000000.00,105000000.00,300000000.00
Jun 05 2022,LUNA,0,510000000.00,30000000.00,30000000.00,45000000.00,105000000.00,300000000.00
Jun 04 2022,LUNA,0,510000000.00,30000000.00,30000000.00,45000000.00,105000000.00,300000000.00
Jun 04 2022,LUNA,0,510000000.00,30000000.00,30000000.00,45000000.00,105000000.00,300000000.00
Jun 03 2022,LUNA,0,510000000.00,30000000.00,30000000.00,45000000.00,105000000.00,300000000.00
Jun 02 2022,LUNA,0,510000000.00,30000000.00,30000000.00,45000000.00,105000000.00,300000000.00
Jun 01 2022,LUNA,0,510000000.00,30000000.00,30000000.00,45000000.00,105000000.00,300000000.00
May 31 2022,LUNA,0,510000000.00,30000000.00,30000000.00,45000000.00,105000000.00,300000000.00
May 30 2022,LUNA,0,510000000.00,30000000.00,30000000.00,45000000.00,105000000.00,300000000.00
May 30 2022,LUNA,0,510000000.00,30000000.00,30000000.00,45000000.00,105000000.00,300000000.00
May 29 2022,LUNA,0,510000000.00,30000000.00,30000000.00,45000000.00,105000000.00,300000000.00
May 28 2022,LUNA,0,510000000.00,30000000.00,30000000.00,45000000.00,105000000.00,300000000.00
