Date,Symbol,Available Supply,Unlocked Supply,Treasury,Community,Founders,Investors,Advisors,Public Sale
May 27 2027,YGG,1000000000.00,1000000000.00,133333334.00,450000000.00,150000000.00,224166666.00,17500000.00,25000000.00
May 25 2027,YGG,1000000000.00,1000000000.00,133333334.00,450000000.00,150000000.00,224166666.00,17500000.00,25000000.00
May 22 2027,YGG,1000000000.00,1000000000.00,133333334.00,450000000.00,150000000.00,224166666.00,17500000.00,25000000.00
May 20 2027,YGG,1000000000.00,1000000000.00,133333334.00,450000000.00,150000000.00,224166666.00,17500000.00,25000000.00
May 17 2027,YGG,1000000000.00,1000000000.00,133333334.00,450000000.00,150000000.00,224166666.00,17500000.00,25000000.00
May 15 2027,YGG,1000000000.00,1000000000.00,133333334.00,450000000.00,150000000.00,224166666.00,17500000.00,25000000.00
May 13 2027,YGG,1000000000.00,1000000000.00,133333334.00,450000000.00,150000000.00,224166666.00,17500000.00,25000000.00
May 10 2027,YGG,1000000000.00,1000000000.00,133333334.00,450000000.00,150000000.00,224166666.00,17500000.00,25000000.00
May 08 2027,YGG,1000000000.00,1000000000.00,133333334.00,450000000.00,150000000.00,224166666.00,17500000.00,25000000.00
May 05 2027,YGG,1000000000.00,1000000000.00,133333334.00,450000000.00,150000000.00,224166666.00,17500000.00,25000000.00
May 03 2027,YGG,1000000000.00,1000000000.00,133333334.00,450000000.00,150000000.00,224166666.00,17500000.00,25000000.00
May 01 2027,YGG,1000000000.00,1000000000.00,133333334.00,450000000.00,150000000.00,224166666.00,17500000.00,25000000.00
Apr 28 2027,YGG,1000000000.00,1000000000.00,133333334.00,450000000.00,150000000.00,224166666.00,17500000.00,25000000.00
Apr 26 2027,YGG,1000000000.00,1000000000.00,133333334.00,450000000.00,150000000.00,224166666.00,17500000.00,25000000.00
Apr 24 2027,YGG,1000000000.00,1000000000.00,133333334.00,450000000.00,150000000.00,224166666.00,17500000.00,25000000.00
Apr 21 2027,YGG,1000000000.00,1000000000.00,133333334.00,450000000.00,150000000.00,224166666.00,17500000.00,25000000.00
Apr 19 2027,YGG,1000000000.00,1000000000.00,133333334.00,450000000.00,150000000.00,224166666.00,17500000.00,25000000.00
Apr 16 2027,YGG,1000000000.00,1000000000.00,133333334.00,450000000.00,150000000.00,224166666.00,17500000.00,25000000.00
Apr 14 2027,YGG,1000000000.00,1000000000.00,133333334.00,450000000.00,150000000.00,224166666.00,17500000.00,25000000.00
Apr 12 2027,YGG,1000000000.00,1000000000.00,133333334.00,450000000.00,150000000.00,224166666.00,17500000.00,25000000.00
Apr 09 2027,YGG,1000000000.00,1000000000.00,133333334.00,450000000.00,150000000.00,224166666.00,17500000.00,25000000.00
Apr 07 2027,YGG,1000000000.00,1000000000.00,133333334.00,450000000.00,150000000.00,224166666.00,17500000.00,25000000.00
Apr 04 2027,YGG,1000000000.00,1000000000.00,133333334.00,450000000.00,150000000.00,224166666.00,17500000.00,25000000.00
Apr 02 2027,YGG,1000000000.00,1000000000.00,133333334.00,450000000.00,150000000.00,224166666.00,17500000.00,25000000.00
Mar 31 2027,YGG,1000000000.00,1000000000.00,133333334.00,450000000.00,150000000.00,224166666.00,17500000.00,25000000.00
Mar 28 2027,YGG,1000000000.00,1000000000.00,133333334.00,450000000.00,150000000.00,224166666.00,17500000.00,25000000.00
Mar 26 2027,YGG,1000000000.00,1000000000.00,133333334.00,450000000.00,150000000.00,224166666.00,17500000.00,25000000.00
Mar 23 2027,YGG,1000000000.00,1000000000.00,133333334.00,450000000.00,150000000.00,224166666.00,17500000.00,25000000.00
Mar 21 2027,YGG,1000000000.00,1000000000.00,133333334.00,450000000.00,150000000.00,224166666.00,17500000.00,25000000.00
Mar 19 2027,YGG,1000000000.00,1000000000.00,133333334.00,450000000.00,150000000.00,224166666.00,17500000.00,25000000.00
Mar 16 2027,YGG,1000000000.00,1000000000.00,133333334.00,450000000.00,150000000.00,224166666.00,17500000.00,25000000.00
Mar 14 2027,YGG,1000000000.00,1000000000.00,133333334.00,450000000.00,150000000.00,224166666.00,17500000.00,25000000.00
Mar 12 2027,YGG,1000000000.00,1000000000.00,133333334.00,450000000.00,150000000.00,224166666.00,17500000.00,25000000.00
Mar 09 2027,YGG,1000000000.00,1000000000.00,133333334.00,450000000.00,150000000.00,224166666.00,17500000.00,25000000.00
Mar 07 2027,YGG,1000000000.00,1000000000.00,133333334.00,450000000.00,150000000.00,224166666.00,17500000.00,25000000.00
Mar 04 2027,YGG,1000000000.00,1000000000.00,133333334.00,450000000.00,150000000.00,224166666.00,17500000.00,25000000.00
Mar 02 2027,YGG,1000000000.00,1000000000.00,133333334.00,450000000.00,150000000.00,224166666.00,17500000.00,25000000.00
Feb 28 2027,YGG,1000000000.00,1000000000.00,133333334.00,450000000.00,150000000.00,224166666.00,17500000.00,25000000.00
Feb 25 2027,YGG,966203703.83,966203703.83,99537037.83,450000000.00,150000000.00,224166666.00,17500000.00,25000000.00
Feb 23 2027,YGG,966203703.83,966203703.83,99537037.83,450000000.00,150000000.00,224166666.00,17500000.00,25000000.00
Feb 20 2027,YGG,966203703.83,966203703.83,99537037.83,450000000.00,150000000.00,224166666.00,17500000.00,25000000.00
Feb 18 2027,YGG,966203703.83,966203703.83,99537037.83,450000000.00,150000000.00,224166666.00,17500000.00,25000000.00
Feb 16 2027,YGG,966203703.83,966203703.83,99537037.83,450000000.00,150000000.00,224166666.00,17500000.00,25000000.00
Feb 13 2027,YGG,966203703.83,966203703.83,99537037.83,450000000.00,150000000.00,224166666.00,17500000.00,25000000.00
Feb 11 2027,YGG,966203703.83,966203703.83,99537037.83,450000000.00,150000000.00,224166666.00,17500000.00,25000000.00
Feb 08 2027,YGG,966203703.83,966203703.83,99537037.83,450000000.00,150000000.00,224166666.00,17500000.00,25000000.00
Feb 06 2027,YGG,966203703.83,966203703.83,99537037.83,450000000.00,150000000.00,224166666.00,17500000.00,25000000.00
Feb 04 2027,YGG,966203703.83,966203703.83,99537037.83,450000000.00,150000000.00,224166666.00,17500000.00,25000000.00
Feb 01 2027,YGG,966203703.83,966203703.83,99537037.83,450000000.00,150000000.00,224166666.00,17500000.00,25000000.00
Jan 30 2027,YGG,966203703.83,966203703.83,99537037.83,450000000.00,150000000.00,224166666.00,17500000.00,25000000.00
Jan 27 2027,YGG,966203703.83,966203703.83,99537037.83,450000000.00,150000000.00,224166666.00,17500000.00,25000000.00
Jan 25 2027,YGG,962786111.22,962786111.22,97222223.00,448897222.22,150000000.00,224166666.00,17500000.00,25000000.00
Jan 23 2027,YGG,962786111.22,962786111.22,97222223.00,448897222.22,150000000.00,224166666.00,17500000.00,25000000.00
Jan 20 2027,YGG,962786111.22,962786111.22,97222223.00,448897222.22,150000000.00,224166666.00,17500000.00,25000000.00
Jan 18 2027,YGG,962786111.22,962786111.22,97222223.00,448897222.22,150000000.00,224166666.00,17500000.00,25000000.00
Jan 16 2027,YGG,962786111.22,962786111.22,97222223.00,448897222.22,150000000.00,224166666.00,17500000.00,25000000.00
Jan 13 2027,YGG,962786111.22,962786111.22,97222223.00,448897222.22,150000000.00,224166666.00,17500000.00,25000000.00
Jan 11 2027,YGG,962786111.22,962786111.22,97222223.00,448897222.22,150000000.00,224166666.00,17500000.00,25000000.00
Jan 08 2027,YGG,962786111.22,962786111.22,97222223.00,448897222.22,150000000.00,224166666.00,17500000.00,25000000.00
Jan 06 2027,YGG,962786111.22,962786111.22,97222223.00,448897222.22,150000000.00,224166666.00,17500000.00,25000000.00
Jan 04 2027,YGG,962786111.22,962786111.22,97222223.00,448897222.22,150000000.00,224166666.00,17500000.00,25000000.00
Jan 01 2027,YGG,962786111.22,962786111.22,97222223.00,448897222.22,150000000.00,224166666.00,17500000.00,25000000.00
Dec 30 2026,YGG,962786111.22,962786111.22,97222223.00,448897222.22,150000000.00,224166666.00,17500000.00,25000000.00
Dec 27 2026,YGG,962786111.22,962786111.22,97222223.00,448897222.22,150000000.00,224166666.00,17500000.00,25000000.00
Dec 25 2026,YGG,959368518.61,959368518.61,94907408.17,447794444.44,150000000.00,224166666.00,17500000.00,25000000.00
Dec 23 2026,YGG,959368518.61,959368518.61,94907408.17,447794444.44,150000000.00,224166666.00,17500000.00,25000000.00
Dec 20 2026,YGG,959368518.61,959368518.61,94907408.17,447794444.44,150000000.00,224166666.00,17500000.00,25000000.00
Dec 18 2026,YGG,959368518.61,959368518.61,94907408.17,447794444.44,150000000.00,224166666.00,17500000.00,25000000.00
Dec 15 2026,YGG,959368518.61,959368518.61,94907408.17,447794444.44,150000000.00,224166666.00,17500000.00,25000000.00
Dec 13 2026,YGG,959368518.61,959368518.61,94907408.17,447794444.44,150000000.00,224166666.00,17500000.00,25000000.00
Dec 11 2026,YGG,959368518.61,959368518.61,94907408.17,447794444.44,150000000.00,224166666.00,17500000.00,25000000.00
Dec 08 2026,YGG,959368518.61,959368518.61,94907408.17,447794444.44,150000000.00,224166666.00,17500000.00,25000000.00
Dec 06 2026,YGG,959368518.61,959368518.61,94907408.17,447794444.44,150000000.00,224166666.00,17500000.00,25000000.00
Dec 03 2026,YGG,959368518.61,959368518.61,94907408.17,447794444.44,150000000.00,224166666.00,17500000.00,25000000.00
Dec 01 2026,YGG,959368518.61,959368518.61,94907408.17,447794444.44,150000000.00,224166666.00,17500000.00,25000000.00
Nov 29 2026,YGG,959368518.61,959368518.61,94907408.17,447794444.44,150000000.00,224166666.00,17500000.00,25000000.00
Nov 26 2026,YGG,955950926.00,955950926.00,92592593.33,446691666.67,150000000.00,224166666.00,17500000.00,25000000.00
Nov 24 2026,YGG,955950926.00,955950926.00,92592593.33,446691666.67,150000000.00,224166666.00,17500000.00,25000000.00
Nov 22 2026,YGG,955950926.00,955950926.00,92592593.33,446691666.67,150000000.00,224166666.00,17500000.00,25000000.00
Nov 19 2026,YGG,955950926.00,955950926.00,92592593.33,446691666.67,150000000.00,224166666.00,17500000.00,25000000.00
Nov 17 2026,YGG,955950926.00,955950926.00,92592593.33,446691666.67,150000000.00,224166666.00,17500000.00,25000000.00
Nov 14 2026,YGG,955950926.00,955950926.00,92592593.33,446691666.67,150000000.00,224166666.00,17500000.00,25000000.00
Nov 12 2026,YGG,955950926.00,955950926.00,92592593.33,446691666.67,150000000.00,224166666.00,17500000.00,25000000.00
Nov 10 2026,YGG,955950926.00,955950926.00,92592593.33,446691666.67,150000000.00,224166666.00,17500000.00,25000000.00
Nov 07 2026,YGG,955950926.00,955950926.00,92592593.33,446691666.67,150000000.00,224166666.00,17500000.00,25000000.00
Nov 05 2026,YGG,955950926.00,955950926.00,92592593.33,446691666.67,150000000.00,224166666.00,17500000.00,25000000.00
Nov 02 2026,YGG,955950926.00,955950926.00,92592593.33,446691666.67,150000000.00,224166666.00,17500000.00,25000000.00
Oct 31 2026,YGG,955950926.00,955950926.00,92592593.33,446691666.67,150000000.00,224166666.00,17500000.00,25000000.00
Oct 29 2026,YGG,955950926.00,955950926.00,92592593.33,446691666.67,150000000.00,224166666.00,17500000.00,25000000.00
Oct 26 2026,YGG,952533333.39,952533333.39,90277778.50,445588888.89,150000000.00,224166666.00,17500000.00,25000000.00
Oct 24 2026,YGG,952533333.39,952533333.39,90277778.50,445588888.89,150000000.00,224166666.00,17500000.00,25000000.00
Oct 21 2026,YGG,952533333.39,952533333.39,90277778.50,445588888.89,150000000.00,224166666.00,17500000.00,25000000.00
Oct 19 2026,YGG,952533333.39,952533333.39,90277778.50,445588888.89,150000000.00,224166666.00,17500000.00,25000000.00
Oct 17 2026,YGG,952533333.39,952533333.39,90277778.50,445588888.89,150000000.00,224166666.00,17500000.00,25000000.00
Oct 14 2026,YGG,952533333.39,952533333.39,90277778.50,445588888.89,150000000.00,224166666.00,17500000.00,25000000.00
Oct 12 2026,YGG,952533333.39,952533333.39,90277778.50,445588888.89,150000000.00,224166666.00,17500000.00,25000000.00
Oct 10 2026,YGG,952533333.39,952533333.39,90277778.50,445588888.89,150000000.00,224166666.00,17500000.00,25000000.00
Oct 07 2026,YGG,952533333.39,952533333.39,90277778.50,445588888.89,150000000.00,224166666.00,17500000.00,25000000.00
Oct 05 2026,YGG,952533333.39,952533333.39,90277778.50,445588888.89,150000000.00,224166666.00,17500000.00,25000000.00
Oct 02 2026,YGG,952533333.39,952533333.39,90277778.50,445588888.89,150000000.00,224166666.00,17500000.00,25000000.00
Sep 30 2026,YGG,952533333.39,952533333.39,90277778.50,445588888.89,150000000.00,224166666.00,17500000.00,25000000.00
Sep 28 2026,YGG,952533333.39,952533333.39,90277778.50,445588888.89,150000000.00,224166666.00,17500000.00,25000000.00
Sep 25 2026,YGG,949115740.78,949115740.78,87962963.67,444486111.11,150000000.00,224166666.00,17500000.00,25000000.00
Sep 23 2026,YGG,949115740.78,949115740.78,87962963.67,444486111.11,150000000.00,224166666.00,17500000.00,25000000.00
Sep 20 2026,YGG,949115740.78,949115740.78,87962963.67,444486111.11,150000000.00,224166666.00,17500000.00,25000000.00
Sep 18 2026,YGG,949115740.78,949115740.78,87962963.67,444486111.11,150000000.00,224166666.00,17500000.00,25000000.00
Sep 16 2026,YGG,949115740.78,949115740.78,87962963.67,444486111.11,150000000.00,224166666.00,17500000.00,25000000.00
Sep 13 2026,YGG,949115740.78,949115740.78,87962963.67,444486111.11,150000000.00,224166666.00,17500000.00,25000000.00
Sep 11 2026,YGG,949115740.78,949115740.78,87962963.67,444486111.11,150000000.00,224166666.00,17500000.00,25000000.00
Sep 08 2026,YGG,949115740.78,949115740.78,87962963.67,444486111.11,150000000.00,224166666.00,17500000.00,25000000.00
Sep 06 2026,YGG,949115740.78,949115740.78,87962963.67,444486111.11,150000000.00,224166666.00,17500000.00,25000000.00
Sep 04 2026,YGG,949115740.78,949115740.78,87962963.67,444486111.11,150000000.00,224166666.00,17500000.00,25000000.00
Sep 01 2026,YGG,949115740.78,949115740.78,87962963.67,444486111.11,150000000.00,224166666.00,17500000.00,25000000.00
Aug 30 2026,YGG,949115740.78,949115740.78,87962963.67,444486111.11,150000000.00,224166666.00,17500000.00,25000000.00
Aug 27 2026,YGG,949115740.78,949115740.78,87962963.67,444486111.11,150000000.00,224166666.00,17500000.00,25000000.00
Aug 25 2026,YGG,945698148.17,945698148.17,85648148.83,443383333.33,150000000.00,224166666.00,17500000.00,25000000.00
Aug 23 2026,YGG,945698148.17,945698148.17,85648148.83,443383333.33,150000000.00,224166666.00,17500000.00,25000000.00
Aug 20 2026,YGG,945698148.17,945698148.17,85648148.83,443383333.33,150000000.00,224166666.00,17500000.00,25000000.00
Aug 18 2026,YGG,945698148.17,945698148.17,85648148.83,443383333.33,150000000.00,224166666.00,17500000.00,25000000.00
Aug 16 2026,YGG,945698148.17,945698148.17,85648148.83,443383333.33,150000000.00,224166666.00,17500000.00,25000000.00
Aug 13 2026,YGG,945698148.17,945698148.17,85648148.83,443383333.33,150000000.00,224166666.00,17500000.00,25000000.00
Aug 11 2026,YGG,945698148.17,945698148.17,85648148.83,443383333.33,150000000.00,224166666.00,17500000.00,25000000.00
Aug 08 2026,YGG,945698148.17,945698148.17,85648148.83,443383333.33,150000000.00,224166666.00,17500000.00,25000000.00
Aug 06 2026,YGG,945698148.17,945698148.17,85648148.83,443383333.33,150000000.00,224166666.00,17500000.00,25000000.00
Aug 04 2026,YGG,945698148.17,945698148.17,85648148.83,443383333.33,150000000.00,224166666.00,17500000.00,25000000.00
Aug 01 2026,YGG,945698148.17,945698148.17,85648148.83,443383333.33,150000000.00,224166666.00,17500000.00,25000000.00
Jul 30 2026,YGG,945698148.17,945698148.17,85648148.83,443383333.33,150000000.00,224166666.00,17500000.00,25000000.00
Jul 27 2026,YGG,945698148.17,945698148.17,85648148.83,443383333.33,150000000.00,224166666.00,17500000.00,25000000.00
Jul 25 2026,YGG,942280555.56,942280555.56,83333334.00,442280555.56,150000000.00,224166666.00,17500000.00,25000000.00
Jul 23 2026,YGG,942280555.56,942280555.56,83333334.00,442280555.56,150000000.00,224166666.00,17500000.00,25000000.00
Jul 20 2026,YGG,942280555.56,942280555.56,83333334.00,442280555.56,150000000.00,224166666.00,17500000.00,25000000.00
Jul 18 2026,YGG,942280555.56,942280555.56,83333334.00,442280555.56,150000000.00,224166666.00,17500000.00,25000000.00
Jul 15 2026,YGG,942280555.56,942280555.56,83333334.00,442280555.56,150000000.00,224166666.00,17500000.00,25000000.00
Jul 13 2026,YGG,942280555.56,942280555.56,83333334.00,442280555.56,150000000.00,224166666.00,17500000.00,25000000.00
Jul 11 2026,YGG,942280555.56,942280555.56,83333334.00,442280555.56,150000000.00,224166666.00,17500000.00,25000000.00
Jul 08 2026,YGG,942280555.56,942280555.56,83333334.00,442280555.56,150000000.00,224166666.00,17500000.00,25000000.00
Jul 06 2026,YGG,942280555.56,942280555.56,83333334.00,442280555.56,150000000.00,224166666.00,17500000.00,25000000.00
Jul 03 2026,YGG,942280555.56,942280555.56,83333334.00,442280555.56,150000000.00,224166666.00,17500000.00,25000000.00
Jul 01 2026,YGG,942280555.56,942280555.56,83333334.00,442280555.56,150000000.00,224166666.00,17500000.00,25000000.00
Jun 29 2026,YGG,942280555.56,942280555.56,83333334.00,442280555.56,150000000.00,224166666.00,17500000.00,25000000.00
Jun 26 2026,YGG,933461728.39,933461728.39,81018519.17,441177777.78,145833333.33,222932098.11,17500000.00,25000000.00
Jun 24 2026,YGG,933461728.39,933461728.39,81018519.17,441177777.78,145833333.33,222932098.11,17500000.00,25000000.00
Jun 22 2026,YGG,933461728.39,933461728.39,81018519.17,441177777.78,145833333.33,222932098.11,17500000.00,25000000.00
Jun 19 2026,YGG,933461728.39,933461728.39,81018519.17,441177777.78,145833333.33,222932098.11,17500000.00,25000000.00
Jun 17 2026,YGG,933461728.39,933461728.39,81018519.17,441177777.78,145833333.33,222932098.11,17500000.00,25000000.00
Jun 14 2026,YGG,933461728.39,933461728.39,81018519.17,441177777.78,145833333.33,222932098.11,17500000.00,25000000.00
Jun 12 2026,YGG,933461728.39,933461728.39,81018519.17,441177777.78,145833333.33,222932098.11,17500000.00,25000000.00
Jun 10 2026,YGG,933461728.39,933461728.39,81018519.17,441177777.78,145833333.33,222932098.11,17500000.00,25000000.00
Jun 07 2026,YGG,933461728.39,933461728.39,81018519.17,441177777.78,145833333.33,222932098.11,17500000.00,25000000.00
Jun 05 2026,YGG,933461728.39,933461728.39,81018519.17,441177777.78,145833333.33,222932098.11,17500000.00,25000000.00
Jun 02 2026,YGG,933461728.39,933461728.39,81018519.17,441177777.78,145833333.33,222932098.11,17500000.00,25000000.00
May 31 2026,YGG,933461728.39,933461728.39,81018519.17,441177777.78,145833333.33,222932098.11,17500000.00,25000000.00
May 29 2026,YGG,933461728.39,933461728.39,81018519.17,441177777.78,145833333.33,222932098.11,17500000.00,25000000.00
May 26 2026,YGG,924642901.22,924642901.22,78703704.33,440075000.00,141666666.67,221697530.22,17500000.00,25000000.00
May 24 2026,YGG,924642901.22,924642901.22,78703704.33,440075000.00,141666666.67,221697530.22,17500000.00,25000000.00
May 21 2026,YGG,924642901.22,924642901.22,78703704.33,440075000.00,141666666.67,221697530.22,17500000.00,25000000.00
May 19 2026,YGG,924642901.22,924642901.22,78703704.33,440075000.00,141666666.67,221697530.22,17500000.00,25000000.00
May 17 2026,YGG,924642901.22,924642901.22,78703704.33,440075000.00,141666666.67,221697530.22,17500000.00,25000000.00
May 14 2026,YGG,924642901.22,924642901.22,78703704.33,440075000.00,141666666.67,221697530.22,17500000.00,25000000.00
May 12 2026,YGG,924642901.22,924642901.22,78703704.33,440075000.00,141666666.67,221697530.22,17500000.00,25000000.00
May 10 2026,YGG,924642901.22,924642901.22,78703704.33,440075000.00,141666666.67,221697530.22,17500000.00,25000000.00
May 07 2026,YGG,924642901.22,924642901.22,78703704.33,440075000.00,141666666.67,221697530.22,17500000.00,25000000.00
May 05 2026,YGG,924642901.22,924642901.22,78703704.33,440075000.00,141666666.67,221697530.22,17500000.00,25000000.00
May 02 2026,YGG,924642901.22,924642901.22,78703704.33,440075000.00,141666666.67,221697530.22,17500000.00,25000000.00
Apr 30 2026,YGG,924642901.22,924642901.22,78703704.33,440075000.00,141666666.67,221697530.22,17500000.00,25000000.00
Apr 28 2026,YGG,924642901.22,924642901.22,78703704.33,440075000.00,141666666.67,221697530.22,17500000.00,25000000.00
Apr 25 2026,YGG,915824074.06,915824074.06,76388889.50,438972222.22,137500000.00,220462962.33,17500000.00,25000000.00
Apr 23 2026,YGG,915824074.06,915824074.06,76388889.50,438972222.22,137500000.00,220462962.33,17500000.00,25000000.00
Apr 20 2026,YGG,915824074.06,915824074.06,76388889.50,438972222.22,137500000.00,220462962.33,17500000.00,25000000.00
Apr 18 2026,YGG,915824074.06,915824074.06,76388889.50,438972222.22,137500000.00,220462962.33,17500000.00,25000000.00
Apr 16 2026,YGG,915824074.06,915824074.06,76388889.50,438972222.22,137500000.00,220462962.33,17500000.00,25000000.00
Apr 13 2026,YGG,915824074.06,915824074.06,76388889.50,438972222.22,137500000.00,220462962.33,17500000.00,25000000.00
Apr 11 2026,YGG,915824074.06,915824074.06,76388889.50,438972222.22,137500000.00,220462962.33,17500000.00,25000000.00
Apr 08 2026,YGG,915824074.06,915824074.06,76388889.50,438972222.22,137500000.00,220462962.33,17500000.00,25000000.00
Apr 06 2026,YGG,915824074.06,915824074.06,76388889.50,438972222.22,137500000.00,220462962.33,17500000.00,25000000.00
Apr 04 2026,YGG,915824074.06,915824074.06,76388889.50,438972222.22,137500000.00,220462962.33,17500000.00,25000000.00
Apr 01 2026,YGG,915824074.06,915824074.06,76388889.50,438972222.22,137500000.00,220462962.33,17500000.00,25000000.00
Mar 30 2026,YGG,915824074.06,915824074.06,76388889.50,438972222.22,137500000.00,220462962.33,17500000.00,25000000.00
Mar 27 2026,YGG,915824074.06,915824074.06,76388889.50,438972222.22,137500000.00,220462962.33,17500000.00,25000000.00
Mar 25 2026,YGG,907005246.89,907005246.89,74074074.67,437869444.44,133333333.33,219228394.44,17500000.00,25000000.00
Mar 23 2026,YGG,907005246.89,907005246.89,74074074.67,437869444.44,133333333.33,219228394.44,17500000.00,25000000.00
Mar 20 2026,YGG,907005246.89,907005246.89,74074074.67,437869444.44,133333333.33,219228394.44,17500000.00,25000000.00
Mar 18 2026,YGG,907005246.89,907005246.89,74074074.67,437869444.44,133333333.33,219228394.44,17500000.00,25000000.00
Mar 16 2026,YGG,907005246.89,907005246.89,74074074.67,437869444.44,133333333.33,219228394.44,17500000.00,25000000.00
Mar 13 2026,YGG,907005246.89,907005246.89,74074074.67,437869444.44,133333333.33,219228394.44,17500000.00,25000000.00
Mar 11 2026,YGG,907005246.89,907005246.89,74074074.67,437869444.44,133333333.33,219228394.44,17500000.00,25000000.00
Mar 08 2026,YGG,907005246.89,907005246.89,74074074.67,437869444.44,133333333.33,219228394.44,17500000.00,25000000.00
Mar 06 2026,YGG,907005246.89,907005246.89,74074074.67,437869444.44,133333333.33,219228394.44,17500000.00,25000000.00
Mar 04 2026,YGG,907005246.89,907005246.89,74074074.67,437869444.44,133333333.33,219228394.44,17500000.00,25000000.00
Mar 01 2026,YGG,907005246.89,907005246.89,74074074.67,437869444.44,133333333.33,219228394.44,17500000.00,25000000.00
Feb 27 2026,YGG,907005246.89,907005246.89,74074074.67,437869444.44,133333333.33,219228394.44,17500000.00,25000000.00
Feb 24 2026,YGG,898186419.72,898186419.72,71759259.83,436766666.67,129166666.67,217993826.56,17500000.00,25000000.00
Feb 22 2026,YGG,898186419.72,898186419.72,71759259.83,436766666.67,129166666.67,217993826.56,17500000.00,25000000.00
Feb 20 2026,YGG,898186419.72,898186419.72,71759259.83,436766666.67,129166666.67,217993826.56,17500000.00,25000000.00
Feb 17 2026,YGG,898186419.72,898186419.72,71759259.83,436766666.67,129166666.67,217993826.56,17500000.00,25000000.00
Feb 15 2026,YGG,898186419.72,898186419.72,71759259.83,436766666.67,129166666.67,217993826.56,17500000.00,25000000.00
Feb 12 2026,YGG,898186419.72,898186419.72,71759259.83,436766666.67,129166666.67,217993826.56,17500000.00,25000000.00
Feb 10 2026,YGG,898186419.72,898186419.72,71759259.83,436766666.67,129166666.67,217993826.56,17500000.00,25000000.00
Feb 08 2026,YGG,898186419.72,898186419.72,71759259.83,436766666.67,129166666.67,217993826.56,17500000.00,25000000.00
Feb 05 2026,YGG,898186419.72,898186419.72,71759259.83,436766666.67,129166666.67,217993826.56,17500000.00,25000000.00
Feb 03 2026,YGG,898186419.72,898186419.72,71759259.83,436766666.67,129166666.67,217993826.56,17500000.00,25000000.00
Jan 31 2026,YGG,898186419.72,898186419.72,71759259.83,436766666.67,129166666.67,217993826.56,17500000.00,25000000.00
Jan 29 2026,YGG,898186419.72,898186419.72,71759259.83,436766666.67,129166666.67,217993826.56,17500000.00,25000000.00
Jan 27 2026,YGG,898186419.72,898186419.72,71759259.83,436766666.67,129166666.67,217993826.56,17500000.00,25000000.00
Jan 24 2026,YGG,887503703.67,887503703.67,69444445.00,433800000.00,125000000.00,216759258.67,17500000.00,25000000.00
Jan 22 2026,YGG,887503703.67,887503703.67,69444445.00,433800000.00,125000000.00,216759258.67,17500000.00,25000000.00
Jan 20 2026,YGG,887503703.67,887503703.67,69444445.00,433800000.00,125000000.00,216759258.67,17500000.00,25000000.00
Jan 17 2026,YGG,887503703.67,887503703.67,69444445.00,433800000.00,125000000.00,216759258.67,17500000.00,25000000.00
Jan 15 2026,YGG,887503703.67,887503703.67,69444445.00,433800000.00,125000000.00,216759258.67,17500000.00,25000000.00
Jan 12 2026,YGG,887503703.67,887503703.67,69444445.00,433800000.00,125000000.00,216759258.67,17500000.00,25000000.00
Jan 10 2026,YGG,887503703.67,887503703.67,69444445.00,433800000.00,125000000.00,216759258.67,17500000.00,25000000.00
Jan 08 2026,YGG,887503703.67,887503703.67,69444445.00,433800000.00,125000000.00,216759258.67,17500000.00,25000000.00
Jan 05 2026,YGG,887503703.67,887503703.67,69444445.00,433800000.00,125000000.00,216759258.67,17500000.00,25000000.00
Jan 03 2026,YGG,887503703.67,887503703.67,69444445.00,433800000.00,125000000.00,216759258.67,17500000.00,25000000.00
Dec 31 2025,YGG,887503703.67,887503703.67,69444445.00,433800000.00,125000000.00,216759258.67,17500000.00,25000000.00
Dec 29 2025,YGG,887503703.67,887503703.67,69444445.00,433800000.00,125000000.00,216759258.67,17500000.00,25000000.00
Dec 27 2025,YGG,887503703.67,887503703.67,69444445.00,433800000.00,125000000.00,216759258.67,17500000.00,25000000.00
Dec 24 2025,YGG,876820987.61,876820987.61,67129630.17,430833333.33,120833333.33,215524690.78,17500000.00,25000000.00
Dec 22 2025,YGG,876820987.61,876820987.61,67129630.17,430833333.33,120833333.33,215524690.78,17500000.00,25000000.00
Dec 19 2025,YGG,876820987.61,876820987.61,67129630.17,430833333.33,120833333.33,215524690.78,17500000.00,25000000.00
Dec 17 2025,YGG,876820987.61,876820987.61,67129630.17,430833333.33,120833333.33,215524690.78,17500000.00,25000000.00
Dec 15 2025,YGG,876820987.61,876820987.61,67129630.17,430833333.33,120833333.33,215524690.78,17500000.00,25000000.00
Dec 12 2025,YGG,876820987.61,876820987.61,67129630.17,430833333.33,120833333.33,215524690.78,17500000.00,25000000.00
Dec 10 2025,YGG,876820987.61,876820987.61,67129630.17,430833333.33,120833333.33,215524690.78,17500000.00,25000000.00
Dec 08 2025,YGG,876820987.61,876820987.61,67129630.17,430833333.33,120833333.33,215524690.78,17500000.00,25000000.00
Dec 05 2025,YGG,876820987.61,876820987.61,67129630.17,430833333.33,120833333.33,215524690.78,17500000.00,25000000.00
Dec 03 2025,YGG,876820987.61,876820987.61,67129630.17,430833333.33,120833333.33,215524690.78,17500000.00,25000000.00
Nov 30 2025,YGG,876820987.61,876820987.61,67129630.17,430833333.33,120833333.33,215524690.78,17500000.00,25000000.00
Nov 28 2025,YGG,876820987.61,876820987.61,67129630.17,430833333.33,120833333.33,215524690.78,17500000.00,25000000.00
Nov 26 2025,YGG,866138271.56,866138271.56,64814815.33,427866666.67,116666666.67,214290122.89,17500000.00,25000000.00
Nov 23 2025,YGG,866138271.56,866138271.56,64814815.33,427866666.67,116666666.67,214290122.89,17500000.00,25000000.00
Nov 21 2025,YGG,866138271.56,866138271.56,64814815.33,427866666.67,116666666.67,214290122.89,17500000.00,25000000.00
Nov 18 2025,YGG,866138271.56,866138271.56,64814815.33,427866666.67,116666666.67,214290122.89,17500000.00,25000000.00
Nov 16 2025,YGG,866138271.56,866138271.56,64814815.33,427866666.67,116666666.67,214290122.89,17500000.00,25000000.00
Nov 14 2025,YGG,866138271.56,866138271.56,64814815.33,427866666.67,116666666.67,214290122.89,17500000.00,25000000.00
Nov 11 2025,YGG,866138271.56,866138271.56,64814815.33,427866666.67,116666666.67,214290122.89,17500000.00,25000000.00
Nov 09 2025,YGG,866138271.56,866138271.56,64814815.33,427866666.67,116666666.67,214290122.89,17500000.00,25000000.00
Nov 06 2025,YGG,866138271.56,866138271.56,64814815.33,427866666.67,116666666.67,214290122.89,17500000.00,25000000.00
Nov 04 2025,YGG,866138271.56,866138271.56,64814815.33,427866666.67,116666666.67,214290122.89,17500000.00,25000000.00
Nov 02 2025,YGG,866138271.56,866138271.56,64814815.33,427866666.67,116666666.67,214290122.89,17500000.00,25000000.00
Oct 30 2025,YGG,866138271.56,866138271.56,64814815.33,427866666.67,116666666.67,214290122.89,17500000.00,25000000.00
Oct 28 2025,YGG,866138271.56,866138271.56,64814815.33,427866666.67,116666666.67,214290122.89,17500000.00,25000000.00
Oct 25 2025,YGG,855455555.50,855455555.50,62500000.50,424900000.00,112500000.00,213055555.00,17500000.00,25000000.00
Oct 23 2025,YGG,855455555.50,855455555.50,62500000.50,424900000.00,112500000.00,213055555.00,17500000.00,25000000.00
Oct 21 2025,YGG,855455555.50,855455555.50,62500000.50,424900000.00,112500000.00,213055555.00,17500000.00,25000000.00
Oct 18 2025,YGG,855455555.50,855455555.50,62500000.50,424900000.00,112500000.00,213055555.00,17500000.00,25000000.00
Oct 16 2025,YGG,855455555.50,855455555.50,62500000.50,424900000.00,112500000.00,213055555.00,17500000.00,25000000.00
Oct 14 2025,YGG,855455555.50,855455555.50,62500000.50,424900000.00,112500000.00,213055555.00,17500000.00,25000000.00
Oct 11 2025,YGG,855455555.50,855455555.50,62500000.50,424900000.00,112500000.00,213055555.00,17500000.00,25000000.00
Oct 09 2025,YGG,855455555.50,855455555.50,62500000.50,424900000.00,112500000.00,213055555.00,17500000.00,25000000.00
Oct 06 2025,YGG,855455555.50,855455555.50,62500000.50,424900000.00,112500000.00,213055555.00,17500000.00,25000000.00
Oct 04 2025,YGG,855455555.50,855455555.50,62500000.50,424900000.00,112500000.00,213055555.00,17500000.00,25000000.00
Oct 02 2025,YGG,855455555.50,855455555.50,62500000.50,424900000.00,112500000.00,213055555.00,17500000.00,25000000.00
Sep 29 2025,YGG,855455555.50,855455555.50,62500000.50,424900000.00,112500000.00,213055555.00,17500000.00,25000000.00
Sep 27 2025,YGG,855455555.50,855455555.50,62500000.50,424900000.00,112500000.00,213055555.00,17500000.00,25000000.00
Sep 24 2025,YGG,844772839.44,844772839.44,60185185.67,421933333.33,108333333.33,211820987.11,17500000.00,25000000.00
Sep 22 2025,YGG,844772839.44,844772839.44,60185185.67,421933333.33,108333333.33,211820987.11,17500000.00,25000000.00
Sep 20 2025,YGG,844772839.44,844772839.44,60185185.67,421933333.33,108333333.33,211820987.11,17500000.00,25000000.00
Sep 17 2025,YGG,844772839.44,844772839.44,60185185.67,421933333.33,108333333.33,211820987.11,17500000.00,25000000.00
Sep 15 2025,YGG,844772839.44,844772839.44,60185185.67,421933333.33,108333333.33,211820987.11,17500000.00,25000000.00
Sep 12 2025,YGG,844772839.44,844772839.44,60185185.67,421933333.33,108333333.33,211820987.11,17500000.00,25000000.00
Sep 10 2025,YGG,844772839.44,844772839.44,60185185.67,421933333.33,108333333.33,211820987.11,17500000.00,25000000.00
Sep 08 2025,YGG,844772839.44,844772839.44,60185185.67,421933333.33,108333333.33,211820987.11,17500000.00,25000000.00
Sep 05 2025,YGG,844772839.44,844772839.44,60185185.67,421933333.33,108333333.33,211820987.11,17500000.00,25000000.00
Sep 03 2025,YGG,844772839.44,844772839.44,60185185.67,421933333.33,108333333.33,211820987.11,17500000.00,25000000.00
Aug 31 2025,YGG,844772839.44,844772839.44,60185185.67,421933333.33,108333333.33,211820987.11,17500000.00,25000000.00
Aug 29 2025,YGG,844772839.44,844772839.44,60185185.67,421933333.33,108333333.33,211820987.11,17500000.00,25000000.00
Aug 27 2025,YGG,844772839.44,844772839.44,60185185.67,421933333.33,108333333.33,211820987.11,17500000.00,25000000.00
Aug 24 2025,YGG,834090123.39,834090123.39,57870370.83,418966666.67,104166666.67,210586419.22,17500000.00,25000000.00
Aug 22 2025,YGG,834090123.39,834090123.39,57870370.83,418966666.67,104166666.67,210586419.22,17500000.00,25000000.00
Aug 20 2025,YGG,834090123.39,834090123.39,57870370.83,418966666.67,104166666.67,210586419.22,17500000.00,25000000.00
Aug 17 2025,YGG,834090123.39,834090123.39,57870370.83,418966666.67,104166666.67,210586419.22,17500000.00,25000000.00
Aug 15 2025,YGG,834090123.39,834090123.39,57870370.83,418966666.67,104166666.67,210586419.22,17500000.00,25000000.00
Aug 12 2025,YGG,834090123.39,834090123.39,57870370.83,418966666.67,104166666.67,210586419.22,17500000.00,25000000.00
Aug 10 2025,YGG,834090123.39,834090123.39,57870370.83,418966666.67,104166666.67,210586419.22,17500000.00,25000000.00
Aug 08 2025,YGG,834090123.39,834090123.39,57870370.83,418966666.67,104166666.67,210586419.22,17500000.00,25000000.00
Aug 05 2025,YGG,834090123.39,834090123.39,57870370.83,418966666.67,104166666.67,210586419.22,17500000.00,25000000.00
Aug 03 2025,YGG,834090123.39,834090123.39,57870370.83,418966666.67,104166666.67,210586419.22,17500000.00,25000000.00
Jul 31 2025,YGG,834090123.39,834090123.39,57870370.83,418966666.67,104166666.67,210586419.22,17500000.00,25000000.00
Jul 29 2025,YGG,834090123.39,834090123.39,57870370.83,418966666.67,104166666.67,210586419.22,17500000.00,25000000.00
Jul 27 2025,YGG,834090123.39,834090123.39,57870370.83,418966666.67,104166666.67,210586419.22,17500000.00,25000000.00
Jul 24 2025,YGG,823407407.33,823407407.33,55555556.00,416000000.00,100000000.00,209351851.33,17500000.00,25000000.00
Jul 22 2025,YGG,823407407.33,823407407.33,55555556.00,416000000.00,100000000.00,209351851.33,17500000.00,25000000.00
Jul 19 2025,YGG,823407407.33,823407407.33,55555556.00,416000000.00,100000000.00,209351851.33,17500000.00,25000000.00
Jul 17 2025,YGG,823407407.33,823407407.33,55555556.00,416000000.00,100000000.00,209351851.33,17500000.00,25000000.00
Jul 15 2025,YGG,823407407.33,823407407.33,55555556.00,416000000.00,100000000.00,209351851.33,17500000.00,25000000.00
Jul 12 2025,YGG,823407407.33,823407407.33,55555556.00,416000000.00,100000000.00,209351851.33,17500000.00,25000000.00
Jul 10 2025,YGG,823407407.33,823407407.33,55555556.00,416000000.00,100000000.00,209351851.33,17500000.00,25000000.00
Jul 08 2025,YGG,823407407.33,823407407.33,55555556.00,416000000.00,100000000.00,209351851.33,17500000.00,25000000.00
Jul 05 2025,YGG,823407407.33,823407407.33,55555556.00,416000000.00,100000000.00,209351851.33,17500000.00,25000000.00
Jul 03 2025,YGG,823407407.33,823407407.33,55555556.00,416000000.00,100000000.00,209351851.33,17500000.00,25000000.00
Jun 30 2025,YGG,823407407.33,823407407.33,55555556.00,416000000.00,100000000.00,209351851.33,17500000.00,25000000.00
Jun 28 2025,YGG,823407407.33,823407407.33,55555556.00,416000000.00,100000000.00,209351851.33,17500000.00,25000000.00
Jun 26 2025,YGG,809326774.61,809326774.61,53240741.17,410677083.33,95833333.33,207075616.78,17500000.00,25000000.00
Jun 23 2025,YGG,809326774.61,809326774.61,53240741.17,410677083.33,95833333.33,207075616.78,17500000.00,25000000.00
Jun 21 2025,YGG,809326774.61,809326774.61,53240741.17,410677083.33,95833333.33,207075616.78,17500000.00,25000000.00
Jun 18 2025,YGG,809326774.61,809326774.61,53240741.17,410677083.33,95833333.33,207075616.78,17500000.00,25000000.00
Jun 16 2025,YGG,809326774.61,809326774.61,53240741.17,410677083.33,95833333.33,207075616.78,17500000.00,25000000.00
Jun 14 2025,YGG,809326774.61,809326774.61,53240741.17,410677083.33,95833333.33,207075616.78,17500000.00,25000000.00
Jun 11 2025,YGG,809326774.61,809326774.61,53240741.17,410677083.33,95833333.33,207075616.78,17500000.00,25000000.00
Jun 09 2025,YGG,809326774.61,809326774.61,53240741.17,410677083.33,95833333.33,207075616.78,17500000.00,25000000.00
Jun 06 2025,YGG,809326774.61,809326774.61,53240741.17,410677083.33,95833333.33,207075616.78,17500000.00,25000000.00
Jun 04 2025,YGG,809326774.61,809326774.61,53240741.17,410677083.33,95833333.33,207075616.78,17500000.00,25000000.00
Jun 02 2025,YGG,809326774.61,809326774.61,53240741.17,410677083.33,95833333.33,207075616.78,17500000.00,25000000.00
May 30 2025,YGG,809326774.61,809326774.61,53240741.17,410677083.33,95833333.33,207075616.78,17500000.00,25000000.00
May 28 2025,YGG,809326774.61,809326774.61,53240741.17,410677083.33,95833333.33,207075616.78,17500000.00,25000000.00
May 25 2025,YGG,795246141.89,795246141.89,50925926.33,405354166.67,91666666.67,204799382.22,17500000.00,25000000.00
May 23 2025,YGG,795246141.89,795246141.89,50925926.33,405354166.67,91666666.67,204799382.22,17500000.00,25000000.00
May 21 2025,YGG,795246141.89,795246141.89,50925926.33,405354166.67,91666666.67,204799382.22,17500000.00,25000000.00
May 18 2025,YGG,795246141.89,795246141.89,50925926.33,405354166.67,91666666.67,204799382.22,17500000.00,25000000.00
May 16 2025,YGG,795246141.89,795246141.89,50925926.33,405354166.67,91666666.67,204799382.22,17500000.00,25000000.00
May 14 2025,YGG,795246141.89,795246141.89,50925926.33,405354166.67,91666666.67,204799382.22,17500000.00,25000000.00
May 11 2025,YGG,795246141.89,795246141.89,50925926.33,405354166.67,91666666.67,204799382.22,17500000.00,25000000.00
May 09 2025,YGG,795246141.89,795246141.89,50925926.33,405354166.67,91666666.67,204799382.22,17500000.00,25000000.00
May 06 2025,YGG,795246141.89,795246141.89,50925926.33,405354166.67,91666666.67,204799382.22,17500000.00,25000000.00
May 04 2025,YGG,795246141.89,795246141.89,50925926.33,405354166.67,91666666.67,204799382.22,17500000.00,25000000.00
May 02 2025,YGG,795246141.89,795246141.89,50925926.33,405354166.67,91666666.67,204799382.22,17500000.00,25000000.00
Apr 29 2025,YGG,795246141.89,795246141.89,50925926.33,405354166.67,91666666.67,204799382.22,17500000.00,25000000.00
Apr 27 2025,YGG,795246141.89,795246141.89,50925926.33,405354166.67,91666666.67,204799382.22,17500000.00,25000000.00
Apr 24 2025,YGG,781165509.17,781165509.17,48611111.50,400031250.00,87500000.00,202523147.67,17500000.00,25000000.00
Apr 22 2025,YGG,781165509.17,781165509.17,48611111.50,400031250.00,87500000.00,202523147.67,17500000.00,25000000.00
Apr 20 2025,YGG,781165509.17,781165509.17,48611111.50,400031250.00,87500000.00,202523147.67,17500000.00,25000000.00
Apr 17 2025,YGG,781165509.17,781165509.17,48611111.50,400031250.00,87500000.00,202523147.67,17500000.00,25000000.00
Apr 15 2025,YGG,781165509.17,781165509.17,48611111.50,400031250.00,87500000.00,202523147.67,17500000.00,25000000.00
Apr 12 2025,YGG,781165509.17,781165509.17,48611111.50,400031250.00,87500000.00,202523147.67,17500000.00,25000000.00
Apr 10 2025,YGG,781165509.17,781165509.17,48611111.50,400031250.00,87500000.00,202523147.67,17500000.00,25000000.00
Apr 08 2025,YGG,781165509.17,781165509.17,48611111.50,400031250.00,87500000.00,202523147.67,17500000.00,25000000.00
Apr 05 2025,YGG,781165509.17,781165509.17,48611111.50,400031250.00,87500000.00,202523147.67,17500000.00,25000000.00
Apr 03 2025,YGG,781165509.17,781165509.17,48611111.50,400031250.00,87500000.00,202523147.67,17500000.00,25000000.00
Apr 01 2025,YGG,781165509.17,781165509.17,48611111.50,400031250.00,87500000.00,202523147.67,17500000.00,25000000.00
Mar 29 2025,YGG,781165509.17,781165509.17,48611111.50,400031250.00,87500000.00,202523147.67,17500000.00,25000000.00
Mar 27 2025,YGG,781165509.17,781165509.17,48611111.50,400031250.00,87500000.00,202523147.67,17500000.00,25000000.00
Mar 24 2025,YGG,767084876.44,767084876.44,46296296.67,394708333.33,83333333.33,200246913.11,17500000.00,25000000.00
Mar 22 2025,YGG,767084876.44,767084876.44,46296296.67,394708333.33,83333333.33,200246913.11,17500000.00,25000000.00
Mar 20 2025,YGG,767084876.44,767084876.44,46296296.67,394708333.33,83333333.33,200246913.11,17500000.00,25000000.00
Mar 17 2025,YGG,767084876.44,767084876.44,46296296.67,394708333.33,83333333.33,200246913.11,17500000.00,25000000.00
Mar 15 2025,YGG,767084876.44,767084876.44,46296296.67,394708333.33,83333333.33,200246913.11,17500000.00,25000000.00
Mar 12 2025,YGG,767084876.44,767084876.44,46296296.67,394708333.33,83333333.33,200246913.11,17500000.00,25000000.00
Mar 10 2025,YGG,767084876.44,767084876.44,46296296.67,394708333.33,83333333.33,200246913.11,17500000.00,25000000.00
Mar 08 2025,YGG,767084876.44,767084876.44,46296296.67,394708333.33,83333333.33,200246913.11,17500000.00,25000000.00
Mar 05 2025,YGG,767084876.44,767084876.44,46296296.67,394708333.33,83333333.33,200246913.11,17500000.00,25000000.00
Mar 03 2025,YGG,767084876.44,767084876.44,46296296.67,394708333.33,83333333.33,200246913.11,17500000.00,25000000.00
Feb 28 2025,YGG,767084876.44,767084876.44,46296296.67,394708333.33,83333333.33,200246913.11,17500000.00,25000000.00
Feb 26 2025,YGG,753004243.72,753004243.72,43981481.83,389385416.67,79166666.67,197970678.56,17500000.00,25000000.00
Feb 24 2025,YGG,753004243.72,753004243.72,43981481.83,389385416.67,79166666.67,197970678.56,17500000.00,25000000.00
Feb 21 2025,YGG,753004243.72,753004243.72,43981481.83,389385416.67,79166666.67,197970678.56,17500000.00,25000000.00
Feb 19 2025,YGG,753004243.72,753004243.72,43981481.83,389385416.67,79166666.67,197970678.56,17500000.00,25000000.00
Feb 16 2025,YGG,753004243.72,753004243.72,43981481.83,389385416.67,79166666.67,197970678.56,17500000.00,25000000.00
Feb 14 2025,YGG,753004243.72,753004243.72,43981481.83,389385416.67,79166666.67,197970678.56,17500000.00,25000000.00
Feb 12 2025,YGG,753004243.72,753004243.72,43981481.83,389385416.67,79166666.67,197970678.56,17500000.00,25000000.00
Feb 09 2025,YGG,753004243.72,753004243.72,43981481.83,389385416.67,79166666.67,197970678.56,17500000.00,25000000.00
Feb 07 2025,YGG,753004243.72,753004243.72,43981481.83,389385416.67,79166666.67,197970678.56,17500000.00,25000000.00
Feb 05 2025,YGG,753004243.72,753004243.72,43981481.83,389385416.67,79166666.67,197970678.56,17500000.00,25000000.00
Feb 02 2025,YGG,753004243.72,753004243.72,43981481.83,389385416.67,79166666.67,197970678.56,17500000.00,25000000.00
Jan 31 2025,YGG,753004243.72,753004243.72,43981481.83,389385416.67,79166666.67,197970678.56,17500000.00,25000000.00
Jan 28 2025,YGG,753004243.72,753004243.72,43981481.83,389385416.67,79166666.67,197970678.56,17500000.00,25000000.00
Jan 26 2025,YGG,738923611.00,738923611.00,41666667.00,384062500.00,75000000.00,195694444.00,17500000.00,25000000.00
Jan 24 2025,YGG,738923611.00,738923611.00,41666667.00,384062500.00,75000000.00,195694444.00,17500000.00,25000000.00
Jan 21 2025,YGG,738923611.00,738923611.00,41666667.00,384062500.00,75000000.00,195694444.00,17500000.00,25000000.00
Jan 19 2025,YGG,738923611.00,738923611.00,41666667.00,384062500.00,75000000.00,195694444.00,17500000.00,25000000.00
Jan 16 2025,YGG,738923611.00,738923611.00,41666667.00,384062500.00,75000000.00,195694444.00,17500000.00,25000000.00
Jan 14 2025,YGG,738923611.00,738923611.00,41666667.00,384062500.00,75000000.00,195694444.00,17500000.00,25000000.00
Jan 12 2025,YGG,738923611.00,738923611.00,41666667.00,384062500.00,75000000.00,195694444.00,17500000.00,25000000.00
Jan 09 2025,YGG,738923611.00,738923611.00,41666667.00,384062500.00,75000000.00,195694444.00,17500000.00,25000000.00
Jan 07 2025,YGG,738923611.00,738923611.00,41666667.00,384062500.00,75000000.00,195694444.00,17500000.00,25000000.00
Jan 04 2025,YGG,738923611.00,738923611.00,41666667.00,384062500.00,75000000.00,195694444.00,17500000.00,25000000.00
Jan 02 2025,YGG,738923611.00,738923611.00,41666667.00,384062500.00,75000000.00,195694444.00,17500000.00,25000000.00
Dec 31 2024,YGG,738923611.00,738923611.00,41666667.00,384062500.00,75000000.00,195694444.00,17500000.00,25000000.00
Dec 28 2024,YGG,738923611.00,738923611.00,41666667.00,384062500.00,75000000.00,195694444.00,17500000.00,25000000.00
Dec 26 2024,YGG,724842978.28,724842978.28,39351852.17,378739583.33,70833333.33,193418209.44,17500000.00,25000000.00
Dec 23 2024,YGG,724842978.28,724842978.28,39351852.17,378739583.33,70833333.33,193418209.44,17500000.00,25000000.00
Dec 21 2024,YGG,724842978.28,724842978.28,39351852.17,378739583.33,70833333.33,193418209.44,17500000.00,25000000.00
Dec 19 2024,YGG,724842978.28,724842978.28,39351852.17,378739583.33,70833333.33,193418209.44,17500000.00,25000000.00
Dec 16 2024,YGG,724842978.28,724842978.28,39351852.17,378739583.33,70833333.33,193418209.44,17500000.00,25000000.00
Dec 14 2024,YGG,724842978.28,724842978.28,39351852.17,378739583.33,70833333.33,193418209.44,17500000.00,25000000.00
Dec 12 2024,YGG,724842978.28,724842978.28,39351852.17,378739583.33,70833333.33,193418209.44,17500000.00,25000000.00
Dec 09 2024,YGG,724842978.28,724842978.28,39351852.17,378739583.33,70833333.33,193418209.44,17500000.00,25000000.00
Dec 07 2024,YGG,724842978.28,724842978.28,39351852.17,378739583.33,70833333.33,193418209.44,17500000.00,25000000.00
Dec 04 2024,YGG,724842978.28,724842978.28,39351852.17,378739583.33,70833333.33,193418209.44,17500000.00,25000000.00
Dec 02 2024,YGG,724842978.28,724842978.28,39351852.17,378739583.33,70833333.33,193418209.44,17500000.00,25000000.00
Nov 30 2024,YGG,724842978.28,724842978.28,39351852.17,378739583.33,70833333.33,193418209.44,17500000.00,25000000.00
Nov 27 2024,YGG,724842978.28,724842978.28,39351852.17,378739583.33,70833333.33,193418209.44,17500000.00,25000000.00
Nov 25 2024,YGG,710762345.56,710762345.56,37037037.33,373416666.67,66666666.67,191141974.89,17500000.00,25000000.00
Nov 22 2024,YGG,710762345.56,710762345.56,37037037.33,373416666.67,66666666.67,191141974.89,17500000.00,25000000.00
Nov 20 2024,YGG,710762345.56,710762345.56,37037037.33,373416666.67,66666666.67,191141974.89,17500000.00,25000000.00
Nov 18 2024,YGG,710762345.56,710762345.56,37037037.33,373416666.67,66666666.67,191141974.89,17500000.00,25000000.00
Nov 15 2024,YGG,710762345.56,710762345.56,37037037.33,373416666.67,66666666.67,191141974.89,17500000.00,25000000.00
Nov 13 2024,YGG,710762345.56,710762345.56,37037037.33,373416666.67,66666666.67,191141974.89,17500000.00,25000000.00
Nov 10 2024,YGG,710762345.56,710762345.56,37037037.33,373416666.67,66666666.67,191141974.89,17500000.00,25000000.00
Nov 08 2024,YGG,710762345.56,710762345.56,37037037.33,373416666.67,66666666.67,191141974.89,17500000.00,25000000.00
Nov 06 2024,YGG,710762345.56,710762345.56,37037037.33,373416666.67,66666666.67,191141974.89,17500000.00,25000000.00
Nov 03 2024,YGG,710762345.56,710762345.56,37037037.33,373416666.67,66666666.67,191141974.89,17500000.00,25000000.00
Nov 01 2024,YGG,710762345.56,710762345.56,37037037.33,373416666.67,66666666.67,191141974.89,17500000.00,25000000.00
Oct 30 2024,YGG,710762345.56,710762345.56,37037037.33,373416666.67,66666666.67,191141974.89,17500000.00,25000000.00
Oct 27 2024,YGG,710762345.56,710762345.56,37037037.33,373416666.67,66666666.67,191141974.89,17500000.00,25000000.00
Oct 25 2024,YGG,696681712.83,696681712.83,34722222.50,368093750.00,62500000.00,188865740.33,17500000.00,25000000.00
Oct 22 2024,YGG,696681712.83,696681712.83,34722222.50,368093750.00,62500000.00,188865740.33,17500000.00,25000000.00
Oct 20 2024,YGG,696681712.83,696681712.83,34722222.50,368093750.00,62500000.00,188865740.33,17500000.00,25000000.00
Oct 18 2024,YGG,696681712.83,696681712.83,34722222.50,368093750.00,62500000.00,188865740.33,17500000.00,25000000.00
Oct 15 2024,YGG,696681712.83,696681712.83,34722222.50,368093750.00,62500000.00,188865740.33,17500000.00,25000000.00
Oct 13 2024,YGG,696681712.83,696681712.83,34722222.50,368093750.00,62500000.00,188865740.33,17500000.00,25000000.00
Oct 10 2024,YGG,696681712.83,696681712.83,34722222.50,368093750.00,62500000.00,188865740.33,17500000.00,25000000.00
Oct 08 2024,YGG,696681712.83,696681712.83,34722222.50,368093750.00,62500000.00,188865740.33,17500000.00,25000000.00
Oct 06 2024,YGG,696681712.83,696681712.83,34722222.50,368093750.00,62500000.00,188865740.33,17500000.00,25000000.00
Oct 03 2024,YGG,696681712.83,696681712.83,34722222.50,368093750.00,62500000.00,188865740.33,17500000.00,25000000.00
Oct 01 2024,YGG,696681712.83,696681712.83,34722222.50,368093750.00,62500000.00,188865740.33,17500000.00,25000000.00
Sep 28 2024,YGG,696681712.83,696681712.83,34722222.50,368093750.00,62500000.00,188865740.33,17500000.00,25000000.00
Sep 26 2024,YGG,682601080.11,682601080.11,32407407.67,362770833.33,58333333.33,186589505.78,17500000.00,25000000.00
Sep 24 2024,YGG,682601080.11,682601080.11,32407407.67,362770833.33,58333333.33,186589505.78,17500000.00,25000000.00
Sep 21 2024,YGG,682601080.11,682601080.11,32407407.67,362770833.33,58333333.33,186589505.78,17500000.00,25000000.00
Sep 19 2024,YGG,682601080.11,682601080.11,32407407.67,362770833.33,58333333.33,186589505.78,17500000.00,25000000.00
Sep 16 2024,YGG,682601080.11,682601080.11,32407407.67,362770833.33,58333333.33,186589505.78,17500000.00,25000000.00
Sep 14 2024,YGG,682601080.11,682601080.11,32407407.67,362770833.33,58333333.33,186589505.78,17500000.00,25000000.00
Sep 12 2024,YGG,682601080.11,682601080.11,32407407.67,362770833.33,58333333.33,186589505.78,17500000.00,25000000.00
Sep 09 2024,YGG,682601080.11,682601080.11,32407407.67,362770833.33,58333333.33,186589505.78,17500000.00,25000000.00
Sep 07 2024,YGG,682601080.11,682601080.11,32407407.67,362770833.33,58333333.33,186589505.78,17500000.00,25000000.00
Sep 05 2024,YGG,682601080.11,682601080.11,32407407.67,362770833.33,58333333.33,186589505.78,17500000.00,25000000.00
Sep 02 2024,YGG,682601080.11,682601080.11,32407407.67,362770833.33,58333333.33,186589505.78,17500000.00,25000000.00
Aug 31 2024,YGG,682601080.11,682601080.11,32407407.67,362770833.33,58333333.33,186589505.78,17500000.00,25000000.00
Aug 28 2024,YGG,682601080.11,682601080.11,32407407.67,362770833.33,58333333.33,186589505.78,17500000.00,25000000.00
Aug 26 2024,YGG,668520447.39,668520447.39,30092592.83,357447916.67,54166666.67,184313271.22,17500000.00,25000000.00
Aug 24 2024,YGG,668520447.39,668520447.39,30092592.83,357447916.67,54166666.67,184313271.22,17500000.00,25000000.00
Aug 21 2024,YGG,668520447.39,668520447.39,30092592.83,357447916.67,54166666.67,184313271.22,17500000.00,25000000.00
Aug 19 2024,YGG,668520447.39,668520447.39,30092592.83,357447916.67,54166666.67,184313271.22,17500000.00,25000000.00
Aug 16 2024,YGG,668520447.39,668520447.39,30092592.83,357447916.67,54166666.67,184313271.22,17500000.00,25000000.00
Aug 14 2024,YGG,668520447.39,668520447.39,30092592.83,357447916.67,54166666.67,184313271.22,17500000.00,25000000.00
Aug 12 2024,YGG,668520447.39,668520447.39,30092592.83,357447916.67,54166666.67,184313271.22,17500000.00,25000000.00
Aug 09 2024,YGG,668520447.39,668520447.39,30092592.83,357447916.67,54166666.67,184313271.22,17500000.00,25000000.00
Aug 07 2024,YGG,668520447.39,668520447.39,30092592.83,357447916.67,54166666.67,184313271.22,17500000.00,25000000.00
Aug 04 2024,YGG,668520447.39,668520447.39,30092592.83,357447916.67,54166666.67,184313271.22,17500000.00,25000000.00
Aug 02 2024,YGG,668520447.39,668520447.39,30092592.83,357447916.67,54166666.67,184313271.22,17500000.00,25000000.00
Jul 31 2024,YGG,668520447.39,668520447.39,30092592.83,357447916.67,54166666.67,184313271.22,17500000.00,25000000.00
Jul 28 2024,YGG,668520447.39,668520447.39,30092592.83,357447916.67,54166666.67,184313271.22,17500000.00,25000000.00
Jul 26 2024,YGG,654439814.67,654439814.67,27777778.00,352125000.00,50000000.00,182037036.67,17500000.00,25000000.00
Jul 23 2024,YGG,654439814.67,654439814.67,27777778.00,352125000.00,50000000.00,182037036.67,17500000.00,25000000.00
Jul 21 2024,YGG,654439814.67,654439814.67,27777778.00,352125000.00,50000000.00,182037036.67,17500000.00,25000000.00
Jul 19 2024,YGG,654439814.67,654439814.67,27777778.00,352125000.00,50000000.00,182037036.67,17500000.00,25000000.00
Jul 16 2024,YGG,654439814.67,654439814.67,27777778.00,352125000.00,50000000.00,182037036.67,17500000.00,25000000.00
Jul 14 2024,YGG,654439814.67,654439814.67,27777778.00,352125000.00,50000000.00,182037036.67,17500000.00,25000000.00
Jul 12 2024,YGG,654439814.67,654439814.67,27777778.00,352125000.00,50000000.00,182037036.67,17500000.00,25000000.00
Jul 09 2024,YGG,654439814.67,654439814.67,27777778.00,352125000.00,50000000.00,182037036.67,17500000.00,25000000.00
Jul 07 2024,YGG,654439814.67,654439814.67,27777778.00,352125000.00,50000000.00,182037036.67,17500000.00,25000000.00
Jul 04 2024,YGG,654439814.67,654439814.67,27777778.00,352125000.00,50000000.00,182037036.67,17500000.00,25000000.00
Jul 02 2024,YGG,654439814.67,654439814.67,27777778.00,352125000.00,50000000.00,182037036.67,17500000.00,25000000.00
Jun 30 2024,YGG,654439814.67,654439814.67,27777778.00,352125000.00,50000000.00,182037036.67,17500000.00,25000000.00
Jun 27 2024,YGG,654439814.67,654439814.67,27777778.00,352125000.00,50000000.00,182037036.67,17500000.00,25000000.00
Jun 25 2024,YGG,637745756.11,637745756.11,25462963.17,345114583.33,45833333.33,178834876.28,17500000.00,25000000.00
Jun 22 2024,YGG,637745756.11,637745756.11,25462963.17,345114583.33,45833333.33,178834876.28,17500000.00,25000000.00
Jun 20 2024,YGG,637745756.11,637745756.11,25462963.17,345114583.33,45833333.33,178834876.28,17500000.00,25000000.00
Jun 18 2024,YGG,637745756.11,637745756.11,25462963.17,345114583.33,45833333.33,178834876.28,17500000.00,25000000.00
Jun 15 2024,YGG,637745756.11,637745756.11,25462963.17,345114583.33,45833333.33,178834876.28,17500000.00,25000000.00
Jun 13 2024,YGG,637745756.11,637745756.11,25462963.17,345114583.33,45833333.33,178834876.28,17500000.00,25000000.00
Jun 10 2024,YGG,637745756.11,637745756.11,25462963.17,345114583.33,45833333.33,178834876.28,17500000.00,25000000.00
Jun 08 2024,YGG,637745756.11,637745756.11,25462963.17,345114583.33,45833333.33,178834876.28,17500000.00,25000000.00
Jun 06 2024,YGG,637745756.11,637745756.11,25462963.17,345114583.33,45833333.33,178834876.28,17500000.00,25000000.00
Jun 03 2024,YGG,637745756.11,637745756.11,25462963.17,345114583.33,45833333.33,178834876.28,17500000.00,25000000.00
Jun 01 2024,YGG,637745756.11,637745756.11,25462963.17,345114583.33,45833333.33,178834876.28,17500000.00,25000000.00
May 30 2024,YGG,637745756.11,637745756.11,25462963.17,345114583.33,45833333.33,178834876.28,17500000.00,25000000.00
May 27 2024,YGG,637745756.11,637745756.11,25462963.17,345114583.33,45833333.33,178834876.28,17500000.00,25000000.00
May 25 2024,YGG,621051697.47,621051697.47,23148148.33,338104166.67,41666666.67,175632715.81,17500000.00,25000000.00
May 22 2024,YGG,621051697.47,621051697.47,23148148.33,338104166.67,41666666.67,175632715.81,17500000.00,25000000.00
May 20 2024,YGG,621051697.47,621051697.47,23148148.33,338104166.67,41666666.67,175632715.81,17500000.00,25000000.00
May 18 2024,YGG,621051697.47,621051697.47,23148148.33,338104166.67,41666666.67,175632715.81,17500000.00,25000000.00
May 15 2024,YGG,621051697.47,621051697.47,23148148.33,338104166.67,41666666.67,175632715.81,17500000.00,25000000.00
May 13 2024,YGG,621051697.47,621051697.47,23148148.33,338104166.67,41666666.67,175632715.81,17500000.00,25000000.00
May 10 2024,YGG,621051697.47,621051697.47,23148148.33,338104166.67,41666666.67,175632715.81,17500000.00,25000000.00
May 08 2024,YGG,621051697.47,621051697.47,23148148.33,338104166.67,41666666.67,175632715.81,17500000.00,25000000.00
May 06 2024,YGG,621051697.47,621051697.47,23148148.33,338104166.67,41666666.67,175632715.81,17500000.00,25000000.00
May 03 2024,YGG,621051697.47,621051697.47,23148148.33,338104166.67,41666666.67,175632715.81,17500000.00,25000000.00
May 01 2024,YGG,621051697.47,621051697.47,23148148.33,338104166.67,41666666.67,175632715.81,17500000.00,25000000.00
May 01 2024,YGG,621051697.47,621051697.47,23148148.33,338104166.67,41666666.67,175632715.81,17500000.00,25000000.00
Apr 28 2024,YGG,621051697.47,621051697.47,23148148.33,338104166.67,41666666.67,175632715.81,17500000.00,25000000.00
Apr 26 2024,YGG,604357638.83,604357638.83,20833333.50,331093750.00,37500000.00,172430555.33,17500000.00,25000000.00
Apr 24 2024,YGG,604357638.83,604357638.83,20833333.50,331093750.00,37500000.00,172430555.33,17500000.00,25000000.00
Apr 21 2024,YGG,604357638.83,604357638.83,20833333.50,331093750.00,37500000.00,172430555.33,17500000.00,25000000.00
Apr 19 2024,YGG,604357638.83,604357638.83,20833333.50,331093750.00,37500000.00,172430555.33,17500000.00,25000000.00
Apr 16 2024,YGG,604357638.83,604357638.83,20833333.50,331093750.00,37500000.00,172430555.33,17500000.00,25000000.00
Apr 14 2024,YGG,604357638.83,604357638.83,20833333.50,331093750.00,37500000.00,172430555.33,17500000.00,25000000.00
Apr 12 2024,YGG,604357638.83,604357638.83,20833333.50,331093750.00,37500000.00,172430555.33,17500000.00,25000000.00
Apr 09 2024,YGG,604357638.83,604357638.83,20833333.50,331093750.00,37500000.00,172430555.33,17500000.00,25000000.00
Apr 07 2024,YGG,604357638.83,604357638.83,20833333.50,331093750.00,37500000.00,172430555.33,17500000.00,25000000.00
Apr 05 2024,YGG,604357638.83,604357638.83,20833333.50,331093750.00,37500000.00,172430555.33,17500000.00,25000000.00
Apr 02 2024,YGG,604357638.83,604357638.83,20833333.50,331093750.00,37500000.00,172430555.33,17500000.00,25000000.00
Mar 31 2024,YGG,0,604357638.83,20833333.50,331093750.00,37500000.00,172430555.33,17500000.00,25000000.00
Mar 28 2024,YGG,0,604357638.83,20833333.50,331093750.00,37500000.00,172430555.33,17500000.00,25000000.00
Mar 26 2024,YGG,0,587663580.19,18518518.67,324083333.33,33333333.33,169228394.86,17500000.00,25000000.00
Mar 24 2024,YGG,0,587663580.19,18518518.67,324083333.33,33333333.33,169228394.86,17500000.00,25000000.00
Mar 21 2024,YGG,0,587663580.19,18518518.67,324083333.33,33333333.33,169228394.86,17500000.00,25000000.00
Mar 19 2024,YGG,0,587663580.19,18518518.67,324083333.33,33333333.33,169228394.86,17500000.00,25000000.00
Mar 16 2024,YGG,0,587663580.19,18518518.67,324083333.33,33333333.33,169228394.86,17500000.00,25000000.00
Mar 14 2024,YGG,0,587663580.19,18518518.67,324083333.33,33333333.33,169228394.86,17500000.00,25000000.00
Mar 12 2024,YGG,0,587663580.19,18518518.67,324083333.33,33333333.33,169228394.86,17500000.00,25000000.00
Mar 09 2024,YGG,0,587663580.19,18518518.67,324083333.33,33333333.33,169228394.86,17500000.00,25000000.00
Mar 07 2024,YGG,0,587663580.19,18518518.67,324083333.33,33333333.33,169228394.86,17500000.00,25000000.00
Mar 04 2024,YGG,0,587663580.19,18518518.67,324083333.33,33333333.33,169228394.86,17500000.00,25000000.00
Mar 02 2024,YGG,0,587663580.19,18518518.67,324083333.33,33333333.33,169228394.86,17500000.00,25000000.00
Feb 29 2024,YGG,0,587663580.19,18518518.67,324083333.33,33333333.33,169228394.86,17500000.00,25000000.00
Feb 26 2024,YGG,0,570969521.56,16203703.83,317072916.67,29166666.67,166026234.39,17500000.00,25000000.00
Feb 24 2024,YGG,0,570969521.56,16203703.83,317072916.67,29166666.67,166026234.39,17500000.00,25000000.00
Feb 21 2024,YGG,0,570969521.56,16203703.83,317072916.67,29166666.67,166026234.39,17500000.00,25000000.00
Feb 19 2024,YGG,0,570969521.56,16203703.83,317072916.67,29166666.67,166026234.39,17500000.00,25000000.00
Feb 17 2024,YGG,0,570969521.56,16203703.83,317072916.67,29166666.67,166026234.39,17500000.00,25000000.00
Feb 14 2024,YGG,0,570969521.56,16203703.83,317072916.67,29166666.67,166026234.39,17500000.00,25000000.00
Feb 12 2024,YGG,0,570969521.56,16203703.83,317072916.67,29166666.67,166026234.39,17500000.00,25000000.00
Feb 10 2024,YGG,0,570969521.56,16203703.83,317072916.67,29166666.67,166026234.39,17500000.00,25000000.00
Feb 07 2024,YGG,0,570969521.56,16203703.83,317072916.67,29166666.67,166026234.39,17500000.00,25000000.00
Feb 05 2024,YGG,0,570969521.56,16203703.83,317072916.67,29166666.67,166026234.39,17500000.00,25000000.00
Feb 02 2024,YGG,0,570969521.56,16203703.83,317072916.67,29166666.67,166026234.39,17500000.00,25000000.00
Jan 31 2024,YGG,0,570969521.56,16203703.83,317072916.67,29166666.67,166026234.39,17500000.00,25000000.00
Jan 29 2024,YGG,0,570969521.56,16203703.83,317072916.67,29166666.67,166026234.39,17500000.00,25000000.00
Jan 26 2024,YGG,0,554275462.92,13888889.00,310062500.00,25000000.00,162824073.92,17500000.00,25000000.00
Jan 24 2024,YGG,0,554275462.92,13888889.00,310062500.00,25000000.00,162824073.92,17500000.00,25000000.00
Jan 21 2024,YGG,0,554275462.92,13888889.00,310062500.00,25000000.00,162824073.92,17500000.00,25000000.00
Jan 19 2024,YGG,0,554275462.92,13888889.00,310062500.00,25000000.00,162824073.92,17500000.00,25000000.00
Jan 17 2024,YGG,0,554275462.92,13888889.00,310062500.00,25000000.00,162824073.92,17500000.00,25000000.00
Jan 14 2024,YGG,0,554275462.92,13888889.00,310062500.00,25000000.00,162824073.92,17500000.00,25000000.00
Jan 12 2024,YGG,0,554275462.92,13888889.00,310062500.00,25000000.00,162824073.92,17500000.00,25000000.00
Jan 09 2024,YGG,0,554275462.92,13888889.00,310062500.00,25000000.00,162824073.92,17500000.00,25000000.00
Jan 07 2024,YGG,0,554275462.92,13888889.00,310062500.00,25000000.00,162824073.92,17500000.00,25000000.00
Jan 05 2024,YGG,0,554275462.92,13888889.00,310062500.00,25000000.00,162824073.92,17500000.00,25000000.00
Jan 02 2024,YGG,0,554275462.92,13888889.00,310062500.00,25000000.00,162824073.92,17500000.00,25000000.00
Dec 31 2023,YGG,0,554275462.92,13888889.00,310062500.00,25000000.00,162824073.92,17500000.00,25000000.00
Dec 29 2023,YGG,0,554275462.92,13888889.00,310062500.00,25000000.00,162824073.92,17500000.00,25000000.00
Dec 26 2023,YGG,0,537581404.28,11574074.17,303052083.33,20833333.33,159621913.44,17500000.00,25000000.00
Dec 24 2023,YGG,0,537581404.28,11574074.17,303052083.33,20833333.33,159621913.44,17500000.00,25000000.00
Dec 21 2023,YGG,0,537581404.28,11574074.17,303052083.33,20833333.33,159621913.44,17500000.00,25000000.00
Dec 19 2023,YGG,0,537581404.28,11574074.17,303052083.33,20833333.33,159621913.44,17500000.00,25000000.00
Dec 17 2023,YGG,0,537581404.28,11574074.17,303052083.33,20833333.33,159621913.44,17500000.00,25000000.00
Dec 14 2023,YGG,0,537581404.28,11574074.17,303052083.33,20833333.33,159621913.44,17500000.00,25000000.00
Dec 12 2023,YGG,0,537581404.28,11574074.17,303052083.33,20833333.33,159621913.44,17500000.00,25000000.00
Dec 09 2023,YGG,0,537581404.28,11574074.17,303052083.33,20833333.33,159621913.44,17500000.00,25000000.00
Dec 07 2023,YGG,0,537581404.28,11574074.17,303052083.33,20833333.33,159621913.44,17500000.00,25000000.00
Dec 05 2023,YGG,0,537581404.28,11574074.17,303052083.33,20833333.33,159621913.44,17500000.00,25000000.00
Dec 02 2023,YGG,0,537581404.28,11574074.17,303052083.33,20833333.33,159621913.44,17500000.00,25000000.00
Nov 30 2023,YGG,0,537581404.28,11574074.17,303052083.33,20833333.33,159621913.44,17500000.00,25000000.00
Nov 27 2023,YGG,0,537581404.28,11574074.17,303052083.33,20833333.33,159621913.44,17500000.00,25000000.00
Nov 25 2023,YGG,0,520887345.64,9259259.33,296041666.67,16666666.67,156419752.97,17500000.00,25000000.00
Nov 23 2023,YGG,0,520887345.64,9259259.33,296041666.67,16666666.67,156419752.97,17500000.00,25000000.00
Nov 20 2023,YGG,0,520887345.64,9259259.33,296041666.67,16666666.67,156419752.97,17500000.00,25000000.00
Nov 18 2023,YGG,0,520887345.64,9259259.33,296041666.67,16666666.67,156419752.97,17500000.00,25000000.00
Nov 15 2023,YGG,0,520887345.64,9259259.33,296041666.67,16666666.67,156419752.97,17500000.00,25000000.00
Nov 13 2023,YGG,0,520887345.64,9259259.33,296041666.67,16666666.67,156419752.97,17500000.00,25000000.00
Nov 11 2023,YGG,0,520887345.64,9259259.33,296041666.67,16666666.67,156419752.97,17500000.00,25000000.00
Nov 08 2023,YGG,0,520887345.64,9259259.33,296041666.67,16666666.67,156419752.97,17500000.00,25000000.00
Nov 06 2023,YGG,0,520887345.64,9259259.33,296041666.67,16666666.67,156419752.97,17500000.00,25000000.00
Nov 04 2023,YGG,0,520887345.64,9259259.33,296041666.67,16666666.67,156419752.97,17500000.00,25000000.00
Nov 01 2023,YGG,0,520887345.64,9259259.33,296041666.67,16666666.67,156419752.97,17500000.00,25000000.00
Oct 30 2023,YGG,0,520887345.64,9259259.33,296041666.67,16666666.67,156419752.97,17500000.00,25000000.00
Oct 27 2023,YGG,0,520887345.64,9259259.33,296041666.67,16666666.67,156419752.97,17500000.00,25000000.00
Oct 25 2023,YGG,0,504193287.00,6944444.50,289031250.00,12500000.00,153217592.50,17500000.00,25000000.00
Oct 23 2023,YGG,0,504193287.00,6944444.50,289031250.00,12500000.00,153217592.50,17500000.00,25000000.00
Oct 20 2023,YGG,0,504193287.00,6944444.50,289031250.00,12500000.00,153217592.50,17500000.00,25000000.00
Oct 18 2023,YGG,0,504193287.00,6944444.50,289031250.00,12500000.00,153217592.50,17500000.00,25000000.00
Oct 15 2023,YGG,0,504193287.00,6944444.50,289031250.00,12500000.00,153217592.50,17500000.00,25000000.00
Oct 13 2023,YGG,0,504193287.00,6944444.50,289031250.00,12500000.00,153217592.50,17500000.00,25000000.00
Oct 11 2023,YGG,0,504193287.00,6944444.50,289031250.00,12500000.00,153217592.50,17500000.00,25000000.00
Oct 08 2023,YGG,0,504193287.00,6944444.50,289031250.00,12500000.00,153217592.50,17500000.00,25000000.00
Oct 06 2023,YGG,0,504193287.00,6944444.50,289031250.00,12500000.00,153217592.50,17500000.00,25000000.00
Oct 03 2023,YGG,0,504193287.00,6944444.50,289031250.00,12500000.00,153217592.50,17500000.00,25000000.00
Oct 01 2023,YGG,0,504193287.00,6944444.50,289031250.00,12500000.00,153217592.50,17500000.00,25000000.00
Sep 29 2023,YGG,0,504193287.00,6944444.50,289031250.00,12500000.00,153217592.50,17500000.00,25000000.00
Sep 26 2023,YGG,0,487499228.36,4629629.67,282020833.33,8333333.33,150015432.03,17500000.00,25000000.00
Sep 24 2023,YGG,0,487499228.36,4629629.67,282020833.33,8333333.33,150015432.03,17500000.00,25000000.00
Sep 21 2023,YGG,0,487499228.36,4629629.67,282020833.33,8333333.33,150015432.03,17500000.00,25000000.00
Sep 19 2023,YGG,0,487499228.36,4629629.67,282020833.33,8333333.33,150015432.03,17500000.00,25000000.00
Sep 17 2023,YGG,0,487499228.36,4629629.67,282020833.33,8333333.33,150015432.03,17500000.00,25000000.00
Sep 14 2023,YGG,0,487499228.36,4629629.67,282020833.33,8333333.33,150015432.03,17500000.00,25000000.00
Sep 12 2023,YGG,0,487499228.36,4629629.67,282020833.33,8333333.33,150015432.03,17500000.00,25000000.00
Sep 10 2023,YGG,0,487499228.36,4629629.67,282020833.33,8333333.33,150015432.03,17500000.00,25000000.00
Sep 07 2023,YGG,0,487499228.36,4629629.67,282020833.33,8333333.33,150015432.03,17500000.00,25000000.00
Sep 05 2023,YGG,0,487499228.36,4629629.67,282020833.33,8333333.33,150015432.03,17500000.00,25000000.00
Sep 02 2023,YGG,0,487499228.36,4629629.67,282020833.33,8333333.33,150015432.03,17500000.00,25000000.00
Aug 31 2023,YGG,0,487499228.36,4629629.67,282020833.33,8333333.33,150015432.03,17500000.00,25000000.00
Aug 29 2023,YGG,0,487499228.36,4629629.67,282020833.33,8333333.33,150015432.03,17500000.00,25000000.00
Aug 26 2023,YGG,0,470805169.72,2314814.83,275010416.67,4166666.67,146813271.56,17500000.00,25000000.00
Aug 24 2023,YGG,0,470805169.72,2314814.83,275010416.67,4166666.67,146813271.56,17500000.00,25000000.00
Aug 21 2023,YGG,0,470805169.72,2314814.83,275010416.67,4166666.67,146813271.56,17500000.00,25000000.00
Aug 19 2023,YGG,0,470805169.72,2314814.83,275010416.67,4166666.67,146813271.56,17500000.00,25000000.00
Aug 17 2023,YGG,0,470805169.72,2314814.83,275010416.67,4166666.67,146813271.56,17500000.00,25000000.00
Aug 14 2023,YGG,0,470805169.72,2314814.83,275010416.67,4166666.67,146813271.56,17500000.00,25000000.00
Aug 12 2023,YGG,0,470805169.72,2314814.83,275010416.67,4166666.67,146813271.56,17500000.00,25000000.00
Aug 09 2023,YGG,0,470805169.72,2314814.83,275010416.67,4166666.67,146813271.56,17500000.00,25000000.00
Aug 07 2023,YGG,0,470805169.72,2314814.83,275010416.67,4166666.67,146813271.56,17500000.00,25000000.00
Aug 05 2023,YGG,0,470805169.72,2314814.83,275010416.67,4166666.67,146813271.56,17500000.00,25000000.00
Aug 02 2023,YGG,0,470805169.72,2314814.83,275010416.67,4166666.67,146813271.56,17500000.00,25000000.00
Jul 31 2023,YGG,0,470805169.72,2314814.83,275010416.67,4166666.67,146813271.56,17500000.00,25000000.00
Jul 29 2023,YGG,0,470805169.72,2314814.83,275010416.67,4166666.67,146813271.56,17500000.00,25000000.00
Jul 26 2023,YGG,0,454111111.08,0,268000000.00,0,143611111.08,17500000.00,25000000.00
Jul 24 2023,YGG,0,454111111.08,0,268000000.00,0,143611111.08,17500000.00,25000000.00
Jul 21 2023,YGG,0,454111111.08,0,268000000.00,0,143611111.08,17500000.00,25000000.00
Jul 19 2023,YGG,0,454111111.08,0,268000000.00,0,143611111.08,17500000.00,25000000.00
Jul 17 2023,YGG,0,454111111.08,0,268000000.00,0,143611111.08,17500000.00,25000000.00
Jul 14 2023,YGG,0,454111111.08,0,268000000.00,0,143611111.08,17500000.00,25000000.00
Jul 12 2023,YGG,0,454111111.08,0,268000000.00,0,143611111.08,17500000.00,25000000.00
Jul 09 2023,YGG,0,454111111.08,0,268000000.00,0,143611111.08,17500000.00,25000000.00
Jul 07 2023,YGG,0,454111111.08,0,268000000.00,0,143611111.08,17500000.00,25000000.00
Jul 05 2023,YGG,0,454111111.08,0,268000000.00,0,143611111.08,17500000.00,25000000.00
Jul 02 2023,YGG,0,454111111.08,0,268000000.00,0,143611111.08,17500000.00,25000000.00
Jun 30 2023,YGG,0,454111111.08,0,268000000.00,0,143611111.08,17500000.00,25000000.00
Jun 27 2023,YGG,0,454111111.08,0,268000000.00,0,143611111.08,17500000.00,25000000.00
Jun 25 2023,YGG,0,431695598.17,0,256802083.33,0,133851848.17,16041666.67,25000000.00
Jun 23 2023,YGG,0,431695598.17,0,256802083.33,0,133851848.17,16041666.67,25000000.00
Jun 20 2023,YGG,0,431695598.17,0,256802083.33,0,133851848.17,16041666.67,25000000.00
Jun 18 2023,YGG,0,431695598.17,0,256802083.33,0,133851848.17,16041666.67,25000000.00
Jun 15 2023,YGG,0,431695598.17,0,256802083.33,0,133851848.17,16041666.67,25000000.00
Jun 13 2023,YGG,0,431695598.17,0,256802083.33,0,133851848.17,16041666.67,25000000.00
Jun 11 2023,YGG,0,431695598.17,0,256802083.33,0,133851848.17,16041666.67,25000000.00
Jun 08 2023,YGG,0,431695598.17,0,256802083.33,0,133851848.17,16041666.67,25000000.00
Jun 06 2023,YGG,0,431695598.17,0,256802083.33,0,133851848.17,16041666.67,25000000.00
Jun 04 2023,YGG,0,431695598.17,0,256802083.33,0,133851848.17,16041666.67,25000000.00
Jun 01 2023,YGG,0,431695598.17,0,256802083.33,0,133851848.17,16041666.67,25000000.00
May 30 2023,YGG,0,431695598.17,0,256802083.33,0,133851848.17,16041666.67,25000000.00
May 27 2023,YGG,0,431695598.17,0,256802083.33,0,133851848.17,16041666.67,25000000.00
May 25 2023,YGG,0,409280089.25,0,245604166.67,0,124092589.25,14583333.33,25000000.00
May 23 2023,YGG,0,409280089.25,0,245604166.67,0,124092589.25,14583333.33,25000000.00
May 20 2023,YGG,0,409280089.25,0,245604166.67,0,124092589.25,14583333.33,25000000.00
May 18 2023,YGG,0,409280089.25,0,245604166.67,0,124092589.25,14583333.33,25000000.00
May 15 2023,YGG,0,409280089.25,0,245604166.67,0,124092589.25,14583333.33,25000000.00
May 13 2023,YGG,0,409280089.25,0,245604166.67,0,124092589.25,14583333.33,25000000.00
May 11 2023,YGG,0,409280089.25,0,245604166.67,0,124092589.25,14583333.33,25000000.00
May 08 2023,YGG,0,409280089.25,0,245604166.67,0,124092589.25,14583333.33,25000000.00
May 06 2023,YGG,0,409280089.25,0,245604166.67,0,124092589.25,14583333.33,25000000.00
May 03 2023,YGG,0,409280089.25,0,245604166.67,0,124092589.25,14583333.33,25000000.00
May 01 2023,YGG,0,409280089.25,0,245604166.67,0,124092589.25,14583333.33,25000000.00
Apr 29 2023,YGG,0,409280089.25,0,245604166.67,0,124092589.25,14583333.33,25000000.00
Apr 26 2023,YGG,0,386864580.33,0,234406250.00,0,114333330.33,13125000.00,25000000.00
Apr 24 2023,YGG,0,386864580.33,0,234406250.00,0,114333330.33,13125000.00,25000000.00
Apr 22 2023,YGG,0,386864580.33,0,234406250.00,0,114333330.33,13125000.00,25000000.00
Apr 19 2023,YGG,0,386864580.33,0,234406250.00,0,114333330.33,13125000.00,25000000.00
Apr 17 2023,YGG,0,386864580.33,0,234406250.00,0,114333330.33,13125000.00,25000000.00
Apr 14 2023,YGG,0,386864580.33,0,234406250.00,0,114333330.33,13125000.00,25000000.00
Apr 12 2023,YGG,0,386864580.33,0,234406250.00,0,114333330.33,13125000.00,25000000.00
Apr 10 2023,YGG,0,386864580.33,0,234406250.00,0,114333330.33,13125000.00,25000000.00
Apr 07 2023,YGG,0,386864580.33,0,234406250.00,0,114333330.33,13125000.00,25000000.00
Apr 05 2023,YGG,0,386864580.33,0,234406250.00,0,114333330.33,13125000.00,25000000.00
Apr 02 2023,YGG,0,386864580.33,0,234406250.00,0,114333330.33,13125000.00,25000000.00
Mar 31 2023,YGG,0,386864580.33,0,234406250.00,0,114333330.33,13125000.00,25000000.00
Mar 29 2023,YGG,0,386864580.33,0,234406250.00,0,114333330.33,13125000.00,25000000.00
Mar 26 2023,YGG,0,364449071.42,0,223208333.33,0,104574071.42,11666666.67,25000000.00
Mar 24 2023,YGG,0,364449071.42,0,223208333.33,0,104574071.42,11666666.67,25000000.00
Mar 21 2023,YGG,0,364449071.42,0,223208333.33,0,104574071.42,11666666.67,25000000.00
Mar 19 2023,YGG,0,364449071.42,0,223208333.33,0,104574071.42,11666666.67,25000000.00
Mar 17 2023,YGG,0,364449071.42,0,223208333.33,0,104574071.42,11666666.67,25000000.00
Mar 14 2023,YGG,0,364449071.42,0,223208333.33,0,104574071.42,11666666.67,25000000.00
Mar 12 2023,YGG,0,364449071.42,0,223208333.33,0,104574071.42,11666666.67,25000000.00
Mar 09 2023,YGG,0,364449071.42,0,223208333.33,0,104574071.42,11666666.67,25000000.00
Mar 07 2023,YGG,0,364449071.42,0,223208333.33,0,104574071.42,11666666.67,25000000.00
Mar 05 2023,YGG,0,364449071.42,0,223208333.33,0,104574071.42,11666666.67,25000000.00
Mar 02 2023,YGG,0,364449071.42,0,223208333.33,0,104574071.42,11666666.67,25000000.00
Feb 28 2023,YGG,0,364449071.42,0,223208333.33,0,104574071.42,11666666.67,25000000.00
Feb 26 2023,YGG,0,342033562.50,0,212010416.67,0,94814812.50,10208333.33,25000000.00
Feb 23 2023,YGG,0,342033562.50,0,212010416.67,0,94814812.50,10208333.33,25000000.00
Feb 21 2023,YGG,0,342033562.50,0,212010416.67,0,94814812.50,10208333.33,25000000.00
Feb 18 2023,YGG,0,342033562.50,0,212010416.67,0,94814812.50,10208333.33,25000000.00
Feb 16 2023,YGG,0,342033562.50,0,212010416.67,0,94814812.50,10208333.33,25000000.00
Feb 14 2023,YGG,0,342033562.50,0,212010416.67,0,94814812.50,10208333.33,25000000.00
Feb 11 2023,YGG,0,342033562.50,0,212010416.67,0,94814812.50,10208333.33,25000000.00
Feb 09 2023,YGG,0,342033562.50,0,212010416.67,0,94814812.50,10208333.33,25000000.00
Feb 06 2023,YGG,0,342033562.50,0,212010416.67,0,94814812.50,10208333.33,25000000.00
Feb 04 2023,YGG,0,342033562.50,0,212010416.67,0,94814812.50,10208333.33,25000000.00
Feb 02 2023,YGG,0,342033562.50,0,212010416.67,0,94814812.50,10208333.33,25000000.00
Jan 30 2023,YGG,0,342033562.50,0,212010416.67,0,94814812.50,10208333.33,25000000.00
Jan 28 2023,YGG,0,342033562.50,0,212010416.67,0,94814812.50,10208333.33,25000000.00
Jan 25 2023,YGG,0,319618053.58,0,200812500.00,0,85055553.58,8750000.00,25000000.00
Jan 23 2023,YGG,0,319618053.58,0,200812500.00,0,85055553.58,8750000.00,25000000.00
Jan 21 2023,YGG,0,319618053.58,0,200812500.00,0,85055553.58,8750000.00,25000000.00
Jan 18 2023,YGG,0,319618053.58,0,200812500.00,0,85055553.58,8750000.00,25000000.00
Jan 16 2023,YGG,0,319618053.58,0,200812500.00,0,85055553.58,8750000.00,25000000.00
Jan 13 2023,YGG,0,319618053.58,0,200812500.00,0,85055553.58,8750000.00,25000000.00
Jan 11 2023,YGG,0,319618053.58,0,200812500.00,0,85055553.58,8750000.00,25000000.00
Jan 09 2023,YGG,0,319618053.58,0,200812500.00,0,85055553.58,8750000.00,25000000.00
Jan 06 2023,YGG,0,319618053.58,0,200812500.00,0,85055553.58,8750000.00,25000000.00
Jan 04 2023,YGG,0,319618053.58,0,200812500.00,0,85055553.58,8750000.00,25000000.00
Jan 02 2023,YGG,0,319618053.58,0,200812500.00,0,85055553.58,8750000.00,25000000.00
Dec 30 2022,YGG,0,319618053.58,0,200812500.00,0,85055553.58,8750000.00,25000000.00
Dec 28 2022,YGG,0,319618053.58,0,200812500.00,0,85055553.58,8750000.00,25000000.00
Dec 25 2022,YGG,0,297202544.67,0,189614583.33,0,75296294.67,7291666.67,25000000.00
Dec 23 2022,YGG,0,297202544.67,0,189614583.33,0,75296294.67,7291666.67,25000000.00
Dec 21 2022,YGG,0,297202544.67,0,189614583.33,0,75296294.67,7291666.67,25000000.00
Dec 18 2022,YGG,0,297202544.67,0,189614583.33,0,75296294.67,7291666.67,25000000.00
Dec 16 2022,YGG,0,297202544.67,0,189614583.33,0,75296294.67,7291666.67,25000000.00
Dec 13 2022,YGG,0,297202544.67,0,189614583.33,0,75296294.67,7291666.67,25000000.00
Dec 11 2022,YGG,0,297202544.67,0,189614583.33,0,75296294.67,7291666.67,25000000.00
Dec 09 2022,YGG,0,297202544.67,0,189614583.33,0,75296294.67,7291666.67,25000000.00
Dec 06 2022,YGG,0,297202544.67,0,189614583.33,0,75296294.67,7291666.67,25000000.00
Dec 04 2022,YGG,0,297202544.67,0,189614583.33,0,75296294.67,7291666.67,25000000.00
Dec 01 2022,YGG,0,297202544.67,0,189614583.33,0,75296294.67,7291666.67,25000000.00
Nov 29 2022,YGG,0,297202544.67,0,189614583.33,0,75296294.67,7291666.67,25000000.00
Nov 27 2022,YGG,0,297202544.67,0,189614583.33,0,75296294.67,7291666.67,25000000.00
Nov 24 2022,YGG,0,274787035.75,0,178416666.67,0,65537035.75,5833333.33,25000000.00
Nov 22 2022,YGG,0,274787035.75,0,178416666.67,0,65537035.75,5833333.33,25000000.00
Nov 20 2022,YGG,0,274787035.75,0,178416666.67,0,65537035.75,5833333.33,25000000.00
Nov 17 2022,YGG,0,274787035.75,0,178416666.67,0,65537035.75,5833333.33,25000000.00
Nov 15 2022,YGG,0,274787035.75,0,178416666.67,0,65537035.75,5833333.33,25000000.00
Nov 12 2022,YGG,0,274787035.75,0,178416666.67,0,65537035.75,5833333.33,25000000.00
Nov 10 2022,YGG,0,274787035.75,0,178416666.67,0,65537035.75,5833333.33,25000000.00
Nov 08 2022,YGG,0,274787035.75,0,178416666.67,0,65537035.75,5833333.33,25000000.00
Nov 05 2022,YGG,0,274787035.75,0,178416666.67,0,65537035.75,5833333.33,25000000.00
Nov 03 2022,YGG,0,274787035.75,0,178416666.67,0,65537035.75,5833333.33,25000000.00
Oct 31 2022,YGG,0,274787035.75,0,178416666.67,0,65537035.75,5833333.33,25000000.00
Oct 29 2022,YGG,0,274787035.75,0,178416666.67,0,65537035.75,5833333.33,25000000.00
Oct 27 2022,YGG,0,274787035.75,0,178416666.67,0,65537035.75,5833333.33,25000000.00
Oct 24 2022,YGG,0,252371526.83,0,167218750.00,0,55777776.83,4375000.00,25000000.00
Oct 22 2022,YGG,0,252371526.83,0,167218750.00,0,55777776.83,4375000.00,25000000.00
Oct 19 2022,YGG,0,252371526.83,0,167218750.00,0,55777776.83,4375000.00,25000000.00
Oct 17 2022,YGG,0,252371526.83,0,167218750.00,0,55777776.83,4375000.00,25000000.00
Oct 15 2022,YGG,0,252371526.83,0,167218750.00,0,55777776.83,4375000.00,25000000.00
Oct 12 2022,YGG,0,252371526.83,0,167218750.00,0,55777776.83,4375000.00,25000000.00
Oct 10 2022,YGG,0,252371526.83,0,167218750.00,0,55777776.83,4375000.00,25000000.00
Oct 07 2022,YGG,0,252371526.83,0,167218750.00,0,55777776.83,4375000.00,25000000.00
Oct 05 2022,YGG,0,252371526.83,0,167218750.00,0,55777776.83,4375000.00,25000000.00
Oct 03 2022,YGG,0,252371526.83,0,167218750.00,0,55777776.83,4375000.00,25000000.00
Sep 30 2022,YGG,0,252371526.83,0,167218750.00,0,55777776.83,4375000.00,25000000.00
Sep 28 2022,YGG,0,252371526.83,0,167218750.00,0,55777776.83,4375000.00,25000000.00
Sep 26 2022,YGG,0,229956017.92,0,156020833.33,0,46018517.92,2916666.67,25000000.00
Sep 23 2022,YGG,0,229956017.92,0,156020833.33,0,46018517.92,2916666.67,25000000.00
Sep 21 2022,YGG,0,229956017.92,0,156020833.33,0,46018517.92,2916666.67,25000000.00
Sep 18 2022,YGG,0,229956017.92,0,156020833.33,0,46018517.92,2916666.67,25000000.00
Sep 16 2022,YGG,0,229956017.92,0,156020833.33,0,46018517.92,2916666.67,25000000.00
Sep 14 2022,YGG,0,229956017.92,0,156020833.33,0,46018517.92,2916666.67,25000000.00
Sep 11 2022,YGG,0,229956017.92,0,156020833.33,0,46018517.92,2916666.67,25000000.00
Sep 09 2022,YGG,0,229956017.92,0,156020833.33,0,46018517.92,2916666.67,25000000.00
Sep 06 2022,YGG,0,229956017.92,0,156020833.33,0,46018517.92,2916666.67,25000000.00
Sep 04 2022,YGG,0,229956017.92,0,156020833.33,0,46018517.92,2916666.67,25000000.00
Sep 02 2022,YGG,0,229956017.92,0,156020833.33,0,46018517.92,2916666.67,25000000.00
Aug 30 2022,YGG,0,229956017.92,0,156020833.33,0,46018517.92,2916666.67,25000000.00
Aug 28 2022,YGG,0,229956017.92,0,156020833.33,0,46018517.92,2916666.67,25000000.00
Aug 25 2022,YGG,0,207540509.00,0,144822916.67,0,36259259.00,1458333.33,25000000.00
Aug 23 2022,YGG,0,207540509.00,0,144822916.67,0,36259259.00,1458333.33,25000000.00
Aug 21 2022,YGG,0,207540509.00,0,144822916.67,0,36259259.00,1458333.33,25000000.00
Aug 18 2022,YGG,0,207540509.00,0,144822916.67,0,36259259.00,1458333.33,25000000.00
Aug 16 2022,YGG,0,207540509.00,0,144822916.67,0,36259259.00,1458333.33,25000000.00
Aug 13 2022,YGG,0,207540509.00,0,144822916.67,0,36259259.00,1458333.33,25000000.00
Aug 11 2022,YGG,0,207540509.00,0,144822916.67,0,36259259.00,1458333.33,25000000.00
Aug 09 2022,YGG,0,207540509.00,0,144822916.67,0,36259259.00,1458333.33,25000000.00
Aug 06 2022,YGG,0,207540509.00,0,144822916.67,0,36259259.00,1458333.33,25000000.00
Aug 04 2022,YGG,0,207540509.00,0,144822916.67,0,36259259.00,1458333.33,25000000.00
Aug 02 2022,YGG,0,207540509.00,0,144822916.67,0,36259259.00,1458333.33,25000000.00
Jul 30 2022,YGG,0,207540509.00,0,144822916.67,0,36259259.00,1458333.33,25000000.00
Jul 28 2022,YGG,0,207540509.00,0,144822916.67,0,36259259.00,1458333.33,25000000.00
Jul 25 2022,YGG,0,185125000.00,0,133625000.00,0,26500000.00,0,25000000.00
Jul 23 2022,YGG,0,185125000.00,0,133625000.00,0,26500000.00,0,25000000.00
Jul 21 2022,YGG,0,185125000.00,0,133625000.00,0,26500000.00,0,25000000.00
Jul 18 2022,YGG,0,185125000.00,0,133625000.00,0,26500000.00,0,25000000.00
Jul 16 2022,YGG,0,185125000.00,0,133625000.00,0,26500000.00,0,25000000.00
Jul 13 2022,YGG,0,185125000.00,0,133625000.00,0,26500000.00,0,25000000.00
Jul 11 2022,YGG,0,185125000.00,0,133625000.00,0,26500000.00,0,25000000.00
Jul 09 2022,YGG,0,185125000.00,0,133625000.00,0,26500000.00,0,25000000.00
Jul 06 2022,YGG,0,185125000.00,0,133625000.00,0,26500000.00,0,25000000.00
Jul 04 2022,YGG,0,185125000.00,0,133625000.00,0,26500000.00,0,25000000.00
Jul 01 2022,YGG,0,185125000.00,0,133625000.00,0,26500000.00,0,25000000.00
Jun 29 2022,YGG,0,185125000.00,0,133625000.00,0,26500000.00,0,25000000.00
Jun 27 2022,YGG,0,185125000.00,0,133625000.00,0,26500000.00,0,25000000.00
Jun 24 2022,YGG,0,174322916.67,0,122822916.67,0,26500000.00,0,25000000.00
Jun 22 2022,YGG,0,174322916.67,0,122822916.67,0,26500000.00,0,25000000.00
Jun 20 2022,YGG,0,174322916.67,0,122822916.67,0,26500000.00,0,25000000.00
Jun 17 2022,YGG,0,174322916.67,0,122822916.67,0,26500000.00,0,25000000.00
Jun 15 2022,YGG,0,174322916.67,0,122822916.67,0,26500000.00,0,25000000.00
Jun 12 2022,YGG,0,174322916.67,0,122822916.67,0,26500000.00,0,25000000.00
Jun 10 2022,YGG,0,174322916.67,0,122822916.67,0,26500000.00,0,25000000.00
Jun 08 2022,YGG,0,174322916.67,0,122822916.67,0,26500000.00,0,25000000.00
Jun 05 2022,YGG,0,174322916.67,0,122822916.67,0,26500000.00,0,25000000.00
Jun 03 2022,YGG,0,174322916.67,0,122822916.67,0,26500000.00,0,25000000.00
May 31 2022,YGG,0,174322916.67,0,122822916.67,0,26500000.00,0,25000000.00
May 29 2022,YGG,0,174322916.67,0,122822916.67,0,26500000.00,0,25000000.00
May 27 2022,YGG,0,174322916.67,0,122822916.67,0,26500000.00,0,25000000.00
May 24 2022,YGG,0,163520833.33,0,112020833.33,0,26500000.00,0,25000000.00
May 22 2022,YGG,0,163520833.33,0,112020833.33,0,26500000.00,0,25000000.00
May 19 2022,YGG,0,163520833.33,0,112020833.33,0,26500000.00,0,25000000.00
May 17 2022,YGG,0,163520833.33,0,112020833.33,0,26500000.00,0,25000000.00
May 15 2022,YGG,0,163520833.33,0,112020833.33,0,26500000.00,0,25000000.00
May 12 2022,YGG,0,163520833.33,0,112020833.33,0,26500000.00,0,25000000.00
May 10 2022,YGG,0,163520833.33,0,112020833.33,0,26500000.00,0,25000000.00
May 07 2022,YGG,0,163520833.33,0,112020833.33,0,26500000.00,0,25000000.00
May 05 2022,YGG,0,163520833.33,0,112020833.33,0,26500000.00,0,25000000.00
May 03 2022,YGG,0,163520833.33,0,112020833.33,0,26500000.00,0,25000000.00
Apr 30 2022,YGG,0,163520833.33,0,112020833.33,0,26500000.00,0,25000000.00
Apr 28 2022,YGG,0,163520833.33,0,112020833.33,0,26500000.00,0,25000000.00
Apr 26 2022,YGG,0,152718750.00,0,101218750.00,0,26500000.00,0,25000000.00
Apr 23 2022,YGG,0,152718750.00,0,101218750.00,0,26500000.00,0,25000000.00
Apr 21 2022,YGG,0,152718750.00,0,101218750.00,0,26500000.00,0,25000000.00
Apr 18 2022,YGG,0,152718750.00,0,101218750.00,0,26500000.00,0,25000000.00
Apr 16 2022,YGG,0,152718750.00,0,101218750.00,0,26500000.00,0,25000000.00
Apr 14 2022,YGG,0,152718750.00,0,101218750.00,0,26500000.00,0,25000000.00
Apr 11 2022,YGG,0,152718750.00,0,101218750.00,0,26500000.00,0,25000000.00
Apr 09 2022,YGG,0,152718750.00,0,101218750.00,0,26500000.00,0,25000000.00
Apr 06 2022,YGG,0,152718750.00,0,101218750.00,0,26500000.00,0,25000000.00
Apr 04 2022,YGG,0,152718750.00,0,101218750.00,0,26500000.00,0,25000000.00
Apr 02 2022,YGG,0,152718750.00,0,101218750.00,0,26500000.00,0,25000000.00
Mar 30 2022,YGG,0,152718750.00,0,101218750.00,0,26500000.00,0,25000000.00
Mar 28 2022,YGG,0,152718750.00,0,101218750.00,0,26500000.00,0,25000000.00
Mar 25 2022,YGG,0,141916666.67,0,90416666.67,0,26500000.00,0,25000000.00
Mar 23 2022,YGG,0,141916666.67,0,90416666.67,0,26500000.00,0,25000000.00
Mar 21 2022,YGG,0,141916666.67,0,90416666.67,0,26500000.00,0,25000000.00
Mar 18 2022,YGG,0,141916666.67,0,90416666.67,0,26500000.00,0,25000000.00
Mar 16 2022,YGG,0,141916666.67,0,90416666.67,0,26500000.00,0,25000000.00
Mar 13 2022,YGG,0,141916666.67,0,90416666.67,0,26500000.00,0,25000000.00
Mar 11 2022,YGG,0,141916666.67,0,90416666.67,0,26500000.00,0,25000000.00
Mar 09 2022,YGG,0,141916666.67,0,90416666.67,0,26500000.00,0,25000000.00
Mar 06 2022,YGG,0,141916666.67,0,90416666.67,0,26500000.00,0,25000000.00
Mar 04 2022,YGG,0,141916666.67,0,90416666.67,0,26500000.00,0,25000000.00
Mar 02 2022,YGG,0,141916666.67,0,90416666.67,0,26500000.00,0,25000000.00
Feb 27 2022,YGG,0,141916666.67,0,90416666.67,0,26500000.00,0,25000000.00
Feb 25 2022,YGG,0,131114583.33,0,79614583.33,0,26500000.00,0,25000000.00
Feb 22 2022,YGG,0,131114583.33,0,79614583.33,0,26500000.00,0,25000000.00
Feb 20 2022,YGG,0,131114583.33,0,79614583.33,0,26500000.00,0,25000000.00
Feb 18 2022,YGG,0,131114583.33,0,79614583.33,0,26500000.00,0,25000000.00
Feb 15 2022,YGG,0,131114583.33,0,79614583.33,0,26500000.00,0,25000000.00
Feb 13 2022,YGG,0,131114583.33,0,79614583.33,0,26500000.00,0,25000000.00
Feb 10 2022,YGG,0,131114583.33,0,79614583.33,0,26500000.00,0,25000000.00
Feb 08 2022,YGG,0,131114583.33,0,79614583.33,0,26500000.00,0,25000000.00
Feb 06 2022,YGG,0,131114583.33,0,79614583.33,0,26500000.00,0,25000000.00
Feb 03 2022,YGG,0,131114583.33,0,79614583.33,0,26500000.00,0,25000000.00
Feb 01 2022,YGG,0,131114583.33,0,79614583.33,0,26500000.00,0,25000000.00
Jan 29 2022,YGG,0,131114583.33,0,79614583.33,0,26500000.00,0,25000000.00
Jan 27 2022,YGG,0,131114583.33,0,79614583.33,0,26500000.00,0,25000000.00
Jan 25 2022,YGG,0,120312500.00,0,68812500.00,0,26500000.00,0,25000000.00
Jan 22 2022,YGG,0,120312500.00,0,68812500.00,0,26500000.00,0,25000000.00
Jan 20 2022,YGG,0,120312500.00,0,68812500.00,0,26500000.00,0,25000000.00
Jan 18 2022,YGG,0,120312500.00,0,68812500.00,0,26500000.00,0,25000000.00
Jan 15 2022,YGG,0,120312500.00,0,68812500.00,0,26500000.00,0,25000000.00
Jan 13 2022,YGG,0,120312500.00,0,68812500.00,0,26500000.00,0,25000000.00
Jan 10 2022,YGG,0,120312500.00,0,68812500.00,0,26500000.00,0,25000000.00
Jan 08 2022,YGG,0,120312500.00,0,68812500.00,0,26500000.00,0,25000000.00
Jan 06 2022,YGG,0,120312500.00,0,68812500.00,0,26500000.00,0,25000000.00
Jan 03 2022,YGG,0,120312500.00,0,68812500.00,0,26500000.00,0,25000000.00
Jan 01 2022,YGG,0,120312500.00,0,68812500.00,0,26500000.00,0,25000000.00
Dec 29 2021,YGG,0,120312500.00,0,68812500.00,0,26500000.00,0,25000000.00
Dec 27 2021,YGG,0,120312500.00,0,68812500.00,0,26500000.00,0,25000000.00
Dec 25 2021,YGG,0,109510416.67,0,58010416.67,0,26500000.00,0,25000000.00
Dec 22 2021,YGG,0,109510416.67,0,58010416.67,0,26500000.00,0,25000000.00
Dec 20 2021,YGG,0,109510416.67,0,58010416.67,0,26500000.00,0,25000000.00
Dec 17 2021,YGG,0,109510416.67,0,58010416.67,0,26500000.00,0,25000000.00
Dec 15 2021,YGG,0,109510416.67,0,58010416.67,0,26500000.00,0,25000000.00
Dec 13 2021,YGG,0,109510416.67,0,58010416.67,0,26500000.00,0,25000000.00
Dec 10 2021,YGG,0,109510416.67,0,58010416.67,0,26500000.00,0,25000000.00
Dec 08 2021,YGG,0,109510416.67,0,58010416.67,0,26500000.00,0,25000000.00
Dec 05 2021,YGG,0,109510416.67,0,58010416.67,0,26500000.00,0,25000000.00
Dec 03 2021,YGG,0,109510416.67,0,58010416.67,0,26500000.00,0,25000000.00
Dec 01 2021,YGG,0,109510416.67,0,58010416.67,0,26500000.00,0,25000000.00
Nov 28 2021,YGG,0,109510416.67,0,58010416.67,0,26500000.00,0,25000000.00
Nov 26 2021,YGG,0,98708333.33,0,47208333.33,0,26500000.00,0,25000000.00
Nov 24 2021,YGG,0,98708333.33,0,47208333.33,0,26500000.00,0,25000000.00
Nov 21 2021,YGG,0,98708333.33,0,47208333.33,0,26500000.00,0,25000000.00
Nov 19 2021,YGG,0,98708333.33,0,47208333.33,0,26500000.00,0,25000000.00
Nov 16 2021,YGG,0,98708333.33,0,47208333.33,0,26500000.00,0,25000000.00
Nov 14 2021,YGG,0,98708333.33,0,47208333.33,0,26500000.00,0,25000000.00
Nov 12 2021,YGG,0,98708333.33,0,47208333.33,0,26500000.00,0,25000000.00
Nov 09 2021,YGG,0,98708333.33,0,47208333.33,0,26500000.00,0,25000000.00
Nov 07 2021,YGG,0,98708333.33,0,47208333.33,0,26500000.00,0,25000000.00
Nov 04 2021,YGG,0,98708333.33,0,47208333.33,0,26500000.00,0,25000000.00
Nov 02 2021,YGG,0,98708333.33,0,47208333.33,0,26500000.00,0,25000000.00
Oct 31 2021,YGG,0,98708333.33,0,47208333.33,0,26500000.00,0,25000000.00
Oct 28 2021,YGG,0,98708333.33,0,47208333.33,0,26500000.00,0,25000000.00
Oct 26 2021,YGG,0,87906250.00,0,36406250.00,0,26500000.00,0,25000000.00
Oct 23 2021,YGG,0,87906250.00,0,36406250.00,0,26500000.00,0,25000000.00
Oct 21 2021,YGG,0,87906250.00,0,36406250.00,0,26500000.00,0,25000000.00
Oct 19 2021,YGG,0,87906250.00,0,36406250.00,0,26500000.00,0,25000000.00
Oct 16 2021,YGG,0,87906250.00,0,36406250.00,0,26500000.00,0,25000000.00
Oct 14 2021,YGG,0,87906250.00,0,36406250.00,0,26500000.00,0,25000000.00
Oct 11 2021,YGG,0,87906250.00,0,36406250.00,0,26500000.00,0,25000000.00
Oct 09 2021,YGG,0,87906250.00,0,36406250.00,0,26500000.00,0,25000000.00
Oct 07 2021,YGG,0,87906250.00,0,36406250.00,0,26500000.00,0,25000000.00
Oct 04 2021,YGG,0,87906250.00,0,36406250.00,0,26500000.00,0,25000000.00
Oct 02 2021,YGG,0,87906250.00,0,36406250.00,0,26500000.00,0,25000000.00
Sep 30 2021,YGG,0,87906250.00,0,36406250.00,0,26500000.00,0,25000000.00
Sep 27 2021,YGG,0,87906250.00,0,36406250.00,0,26500000.00,0,25000000.00
Sep 25 2021,YGG,0,77104166.67,0,25604166.67,0,26500000.00,0,25000000.00
Sep 22 2021,YGG,0,77104166.67,0,25604166.67,0,26500000.00,0,25000000.00
Sep 20 2021,YGG,0,77104166.67,0,25604166.67,0,26500000.00,0,25000000.00
Sep 18 2021,YGG,0,77104166.67,0,25604166.67,0,26500000.00,0,25000000.00
Sep 15 2021,YGG,0,77104166.67,0,25604166.67,0,26500000.00,0,25000000.00
Sep 13 2021,YGG,0,77104166.67,0,25604166.67,0,26500000.00,0,25000000.00
Sep 10 2021,YGG,0,77104166.67,0,25604166.67,0,26500000.00,0,25000000.00
Sep 08 2021,YGG,0,77104166.67,0,25604166.67,0,26500000.00,0,25000000.00
Sep 06 2021,YGG,0,77104166.67,0,25604166.67,0,26500000.00,0,25000000.00
Sep 03 2021,YGG,0,77104166.67,0,25604166.67,0,26500000.00,0,25000000.00
Sep 01 2021,YGG,0,77104166.67,0,25604166.67,0,26500000.00,0,25000000.00
Aug 29 2021,YGG,0,77104166.67,0,25604166.67,0,26500000.00,0,25000000.00
Aug 27 2021,YGG,0,77104166.67,0,25604166.67,0,26500000.00,0,25000000.00
Aug 25 2021,YGG,0,66302083.33,0,14802083.33,0,26500000.00,0,25000000.00
Aug 22 2021,YGG,0,66302083.33,0,14802083.33,0,26500000.00,0,25000000.00
Aug 20 2021,YGG,0,66302083.33,0,14802083.33,0,26500000.00,0,25000000.00
Aug 18 2021,YGG,0,66302083.33,0,14802083.33,0,26500000.00,0,25000000.00
Aug 15 2021,YGG,0,66302083.33,0,14802083.33,0,26500000.00,0,25000000.00
Aug 13 2021,YGG,0,66302083.33,0,14802083.33,0,26500000.00,0,25000000.00
Aug 10 2021,YGG,0,66302083.33,0,14802083.33,0,26500000.00,0,25000000.00
Aug 08 2021,YGG,0,66302083.33,0,14802083.33,0,26500000.00,0,25000000.00
Aug 06 2021,YGG,0,66302083.33,0,14802083.33,0,26500000.00,0,25000000.00
Aug 03 2021,YGG,0,66302083.33,0,14802083.33,0,26500000.00,0,25000000.00
Aug 01 2021,YGG,0,66302083.33,0,14802083.33,0,26500000.00,0,25000000.00
Jul 29 2021,YGG,0,66302083.33,0,14802083.33,0,26500000.00,0,25000000.00
Jul 27 2021,YGG,0,66302083.33,0,14802083.33,0,26500000.00,0,25000000.00
