Date,Symbol,Price,Unlocked Supply,Founder / Team (TBD),Community & Other (TBD),Founder / Team,Insiders,insider_supply_growth,insider_supply_growth_percentage,insider_unlock_type,tokens_unlocked,unlock_usd_value,insider_owned_float_percentage,daily_supply_increase_percentage
2024-01-31,JUP,1,1350000000,0,0,350000000,350000000,0.0,0.0,no unlock,0.0,0.0,25.925925925925924,
2024-02-01,JUP,1,1350000000,0,0,350000000,350000000,0.0,0.0,no unlock,0.0,0.0,25.925925925925924,0.0
2024-02-02,JUP,1,1350000000,0,0,350000000,350000000,0.0,0.0,no unlock,0.0,0.0,25.925925925925924,0.0
2024-02-03,JUP,1,1350000000,0,0,350000000,350000000,0.0,0.0,no unlock,0.0,0.0,25.925925925925924,0.0
2024-02-04,JUP,1,1350000000,0,0,350000000,350000000,0.0,0.0,no unlock,0.0,0.0,25.925925925925924,0.0
2024-02-05,JUP,1,1350000000,0,0,350000000,350000000,0.0,0.0,no unlock,0.0,0.0,25.925925925925924,0.0
2024-02-06,JUP,1,1350000000,0,0,350000000,350000000,0.0,0.0,no unlock,0.0,0.0,25.925925925925924,0.0
2024-02-07,JUP,1,1350000000,0,0,350000000,350000000,0.0,0.0,no unlock,0.0,0.0,25.925925925925924,0.0
2024-02-08,JUP,1,1350000000,0,0,350000000,350000000,0.0,0.0,no unlock,0.0,0.0,25.925925925925924,0.0
2024-02-09,JUP,1,1350000000,0,0,350000000,350000000,0.0,0.0,no unlock,0.0,0.0,25.925925925925924,0.0
2024-02-10,JUP,1,1350000000,0,0,350000000,350000000,0.0,0.0,no unlock,0.0,0.0,25.925925925925924,0.0
2024-02-11,JUP,0,1350000000,0,0,350000000,350000000,0.0,0.0,no unlock,0.0,-350000000.0,25.925925925925924,0.0
2024-02-12,JUP,1,1350000000,0,0,350000000,350000000,0.0,0.0,no unlock,0.0,350000000.0,25.925925925925924,0.0
2024-02-13,JUP,0,1350000000,0,0,350000000,350000000,0.0,0.0,no unlock,0.0,-350000000.0,25.925925925925924,0.0
2024-02-14,JUP,0,1350000000,0,0,350000000,350000000,0.0,0.0,no unlock,0.0,0.0,25.925925925925924,0.0
2024-02-15,JUP,1,1350000000,0,0,350000000,350000000,0.0,0.0,no unlock,0.0,350000000.0,25.925925925925924,0.0
2024-02-16,JUP,1,1350000000,0,0,350000000,350000000,0.0,0.0,no unlock,0.0,0.0,25.925925925925924,0.0
2024-02-17,JUP,1,1350000000,0,0,350000000,350000000,0.0,0.0,no unlock,0.0,0.0,25.925925925925924,0.0
2024-02-18,JUP,0,1350000000,0,0,350000000,350000000,0.0,0.0,no unlock,0.0,-350000000.0,25.925925925925924,0.0
2024-02-19,JUP,1,1350000000,0,0,350000000,350000000,0.0,0.0,no unlock,0.0,350000000.0,25.925925925925924,0.0
2024-02-20,JUP,1,1350000000,0,0,350000000,350000000,0.0,0.0,no unlock,0.0,0.0,25.925925925925924,0.0
2024-02-21,JUP,0,1350000000,0,0,350000000,350000000,0.0,0.0,no unlock,0.0,-350000000.0,25.925925925925924,0.0
2024-02-22,JUP,0,1350000000,0,0,350000000,350000000,0.0,0.0,no unlock,0.0,0.0,25.925925925925924,0.0
2024-02-23,JUP,0,1350000000,0,0,350000000,350000000,0.0,0.0,no unlock,0.0,0.0,25.925925925925924,0.0
2024-02-24,JUP,0,1350000000,0,0,350000000,350000000,0.0,0.0,no unlock,0.0,0.0,25.925925925925924,0.0
2024-02-25,JUP,0,1350000000,0,0,350000000,350000000,0.0,0.0,no unlock,0.0,0.0,25.925925925925924,0.0
2024-02-26,JUP,0,1350000000,0,0,350000000,350000000,0.0,0.0,no unlock,0.0,0.0,25.925925925925924,0.0
2024-02-27,JUP,0,1350000000,0,0,350000000,350000000,0.0,0.0,no unlock,0.0,0.0,25.925925925925924,0.0
2024-02-28,JUP,0,1350000000,0,0,350000000,350000000,0.0,0.0,no unlock,0.0,0.0,25.925925925925924,0.0
2024-02-29,JUP,0,1350000000,0,0,350000000,350000000,0.0,0.0,no unlock,0.0,0.0,25.925925925925924,0.0
2024-03-01,JUP,1,1350000000,0,0,350000000,350000000,0.0,0.0,no unlock,0.0,350000000.0,25.925925925925924,0.0
2024-03-02,JUP,1,1350000000,0,0,350000000,350000000,0.0,0.0,no unlock,0.0,0.0,25.925925925925924,0.0
2024-03-03,JUP,1,1350000000,0,0,350000000,350000000,0.0,0.0,no unlock,0.0,0.0,25.925925925925924,0.0
2024-03-04,JUP,1,1350000000,0,0,350000000,350000000,0.0,0.0,no unlock,0.0,0.0,25.925925925925924,0.0
2024-03-05,JUP,1,1350000000,0,0,350000000,350000000,0.0,0.0,no unlock,0.0,0.0,25.925925925925924,0.0
2024-03-06,JUP,1,1350000000,0,0,350000000,350000000,0.0,0.0,no unlock,0.0,0.0,25.925925925925924,0.0
2024-03-07,JUP,1,1350000000,0,0,350000000,350000000,0.0,0.0,no unlock,0.0,0.0,25.925925925925924,0.0
2024-03-08,JUP,1,1350000000,0,0,350000000,350000000,0.0,0.0,no unlock,0.0,0.0,25.925925925925924,0.0
2024-03-09,JUP,1,1350000000,0,0,350000000,350000000,0.0,0.0,no unlock,0.0,0.0,25.925925925925924,0.0
2024-03-10,JUP,1,1350000000,0,0,350000000,350000000,0.0,0.0,no unlock,0.0,0.0,25.925925925925924,0.0
2024-03-11,JUP,1,1350000000,0,0,350000000,350000000,0.0,0.0,no unlock,0.0,0.0,25.925925925925924,0.0
2024-03-12,JUP,1,1350000000,0,0,350000000,350000000,0.0,0.0,no unlock,0.0,0.0,25.925925925925924,0.0
2024-03-13,JUP,1,1350000000,0,0,350000000,350000000,0.0,0.0,no unlock,0.0,0.0,25.925925925925924,0.0
2024-03-14,JUP,1,1350000000,0,0,350000000,350000000,0.0,0.0,no unlock,0.0,0.0,25.925925925925924,0.0
2024-03-15,JUP,1,1350000000,0,0,350000000,350000000,0.0,0.0,no unlock,0.0,0.0,25.925925925925924,0.0
2024-03-16,JUP,1,1350000000,0,0,350000000,350000000,0.0,0.0,no unlock,0.0,0.0,25.925925925925924,0.0
2024-03-17,JUP,1,1350000000,0,0,350000000,350000000,0.0,0.0,no unlock,0.0,0.0,25.925925925925924,0.0
2024-03-18,JUP,1,1350000000,0,0,350000000,350000000,0.0,0.0,no unlock,0.0,0.0,25.925925925925924,0.0
2024-03-19,JUP,1,1350000000,0,0,350000000,350000000,0.0,0.0,no unlock,0.0,0.0,25.925925925925924,0.0
2024-03-20,JUP,1,1350000000,0,0,350000000,350000000,0.0,0.0,no unlock,0.0,0.0,25.925925925925924,0.0
2024-03-21,JUP,1,1350000000,0,0,350000000,350000000,0.0,0.0,no unlock,0.0,0.0,25.925925925925924,0.0
2024-03-22,JUP,1,1350000000,0,0,350000000,350000000,0.0,0.0,no unlock,0.0,0.0,25.925925925925924,0.0
2024-03-23,JUP,1,1350000000,0,0,350000000,350000000,0.0,0.0,no unlock,0.0,0.0,25.925925925925924,0.0
2024-03-24,JUP,1,1350000000,0,0,350000000,350000000,0.0,0.0,no unlock,0.0,0.0,25.925925925925924,0.0
2024-03-25,JUP,1,1350000000,0,0,350000000,350000000,0.0,0.0,no unlock,0.0,0.0,25.925925925925924,0.0
2024-03-26,JUP,1,1350000000,0,0,350000000,350000000,0.0,0.0,no unlock,0.0,0.0,25.925925925925924,0.0
2024-03-27,JUP,1,1350000000,0,0,350000000,350000000,0.0,0.0,no unlock,0.0,0.0,25.925925925925924,0.0
2024-03-28,JUP,1,1350000000,0,0,350000000,350000000,0.0,0.0,no unlock,0.0,0.0,25.925925925925924,0.0
2024-03-29,JUP,1,1350000000,0,0,350000000,350000000,0.0,0.0,no unlock,0.0,0.0,25.925925925925924,0.0
2024-03-30,JUP,1,1350000000,0,0,350000000,350000000,0.0,0.0,no unlock,0.0,0.0,25.925925925925924,0.0
2024-03-31,JUP,2,1350000000,0,0,350000000,350000000,0.0,0.0,no unlock,0.0,350000000.0,25.925925925925924,0.0
2024-04-01,JUP,2,1350000000,0,0,350000000,350000000,0.0,0.0,no unlock,0.0,0.0,25.925925925925924,0.0
2024-04-02,JUP,2,1350000000,0,0,350000000,350000000,0.0,0.0,no unlock,0.0,0.0,25.925925925925924,0.0
2024-04-03,JUP,2,1350000000,0,0,350000000,350000000,0.0,0.0,no unlock,0.0,0.0,25.925925925925924,0.0
2024-04-04,JUP,2,1350000000,0,0,350000000,350000000,0.0,0.0,no unlock,0.0,0.0,25.925925925925924,0.0
2024-04-05,JUP,1,1350000000,0,0,350000000,350000000,0.0,0.0,no unlock,0.0,-350000000.0,25.925925925925924,0.0
2024-04-06,JUP,1,1350000000,650000000,500000000,350000000,350000000,0.0,0.0,no unlock,0.0,0.0,25.925925925925924,0.0
2024-04-07,JUP,0,1350000000,650000000,500000000,350000000,350000000,0.0,0.0,no unlock,0.0,-350000000.0,25.925925925925924,0.0
2024-04-08,JUP,0,1350000000,650000000,500000000,350000000,350000000,0.0,0.0,no unlock,0.0,0.0,25.925925925925924,0.0
2024-04-09,JUP,0,1350000000,650000000,500000000,350000000,350000000,0.0,0.0,no unlock,0.0,0.0,25.925925925925924,0.0
2024-04-10,JUP,0,1350000000,650000000,500000000,350000000,350000000,0.0,0.0,no unlock,0.0,0.0,25.925925925925924,0.0
2024-04-11,JUP,0,1350000000,650000000,500000000,350000000,350000000,0.0,0.0,no unlock,0.0,0.0,25.925925925925924,0.0
2024-04-12,JUP,0,1350000000,650000000,500000000,350000000,350000000,0.0,0.0,no unlock,0.0,0.0,25.925925925925924,0.0
2024-04-13,JUP,0,1350000000,650000000,500000000,350000000,350000000,0.0,0.0,no unlock,0.0,0.0,25.925925925925924,0.0
2024-04-14,JUP,0,1350000000,650000000,500000000,350000000,350000000,0.0,0.0,no unlock,0.0,0.0,25.925925925925924,0.0
2024-04-15,JUP,0,1350000000,650000000,500000000,350000000,350000000,0.0,0.0,no unlock,0.0,0.0,25.925925925925924,0.0
2024-04-16,JUP,0,1350000000,650000000,500000000,350000000,350000000,0.0,0.0,no unlock,0.0,0.0,25.925925925925924,0.0
2024-04-17,JUP,0,1350000000,650000000,500000000,350000000,350000000,0.0,0.0,no unlock,0.0,0.0,25.925925925925924,0.0
2024-04-18,JUP,0,1350000000,650000000,500000000,350000000,350000000,0.0,0.0,no unlock,0.0,0.0,25.925925925925924,0.0
2024-04-19,JUP,0,1350000000,650000000,500000000,350000000,350000000,0.0,0.0,no unlock,0.0,0.0,25.925925925925924,0.0
2024-04-20,JUP,0,1350000000,650000000,500000000,350000000,350000000,0.0,0.0,no unlock,0.0,0.0,25.925925925925924,0.0
2024-04-21,JUP,0,1350000000,650000000,500000000,350000000,350000000,0.0,0.0,no unlock,0.0,0.0,25.925925925925924,0.0
2024-04-22,JUP,0,1350000000,650000000,500000000,350000000,350000000,0.0,0.0,no unlock,0.0,0.0,25.925925925925924,0.0
2024-04-23,JUP,0,1350000000,650000000,500000000,350000000,350000000,0.0,0.0,no unlock,0.0,0.0,25.925925925925924,0.0
2024-04-24,JUP,0,1350000000,650000000,500000000,350000000,350000000,0.0,0.0,no unlock,0.0,0.0,25.925925925925924,0.0
2024-04-25,JUP,0,1350000000,650000000,500000000,350000000,350000000,0.0,0.0,no unlock,0.0,0.0,25.925925925925924,0.0
2024-04-26,JUP,0,1350000000,650000000,500000000,350000000,350000000,0.0,0.0,no unlock,0.0,0.0,25.925925925925924,0.0
2024-04-27,JUP,0,1350000000,650000000,500000000,350000000,350000000,0.0,0.0,no unlock,0.0,0.0,25.925925925925924,0.0
2024-04-28,JUP,0,1350000000,650000000,500000000,350000000,350000000,0.0,0.0,no unlock,0.0,0.0,25.925925925925924,0.0
2024-04-29,JUP,0,1350000000,650000000,500000000,350000000,350000000,0.0,0.0,no unlock,0.0,0.0,25.925925925925924,0.0
2024-04-30,JUP,0,1350000000,650000000,500000000,350000000,350000000,0.0,0.0,no unlock,0.0,0.0,25.925925925925924,0.0
2024-05-01,JUP,0,1350000000,650000000,500000000,350000000,350000000,0.0,0.0,no unlock,0.0,0.0,25.925925925925924,0.0
2024-05-02,JUP,0,1350000000,650000000,500000000,350000000,350000000,0.0,0.0,no unlock,0.0,0.0,25.925925925925924,0.0
2024-05-03,JUP,0,1350000000,650000000,500000000,350000000,350000000,0.0,0.0,no unlock,0.0,0.0,25.925925925925924,0.0
2024-05-04,JUP,0,1350000000,650000000,500000000,350000000,350000000,0.0,0.0,no unlock,0.0,0.0,25.925925925925924,0.0
2024-05-05,JUP,0,1350000000,650000000,500000000,350000000,350000000,0.0,0.0,no unlock,0.0,0.0,25.925925925925924,0.0
2024-05-06,JUP,0,1350000000,650000000,500000000,350000000,350000000,0.0,0.0,no unlock,0.0,0.0,25.925925925925924,0.0
2024-05-07,JUP,0,1350000000,650000000,500000000,350000000,350000000,0.0,0.0,no unlock,0.0,0.0,25.925925925925924,0.0
2024-05-08,JUP,0,1350000000,650000000,500000000,350000000,350000000,0.0,0.0,no unlock,0.0,0.0,25.925925925925924,0.0
2024-05-09,JUP,0,1350000000,650000000,500000000,350000000,350000000,0.0,0.0,no unlock,0.0,0.0,25.925925925925924,0.0
2024-05-10,JUP,0,1350000000,650000000,500000000,350000000,350000000,0.0,0.0,no unlock,0.0,0.0,25.925925925925924,0.0
2024-05-11,JUP,0,1350000000,650000000,500000000,350000000,350000000,0.0,0.0,no unlock,0.0,0.0,25.925925925925924,0.0
2024-05-12,JUP,0,1350000000,650000000,500000000,350000000,350000000,0.0,0.0,no unlock,0.0,0.0,25.925925925925924,0.0
2024-05-13,JUP,0,1350000000,650000000,500000000,350000000,350000000,0.0,0.0,no unlock,0.0,0.0,25.925925925925924,0.0
2024-05-14,JUP,0,1350000000,650000000,500000000,350000000,350000000,0.0,0.0,no unlock,0.0,0.0,25.925925925925924,0.0
2024-05-15,JUP,0,1350000000,650000000,500000000,350000000,350000000,0.0,0.0,no unlock,0.0,0.0,25.925925925925924,0.0
2024-05-16,JUP,0,1350000000,650000000,500000000,350000000,350000000,0.0,0.0,no unlock,0.0,0.0,25.925925925925924,0.0
2024-05-17,JUP,0,1350000000,650000000,500000000,350000000,350000000,0.0,0.0,no unlock,0.0,0.0,25.925925925925924,0.0
2024-05-18,JUP,0,1350000000,650000000,500000000,350000000,350000000,0.0,0.0,no unlock,0.0,0.0,25.925925925925924,0.0
2024-05-19,JUP,0,1350000000,650000000,500000000,350000000,350000000,0.0,0.0,no unlock,0.0,0.0,25.925925925925924,0.0
2024-05-20,JUP,0,1350000000,650000000,500000000,350000000,350000000,0.0,0.0,no unlock,0.0,0.0,25.925925925925924,0.0
2024-05-21,JUP,0,1350000000,650000000,500000000,350000000,350000000,0.0,0.0,no unlock,0.0,0.0,25.925925925925924,0.0
2024-05-22,JUP,0,1350000000,650000000,500000000,350000000,350000000,0.0,0.0,no unlock,0.0,0.0,25.925925925925924,0.0
2024-05-23,JUP,0,1350000000,650000000,500000000,350000000,350000000,0.0,0.0,no unlock,0.0,0.0,25.925925925925924,0.0
2024-05-24,JUP,0,1350000000,650000000,500000000,350000000,350000000,0.0,0.0,no unlock,0.0,0.0,25.925925925925924,0.0
2024-05-25,JUP,0,1350000000,650000000,500000000,350000000,350000000,0.0,0.0,no unlock,0.0,0.0,25.925925925925924,0.0
2024-05-26,JUP,0,1350000000,650000000,500000000,350000000,350000000,0.0,0.0,no unlock,0.0,0.0,25.925925925925924,0.0
2024-05-27,JUP,0,1350000000,650000000,500000000,350000000,350000000,0.0,0.0,no unlock,0.0,0.0,25.925925925925924,0.0
2024-05-28,JUP,0,1350000000,650000000,500000000,350000000,350000000,0.0,0.0,no unlock,0.0,0.0,25.925925925925924,0.0
2024-05-29,JUP,0,1350000000,650000000,500000000,350000000,350000000,0.0,0.0,no unlock,0.0,0.0,25.925925925925924,0.0
2024-05-30,JUP,0,1350000000,650000000,500000000,350000000,350000000,0.0,0.0,no unlock,0.0,0.0,25.925925925925924,0.0
2024-05-31,JUP,0,1350000000,650000000,500000000,350000000,350000000,0.0,0.0,no unlock,0.0,0.0,25.925925925925924,0.0
2024-06-01,JUP,0,1350000000,650000000,500000000,350000000,350000000,0.0,0.0,no unlock,0.0,0.0,25.925925925925924,0.0
2024-06-02,JUP,0,1350000000,650000000,500000000,350000000,350000000,0.0,0.0,no unlock,0.0,0.0,25.925925925925924,0.0
2024-06-03,JUP,0,1350000000,650000000,500000000,350000000,350000000,0.0,0.0,no unlock,0.0,0.0,25.925925925925924,0.0
2024-06-04,JUP,0,1350000000,650000000,500000000,350000000,350000000,0.0,0.0,no unlock,0.0,0.0,25.925925925925924,0.0
2024-06-05,JUP,0,1350000000,650000000,500000000,350000000,350000000,0.0,0.0,no unlock,0.0,0.0,25.925925925925924,0.0
2024-06-06,JUP,0,1350000000,650000000,500000000,350000000,350000000,0.0,0.0,no unlock,0.0,0.0,25.925925925925924,0.0
2024-06-07,JUP,0,1350000000,650000000,500000000,350000000,350000000,0.0,0.0,no unlock,0.0,0.0,25.925925925925924,0.0
2024-06-08,JUP,0,1350000000,650000000,500000000,350000000,350000000,0.0,0.0,no unlock,0.0,0.0,25.925925925925924,0.0
2024-06-09,JUP,0,1350000000,650000000,500000000,350000000,350000000,0.0,0.0,no unlock,0.0,0.0,25.925925925925924,0.0
2024-06-10,JUP,0,1350000000,650000000,500000000,350000000,350000000,0.0,0.0,no unlock,0.0,0.0,25.925925925925924,0.0
2024-06-11,JUP,0,1350000000,650000000,500000000,350000000,350000000,0.0,0.0,no unlock,0.0,0.0,25.925925925925924,0.0
2024-06-12,JUP,0,1350000000,650000000,500000000,350000000,350000000,0.0,0.0,no unlock,0.0,0.0,25.925925925925924,0.0
2024-06-13,JUP,0,1350000000,650000000,500000000,350000000,350000000,0.0,0.0,no unlock,0.0,0.0,25.925925925925924,0.0
2024-06-14,JUP,0,1350000000,650000000,500000000,350000000,350000000,0.0,0.0,no unlock,0.0,0.0,25.925925925925924,0.0
2024-06-15,JUP,0,1350000000,650000000,500000000,350000000,350000000,0.0,0.0,no unlock,0.0,0.0,25.925925925925924,0.0
2024-06-16,JUP,0,1350000000,650000000,500000000,350000000,350000000,0.0,0.0,no unlock,0.0,0.0,25.925925925925924,0.0
2024-06-17,JUP,0,1350000000,650000000,500000000,350000000,350000000,0.0,0.0,no unlock,0.0,0.0,25.925925925925924,0.0
2024-06-18,JUP,0,1350000000,650000000,500000000,350000000,350000000,0.0,0.0,no unlock,0.0,0.0,25.925925925925924,0.0
2024-06-19,JUP,0,1350000000,650000000,500000000,350000000,350000000,0.0,0.0,no unlock,0.0,0.0,25.925925925925924,0.0
2024-06-20,JUP,0,1350000000,650000000,500000000,350000000,350000000,0.0,0.0,no unlock,0.0,0.0,25.925925925925924,0.0
2024-06-21,JUP,0,1350000000,650000000,500000000,350000000,350000000,0.0,0.0,no unlock,0.0,0.0,25.925925925925924,0.0
2024-06-22,JUP,0,1350000000,650000000,500000000,350000000,350000000,0.0,0.0,no unlock,0.0,0.0,25.925925925925924,0.0
2024-06-23,JUP,0,1350000000,650000000,500000000,350000000,350000000,0.0,0.0,no unlock,0.0,0.0,25.925925925925924,0.0
2024-06-24,JUP,0,1350000000,650000000,500000000,350000000,350000000,0.0,0.0,no unlock,0.0,0.0,25.925925925925924,0.0
2024-06-25,JUP,0,1350000000,650000000,500000000,350000000,350000000,0.0,0.0,no unlock,0.0,0.0,25.925925925925924,0.0
2024-06-26,JUP,0,1350000000,650000000,500000000,350000000,350000000,0.0,0.0,no unlock,0.0,0.0,25.925925925925924,0.0
2024-06-27,JUP,0,1350000000,650000000,500000000,350000000,350000000,0.0,0.0,no unlock,0.0,0.0,25.925925925925924,0.0
2024-06-28,JUP,0,1350000000,650000000,500000000,350000000,350000000,0.0,0.0,no unlock,0.0,0.0,25.925925925925924,0.0
2024-06-29,JUP,0,1350000000,650000000,500000000,350000000,350000000,0.0,0.0,no unlock,0.0,0.0,25.925925925925924,0.0
2024-06-30,JUP,0,1350000000,650000000,500000000,350000000,350000000,0.0,0.0,no unlock,0.0,0.0,25.925925925925924,0.0
2024-07-01,JUP,0,1350000000,650000000,500000000,350000000,350000000,0.0,0.0,no unlock,0.0,0.0,25.925925925925924,0.0
2024-07-02,JUP,0,1350000000,650000000,500000000,350000000,350000000,0.0,0.0,no unlock,0.0,0.0,25.925925925925924,0.0
2024-07-03,JUP,0,1350000000,650000000,500000000,350000000,350000000,0.0,0.0,no unlock,0.0,0.0,25.925925925925924,0.0
2024-07-04,JUP,0,1350000000,650000000,500000000,350000000,350000000,0.0,0.0,no unlock,0.0,0.0,25.925925925925924,0.0
2024-07-05,JUP,0,1350000000,650000000,500000000,350000000,350000000,0.0,0.0,no unlock,0.0,0.0,25.925925925925924,0.0
2024-07-06,JUP,0,1350000000,650000000,500000000,350000000,350000000,0.0,0.0,no unlock,0.0,0.0,25.925925925925924,0.0
2024-07-07,JUP,0,1350000000,650000000,500000000,350000000,350000000,0.0,0.0,no unlock,0.0,0.0,25.925925925925924,0.0
2024-07-08,JUP,0,1350000000,650000000,500000000,350000000,350000000,0.0,0.0,no unlock,0.0,0.0,25.925925925925924,0.0
2024-07-09,JUP,0,1350000000,650000000,500000000,350000000,350000000,0.0,0.0,no unlock,0.0,0.0,25.925925925925924,0.0
2024-07-10,JUP,0,1350000000,650000000,500000000,350000000,350000000,0.0,0.0,no unlock,0.0,0.0,25.925925925925924,0.0
2024-07-11,JUP,0,1350000000,650000000,500000000,350000000,350000000,0.0,0.0,no unlock,0.0,0.0,25.925925925925924,0.0
2024-07-12,JUP,0,1350000000,650000000,500000000,350000000,350000000,0.0,0.0,no unlock,0.0,0.0,25.925925925925924,0.0
2024-07-13,JUP,0,1350000000,650000000,500000000,350000000,350000000,0.0,0.0,no unlock,0.0,0.0,25.925925925925924,0.0
2024-07-14,JUP,0,1350000000,650000000,500000000,350000000,350000000,0.0,0.0,no unlock,0.0,0.0,25.925925925925924,0.0
2024-07-15,JUP,0,1350000000,650000000,500000000,350000000,350000000,0.0,0.0,no unlock,0.0,0.0,25.925925925925924,0.0
2024-07-16,JUP,0,1350000000,650000000,500000000,350000000,350000000,0.0,0.0,no unlock,0.0,0.0,25.925925925925924,0.0
2024-07-17,JUP,0,1350000000,650000000,500000000,350000000,350000000,0.0,0.0,no unlock,0.0,0.0,25.925925925925924,0.0
2024-07-18,JUP,0,1350000000,650000000,500000000,350000000,350000000,0.0,0.0,no unlock,0.0,0.0,25.925925925925924,0.0
2024-07-19,JUP,0,1350000000,650000000,500000000,350000000,350000000,0.0,0.0,no unlock,0.0,0.0,25.925925925925924,0.0
2024-07-20,JUP,0,1350000000,650000000,500000000,350000000,350000000,0.0,0.0,no unlock,0.0,0.0,25.925925925925924,0.0
2024-07-21,JUP,0,1350000000,650000000,500000000,350000000,350000000,0.0,0.0,no unlock,0.0,0.0,25.925925925925924,0.0
2024-07-22,JUP,0,1350000000,650000000,500000000,350000000,350000000,0.0,0.0,no unlock,0.0,0.0,25.925925925925924,0.0
2024-07-23,JUP,0,1350000000,650000000,500000000,350000000,350000000,0.0,0.0,no unlock,0.0,0.0,25.925925925925924,0.0
2024-07-24,JUP,0,1350000000,650000000,500000000,350000000,350000000,0.0,0.0,no unlock,0.0,0.0,25.925925925925924,0.0
2024-07-25,JUP,0,1350000000,650000000,500000000,350000000,350000000,0.0,0.0,no unlock,0.0,0.0,25.925925925925924,0.0
2024-07-26,JUP,0,1350000000,650000000,500000000,350000000,350000000,0.0,0.0,no unlock,0.0,0.0,25.925925925925924,0.0
2024-07-27,JUP,0,1350000000,650000000,500000000,350000000,350000000,0.0,0.0,no unlock,0.0,0.0,25.925925925925924,0.0
2024-07-28,JUP,0,1350000000,650000000,500000000,350000000,350000000,0.0,0.0,no unlock,0.0,0.0,25.925925925925924,0.0
2024-07-29,JUP,0,1350000000,650000000,500000000,350000000,350000000,0.0,0.0,no unlock,0.0,0.0,25.925925925925924,0.0
2024-07-30,JUP,0,1350000000,650000000,500000000,350000000,350000000,0.0,0.0,no unlock,0.0,0.0,25.925925925925924,0.0
2024-07-31,JUP,0,1350000000,650000000,500000000,350000000,350000000,0.0,0.0,no unlock,0.0,0.0,25.925925925925924,0.0
2024-08-01,JUP,0,1350000000,650000000,500000000,350000000,350000000,0.0,0.0,no unlock,0.0,0.0,25.925925925925924,0.0
2024-08-02,JUP,0,1350000000,650000000,500000000,350000000,350000000,0.0,0.0,no unlock,0.0,0.0,25.925925925925924,0.0
2024-08-03,JUP,0,1350000000,650000000,500000000,350000000,350000000,0.0,0.0,no unlock,0.0,0.0,25.925925925925924,0.0
2024-08-04,JUP,0,1350000000,650000000,500000000,350000000,350000000,0.0,0.0,no unlock,0.0,0.0,25.925925925925924,0.0
2024-08-05,JUP,0,1350000000,650000000,500000000,350000000,350000000,0.0,0.0,no unlock,0.0,0.0,25.925925925925924,0.0
2024-08-06,JUP,0,1350000000,650000000,500000000,350000000,350000000,0.0,0.0,no unlock,0.0,0.0,25.925925925925924,0.0
2024-08-07,JUP,0,1350000000,650000000,500000000,350000000,350000000,0.0,0.0,no unlock,0.0,0.0,25.925925925925924,0.0
2024-08-08,JUP,0,1350000000,650000000,500000000,350000000,350000000,0.0,0.0,no unlock,0.0,0.0,25.925925925925924,0.0
2024-08-09,JUP,0,1350000000,650000000,500000000,350000000,350000000,0.0,0.0,no unlock,0.0,0.0,25.925925925925924,0.0
2024-08-10,JUP,0,1350000000,650000000,500000000,350000000,350000000,0.0,0.0,no unlock,0.0,0.0,25.925925925925924,0.0
2024-08-11,JUP,0,1350000000,650000000,500000000,350000000,350000000,0.0,0.0,no unlock,0.0,0.0,25.925925925925924,0.0
2024-08-12,JUP,0,1350000000,650000000,500000000,350000000,350000000,0.0,0.0,no unlock,0.0,0.0,25.925925925925924,0.0
2024-08-13,JUP,0,1350000000,650000000,500000000,350000000,350000000,0.0,0.0,no unlock,0.0,0.0,25.925925925925924,0.0
2024-08-14,JUP,0,1350000000,650000000,500000000,350000000,350000000,0.0,0.0,no unlock,0.0,0.0,25.925925925925924,0.0
2024-08-15,JUP,0,1350000000,650000000,500000000,350000000,350000000,0.0,0.0,no unlock,0.0,0.0,25.925925925925924,0.0
2024-08-16,JUP,0,1350000000,650000000,500000000,350000000,350000000,0.0,0.0,no unlock,0.0,0.0,25.925925925925924,0.0
2024-08-17,JUP,0,1350000000,650000000,500000000,350000000,350000000,0.0,0.0,no unlock,0.0,0.0,25.925925925925924,0.0
2024-08-18,JUP,0,1350000000,650000000,500000000,350000000,350000000,0.0,0.0,no unlock,0.0,0.0,25.925925925925924,0.0
2024-08-19,JUP,0,1350000000,650000000,500000000,350000000,350000000,0.0,0.0,no unlock,0.0,0.0,25.925925925925924,0.0
2024-08-20,JUP,0,1350000000,650000000,500000000,350000000,350000000,0.0,0.0,no unlock,0.0,0.0,25.925925925925924,0.0
2024-08-21,JUP,0,1350000000,650000000,500000000,350000000,350000000,0.0,0.0,no unlock,0.0,0.0,25.925925925925924,0.0
2024-08-22,JUP,0,1350000000,650000000,500000000,350000000,350000000,0.0,0.0,no unlock,0.0,0.0,25.925925925925924,0.0
2024-08-23,JUP,0,1350000000,650000000,500000000,350000000,350000000,0.0,0.0,no unlock,0.0,0.0,25.925925925925924,0.0
2024-08-24,JUP,0,1350000000,650000000,500000000,350000000,350000000,0.0,0.0,no unlock,0.0,0.0,25.925925925925924,0.0
2024-08-25,JUP,0,1350000000,650000000,500000000,350000000,350000000,0.0,0.0,no unlock,0.0,0.0,25.925925925925924,0.0
2024-08-26,JUP,0,1350000000,650000000,500000000,350000000,350000000,0.0,0.0,no unlock,0.0,0.0,25.925925925925924,0.0
2024-08-27,JUP,0,1350000000,650000000,500000000,350000000,350000000,0.0,0.0,no unlock,0.0,0.0,25.925925925925924,0.0
2024-08-28,JUP,0,1350000000,650000000,500000000,350000000,350000000,0.0,0.0,no unlock,0.0,0.0,25.925925925925924,0.0
2024-08-29,JUP,0,1350000000,650000000,500000000,350000000,350000000,0.0,0.0,no unlock,0.0,0.0,25.925925925925924,0.0
2024-08-30,JUP,0,1350000000,650000000,500000000,350000000,350000000,0.0,0.0,no unlock,0.0,0.0,25.925925925925924,0.0
2024-08-31,JUP,0,1350000000,650000000,500000000,350000000,350000000,0.0,0.0,no unlock,0.0,0.0,25.925925925925924,0.0
2024-09-01,JUP,0,1350000000,650000000,500000000,350000000,350000000,0.0,0.0,no unlock,0.0,0.0,25.925925925925924,0.0
2024-09-02,JUP,0,1350000000,650000000,500000000,350000000,350000000,0.0,0.0,no unlock,0.0,0.0,25.925925925925924,0.0
2024-09-03,JUP,0,1350000000,650000000,500000000,350000000,350000000,0.0,0.0,no unlock,0.0,0.0,25.925925925925924,0.0
2024-09-04,JUP,0,1350000000,650000000,500000000,350000000,350000000,0.0,0.0,no unlock,0.0,0.0,25.925925925925924,0.0
2024-09-05,JUP,0,1350000000,650000000,500000000,350000000,350000000,0.0,0.0,no unlock,0.0,0.0,25.925925925925924,0.0
2024-09-06,JUP,0,1350000000,650000000,500000000,350000000,350000000,0.0,0.0,no unlock,0.0,0.0,25.925925925925924,0.0
2024-09-07,JUP,0,1350000000,650000000,500000000,350000000,350000000,0.0,0.0,no unlock,0.0,0.0,25.925925925925924,0.0
2024-09-08,JUP,0,1350000000,650000000,500000000,350000000,350000000,0.0,0.0,no unlock,0.0,0.0,25.925925925925924,0.0
2024-09-09,JUP,0,1350000000,650000000,500000000,350000000,350000000,0.0,0.0,no unlock,0.0,0.0,25.925925925925924,0.0
2024-09-10,JUP,0,1350000000,650000000,500000000,350000000,350000000,0.0,0.0,no unlock,0.0,0.0,25.925925925925924,0.0
2024-09-11,JUP,0,1350000000,650000000,500000000,350000000,350000000,0.0,0.0,no unlock,0.0,0.0,25.925925925925924,0.0
2024-09-12,JUP,0,1350000000,650000000,500000000,350000000,350000000,0.0,0.0,no unlock,0.0,0.0,25.925925925925924,0.0
2024-09-13,JUP,0,1350000000,650000000,500000000,350000000,350000000,0.0,0.0,no unlock,0.0,0.0,25.925925925925924,0.0
2024-09-14,JUP,0,1350000000,650000000,500000000,350000000,350000000,0.0,0.0,no unlock,0.0,0.0,25.925925925925924,0.0
2024-09-15,JUP,0,1350000000,650000000,500000000,350000000,350000000,0.0,0.0,no unlock,0.0,0.0,25.925925925925924,0.0
2024-09-16,JUP,0,1350000000,650000000,500000000,350000000,350000000,0.0,0.0,no unlock,0.0,0.0,25.925925925925924,0.0
2024-09-17,JUP,0,1350000000,650000000,500000000,350000000,350000000,0.0,0.0,no unlock,0.0,0.0,25.925925925925924,0.0
2024-09-18,JUP,0,1350000000,650000000,500000000,350000000,350000000,0.0,0.0,no unlock,0.0,0.0,25.925925925925924,0.0
2024-09-19,JUP,0,1350000000,650000000,500000000,350000000,350000000,0.0,0.0,no unlock,0.0,0.0,25.925925925925924,0.0
2024-09-20,JUP,0,1350000000,650000000,500000000,350000000,350000000,0.0,0.0,no unlock,0.0,0.0,25.925925925925924,0.0
2024-09-21,JUP,0,1350000000,650000000,500000000,350000000,350000000,0.0,0.0,no unlock,0.0,0.0,25.925925925925924,0.0
2024-09-22,JUP,0,1350000000,650000000,500000000,350000000,350000000,0.0,0.0,no unlock,0.0,0.0,25.925925925925924,0.0
2024-09-23,JUP,0,1350000000,650000000,500000000,350000000,350000000,0.0,0.0,no unlock,0.0,0.0,25.925925925925924,0.0
2024-09-24,JUP,0,1350000000,650000000,500000000,350000000,350000000,0.0,0.0,no unlock,0.0,0.0,25.925925925925924,0.0
2024-09-25,JUP,0,1350000000,650000000,500000000,350000000,350000000,0.0,0.0,no unlock,0.0,0.0,25.925925925925924,0.0
2024-09-26,JUP,0,1350000000,650000000,500000000,350000000,350000000,0.0,0.0,no unlock,0.0,0.0,25.925925925925924,0.0
2024-09-27,JUP,0,1350000000,650000000,500000000,350000000,350000000,0.0,0.0,no unlock,0.0,0.0,25.925925925925924,0.0
2024-09-28,JUP,0,1350000000,650000000,500000000,350000000,350000000,0.0,0.0,no unlock,0.0,0.0,25.925925925925924,0.0
2024-09-29,JUP,0,1350000000,650000000,500000000,350000000,350000000,0.0,0.0,no unlock,0.0,0.0,25.925925925925924,0.0
2024-09-30,JUP,0,1350000000,650000000,500000000,350000000,350000000,0.0,0.0,no unlock,0.0,0.0,25.925925925925924,0.0
2024-10-01,JUP,0,1350000000,650000000,500000000,350000000,350000000,0.0,0.0,no unlock,0.0,0.0,25.925925925925924,0.0
2024-10-02,JUP,0,1350000000,650000000,500000000,350000000,350000000,0.0,0.0,no unlock,0.0,0.0,25.925925925925924,0.0
2024-10-03,JUP,0,1350000000,650000000,500000000,350000000,350000000,0.0,0.0,no unlock,0.0,0.0,25.925925925925924,0.0
2024-10-04,JUP,0,1350000000,650000000,500000000,350000000,350000000,0.0,0.0,no unlock,0.0,0.0,25.925925925925924,0.0
2024-10-05,JUP,0,1350000000,650000000,500000000,350000000,350000000,0.0,0.0,no unlock,0.0,0.0,25.925925925925924,0.0
2024-10-06,JUP,0,1350000000,650000000,500000000,350000000,350000000,0.0,0.0,no unlock,0.0,0.0,25.925925925925924,0.0
2024-10-07,JUP,0,1350000000,650000000,500000000,350000000,350000000,0.0,0.0,no unlock,0.0,0.0,25.925925925925924,0.0
2024-10-08,JUP,0,1350000000,650000000,500000000,350000000,350000000,0.0,0.0,no unlock,0.0,0.0,25.925925925925924,0.0
2024-10-09,JUP,0,1350000000,650000000,500000000,350000000,350000000,0.0,0.0,no unlock,0.0,0.0,25.925925925925924,0.0
2024-10-10,JUP,0,1350000000,650000000,500000000,350000000,350000000,0.0,0.0,no unlock,0.0,0.0,25.925925925925924,0.0
2024-10-11,JUP,0,1350000000,650000000,500000000,350000000,350000000,0.0,0.0,no unlock,0.0,0.0,25.925925925925924,0.0
2024-10-12,JUP,0,1350000000,650000000,500000000,350000000,350000000,0.0,0.0,no unlock,0.0,0.0,25.925925925925924,0.0
2024-10-13,JUP,0,1350000000,650000000,500000000,350000000,350000000,0.0,0.0,no unlock,0.0,0.0,25.925925925925924,0.0
2024-10-14,JUP,0,1350000000,650000000,500000000,350000000,350000000,0.0,0.0,no unlock,0.0,0.0,25.925925925925924,0.0
2024-10-15,JUP,0,1350000000,650000000,500000000,350000000,350000000,0.0,0.0,no unlock,0.0,0.0,25.925925925925924,0.0
2024-10-16,JUP,0,1350000000,650000000,500000000,350000000,350000000,0.0,0.0,no unlock,0.0,0.0,25.925925925925924,0.0
2024-10-17,JUP,0,1350000000,650000000,500000000,350000000,350000000,0.0,0.0,no unlock,0.0,0.0,25.925925925925924,0.0
2024-10-18,JUP,0,1350000000,650000000,500000000,350000000,350000000,0.0,0.0,no unlock,0.0,0.0,25.925925925925924,0.0
2024-10-19,JUP,0,1350000000,650000000,500000000,350000000,350000000,0.0,0.0,no unlock,0.0,0.0,25.925925925925924,0.0
2024-10-20,JUP,0,1350000000,650000000,500000000,350000000,350000000,0.0,0.0,no unlock,0.0,0.0,25.925925925925924,0.0
2024-10-21,JUP,0,1350000000,650000000,500000000,350000000,350000000,0.0,0.0,no unlock,0.0,0.0,25.925925925925924,0.0
2024-10-22,JUP,0,1350000000,650000000,500000000,350000000,350000000,0.0,0.0,no unlock,0.0,0.0,25.925925925925924,0.0
2024-10-23,JUP,0,1350000000,650000000,500000000,350000000,350000000,0.0,0.0,no unlock,0.0,0.0,25.925925925925924,0.0
2024-10-24,JUP,0,1350000000,650000000,500000000,350000000,350000000,0.0,0.0,no unlock,0.0,0.0,25.925925925925924,0.0
2024-10-25,JUP,0,1350000000,650000000,500000000,350000000,350000000,0.0,0.0,no unlock,0.0,0.0,25.925925925925924,0.0
2024-10-26,JUP,0,1350000000,650000000,500000000,350000000,350000000,0.0,0.0,no unlock,0.0,0.0,25.925925925925924,0.0
2024-10-27,JUP,0,1350000000,650000000,500000000,350000000,350000000,0.0,0.0,no unlock,0.0,0.0,25.925925925925924,0.0
2024-10-28,JUP,0,1350000000,650000000,500000000,350000000,350000000,0.0,0.0,no unlock,0.0,0.0,25.925925925925924,0.0
2024-10-29,JUP,0,1350000000,650000000,500000000,350000000,350000000,0.0,0.0,no unlock,0.0,0.0,25.925925925925924,0.0
2024-10-30,JUP,0,1350000000,650000000,500000000,350000000,350000000,0.0,0.0,no unlock,0.0,0.0,25.925925925925924,0.0
2024-10-31,JUP,0,1350000000,650000000,500000000,350000000,350000000,0.0,0.0,no unlock,0.0,0.0,25.925925925925924,0.0
2024-11-01,JUP,0,1350000000,650000000,500000000,350000000,350000000,0.0,0.0,no unlock,0.0,0.0,25.925925925925924,0.0
2024-11-02,JUP,0,1350000000,650000000,500000000,350000000,350000000,0.0,0.0,no unlock,0.0,0.0,25.925925925925924,0.0
2024-11-03,JUP,0,1350000000,650000000,500000000,350000000,350000000,0.0,0.0,no unlock,0.0,0.0,25.925925925925924,0.0
2024-11-04,JUP,0,1350000000,650000000,500000000,350000000,350000000,0.0,0.0,no unlock,0.0,0.0,25.925925925925924,0.0
2024-11-05,JUP,0,1350000000,650000000,500000000,350000000,350000000,0.0,0.0,no unlock,0.0,0.0,25.925925925925924,0.0
2024-11-06,JUP,0,1350000000,650000000,500000000,350000000,350000000,0.0,0.0,no unlock,0.0,0.0,25.925925925925924,0.0
2024-11-07,JUP,0,1350000000,650000000,500000000,350000000,350000000,0.0,0.0,no unlock,0.0,0.0,25.925925925925924,0.0
2024-11-08,JUP,0,1350000000,650000000,500000000,350000000,350000000,0.0,0.0,no unlock,0.0,0.0,25.925925925925924,0.0
2024-11-09,JUP,0,1350000000,650000000,500000000,350000000,350000000,0.0,0.0,no unlock,0.0,0.0,25.925925925925924,0.0
2024-11-10,JUP,0,1350000000,650000000,500000000,350000000,350000000,0.0,0.0,no unlock,0.0,0.0,25.925925925925924,0.0
2024-11-11,JUP,0,1350000000,650000000,500000000,350000000,350000000,0.0,0.0,no unlock,0.0,0.0,25.925925925925924,0.0
2024-11-12,JUP,0,1350000000,650000000,500000000,350000000,350000000,0.0,0.0,no unlock,0.0,0.0,25.925925925925924,0.0
2024-11-13,JUP,0,1350000000,650000000,500000000,350000000,350000000,0.0,0.0,no unlock,0.0,0.0,25.925925925925924,0.0
2024-11-14,JUP,0,1350000000,650000000,500000000,350000000,350000000,0.0,0.0,no unlock,0.0,0.0,25.925925925925924,0.0
2024-11-15,JUP,0,1350000000,650000000,500000000,350000000,350000000,0.0,0.0,no unlock,0.0,0.0,25.925925925925924,0.0
2024-11-16,JUP,0,1350000000,650000000,500000000,350000000,350000000,0.0,0.0,no unlock,0.0,0.0,25.925925925925924,0.0
2024-11-17,JUP,0,1350000000,650000000,500000000,350000000,350000000,0.0,0.0,no unlock,0.0,0.0,25.925925925925924,0.0
2024-11-18,JUP,0,1350000000,650000000,500000000,350000000,350000000,0.0,0.0,no unlock,0.0,0.0,25.925925925925924,0.0
2024-11-19,JUP,0,1350000000,650000000,500000000,350000000,350000000,0.0,0.0,no unlock,0.0,0.0,25.925925925925924,0.0
2024-11-20,JUP,0,1350000000,650000000,500000000,350000000,350000000,0.0,0.0,no unlock,0.0,0.0,25.925925925925924,0.0
2024-11-21,JUP,0,1350000000,650000000,500000000,350000000,350000000,0.0,0.0,no unlock,0.0,0.0,25.925925925925924,0.0
2024-11-22,JUP,0,1350000000,650000000,500000000,350000000,350000000,0.0,0.0,no unlock,0.0,0.0,25.925925925925924,0.0
2024-11-23,JUP,0,1350000000,650000000,500000000,350000000,350000000,0.0,0.0,no unlock,0.0,0.0,25.925925925925924,0.0
2024-11-24,JUP,0,1350000000,650000000,500000000,350000000,350000000,0.0,0.0,no unlock,0.0,0.0,25.925925925925924,0.0
2024-11-25,JUP,0,1350000000,650000000,500000000,350000000,350000000,0.0,0.0,no unlock,0.0,0.0,25.925925925925924,0.0
2024-11-26,JUP,0,1350000000,650000000,500000000,350000000,350000000,0.0,0.0,no unlock,0.0,0.0,25.925925925925924,0.0
2024-11-27,JUP,0,1350000000,650000000,500000000,350000000,350000000,0.0,0.0,no unlock,0.0,0.0,25.925925925925924,0.0
2024-11-28,JUP,0,1350000000,650000000,500000000,350000000,350000000,0.0,0.0,no unlock,0.0,0.0,25.925925925925924,0.0
2024-11-29,JUP,0,1350000000,650000000,500000000,350000000,350000000,0.0,0.0,no unlock,0.0,0.0,25.925925925925924,0.0
2024-11-30,JUP,0,1350000000,650000000,500000000,350000000,350000000,0.0,0.0,no unlock,0.0,0.0,25.925925925925924,0.0
2024-12-01,JUP,0,1350000000,650000000,500000000,350000000,350000000,0.0,0.0,no unlock,0.0,0.0,25.925925925925924,0.0
2024-12-02,JUP,0,1350000000,650000000,500000000,350000000,350000000,0.0,0.0,no unlock,0.0,0.0,25.925925925925924,0.0
2024-12-03,JUP,0,1350000000,650000000,500000000,350000000,350000000,0.0,0.0,no unlock,0.0,0.0,25.925925925925924,0.0
2024-12-04,JUP,0,1350000000,650000000,500000000,350000000,350000000,0.0,0.0,no unlock,0.0,0.0,25.925925925925924,0.0
2024-12-05,JUP,0,1350000000,650000000,500000000,350000000,350000000,0.0,0.0,no unlock,0.0,0.0,25.925925925925924,0.0
2024-12-06,JUP,0,1350000000,650000000,500000000,350000000,350000000,0.0,0.0,no unlock,0.0,0.0,25.925925925925924,0.0
2024-12-07,JUP,0,1350000000,650000000,500000000,350000000,350000000,0.0,0.0,no unlock,0.0,0.0,25.925925925925924,0.0
2024-12-08,JUP,0,1350000000,650000000,500000000,350000000,350000000,0.0,0.0,no unlock,0.0,0.0,25.925925925925924,0.0
2024-12-09,JUP,0,1350000000,650000000,500000000,350000000,350000000,0.0,0.0,no unlock,0.0,0.0,25.925925925925924,0.0
2024-12-10,JUP,0,1350000000,650000000,500000000,350000000,350000000,0.0,0.0,no unlock,0.0,0.0,25.925925925925924,0.0
2024-12-11,JUP,0,1350000000,650000000,500000000,350000000,350000000,0.0,0.0,no unlock,0.0,0.0,25.925925925925924,0.0
2024-12-12,JUP,0,1350000000,650000000,500000000,350000000,350000000,0.0,0.0,no unlock,0.0,0.0,25.925925925925924,0.0
2024-12-13,JUP,0,1350000000,650000000,500000000,350000000,350000000,0.0,0.0,no unlock,0.0,0.0,25.925925925925924,0.0
2024-12-14,JUP,0,1350000000,650000000,500000000,350000000,350000000,0.0,0.0,no unlock,0.0,0.0,25.925925925925924,0.0
2024-12-15,JUP,0,1350000000,650000000,500000000,350000000,350000000,0.0,0.0,no unlock,0.0,0.0,25.925925925925924,0.0
2024-12-16,JUP,0,1350000000,650000000,500000000,350000000,350000000,0.0,0.0,no unlock,0.0,0.0,25.925925925925924,0.0
2024-12-17,JUP,0,1350000000,650000000,500000000,350000000,350000000,0.0,0.0,no unlock,0.0,0.0,25.925925925925924,0.0
2024-12-18,JUP,0,1350000000,650000000,500000000,350000000,350000000,0.0,0.0,no unlock,0.0,0.0,25.925925925925924,0.0
2024-12-19,JUP,0,1350000000,650000000,500000000,350000000,350000000,0.0,0.0,no unlock,0.0,0.0,25.925925925925924,0.0
2024-12-20,JUP,0,1350000000,650000000,500000000,350000000,350000000,0.0,0.0,no unlock,0.0,0.0,25.925925925925924,0.0
2024-12-21,JUP,0,1350000000,650000000,500000000,350000000,350000000,0.0,0.0,no unlock,0.0,0.0,25.925925925925924,0.0
2024-12-22,JUP,0,1350000000,650000000,500000000,350000000,350000000,0.0,0.0,no unlock,0.0,0.0,25.925925925925924,0.0
2024-12-23,JUP,0,1350000000,650000000,500000000,350000000,350000000,0.0,0.0,no unlock,0.0,0.0,25.925925925925924,0.0
2024-12-24,JUP,0,1350000000,650000000,500000000,350000000,350000000,0.0,0.0,no unlock,0.0,0.0,25.925925925925924,0.0
2024-12-25,JUP,0,1350000000,650000000,500000000,350000000,350000000,0.0,0.0,no unlock,0.0,0.0,25.925925925925924,0.0
2024-12-26,JUP,0,1350000000,650000000,500000000,350000000,350000000,0.0,0.0,no unlock,0.0,0.0,25.925925925925924,0.0
2024-12-27,JUP,0,1350000000,650000000,500000000,350000000,350000000,0.0,0.0,no unlock,0.0,0.0,25.925925925925924,0.0
2024-12-28,JUP,0,1350000000,650000000,500000000,350000000,350000000,0.0,0.0,no unlock,0.0,0.0,25.925925925925924,0.0
2024-12-29,JUP,0,1350000000,650000000,500000000,350000000,350000000,0.0,0.0,no unlock,0.0,0.0,25.925925925925924,0.0
2024-12-30,JUP,0,1350000000,650000000,500000000,350000000,350000000,0.0,0.0,no unlock,0.0,0.0,25.925925925925924,0.0
2024-12-31,JUP,0,1350000000,650000000,500000000,350000000,350000000,0.0,0.0,no unlock,0.0,0.0,25.925925925925924,0.0
2025-01-01,JUP,0,1350000000,650000000,500000000,350000000,350000000,0.0,0.0,no unlock,0.0,0.0,25.925925925925924,0.0
2025-01-02,JUP,0,1350000000,650000000,500000000,350000000,350000000,0.0,0.0,no unlock,0.0,0.0,25.925925925925924,0.0
2025-01-03,JUP,0,1350000000,650000000,500000000,350000000,350000000,0.0,0.0,no unlock,0.0,0.0,25.925925925925924,0.0
2025-01-04,JUP,0,1350000000,650000000,500000000,350000000,350000000,0.0,0.0,no unlock,0.0,0.0,25.925925925925924,0.0
2025-01-05,JUP,0,1350000000,650000000,500000000,350000000,350000000,0.0,0.0,no unlock,0.0,0.0,25.925925925925924,0.0
2025-01-06,JUP,0,1350000000,650000000,500000000,350000000,350000000,0.0,0.0,no unlock,0.0,0.0,25.925925925925924,0.0
2025-01-07,JUP,0,1350000000,650000000,500000000,350000000,350000000,0.0,0.0,no unlock,0.0,0.0,25.925925925925924,0.0
2025-01-08,JUP,0,1350000000,650000000,500000000,350000000,350000000,0.0,0.0,no unlock,0.0,0.0,25.925925925925924,0.0
2025-01-09,JUP,0,1350000000,650000000,500000000,350000000,350000000,0.0,0.0,no unlock,0.0,0.0,25.925925925925924,0.0
2025-01-10,JUP,0,1350000000,650000000,500000000,350000000,350000000,0.0,0.0,no unlock,0.0,0.0,25.925925925925924,0.0
2025-01-11,JUP,0,1350000000,650000000,500000000,350000000,350000000,0.0,0.0,no unlock,0.0,0.0,25.925925925925924,0.0
2025-01-12,JUP,0,1350000000,650000000,500000000,350000000,350000000,0.0,0.0,no unlock,0.0,0.0,25.925925925925924,0.0
2025-01-13,JUP,0,1350000000,650000000,500000000,350000000,350000000,0.0,0.0,no unlock,0.0,0.0,25.925925925925924,0.0
2025-01-14,JUP,0,1350000000,650000000,500000000,350000000,350000000,0.0,0.0,no unlock,0.0,0.0,25.925925925925924,0.0
2025-01-15,JUP,0,1350000000,650000000,500000000,350000000,350000000,0.0,0.0,no unlock,0.0,0.0,25.925925925925924,0.0
2025-01-16,JUP,0,1350000000,650000000,500000000,350000000,350000000,0.0,0.0,no unlock,0.0,0.0,25.925925925925924,0.0
2025-01-17,JUP,0,1350000000,650000000,500000000,350000000,350000000,0.0,0.0,no unlock,0.0,0.0,25.925925925925924,0.0
2025-01-18,JUP,0,1350000000,650000000,500000000,350000000,350000000,0.0,0.0,no unlock,0.0,0.0,25.925925925925924,0.0
2025-01-19,JUP,0,1350000000,650000000,500000000,350000000,350000000,0.0,0.0,no unlock,0.0,0.0,25.925925925925924,0.0
2025-01-20,JUP,0,1350000000,650000000,500000000,350000000,350000000,0.0,0.0,no unlock,0.0,0.0,25.925925925925924,0.0
2025-01-21,JUP,0,1350000000,650000000,500000000,350000000,350000000,0.0,0.0,no unlock,0.0,0.0,25.925925925925924,0.0
2025-01-22,JUP,0,1350000000,650000000,500000000,350000000,350000000,0.0,0.0,no unlock,0.0,0.0,25.925925925925924,0.0
2025-01-23,JUP,0,1350000000,650000000,500000000,350000000,350000000,0.0,0.0,no unlock,0.0,0.0,25.925925925925924,0.0
2025-01-24,JUP,0,1350000000,650000000,500000000,350000000,350000000,0.0,0.0,no unlock,0.0,0.0,25.925925925925924,0.0
2025-01-25,JUP,0,1350000000,650000000,500000000,350000000,350000000,0.0,0.0,no unlock,0.0,0.0,25.925925925925924,0.0
2025-01-26,JUP,0,1350000000,650000000,500000000,350000000,350000000,0.0,0.0,no unlock,0.0,0.0,25.925925925925924,0.0
2025-01-27,JUP,0,1350000000,650000000,500000000,350000000,350000000,0.0,0.0,no unlock,0.0,0.0,25.925925925925924,0.0
2025-01-28,JUP,0,1350000000,650000000,500000000,350000000,350000000,0.0,0.0,no unlock,0.0,0.0,25.925925925925924,0.0
2025-01-29,JUP,0,1350000000,650000000,500000000,350000000,350000000,0.0,0.0,no unlock,0.0,0.0,25.925925925925924,0.0
2025-01-30,JUP,0,1350000000,650000000,500000000,350000000,350000000,0.0,0.0,no unlock,0.0,0.0,25.925925925925924,0.0
2025-01-31,JUP,0,1350000000,650000000,500000000,350000000,350000000,0.0,0.0,no unlock,0.0,0.0,25.925925925925924,0.0
2025-02-01,JUP,0,1350000000,4650000000,4000000000,350000000,350000000,0.0,0.0,no unlock,0.0,0.0,25.925925925925924,0.0
2025-02-02,JUP,0,1350000000,4650000000,4000000000,350000000,350000000,0.0,0.0,no unlock,0.0,0.0,25.925925925925924,0.0
2025-02-03,JUP,0,1350000000,4650000000,4000000000,350000000,350000000,0.0,0.0,no unlock,0.0,0.0,25.925925925925924,0.0
2025-02-04,JUP,0,1350000000,4650000000,4000000000,350000000,350000000,0.0,0.0,no unlock,0.0,0.0,25.925925925925924,0.0
2025-02-05,JUP,0,1350000000,4650000000,4000000000,350000000,350000000,0.0,0.0,no unlock,0.0,0.0,25.925925925925924,0.0
2025-02-06,JUP,0,1350000000,4650000000,4000000000,350000000,350000000,0.0,0.0,no unlock,0.0,0.0,25.925925925925924,0.0
2025-02-07,JUP,0,1350000000,4650000000,4000000000,350000000,350000000,0.0,0.0,no unlock,0.0,0.0,25.925925925925924,0.0
2025-02-08,JUP,0,1350000000,4650000000,4000000000,350000000,350000000,0.0,0.0,no unlock,0.0,0.0,25.925925925925924,0.0
2025-02-09,JUP,0,1350000000,4650000000,4000000000,350000000,350000000,0.0,0.0,no unlock,0.0,0.0,25.925925925925924,0.0
2025-02-10,JUP,0,1350000000,4650000000,4000000000,350000000,350000000,0.0,0.0,no unlock,0.0,0.0,25.925925925925924,0.0
2025-02-11,JUP,0,1350000000,4650000000,4000000000,350000000,350000000,0.0,0.0,no unlock,0.0,0.0,25.925925925925924,0.0
2025-02-12,JUP,0,1350000000,4650000000,4000000000,350000000,350000000,0.0,0.0,no unlock,0.0,0.0,25.925925925925924,0.0
2025-02-13,JUP,0,1350000000,4650000000,4000000000,350000000,350000000,0.0,0.0,no unlock,0.0,0.0,25.925925925925924,0.0
2025-02-14,JUP,0,1350000000,4650000000,4000000000,350000000,350000000,0.0,0.0,no unlock,0.0,0.0,25.925925925925924,0.0
2025-02-15,JUP,0,1350000000,4650000000,4000000000,350000000,350000000,0.0,0.0,no unlock,0.0,0.0,25.925925925925924,0.0
2025-02-16,JUP,0,1350000000,4650000000,4000000000,350000000,350000000,0.0,0.0,no unlock,0.0,0.0,25.925925925925924,0.0
2025-02-17,JUP,0,1350000000,4650000000,4000000000,350000000,350000000,0.0,0.0,no unlock,0.0,0.0,25.925925925925924,0.0
2025-02-18,JUP,0,1350000000,4650000000,4000000000,350000000,350000000,0.0,0.0,no unlock,0.0,0.0,25.925925925925924,0.0
2025-02-19,JUP,0,1350000000,4650000000,4000000000,350000000,350000000,0.0,0.0,no unlock,0.0,0.0,25.925925925925924,0.0
2025-02-20,JUP,0,1350000000,4650000000,4000000000,350000000,350000000,0.0,0.0,no unlock,0.0,0.0,25.925925925925924,0.0
2025-02-21,JUP,0,1350000000,4650000000,4000000000,350000000,350000000,0.0,0.0,no unlock,0.0,0.0,25.925925925925924,0.0
2025-02-22,JUP,0,1350000000,4650000000,4000000000,350000000,350000000,0.0,0.0,no unlock,0.0,0.0,25.925925925925924,0.0
2025-02-23,JUP,0,1350000000,4650000000,4000000000,350000000,350000000,0.0,0.0,no unlock,0.0,0.0,25.925925925925924,0.0
2025-02-24,JUP,0,1350000000,4650000000,4000000000,350000000,350000000,0.0,0.0,no unlock,0.0,0.0,25.925925925925924,0.0
2025-02-25,JUP,0,1350000000,4650000000,4000000000,350000000,350000000,0.0,0.0,no unlock,0.0,0.0,25.925925925925924,0.0
2025-02-26,JUP,0,1350000000,4650000000,4000000000,350000000,350000000,0.0,0.0,no unlock,0.0,0.0,25.925925925925924,0.0
2025-02-27,JUP,0,1350000000,4650000000,4000000000,350000000,350000000,0.0,0.0,no unlock,0.0,0.0,25.925925925925924,0.0
2025-02-28,JUP,0,1350000000,4650000000,4000000000,350000000,350000000,0.0,0.0,no unlock,0.0,0.0,25.925925925925924,0.0
2025-03-01,JUP,0,1350000000,4650000000,4000000000,350000000,350000000,0.0,0.0,no unlock,0.0,0.0,25.925925925925924,0.0
2025-03-02,JUP,0,1350000000,4650000000,4000000000,350000000,350000000,0.0,0.0,no unlock,0.0,0.0,25.925925925925924,0.0
2025-03-03,JUP,0,1350000000,4650000000,4000000000,350000000,350000000,0.0,0.0,no unlock,0.0,0.0,25.925925925925924,0.0
2025-03-04,JUP,0,1350000000,4650000000,4000000000,350000000,350000000,0.0,0.0,no unlock,0.0,0.0,25.925925925925924,0.0
2025-03-05,JUP,0,1350000000,4650000000,4000000000,350000000,350000000,0.0,0.0,no unlock,0.0,0.0,25.925925925925924,0.0
2025-03-06,JUP,0,1350000000,4650000000,4000000000,350000000,350000000,0.0,0.0,no unlock,0.0,0.0,25.925925925925924,0.0
2025-03-07,JUP,0,1350000000,4650000000,4000000000,350000000,350000000,0.0,0.0,no unlock,0.0,0.0,25.925925925925924,0.0
2025-03-08,JUP,0,1350000000,4650000000,4000000000,350000000,350000000,0.0,0.0,no unlock,0.0,0.0,25.925925925925924,0.0
2025-03-09,JUP,0,1350000000,4650000000,4000000000,350000000,350000000,0.0,0.0,no unlock,0.0,0.0,25.925925925925924,0.0
2025-03-10,JUP,0,1350000000,4650000000,4000000000,350000000,350000000,0.0,0.0,no unlock,0.0,0.0,25.925925925925924,0.0
2025-03-11,JUP,0,1350000000,4650000000,4000000000,350000000,350000000,0.0,0.0,no unlock,0.0,0.0,25.925925925925924,0.0
2025-03-12,JUP,0,1350000000,4650000000,4000000000,350000000,350000000,0.0,0.0,no unlock,0.0,0.0,25.925925925925924,0.0
2025-03-13,JUP,0,1350000000,4650000000,4000000000,350000000,350000000,0.0,0.0,no unlock,0.0,0.0,25.925925925925924,0.0
2025-03-14,JUP,0,1350000000,4650000000,4000000000,350000000,350000000,0.0,0.0,no unlock,0.0,0.0,25.925925925925924,0.0
2025-03-15,JUP,0,1350000000,4650000000,4000000000,350000000,350000000,0.0,0.0,no unlock,0.0,0.0,25.925925925925924,0.0
2025-03-16,JUP,0,1350000000,4650000000,4000000000,350000000,350000000,0.0,0.0,no unlock,0.0,0.0,25.925925925925924,0.0
2025-03-17,JUP,0,1350000000,4650000000,4000000000,350000000,350000000,0.0,0.0,no unlock,0.0,0.0,25.925925925925924,0.0
2025-03-18,JUP,0,1350000000,4650000000,4000000000,350000000,350000000,0.0,0.0,no unlock,0.0,0.0,25.925925925925924,0.0
2025-03-19,JUP,0,1350000000,4650000000,4000000000,350000000,350000000,0.0,0.0,no unlock,0.0,0.0,25.925925925925924,0.0
2025-03-20,JUP,0,1350000000,4650000000,4000000000,350000000,350000000,0.0,0.0,no unlock,0.0,0.0,25.925925925925924,0.0
2025-03-21,JUP,0,1350000000,4650000000,4000000000,350000000,350000000,0.0,0.0,no unlock,0.0,0.0,25.925925925925924,0.0
2025-03-22,JUP,0,1350000000,4650000000,4000000000,350000000,350000000,0.0,0.0,no unlock,0.0,0.0,25.925925925925924,0.0
2025-03-23,JUP,0,1350000000,4650000000,4000000000,350000000,350000000,0.0,0.0,no unlock,0.0,0.0,25.925925925925924,0.0
2025-03-24,JUP,0,1350000000,4650000000,4000000000,350000000,350000000,0.0,0.0,no unlock,0.0,0.0,25.925925925925924,0.0
2025-03-25,JUP,0,1350000000,4650000000,4000000000,350000000,350000000,0.0,0.0,no unlock,0.0,0.0,25.925925925925924,0.0
2025-03-26,JUP,0,1350000000,4650000000,4000000000,350000000,350000000,0.0,0.0,no unlock,0.0,0.0,25.925925925925924,0.0
2025-03-27,JUP,0,1350000000,4650000000,4000000000,350000000,350000000,0.0,0.0,no unlock,0.0,0.0,25.925925925925924,0.0
2025-03-28,JUP,0,1350000000,4650000000,4000000000,350000000,350000000,0.0,0.0,no unlock,0.0,0.0,25.925925925925924,0.0
2025-03-29,JUP,0,1350000000,4650000000,4000000000,350000000,350000000,0.0,0.0,no unlock,0.0,0.0,25.925925925925924,0.0
2025-03-30,JUP,0,1350000000,4650000000,4000000000,350000000,350000000,0.0,0.0,no unlock,0.0,0.0,25.925925925925924,0.0
2025-03-31,JUP,0,1350000000,4650000000,4000000000,350000000,350000000,0.0,0.0,no unlock,0.0,0.0,25.925925925925924,0.0
2025-04-01,JUP,0,1350000000,4650000000,4000000000,350000000,350000000,0.0,0.0,no unlock,0.0,0.0,25.925925925925924,0.0
2025-04-02,JUP,0,1350000000,4650000000,4000000000,350000000,350000000,0.0,0.0,no unlock,0.0,0.0,25.925925925925924,0.0
2025-04-03,JUP,0,1350000000,4650000000,4000000000,350000000,350000000,0.0,0.0,no unlock,0.0,0.0,25.925925925925924,0.0
2025-04-04,JUP,0,1350000000,4650000000,4000000000,350000000,350000000,0.0,0.0,no unlock,0.0,0.0,25.925925925925924,0.0
2025-04-05,JUP,0,1350000000,4650000000,4000000000,350000000,350000000,0.0,0.0,no unlock,0.0,0.0,25.925925925925924,0.0
2025-04-06,JUP,0,1350000000,4650000000,4000000000,350000000,350000000,0.0,0.0,no unlock,0.0,0.0,25.925925925925924,0.0
2025-04-07,JUP,0,1350000000,4650000000,4000000000,350000000,350000000,0.0,0.0,no unlock,0.0,0.0,25.925925925925924,0.0
2025-04-08,JUP,0,1350000000,4650000000,4000000000,350000000,350000000,0.0,0.0,no unlock,0.0,0.0,25.925925925925924,0.0
2025-04-09,JUP,0,1350000000,4650000000,4000000000,350000000,350000000,0.0,0.0,no unlock,0.0,0.0,25.925925925925924,0.0
2025-04-10,JUP,0,1350000000,4650000000,4000000000,350000000,350000000,0.0,0.0,no unlock,0.0,0.0,25.925925925925924,0.0
2025-04-11,JUP,0,1350000000,4650000000,4000000000,350000000,350000000,0.0,0.0,no unlock,0.0,0.0,25.925925925925924,0.0
2025-04-12,JUP,0,1350000000,4650000000,4000000000,350000000,350000000,0.0,0.0,no unlock,0.0,0.0,25.925925925925924,0.0
2025-04-13,JUP,0,1350000000,4650000000,4000000000,350000000,350000000,0.0,0.0,no unlock,0.0,0.0,25.925925925925924,0.0
2025-04-14,JUP,0,1350000000,4650000000,4000000000,350000000,350000000,0.0,0.0,no unlock,0.0,0.0,25.925925925925924,0.0
2025-04-15,JUP,0,1350000000,4650000000,4000000000,350000000,350000000,0.0,0.0,no unlock,0.0,0.0,25.925925925925924,0.0
2025-04-16,JUP,0,1350000000,4650000000,4000000000,350000000,350000000,0.0,0.0,no unlock,0.0,0.0,25.925925925925924,0.0
2025-04-17,JUP,0,1350000000,4650000000,4000000000,350000000,350000000,0.0,0.0,no unlock,0.0,0.0,25.925925925925924,0.0
2025-04-18,JUP,0,1350000000,4650000000,4000000000,350000000,350000000,0.0,0.0,no unlock,0.0,0.0,25.925925925925924,0.0
2025-04-19,JUP,0,1350000000,4650000000,4000000000,350000000,350000000,0.0,0.0,no unlock,0.0,0.0,25.925925925925924,0.0
2025-04-20,JUP,0,1350000000,4650000000,4000000000,350000000,350000000,0.0,0.0,no unlock,0.0,0.0,25.925925925925924,0.0
2025-04-21,JUP,0,1350000000,4650000000,4000000000,350000000,350000000,0.0,0.0,no unlock,0.0,0.0,25.925925925925924,0.0
2025-04-22,JUP,0,1350000000,4650000000,4000000000,350000000,350000000,0.0,0.0,no unlock,0.0,0.0,25.925925925925924,0.0
2025-04-23,JUP,0,1350000000,4650000000,4000000000,350000000,350000000,0.0,0.0,no unlock,0.0,0.0,25.925925925925924,0.0
2025-04-24,JUP,0,1350000000,4650000000,4000000000,350000000,350000000,0.0,0.0,no unlock,0.0,0.0,25.925925925925924,0.0
2025-04-25,JUP,0,1350000000,4650000000,4000000000,350000000,350000000,0.0,0.0,no unlock,0.0,0.0,25.925925925925924,0.0
2025-04-26,JUP,0,1350000000,4650000000,4000000000,350000000,350000000,0.0,0.0,no unlock,0.0,0.0,25.925925925925924,0.0
2025-04-27,JUP,0,1350000000,4650000000,4000000000,350000000,350000000,0.0,0.0,no unlock,0.0,0.0,25.925925925925924,0.0
2025-04-28,JUP,0,1350000000,4650000000,4000000000,350000000,350000000,0.0,0.0,no unlock,0.0,0.0,25.925925925925924,0.0
2025-04-29,JUP,0,1350000000,4650000000,4000000000,350000000,350000000,0.0,0.0,no unlock,0.0,0.0,25.925925925925924,0.0
2025-04-30,JUP,0,1350000000,4650000000,4000000000,350000000,350000000,0.0,0.0,no unlock,0.0,0.0,25.925925925925924,0.0
2025-05-01,JUP,0,1350000000,4650000000,4000000000,350000000,350000000,0.0,0.0,no unlock,0.0,0.0,25.925925925925924,0.0
