Date,Symbol,Price,Available Supply,Unlocked Supply,Founder / Team,Private Investors,Reserved,Community & Other
Oct 09 2032,APT,0,1000000000.00,1000000000.00,190000000.00,134782640.23,165000000.00,510217359.77
Oct 05 2032,APT,0,995456522.00,995456522.00,190000000.00,134782640.23,163666666.67,507007215.10
Sep 30 2032,APT,0,995456522.00,995456522.00,190000000.00,134782640.23,163666666.67,507007215.10
Sep 26 2032,APT,0,995456522.00,995456522.00,190000000.00,134782640.23,163666666.67,507007215.10
Sep 22 2032,APT,0,995456522.00,995456522.00,190000000.00,134782640.23,163666666.67,507007215.10
Sep 17 2032,APT,0,995456522.00,995456522.00,190000000.00,134782640.23,163666666.67,507007215.10
Sep 13 2032,APT,0,995456522.00,995456522.00,190000000.00,134782640.23,163666666.67,507007215.10
Sep 09 2032,APT,0,995456522.00,995456522.00,190000000.00,134782640.23,163666666.67,507007215.10
Sep 04 2032,APT,0,990913044.00,990913044.00,190000000.00,134782640.23,162333333.33,503797070.44
Aug 31 2032,APT,0,990913044.00,990913044.00,190000000.00,134782640.23,162333333.33,503797070.44
Aug 27 2032,APT,0,990913044.00,990913044.00,190000000.00,134782640.23,162333333.33,503797070.44
Aug 22 2032,APT,0,990913044.00,990913044.00,190000000.00,134782640.23,162333333.33,503797070.44
Aug 18 2032,APT,0,990913044.00,990913044.00,190000000.00,134782640.23,162333333.33,503797070.44
Aug 14 2032,APT,0,990913044.00,990913044.00,190000000.00,134782640.23,162333333.33,503797070.44
Aug 09 2032,APT,0,986369566.00,986369566.00,190000000.00,134782640.23,161000000.00,500586925.77
Aug 05 2032,APT,0,986369566.00,986369566.00,190000000.00,134782640.23,161000000.00,500586925.77
Aug 01 2032,APT,0,986369566.00,986369566.00,190000000.00,134782640.23,161000000.00,500586925.77
Jul 27 2032,APT,0,986369566.00,986369566.00,190000000.00,134782640.23,161000000.00,500586925.77
Jul 23 2032,APT,0,986369566.00,986369566.00,190000000.00,134782640.23,161000000.00,500586925.77
Jul 19 2032,APT,0,986369566.00,986369566.00,190000000.00,134782640.23,161000000.00,500586925.77
Jul 14 2032,APT,0,986369566.00,986369566.00,190000000.00,134782640.23,161000000.00,500586925.77
Jul 10 2032,APT,0,986369566.00,986369566.00,190000000.00,134782640.23,161000000.00,500586925.77
Jul 06 2032,APT,0,981826088.01,981826088.01,190000000.00,134782640.23,159666666.67,497376781.11
Jul 01 2032,APT,0,981826088.01,981826088.01,190000000.00,134782640.23,159666666.67,497376781.11
Jun 27 2032,APT,0,981826088.01,981826088.01,190000000.00,134782640.23,159666666.67,497376781.11
Jun 23 2032,APT,0,981826088.01,981826088.01,190000000.00,134782640.23,159666666.67,497376781.11
Jun 18 2032,APT,0,981826088.01,981826088.01,190000000.00,134782640.23,159666666.67,497376781.11
Jun 14 2032,APT,0,981826088.01,981826088.01,190000000.00,134782640.23,159666666.67,497376781.11
Jun 10 2032,APT,0,981826088.01,981826088.01,190000000.00,134782640.23,159666666.67,497376781.11
Jun 05 2032,APT,0,977282610.00,977282610.00,190000000.00,134782640.23,158333333.33,494166636.44
Jun 01 2032,APT,0,977282610.00,977282610.00,190000000.00,134782640.23,158333333.33,494166636.44
May 28 2032,APT,0,977282610.00,977282610.00,190000000.00,134782640.23,158333333.33,494166636.44
May 23 2032,APT,0,977282610.00,977282610.00,190000000.00,134782640.23,158333333.33,494166636.44
May 19 2032,APT,0,977282610.00,977282610.00,190000000.00,134782640.23,158333333.33,494166636.44
May 15 2032,APT,0,977282610.00,977282610.00,190000000.00,134782640.23,158333333.33,494166636.44
May 10 2032,APT,0,977282610.00,977282610.00,190000000.00,134782640.23,158333333.33,494166636.44
May 06 2032,APT,0,972739132.01,972739132.01,190000000.00,134782640.23,157000000.00,490956491.78
May 02 2032,APT,0,972739132.01,972739132.01,190000000.00,134782640.23,157000000.00,490956491.78
Apr 27 2032,APT,0,972739132.01,972739132.01,190000000.00,134782640.23,157000000.00,490956491.78
Apr 23 2032,APT,0,972739132.01,972739132.01,190000000.00,134782640.23,157000000.00,490956491.78
Apr 19 2032,APT,0,972739132.01,972739132.01,190000000.00,134782640.23,157000000.00,490956491.78
Apr 14 2032,APT,0,972739132.01,972739132.01,190000000.00,134782640.23,157000000.00,490956491.78
Apr 10 2032,APT,0,972739132.01,972739132.01,190000000.00,134782640.23,157000000.00,490956491.78
Apr 06 2032,APT,0,968195654.01,968195654.01,190000000.00,134782640.23,155666666.67,487746347.11
Apr 01 2032,APT,0,968195654.01,968195654.01,190000000.00,134782640.23,155666666.67,487746347.11
Mar 28 2032,APT,0,968195654.01,968195654.01,190000000.00,134782640.23,155666666.67,487746347.11
Mar 24 2032,APT,0,968195654.01,968195654.01,190000000.00,134782640.23,155666666.67,487746347.11
Mar 20 2032,APT,0,968195654.01,968195654.01,190000000.00,134782640.23,155666666.67,487746347.11
Mar 15 2032,APT,0,968195654.01,968195654.01,190000000.00,134782640.23,155666666.67,487746347.11
Mar 11 2032,APT,0,968195654.01,968195654.01,190000000.00,134782640.23,155666666.67,487746347.11
Mar 07 2032,APT,0,963652176.01,963652176.01,190000000.00,134782640.23,154333333.33,484536202.45
Mar 02 2032,APT,0,963652176.01,963652176.01,190000000.00,134782640.23,154333333.33,484536202.45
Feb 27 2032,APT,0,963652176.01,963652176.01,190000000.00,134782640.23,154333333.33,484536202.45
Feb 23 2032,APT,0,963652176.01,963652176.01,190000000.00,134782640.23,154333333.33,484536202.45
Feb 18 2032,APT,0,963652176.01,963652176.01,190000000.00,134782640.23,154333333.33,484536202.45
Feb 14 2032,APT,0,963652176.01,963652176.01,190000000.00,134782640.23,154333333.33,484536202.45
Feb 10 2032,APT,0,963652176.01,963652176.01,190000000.00,134782640.23,154333333.33,484536202.45
Feb 05 2032,APT,0,959108698.01,959108698.01,190000000.00,134782640.23,153000000.00,481326057.78
Feb 01 2032,APT,0,959108698.01,959108698.01,190000000.00,134782640.23,153000000.00,481326057.78
Jan 28 2032,APT,0,959108698.01,959108698.01,190000000.00,134782640.23,153000000.00,481326057.78
Jan 23 2032,APT,0,959108698.01,959108698.01,190000000.00,134782640.23,153000000.00,481326057.78
Jan 19 2032,APT,0,959108698.01,959108698.01,190000000.00,134782640.23,153000000.00,481326057.78
Jan 15 2032,APT,0,959108698.01,959108698.01,190000000.00,134782640.23,153000000.00,481326057.78
Jan 10 2032,APT,0,959108698.01,959108698.01,190000000.00,134782640.23,153000000.00,481326057.78
Jan 06 2032,APT,0,954565220.02,954565220.02,190000000.00,134782640.23,151666666.67,478115913.12
Jan 02 2032,APT,0,954565220.02,954565220.02,190000000.00,134782640.23,151666666.67,478115913.12
Dec 28 2031,APT,0,954565220.02,954565220.02,190000000.00,134782640.23,151666666.67,478115913.12
Dec 24 2031,APT,0,954565220.02,954565220.02,190000000.00,134782640.23,151666666.67,478115913.12
Dec 20 2031,APT,0,954565220.02,954565220.02,190000000.00,134782640.23,151666666.67,478115913.12
Dec 15 2031,APT,0,954565220.02,954565220.02,190000000.00,134782640.23,151666666.67,478115913.12
Dec 11 2031,APT,0,954565220.02,954565220.02,190000000.00,134782640.23,151666666.67,478115913.12
Dec 07 2031,APT,0,950021742.02,950021742.02,190000000.00,134782640.23,150333333.33,474905768.46
Dec 02 2031,APT,0,950021742.02,950021742.02,190000000.00,134782640.23,150333333.33,474905768.46
Nov 28 2031,APT,0,950021742.02,950021742.02,190000000.00,134782640.23,150333333.33,474905768.46
Nov 24 2031,APT,0,950021742.02,950021742.02,190000000.00,134782640.23,150333333.33,474905768.46
Nov 19 2031,APT,0,950021742.02,950021742.02,190000000.00,134782640.23,150333333.33,474905768.46
Nov 15 2031,APT,0,950021742.02,950021742.02,190000000.00,134782640.23,150333333.33,474905768.46
Nov 11 2031,APT,0,950021742.02,950021742.02,190000000.00,134782640.23,150333333.33,474905768.46
Nov 06 2031,APT,0,945478264.02,945478264.02,190000000.00,134782640.23,149000000.00,471695623.79
Nov 02 2031,APT,0,945478264.02,945478264.02,190000000.00,134782640.23,149000000.00,471695623.79
Oct 29 2031,APT,0,945478264.02,945478264.02,190000000.00,134782640.23,149000000.00,471695623.79
Oct 24 2031,APT,0,945478264.02,945478264.02,190000000.00,134782640.23,149000000.00,471695623.79
Oct 20 2031,APT,0,945478264.02,945478264.02,190000000.00,134782640.23,149000000.00,471695623.79
Oct 16 2031,APT,0,945478264.02,945478264.02,190000000.00,134782640.23,149000000.00,471695623.79
Oct 11 2031,APT,0,945478264.02,945478264.02,190000000.00,134782640.23,149000000.00,471695623.79
Oct 07 2031,APT,0,940934786.03,940934786.03,190000000.00,134782640.23,147666666.67,468485479.13
Oct 03 2031,APT,0,940934786.03,940934786.03,190000000.00,134782640.23,147666666.67,468485479.13
Sep 28 2031,APT,0,940934786.03,940934786.03,190000000.00,134782640.23,147666666.67,468485479.13
Sep 24 2031,APT,0,940934786.03,940934786.03,190000000.00,134782640.23,147666666.67,468485479.13
Sep 20 2031,APT,0,940934786.03,940934786.03,190000000.00,134782640.23,147666666.67,468485479.13
Sep 15 2031,APT,0,940934786.03,940934786.03,190000000.00,134782640.23,147666666.67,468485479.13
Sep 11 2031,APT,0,940934786.03,940934786.03,190000000.00,134782640.23,147666666.67,468485479.13
Sep 07 2031,APT,0,936391308.02,936391308.02,190000000.00,134782640.23,146333333.33,465275334.46
Sep 02 2031,APT,0,936391308.02,936391308.02,190000000.00,134782640.23,146333333.33,465275334.46
Aug 29 2031,APT,0,936391308.02,936391308.02,190000000.00,134782640.23,146333333.33,465275334.46
Aug 25 2031,APT,0,936391308.02,936391308.02,190000000.00,134782640.23,146333333.33,465275334.46
Aug 20 2031,APT,0,936391308.02,936391308.02,190000000.00,134782640.23,146333333.33,465275334.46
Aug 16 2031,APT,0,936391308.02,936391308.02,190000000.00,134782640.23,146333333.33,465275334.46
Aug 12 2031,APT,0,936391308.02,936391308.02,190000000.00,134782640.23,146333333.33,465275334.46
Aug 07 2031,APT,0,931847830.03,931847830.03,190000000.00,134782640.23,145000000.00,462065189.80
Aug 03 2031,APT,0,931847830.03,931847830.03,190000000.00,134782640.23,145000000.00,462065189.80
Jul 30 2031,APT,0,931847830.03,931847830.03,190000000.00,134782640.23,145000000.00,462065189.80
Jul 25 2031,APT,0,931847830.03,931847830.03,190000000.00,134782640.23,145000000.00,462065189.80
Jul 21 2031,APT,0,931847830.03,931847830.03,190000000.00,134782640.23,145000000.00,462065189.80
Jul 17 2031,APT,0,931847830.03,931847830.03,190000000.00,134782640.23,145000000.00,462065189.80
Jul 12 2031,APT,0,931847830.03,931847830.03,190000000.00,134782640.23,145000000.00,462065189.80
Jul 08 2031,APT,0,927304352.03,927304352.03,190000000.00,134782640.23,143666666.67,458855045.13
Jul 04 2031,APT,0,927304352.03,927304352.03,190000000.00,134782640.23,143666666.67,458855045.13
Jun 29 2031,APT,0,927304352.03,927304352.03,190000000.00,134782640.23,143666666.67,458855045.13
Jun 25 2031,APT,0,927304352.03,927304352.03,190000000.00,134782640.23,143666666.67,458855045.13
Jun 21 2031,APT,0,927304352.03,927304352.03,190000000.00,134782640.23,143666666.67,458855045.13
Jun 16 2031,APT,0,927304352.03,927304352.03,190000000.00,134782640.23,143666666.67,458855045.13
Jun 12 2031,APT,0,927304352.03,927304352.03,190000000.00,134782640.23,143666666.67,458855045.13
Jun 08 2031,APT,0,922760874.03,922760874.03,190000000.00,134782640.23,142333333.33,455644900.47
Jun 03 2031,APT,0,922760874.03,922760874.03,190000000.00,134782640.23,142333333.33,455644900.47
May 30 2031,APT,0,922760874.03,922760874.03,190000000.00,134782640.23,142333333.33,455644900.47
May 26 2031,APT,0,922760874.03,922760874.03,190000000.00,134782640.23,142333333.33,455644900.47
May 21 2031,APT,0,922760874.03,922760874.03,190000000.00,134782640.23,142333333.33,455644900.47
May 17 2031,APT,0,922760874.03,922760874.03,190000000.00,134782640.23,142333333.33,455644900.47
May 13 2031,APT,0,922760874.03,922760874.03,190000000.00,134782640.23,142333333.33,455644900.47
May 08 2031,APT,0,918217396.03,918217396.03,190000000.00,134782640.23,141000000.00,452434755.80
May 04 2031,APT,0,918217396.03,918217396.03,190000000.00,134782640.23,141000000.00,452434755.80
Apr 30 2031,APT,0,918217396.03,918217396.03,190000000.00,134782640.23,141000000.00,452434755.80
Apr 25 2031,APT,0,918217396.03,918217396.03,190000000.00,134782640.23,141000000.00,452434755.80
Apr 21 2031,APT,0,918217396.03,918217396.03,190000000.00,134782640.23,141000000.00,452434755.80
Apr 17 2031,APT,0,918217396.03,918217396.03,190000000.00,134782640.23,141000000.00,452434755.80
Apr 12 2031,APT,0,918217396.03,918217396.03,190000000.00,134782640.23,141000000.00,452434755.80
Apr 08 2031,APT,0,913673918.04,913673918.04,190000000.00,134782640.23,139666666.67,449224611.14
Apr 04 2031,APT,0,913673918.04,913673918.04,190000000.00,134782640.23,139666666.67,449224611.14
Mar 30 2031,APT,0,913673918.04,913673918.04,190000000.00,134782640.23,139666666.67,449224611.14
Mar 26 2031,APT,0,913673918.04,913673918.04,190000000.00,134782640.23,139666666.67,449224611.14
Mar 22 2031,APT,0,913673918.04,913673918.04,190000000.00,134782640.23,139666666.67,449224611.14
Mar 17 2031,APT,0,913673918.04,913673918.04,190000000.00,134782640.23,139666666.67,449224611.14
Mar 13 2031,APT,0,913673918.04,913673918.04,190000000.00,134782640.23,139666666.67,449224611.14
Mar 09 2031,APT,0,909130440.03,909130440.03,190000000.00,134782640.23,138333333.33,446014466.47
Mar 04 2031,APT,0,909130440.03,909130440.03,190000000.00,134782640.23,138333333.33,446014466.47
Feb 28 2031,APT,0,909130440.03,909130440.03,190000000.00,134782640.23,138333333.33,446014466.47
Feb 24 2031,APT,0,909130440.03,909130440.03,190000000.00,134782640.23,138333333.33,446014466.47
Feb 19 2031,APT,0,909130440.03,909130440.03,190000000.00,134782640.23,138333333.33,446014466.47
Feb 15 2031,APT,0,909130440.03,909130440.03,190000000.00,134782640.23,138333333.33,446014466.47
Feb 11 2031,APT,0,909130440.03,909130440.03,190000000.00,134782640.23,138333333.33,446014466.47
Feb 07 2031,APT,0,904586962.04,904586962.04,190000000.00,134782640.23,137000000.00,442804321.81
Feb 02 2031,APT,0,904586962.04,904586962.04,190000000.00,134782640.23,137000000.00,442804321.81
Jan 29 2031,APT,0,904586962.04,904586962.04,190000000.00,134782640.23,137000000.00,442804321.81
Jan 25 2031,APT,0,904586962.04,904586962.04,190000000.00,134782640.23,137000000.00,442804321.81
Jan 20 2031,APT,0,904586962.04,904586962.04,190000000.00,134782640.23,137000000.00,442804321.81
Jan 16 2031,APT,0,904586962.04,904586962.04,190000000.00,134782640.23,137000000.00,442804321.81
Jan 12 2031,APT,0,904586962.04,904586962.04,190000000.00,134782640.23,137000000.00,442804321.81
Jan 07 2031,APT,0,900043484.04,900043484.04,190000000.00,134782640.23,135666666.67,439594177.14
Jan 03 2031,APT,0,900043484.04,900043484.04,190000000.00,134782640.23,135666666.67,439594177.14
Dec 30 2030,APT,0,900043484.04,900043484.04,190000000.00,134782640.23,135666666.67,439594177.14
Dec 25 2030,APT,0,900043484.04,900043484.04,190000000.00,134782640.23,135666666.67,439594177.14
Dec 21 2030,APT,0,900043484.04,900043484.04,190000000.00,134782640.23,135666666.67,439594177.14
Dec 17 2030,APT,0,900043484.04,900043484.04,190000000.00,134782640.23,135666666.67,439594177.14
Dec 12 2030,APT,0,900043484.04,900043484.04,190000000.00,134782640.23,135666666.67,439594177.14
Dec 08 2030,APT,0,895500006.04,895500006.04,190000000.00,134782640.23,134333333.33,436384032.48
Dec 04 2030,APT,0,895500006.04,895500006.04,190000000.00,134782640.23,134333333.33,436384032.48
Nov 29 2030,APT,0,895500006.04,895500006.04,190000000.00,134782640.23,134333333.33,436384032.48
Nov 25 2030,APT,0,895500006.04,895500006.04,190000000.00,134782640.23,134333333.33,436384032.48
Nov 21 2030,APT,0,895500006.04,895500006.04,190000000.00,134782640.23,134333333.33,436384032.48
Nov 16 2030,APT,0,895500006.04,895500006.04,190000000.00,134782640.23,134333333.33,436384032.48
Nov 12 2030,APT,0,895500006.04,895500006.04,190000000.00,134782640.23,134333333.33,436384032.48
Nov 08 2030,APT,0,890956528.04,890956528.04,190000000.00,134782640.23,133000000.00,433173887.81
Nov 03 2030,APT,0,890956528.04,890956528.04,190000000.00,134782640.23,133000000.00,433173887.81
Oct 30 2030,APT,0,890956528.04,890956528.04,190000000.00,134782640.23,133000000.00,433173887.81
Oct 26 2030,APT,0,890956528.04,890956528.04,190000000.00,134782640.23,133000000.00,433173887.81
Oct 21 2030,APT,0,890956528.04,890956528.04,190000000.00,134782640.23,133000000.00,433173887.81
Oct 17 2030,APT,0,890956528.04,890956528.04,190000000.00,134782640.23,133000000.00,433173887.81
Oct 13 2030,APT,0,890956528.04,890956528.04,190000000.00,134782640.23,133000000.00,433173887.81
Oct 08 2030,APT,0,886413050.05,886413050.05,190000000.00,134782640.23,131666666.67,429963743.15
Oct 04 2030,APT,0,886413050.05,886413050.05,190000000.00,134782640.23,131666666.67,429963743.15
Sep 30 2030,APT,0,886413050.05,886413050.05,190000000.00,134782640.23,131666666.67,429963743.15
Sep 25 2030,APT,0,886413050.05,886413050.05,190000000.00,134782640.23,131666666.67,429963743.15
Sep 21 2030,APT,0,886413050.05,886413050.05,190000000.00,134782640.23,131666666.67,429963743.15
Sep 17 2030,APT,0,886413050.05,886413050.05,190000000.00,134782640.23,131666666.67,429963743.15
Sep 12 2030,APT,0,886413050.05,886413050.05,190000000.00,134782640.23,131666666.67,429963743.15
Sep 08 2030,APT,0,881869572.04,881869572.04,190000000.00,134782640.23,130333333.33,426753598.48
Sep 04 2030,APT,0,881869572.04,881869572.04,190000000.00,134782640.23,130333333.33,426753598.48
Aug 30 2030,APT,0,881869572.04,881869572.04,190000000.00,134782640.23,130333333.33,426753598.48
Aug 26 2030,APT,0,881869572.04,881869572.04,190000000.00,134782640.23,130333333.33,426753598.48
Aug 22 2030,APT,0,881869572.04,881869572.04,190000000.00,134782640.23,130333333.33,426753598.48
Aug 17 2030,APT,0,881869572.04,881869572.04,190000000.00,134782640.23,130333333.33,426753598.48
Aug 13 2030,APT,0,881869572.04,881869572.04,190000000.00,134782640.23,130333333.33,426753598.48
Aug 09 2030,APT,0,877326094.05,877326094.05,190000000.00,134782640.23,129000000.00,423543453.82
Aug 04 2030,APT,0,877326094.05,877326094.05,190000000.00,134782640.23,129000000.00,423543453.82
Jul 31 2030,APT,0,877326094.05,877326094.05,190000000.00,134782640.23,129000000.00,423543453.82
Jul 27 2030,APT,0,877326094.05,877326094.05,190000000.00,134782640.23,129000000.00,423543453.82
Jul 22 2030,APT,0,877326094.05,877326094.05,190000000.00,134782640.23,129000000.00,423543453.82
Jul 18 2030,APT,0,877326094.05,877326094.05,190000000.00,134782640.23,129000000.00,423543453.82
Jul 14 2030,APT,0,877326094.05,877326094.05,190000000.00,134782640.23,129000000.00,423543453.82
Jul 09 2030,APT,0,872782616.05,872782616.05,190000000.00,134782640.23,127666666.67,420333309.15
Jul 05 2030,APT,0,872782616.05,872782616.05,190000000.00,134782640.23,127666666.67,420333309.15
Jul 01 2030,APT,0,872782616.05,872782616.05,190000000.00,134782640.23,127666666.67,420333309.15
Jun 26 2030,APT,0,872782616.05,872782616.05,190000000.00,134782640.23,127666666.67,420333309.15
Jun 22 2030,APT,0,872782616.05,872782616.05,190000000.00,134782640.23,127666666.67,420333309.15
Jun 18 2030,APT,0,872782616.05,872782616.05,190000000.00,134782640.23,127666666.67,420333309.15
Jun 13 2030,APT,0,872782616.05,872782616.05,190000000.00,134782640.23,127666666.67,420333309.15
Jun 09 2030,APT,0,868239138.05,868239138.05,190000000.00,134782640.23,126333333.33,417123164.49
Jun 05 2030,APT,0,868239138.05,868239138.05,190000000.00,134782640.23,126333333.33,417123164.49
May 31 2030,APT,0,868239138.05,868239138.05,190000000.00,134782640.23,126333333.33,417123164.49
May 27 2030,APT,0,868239138.05,868239138.05,190000000.00,134782640.23,126333333.33,417123164.49
May 23 2030,APT,0,868239138.05,868239138.05,190000000.00,134782640.23,126333333.33,417123164.49
May 18 2030,APT,0,868239138.05,868239138.05,190000000.00,134782640.23,126333333.33,417123164.49
May 14 2030,APT,0,868239138.05,868239138.05,190000000.00,134782640.23,126333333.33,417123164.49
May 10 2030,APT,0,863695660.06,863695660.06,190000000.00,134782640.23,125000000.00,413913019.83
May 05 2030,APT,0,863695660.06,863695660.06,190000000.00,134782640.23,125000000.00,413913019.83
May 01 2030,APT,0,863695660.06,863695660.06,190000000.00,134782640.23,125000000.00,413913019.83
Apr 27 2030,APT,0,863695660.06,863695660.06,190000000.00,134782640.23,125000000.00,413913019.83
Apr 22 2030,APT,0,863695660.06,863695660.06,190000000.00,134782640.23,125000000.00,413913019.83
Apr 18 2030,APT,0,863695660.06,863695660.06,190000000.00,134782640.23,125000000.00,413913019.83
Apr 14 2030,APT,0,863695660.06,863695660.06,190000000.00,134782640.23,125000000.00,413913019.83
Apr 09 2030,APT,0,859152182.06,859152182.06,190000000.00,134782640.23,123666666.67,410702875.16
Apr 05 2030,APT,0,859152182.06,859152182.06,190000000.00,134782640.23,123666666.67,410702875.16
Apr 01 2030,APT,0,859152182.06,859152182.06,190000000.00,134782640.23,123666666.67,410702875.16
Mar 27 2030,APT,0,859152182.06,859152182.06,190000000.00,134782640.23,123666666.67,410702875.16
Mar 23 2030,APT,0,859152182.06,859152182.06,190000000.00,134782640.23,123666666.67,410702875.16
Mar 19 2030,APT,0,859152182.06,859152182.06,190000000.00,134782640.23,123666666.67,410702875.16
Mar 14 2030,APT,0,859152182.06,859152182.06,190000000.00,134782640.23,123666666.67,410702875.16
Mar 10 2030,APT,0,854608704.06,854608704.06,190000000.00,134782640.23,122333333.33,407492730.50
Mar 06 2030,APT,0,854608704.06,854608704.06,190000000.00,134782640.23,122333333.33,407492730.50
Mar 01 2030,APT,0,854608704.06,854608704.06,190000000.00,134782640.23,122333333.33,407492730.50
Feb 25 2030,APT,0,854608704.06,854608704.06,190000000.00,134782640.23,122333333.33,407492730.50
Feb 21 2030,APT,0,854608704.06,854608704.06,190000000.00,134782640.23,122333333.33,407492730.50
Feb 16 2030,APT,0,854608704.06,854608704.06,190000000.00,134782640.23,122333333.33,407492730.50
Feb 12 2030,APT,0,854608704.06,854608704.06,190000000.00,134782640.23,122333333.33,407492730.50
Feb 08 2030,APT,0,850065226.06,850065226.06,190000000.00,134782640.23,121000000.00,404282585.83
Feb 03 2030,APT,0,850065226.06,850065226.06,190000000.00,134782640.23,121000000.00,404282585.83
Jan 30 2030,APT,0,850065226.06,850065226.06,190000000.00,134782640.23,121000000.00,404282585.83
Jan 26 2030,APT,0,850065226.06,850065226.06,190000000.00,134782640.23,121000000.00,404282585.83
Jan 21 2030,APT,0,850065226.06,850065226.06,190000000.00,134782640.23,121000000.00,404282585.83
Jan 17 2030,APT,0,850065226.06,850065226.06,190000000.00,134782640.23,121000000.00,404282585.83
Jan 13 2030,APT,0,850065226.06,850065226.06,190000000.00,134782640.23,121000000.00,404282585.83
Jan 08 2030,APT,0,845521748.07,845521748.07,190000000.00,134782640.23,119666666.67,401072441.17
Jan 04 2030,APT,0,845521748.07,845521748.07,190000000.00,134782640.23,119666666.67,401072441.17
Dec 31 2029,APT,0,845521748.07,845521748.07,190000000.00,134782640.23,119666666.67,401072441.17
Dec 27 2029,APT,0,845521748.07,845521748.07,190000000.00,134782640.23,119666666.67,401072441.17
Dec 22 2029,APT,0,845521748.07,845521748.07,190000000.00,134782640.23,119666666.67,401072441.17
Dec 18 2029,APT,0,845521748.07,845521748.07,190000000.00,134782640.23,119666666.67,401072441.17
Dec 14 2029,APT,0,845521748.07,845521748.07,190000000.00,134782640.23,119666666.67,401072441.17
Dec 09 2029,APT,0,840978270.06,840978270.06,190000000.00,134782640.23,118333333.33,397862296.50
Dec 05 2029,APT,0,840978270.06,840978270.06,190000000.00,134782640.23,118333333.33,397862296.50
Dec 01 2029,APT,0,840978270.06,840978270.06,190000000.00,134782640.23,118333333.33,397862296.50
Nov 26 2029,APT,0,840978270.06,840978270.06,190000000.00,134782640.23,118333333.33,397862296.50
Nov 22 2029,APT,0,840978270.06,840978270.06,190000000.00,134782640.23,118333333.33,397862296.50
Nov 18 2029,APT,0,840978270.06,840978270.06,190000000.00,134782640.23,118333333.33,397862296.50
Nov 13 2029,APT,0,840978270.06,840978270.06,190000000.00,134782640.23,118333333.33,397862296.50
Nov 09 2029,APT,0,836434792.07,836434792.07,190000000.00,134782640.23,117000000.00,394652151.84
Nov 05 2029,APT,0,836434792.07,836434792.07,190000000.00,134782640.23,117000000.00,394652151.84
Oct 31 2029,APT,0,836434792.07,836434792.07,190000000.00,134782640.23,117000000.00,394652151.84
Oct 27 2029,APT,0,836434792.07,836434792.07,190000000.00,134782640.23,117000000.00,394652151.84
Oct 23 2029,APT,0,836434792.07,836434792.07,190000000.00,134782640.23,117000000.00,394652151.84
Oct 18 2029,APT,0,836434792.07,836434792.07,190000000.00,134782640.23,117000000.00,394652151.84
Oct 14 2029,APT,0,836434792.07,836434792.07,190000000.00,134782640.23,117000000.00,394652151.84
Oct 10 2029,APT,0,836434792.07,836434792.07,190000000.00,134782640.23,117000000.00,394652151.84
Oct 05 2029,APT,0,831891314.07,831891314.07,190000000.00,134782640.23,115666666.67,391442007.17
Oct 01 2029,APT,0,831891314.07,831891314.07,190000000.00,134782640.23,115666666.67,391442007.17
Sep 27 2029,APT,0,831891314.07,831891314.07,190000000.00,134782640.23,115666666.67,391442007.17
Sep 22 2029,APT,0,831891314.07,831891314.07,190000000.00,134782640.23,115666666.67,391442007.17
Sep 18 2029,APT,0,831891314.07,831891314.07,190000000.00,134782640.23,115666666.67,391442007.17
Sep 14 2029,APT,0,831891314.07,831891314.07,190000000.00,134782640.23,115666666.67,391442007.17
Sep 09 2029,APT,0,827347836.07,827347836.07,190000000.00,134782640.23,114333333.33,388231862.51
Sep 05 2029,APT,0,827347836.07,827347836.07,190000000.00,134782640.23,114333333.33,388231862.51
Sep 01 2029,APT,0,827347836.07,827347836.07,190000000.00,134782640.23,114333333.33,388231862.51
Aug 27 2029,APT,0,827347836.07,827347836.07,190000000.00,134782640.23,114333333.33,388231862.51
Aug 23 2029,APT,0,827347836.07,827347836.07,190000000.00,134782640.23,114333333.33,388231862.51
Aug 19 2029,APT,0,827347836.07,827347836.07,190000000.00,134782640.23,114333333.33,388231862.51
Aug 14 2029,APT,0,827347836.07,827347836.07,190000000.00,134782640.23,114333333.33,388231862.51
Aug 10 2029,APT,0,822804358.07,822804358.07,190000000.00,134782640.23,113000000.00,385021717.84
Aug 06 2029,APT,0,822804358.07,822804358.07,190000000.00,134782640.23,113000000.00,385021717.84
Aug 01 2029,APT,0,822804358.07,822804358.07,190000000.00,134782640.23,113000000.00,385021717.84
Jul 28 2029,APT,0,822804358.07,822804358.07,190000000.00,134782640.23,113000000.00,385021717.84
Jul 24 2029,APT,0,822804358.07,822804358.07,190000000.00,134782640.23,113000000.00,385021717.84
Jul 19 2029,APT,0,822804358.07,822804358.07,190000000.00,134782640.23,113000000.00,385021717.84
Jul 15 2029,APT,0,822804358.07,822804358.07,190000000.00,134782640.23,113000000.00,385021717.84
Jul 11 2029,APT,0,822804358.07,822804358.07,190000000.00,134782640.23,113000000.00,385021717.84
Jul 06 2029,APT,0,818260880.08,818260880.08,190000000.00,134782640.23,111666666.67,381811573.18
Jul 02 2029,APT,0,818260880.08,818260880.08,190000000.00,134782640.23,111666666.67,381811573.18
Jun 28 2029,APT,0,818260880.08,818260880.08,190000000.00,134782640.23,111666666.67,381811573.18
Jun 23 2029,APT,0,818260880.08,818260880.08,190000000.00,134782640.23,111666666.67,381811573.18
Jun 19 2029,APT,0,818260880.08,818260880.08,190000000.00,134782640.23,111666666.67,381811573.18
Jun 15 2029,APT,0,818260880.08,818260880.08,190000000.00,134782640.23,111666666.67,381811573.18
Jun 10 2029,APT,0,813717402.07,813717402.07,190000000.00,134782640.23,110333333.33,378601428.51
Jun 06 2029,APT,0,813717402.07,813717402.07,190000000.00,134782640.23,110333333.33,378601428.51
Jun 02 2029,APT,0,813717402.07,813717402.07,190000000.00,134782640.23,110333333.33,378601428.51
May 28 2029,APT,0,813717402.07,813717402.07,190000000.00,134782640.23,110333333.33,378601428.51
May 24 2029,APT,0,813717402.07,813717402.07,190000000.00,134782640.23,110333333.33,378601428.51
May 20 2029,APT,0,813717402.07,813717402.07,190000000.00,134782640.23,110333333.33,378601428.51
May 15 2029,APT,0,813717402.07,813717402.07,190000000.00,134782640.23,110333333.33,378601428.51
May 11 2029,APT,0,813717402.07,813717402.07,190000000.00,134782640.23,110333333.33,378601428.51
May 07 2029,APT,0,809173924.08,809173924.08,190000000.00,134782640.23,109000000.00,375391283.85
May 02 2029,APT,0,809173924.08,809173924.08,190000000.00,134782640.23,109000000.00,375391283.85
Apr 28 2029,APT,0,809173924.08,809173924.08,190000000.00,134782640.23,109000000.00,375391283.85
Apr 24 2029,APT,0,809173924.08,809173924.08,190000000.00,134782640.23,109000000.00,375391283.85
Apr 19 2029,APT,0,809173924.08,809173924.08,190000000.00,134782640.23,109000000.00,375391283.85
Apr 15 2029,APT,0,809173924.08,809173924.08,190000000.00,134782640.23,109000000.00,375391283.85
Apr 11 2029,APT,0,809173924.08,809173924.08,190000000.00,134782640.23,109000000.00,375391283.85
Apr 06 2029,APT,0,804630446.08,804630446.08,190000000.00,134782640.23,107666666.67,372181139.18
Apr 02 2029,APT,0,804630446.08,804630446.08,190000000.00,134782640.23,107666666.67,372181139.18
Mar 29 2029,APT,0,804630446.08,804630446.08,190000000.00,134782640.23,107666666.67,372181139.18
Mar 24 2029,APT,0,804630446.08,804630446.08,190000000.00,134782640.23,107666666.67,372181139.18
Mar 20 2029,APT,0,804630446.08,804630446.08,190000000.00,134782640.23,107666666.67,372181139.18
Mar 16 2029,APT,0,804630446.08,804630446.08,190000000.00,134782640.23,107666666.67,372181139.18
Mar 11 2029,APT,0,804630446.08,804630446.08,190000000.00,134782640.23,107666666.67,372181139.18
Mar 07 2029,APT,0,800086968.08,800086968.08,190000000.00,134782640.23,106333333.33,368970994.52
Mar 03 2029,APT,0,800086968.08,800086968.08,190000000.00,134782640.23,106333333.33,368970994.52
Feb 26 2029,APT,0,800086968.08,800086968.08,190000000.00,134782640.23,106333333.33,368970994.52
Feb 22 2029,APT,0,800086968.08,800086968.08,190000000.00,134782640.23,106333333.33,368970994.52
Feb 18 2029,APT,0,800086968.08,800086968.08,190000000.00,134782640.23,106333333.33,368970994.52
Feb 13 2029,APT,0,800086968.08,800086968.08,190000000.00,134782640.23,106333333.33,368970994.52
Feb 09 2029,APT,0,800086968.08,800086968.08,190000000.00,134782640.23,106333333.33,368970994.52
Feb 05 2029,APT,0,795543490.08,795543490.08,190000000.00,134782640.23,105000000.00,365760849.85
Jan 31 2029,APT,0,795543490.08,795543490.08,190000000.00,134782640.23,105000000.00,365760849.85
Jan 27 2029,APT,0,795543490.08,795543490.08,190000000.00,134782640.23,105000000.00,365760849.85
Jan 23 2029,APT,0,795543490.08,795543490.08,190000000.00,134782640.23,105000000.00,365760849.85
Jan 18 2029,APT,0,795543490.08,795543490.08,190000000.00,134782640.23,105000000.00,365760849.85
Jan 14 2029,APT,0,795543490.08,795543490.08,190000000.00,134782640.23,105000000.00,365760849.85
Jan 10 2029,APT,0,795543490.08,795543490.08,190000000.00,134782640.23,105000000.00,365760849.85
Jan 05 2029,APT,0,791000012.09,791000012.09,190000000.00,134782640.23,103666666.67,362550705.19
Jan 01 2029,APT,0,791000012.09,791000012.09,190000000.00,134782640.23,103666666.67,362550705.19
Dec 28 2028,APT,0,791000012.09,791000012.09,190000000.00,134782640.23,103666666.67,362550705.19
Dec 23 2028,APT,0,791000012.09,791000012.09,190000000.00,134782640.23,103666666.67,362550705.19
Dec 19 2028,APT,0,791000012.09,791000012.09,190000000.00,134782640.23,103666666.67,362550705.19
Dec 15 2028,APT,0,791000012.09,791000012.09,190000000.00,134782640.23,103666666.67,362550705.19
Dec 10 2028,APT,0,791000012.09,791000012.09,190000000.00,134782640.23,103666666.67,362550705.19
Dec 06 2028,APT,0,786456534.08,786456534.08,190000000.00,134782640.23,102333333.33,359340560.52
Dec 02 2028,APT,0,786456534.08,786456534.08,190000000.00,134782640.23,102333333.33,359340560.52
Nov 27 2028,APT,0,786456534.08,786456534.08,190000000.00,134782640.23,102333333.33,359340560.52
Nov 23 2028,APT,0,786456534.08,786456534.08,190000000.00,134782640.23,102333333.33,359340560.52
Nov 19 2028,APT,0,786456534.08,786456534.08,190000000.00,134782640.23,102333333.33,359340560.52
Nov 15 2028,APT,0,786456534.08,786456534.08,190000000.00,134782640.23,102333333.33,359340560.52
Nov 10 2028,APT,0,786456534.08,786456534.08,190000000.00,134782640.23,102333333.33,359340560.52
Nov 06 2028,APT,0,781913056.09,781913056.09,190000000.00,134782640.23,101000000.00,356130415.86
Nov 02 2028,APT,0,781913056.09,781913056.09,190000000.00,134782640.23,101000000.00,356130415.86
Oct 28 2028,APT,0,781913056.09,781913056.09,190000000.00,134782640.23,101000000.00,356130415.86
Oct 24 2028,APT,0,781913056.09,781913056.09,190000000.00,134782640.23,101000000.00,356130415.86
Oct 20 2028,APT,0,781913056.09,781913056.09,190000000.00,134782640.23,101000000.00,356130415.86
Oct 15 2028,APT,0,781913056.09,781913056.09,190000000.00,134782640.23,101000000.00,356130415.86
Oct 11 2028,APT,0,781913056.09,781913056.09,190000000.00,134782640.23,101000000.00,356130415.86
Oct 07 2028,APT,0,777369578.10,777369578.10,190000000.00,134782640.23,99666666.67,352920271.20
Oct 02 2028,APT,0,777369578.10,777369578.10,190000000.00,134782640.23,99666666.67,352920271.20
Sep 28 2028,APT,0,777369578.10,777369578.10,190000000.00,134782640.23,99666666.67,352920271.20
Sep 24 2028,APT,0,777369578.10,777369578.10,190000000.00,134782640.23,99666666.67,352920271.20
Sep 19 2028,APT,0,777369578.10,777369578.10,190000000.00,134782640.23,99666666.67,352920271.20
Sep 15 2028,APT,0,777369578.10,777369578.10,190000000.00,134782640.23,99666666.67,352920271.20
Sep 11 2028,APT,0,777369578.10,777369578.10,190000000.00,134782640.23,99666666.67,352920271.20
Sep 06 2028,APT,0,772826100.09,772826100.09,190000000.00,134782640.23,98333333.33,349710126.53
Sep 02 2028,APT,0,772826100.09,772826100.09,190000000.00,134782640.23,98333333.33,349710126.53
Aug 29 2028,APT,0,772826100.09,772826100.09,190000000.00,134782640.23,98333333.33,349710126.53
Aug 24 2028,APT,0,772826100.09,772826100.09,190000000.00,134782640.23,98333333.33,349710126.53
Aug 20 2028,APT,0,772826100.09,772826100.09,190000000.00,134782640.23,98333333.33,349710126.53
Aug 16 2028,APT,0,772826100.09,772826100.09,190000000.00,134782640.23,98333333.33,349710126.53
Aug 11 2028,APT,0,772826100.09,772826100.09,190000000.00,134782640.23,98333333.33,349710126.53
Aug 07 2028,APT,0,768282622.10,768282622.10,190000000.00,134782640.23,97000000.00,346499981.87
Aug 03 2028,APT,0,768282622.10,768282622.10,190000000.00,134782640.23,97000000.00,346499981.87
Jul 29 2028,APT,0,768282622.10,768282622.10,190000000.00,134782640.23,97000000.00,346499981.87
Jul 25 2028,APT,0,768282622.10,768282622.10,190000000.00,134782640.23,97000000.00,346499981.87
Jul 21 2028,APT,0,768282622.10,768282622.10,190000000.00,134782640.23,97000000.00,346499981.87
Jul 16 2028,APT,0,768282622.10,768282622.10,190000000.00,134782640.23,97000000.00,346499981.87
Jul 12 2028,APT,0,768282622.10,768282622.10,190000000.00,134782640.23,97000000.00,346499981.87
Jul 08 2028,APT,0,763739144.10,763739144.10,190000000.00,134782640.23,95666666.67,343289837.20
Jul 03 2028,APT,0,763739144.10,763739144.10,190000000.00,134782640.23,95666666.67,343289837.20
Jun 29 2028,APT,0,763739144.10,763739144.10,190000000.00,134782640.23,95666666.67,343289837.20
Jun 25 2028,APT,0,763739144.10,763739144.10,190000000.00,134782640.23,95666666.67,343289837.20
Jun 20 2028,APT,0,763739144.10,763739144.10,190000000.00,134782640.23,95666666.67,343289837.20
Jun 16 2028,APT,0,763739144.10,763739144.10,190000000.00,134782640.23,95666666.67,343289837.20
Jun 12 2028,APT,0,763739144.10,763739144.10,190000000.00,134782640.23,95666666.67,343289837.20
Jun 07 2028,APT,0,759195666.10,759195666.10,190000000.00,134782640.23,94333333.33,340079692.54
Jun 03 2028,APT,0,759195666.10,759195666.10,190000000.00,134782640.23,94333333.33,340079692.54
May 30 2028,APT,0,759195666.10,759195666.10,190000000.00,134782640.23,94333333.33,340079692.54
May 25 2028,APT,0,759195666.10,759195666.10,190000000.00,134782640.23,94333333.33,340079692.54
May 21 2028,APT,0,759195666.10,759195666.10,190000000.00,134782640.23,94333333.33,340079692.54
May 17 2028,APT,0,759195666.10,759195666.10,190000000.00,134782640.23,94333333.33,340079692.54
May 12 2028,APT,0,759195666.10,759195666.10,190000000.00,134782640.23,94333333.33,340079692.54
May 08 2028,APT,0,754652188.10,754652188.10,190000000.00,134782640.23,93000000.00,336869547.87
May 04 2028,APT,0,754652188.10,754652188.10,190000000.00,134782640.23,93000000.00,336869547.87
Apr 29 2028,APT,0,754652188.10,754652188.10,190000000.00,134782640.23,93000000.00,336869547.87
Apr 25 2028,APT,0,754652188.10,754652188.10,190000000.00,134782640.23,93000000.00,336869547.87
Apr 21 2028,APT,0,754652188.10,754652188.10,190000000.00,134782640.23,93000000.00,336869547.87
Apr 16 2028,APT,0,754652188.10,754652188.10,190000000.00,134782640.23,93000000.00,336869547.87
Apr 12 2028,APT,0,754652188.10,754652188.10,190000000.00,134782640.23,93000000.00,336869547.87
Apr 08 2028,APT,0,750108710.11,750108710.11,190000000.00,134782640.23,91666666.67,333659403.21
Apr 03 2028,APT,0,750108710.11,750108710.11,190000000.00,134782640.23,91666666.67,333659403.21
Mar 30 2028,APT,0,750108710.11,750108710.11,190000000.00,134782640.23,91666666.67,333659403.21
Mar 26 2028,APT,0,750108710.11,750108710.11,190000000.00,134782640.23,91666666.67,333659403.21
Mar 21 2028,APT,0,750108710.11,750108710.11,190000000.00,134782640.23,91666666.67,333659403.21
Mar 17 2028,APT,0,750108710.11,750108710.11,190000000.00,134782640.23,91666666.67,333659403.21
Mar 13 2028,APT,0,750108710.11,750108710.11,190000000.00,134782640.23,91666666.67,333659403.21
Mar 08 2028,APT,0,745565232.10,745565232.10,190000000.00,134782640.23,90333333.33,330449258.54
Mar 04 2028,APT,0,745565232.10,745565232.10,190000000.00,134782640.23,90333333.33,330449258.54
Feb 29 2028,APT,0,745565232.10,745565232.10,190000000.00,134782640.23,90333333.33,330449258.54
Feb 24 2028,APT,0,745565232.10,745565232.10,190000000.00,134782640.23,90333333.33,330449258.54
Feb 20 2028,APT,0,745565232.10,745565232.10,190000000.00,134782640.23,90333333.33,330449258.54
Feb 16 2028,APT,0,745565232.10,745565232.10,190000000.00,134782640.23,90333333.33,330449258.54
Feb 11 2028,APT,0,745565232.10,745565232.10,190000000.00,134782640.23,90333333.33,330449258.54
Feb 07 2028,APT,0,741021754.11,741021754.11,190000000.00,134782640.23,89000000.00,327239113.88
Feb 03 2028,APT,0,741021754.11,741021754.11,190000000.00,134782640.23,89000000.00,327239113.88
Jan 29 2028,APT,0,741021754.11,741021754.11,190000000.00,134782640.23,89000000.00,327239113.88
Jan 25 2028,APT,0,741021754.11,741021754.11,190000000.00,134782640.23,89000000.00,327239113.88
Jan 21 2028,APT,0,741021754.11,741021754.11,190000000.00,134782640.23,89000000.00,327239113.88
Jan 16 2028,APT,0,741021754.11,741021754.11,190000000.00,134782640.23,89000000.00,327239113.88
Jan 12 2028,APT,0,741021754.11,741021754.11,190000000.00,134782640.23,89000000.00,327239113.88
Jan 08 2028,APT,0,736478276.11,736478276.11,190000000.00,134782640.23,87666666.67,324028969.21
Jan 03 2028,APT,0,736478276.11,736478276.11,190000000.00,134782640.23,87666666.67,324028969.21
Dec 30 2027,APT,0,736478276.11,736478276.11,190000000.00,134782640.23,87666666.67,324028969.21
Dec 26 2027,APT,0,736478276.11,736478276.11,190000000.00,134782640.23,87666666.67,324028969.21
Dec 21 2027,APT,0,736478276.11,736478276.11,190000000.00,134782640.23,87666666.67,324028969.21
Dec 17 2027,APT,0,736478276.11,736478276.11,190000000.00,134782640.23,87666666.67,324028969.21
Dec 13 2027,APT,0,736478276.11,736478276.11,190000000.00,134782640.23,87666666.67,324028969.21
Dec 08 2027,APT,0,731934798.11,731934798.11,190000000.00,134782640.23,86333333.33,320818824.55
Dec 04 2027,APT,0,731934798.11,731934798.11,190000000.00,134782640.23,86333333.33,320818824.55
Nov 30 2027,APT,0,731934798.11,731934798.11,190000000.00,134782640.23,86333333.33,320818824.55
Nov 25 2027,APT,0,731934798.11,731934798.11,190000000.00,134782640.23,86333333.33,320818824.55
Nov 21 2027,APT,0,731934798.11,731934798.11,190000000.00,134782640.23,86333333.33,320818824.55
Nov 17 2027,APT,0,731934798.11,731934798.11,190000000.00,134782640.23,86333333.33,320818824.55
Nov 12 2027,APT,0,731934798.11,731934798.11,190000000.00,134782640.23,86333333.33,320818824.55
Nov 08 2027,APT,0,727391320.11,727391320.11,190000000.00,134782640.23,85000000.00,317608679.88
Nov 04 2027,APT,0,727391320.11,727391320.11,190000000.00,134782640.23,85000000.00,317608679.88
Oct 30 2027,APT,0,727391320.11,727391320.11,190000000.00,134782640.23,85000000.00,317608679.88
Oct 26 2027,APT,0,727391320.11,727391320.11,190000000.00,134782640.23,85000000.00,317608679.88
Oct 22 2027,APT,0,727391320.11,727391320.11,190000000.00,134782640.23,85000000.00,317608679.88
Oct 17 2027,APT,0,727391320.11,727391320.11,190000000.00,134782640.23,85000000.00,317608679.88
Oct 13 2027,APT,0,727391320.11,727391320.11,190000000.00,134782640.23,85000000.00,317608679.88
Oct 13 2027,APT,0,727391320.11,727391320.11,190000000.00,134782640.23,85000000.00,317608679.88
Oct 09 2027,APT,0,722847842.12,722847842.12,190000000.00,134782640.23,83666666.67,314398535.22
Oct 05 2027,APT,0,722847842.12,722847842.12,190000000.00,134782640.23,83666666.67,314398535.22
Sep 30 2027,APT,0,722847842.12,722847842.12,190000000.00,134782640.23,83666666.67,314398535.22
Sep 26 2027,APT,0,722847842.12,722847842.12,190000000.00,134782640.23,83666666.67,314398535.22
Sep 22 2027,APT,0,722847842.12,722847842.12,190000000.00,134782640.23,83666666.67,314398535.22
Sep 17 2027,APT,0,722847842.12,722847842.12,190000000.00,134782640.23,83666666.67,314398535.22
Sep 13 2027,APT,0,722847842.12,722847842.12,190000000.00,134782640.23,83666666.67,314398535.22
Sep 09 2027,APT,0,718304364.11,718304364.11,190000000.00,134782640.23,82333333.33,311188390.55
Sep 04 2027,APT,0,718304364.11,718304364.11,190000000.00,134782640.23,82333333.33,311188390.55
Aug 31 2027,APT,0,718304364.11,718304364.11,190000000.00,134782640.23,82333333.33,311188390.55
Aug 27 2027,APT,0,718304364.11,718304364.11,190000000.00,134782640.23,82333333.33,311188390.55
Aug 22 2027,APT,0,718304364.11,718304364.11,190000000.00,134782640.23,82333333.33,311188390.55
Aug 18 2027,APT,0,718304364.11,718304364.11,190000000.00,134782640.23,82333333.33,311188390.55
Aug 14 2027,APT,0,718304364.11,718304364.11,190000000.00,134782640.23,82333333.33,311188390.55
Aug 09 2027,APT,0,713760886.12,713760886.12,190000000.00,134782640.23,81000000.00,307978245.89
Aug 05 2027,APT,0,713760886.12,713760886.12,190000000.00,134782640.23,81000000.00,307978245.89
Aug 01 2027,APT,0,713760886.12,713760886.12,190000000.00,134782640.23,81000000.00,307978245.89
Jul 27 2027,APT,0,713760886.12,713760886.12,190000000.00,134782640.23,81000000.00,307978245.89
Jul 23 2027,APT,0,713760886.12,713760886.12,190000000.00,134782640.23,81000000.00,307978245.89
Jul 19 2027,APT,0,713760886.12,713760886.12,190000000.00,134782640.23,81000000.00,307978245.89
Jul 14 2027,APT,0,713760886.12,713760886.12,190000000.00,134782640.23,81000000.00,307978245.89
Jul 10 2027,APT,0,709217408.12,709217408.12,190000000.00,134782640.23,79666666.67,304768101.22
Jul 06 2027,APT,0,709217408.12,709217408.12,190000000.00,134782640.23,79666666.67,304768101.22
Jul 01 2027,APT,0,709217408.12,709217408.12,190000000.00,134782640.23,79666666.67,304768101.22
Jun 27 2027,APT,0,709217408.12,709217408.12,190000000.00,134782640.23,79666666.67,304768101.22
Jun 23 2027,APT,0,709217408.12,709217408.12,190000000.00,134782640.23,79666666.67,304768101.22
Jun 18 2027,APT,0,709217408.12,709217408.12,190000000.00,134782640.23,79666666.67,304768101.22
Jun 14 2027,APT,0,709217408.12,709217408.12,190000000.00,134782640.23,79666666.67,304768101.22
Jun 10 2027,APT,0,704673930.12,704673930.12,190000000.00,134782640.23,78333333.33,301557956.56
Jun 05 2027,APT,0,704673930.12,704673930.12,190000000.00,134782640.23,78333333.33,301557956.56
Jun 01 2027,APT,0,704673930.12,704673930.12,190000000.00,134782640.23,78333333.33,301557956.56
May 28 2027,APT,0,704673930.12,704673930.12,190000000.00,134782640.23,78333333.33,301557956.56
May 23 2027,APT,0,704673930.12,704673930.12,190000000.00,134782640.23,78333333.33,301557956.56
May 19 2027,APT,0,704673930.12,704673930.12,190000000.00,134782640.23,78333333.33,301557956.56
May 15 2027,APT,0,704673930.12,704673930.12,190000000.00,134782640.23,78333333.33,301557956.56
May 10 2027,APT,0,700130452.13,700130452.13,190000000.00,134782640.23,77000000.00,298347811.90
May 06 2027,APT,0,700130452.13,700130452.13,190000000.00,134782640.23,77000000.00,298347811.90
May 02 2027,APT,0,700130452.13,700130452.13,190000000.00,134782640.23,77000000.00,298347811.90
Apr 27 2027,APT,0,700130452.13,700130452.13,190000000.00,134782640.23,77000000.00,298347811.90
Apr 23 2027,APT,0,700130452.13,700130452.13,190000000.00,134782640.23,77000000.00,298347811.90
Apr 19 2027,APT,0,700130452.13,700130452.13,190000000.00,134782640.23,77000000.00,298347811.90
Apr 14 2027,APT,0,700130452.13,700130452.13,190000000.00,134782640.23,77000000.00,298347811.90
Apr 10 2027,APT,0,695586974.13,695586974.13,190000000.00,134782640.23,75666666.67,295137667.23
Apr 06 2027,APT,0,695586974.13,695586974.13,190000000.00,134782640.23,75666666.67,295137667.23
Apr 01 2027,APT,0,695586974.13,695586974.13,190000000.00,134782640.23,75666666.67,295137667.23
Mar 28 2027,APT,0,695586974.13,695586974.13,190000000.00,134782640.23,75666666.67,295137667.23
Mar 24 2027,APT,0,695586974.13,695586974.13,190000000.00,134782640.23,75666666.67,295137667.23
Mar 19 2027,APT,0,695586974.13,695586974.13,190000000.00,134782640.23,75666666.67,295137667.23
Mar 15 2027,APT,0,695586974.13,695586974.13,190000000.00,134782640.23,75666666.67,295137667.23
Mar 11 2027,APT,0,691043496.13,691043496.13,190000000.00,134782640.23,74333333.33,291927522.57
Mar 06 2027,APT,0,691043496.13,691043496.13,190000000.00,134782640.23,74333333.33,291927522.57
Mar 02 2027,APT,0,691043496.13,691043496.13,190000000.00,134782640.23,74333333.33,291927522.57
Feb 26 2027,APT,0,691043496.13,691043496.13,190000000.00,134782640.23,74333333.33,291927522.57
Feb 21 2027,APT,0,691043496.13,691043496.13,190000000.00,134782640.23,74333333.33,291927522.57
Feb 17 2027,APT,0,691043496.13,691043496.13,190000000.00,134782640.23,74333333.33,291927522.57
Feb 13 2027,APT,0,691043496.13,691043496.13,190000000.00,134782640.23,74333333.33,291927522.57
Feb 08 2027,APT,0,686500018.13,686500018.13,190000000.00,134782640.23,73000000.00,288717377.90
Feb 04 2027,APT,0,686500018.13,686500018.13,190000000.00,134782640.23,73000000.00,288717377.90
Jan 31 2027,APT,0,686500018.13,686500018.13,190000000.00,134782640.23,73000000.00,288717377.90
Jan 26 2027,APT,0,686500018.13,686500018.13,190000000.00,134782640.23,73000000.00,288717377.90
Jan 22 2027,APT,0,686500018.13,686500018.13,190000000.00,134782640.23,73000000.00,288717377.90
Jan 18 2027,APT,0,686500018.13,686500018.13,190000000.00,134782640.23,73000000.00,288717377.90
Jan 13 2027,APT,0,686500018.13,686500018.13,190000000.00,134782640.23,73000000.00,288717377.90
Jan 09 2027,APT,0,681956540.14,681956540.14,190000000.00,134782640.23,71666666.67,285507233.24
Jan 05 2027,APT,0,681956540.14,681956540.14,190000000.00,134782640.23,71666666.67,285507233.24
Dec 31 2026,APT,0,681956540.14,681956540.14,190000000.00,134782640.23,71666666.67,285507233.24
Dec 27 2026,APT,0,681956540.14,681956540.14,190000000.00,134782640.23,71666666.67,285507233.24
Dec 23 2026,APT,0,681956540.14,681956540.14,190000000.00,134782640.23,71666666.67,285507233.24
Dec 18 2026,APT,0,681956540.14,681956540.14,190000000.00,134782640.23,71666666.67,285507233.24
Dec 14 2026,APT,0,681956540.14,681956540.14,190000000.00,134782640.23,71666666.67,285507233.24
Dec 10 2026,APT,0,677413062.13,677413062.13,190000000.00,134782640.23,70333333.33,282297088.57
Dec 05 2026,APT,0,677413062.13,677413062.13,190000000.00,134782640.23,70333333.33,282297088.57
Dec 01 2026,APT,0,677413062.13,677413062.13,190000000.00,134782640.23,70333333.33,282297088.57
Nov 27 2026,APT,0,677413062.13,677413062.13,190000000.00,134782640.23,70333333.33,282297088.57
Nov 22 2026,APT,0,677413062.13,677413062.13,190000000.00,134782640.23,70333333.33,282297088.57
Nov 18 2026,APT,0,677413062.13,677413062.13,190000000.00,134782640.23,70333333.33,282297088.57
Nov 14 2026,APT,0,677413062.13,677413062.13,190000000.00,134782640.23,70333333.33,282297088.57
Nov 09 2026,APT,0,672869584.14,672869584.14,190000000.00,134782640.23,69000000.00,279086943.91
Nov 05 2026,APT,0,672869584.14,672869584.14,190000000.00,134782640.23,69000000.00,279086943.91
Nov 01 2026,APT,0,672869584.14,672869584.14,190000000.00,134782640.23,69000000.00,279086943.91
Oct 27 2026,APT,0,672869584.14,672869584.14,190000000.00,134782640.23,69000000.00,279086943.91
Oct 23 2026,APT,0,672869584.14,672869584.14,190000000.00,134782640.23,69000000.00,279086943.91
Oct 19 2026,APT,0,672869584.14,672869584.14,190000000.00,134782640.23,69000000.00,279086943.91
Oct 14 2026,APT,0,672869584.14,672869584.14,190000000.00,134782640.23,69000000.00,279086943.91
Oct 10 2026,APT,0,661559801.14,661559801.14,186041666.67,131974668.56,67666666.67,275876799.24
Oct 06 2026,APT,0,661559801.14,661559801.14,186041666.67,131974668.56,67666666.67,275876799.24
Oct 01 2026,APT,0,661559801.14,661559801.14,186041666.67,131974668.56,67666666.67,275876799.24
Sep 27 2026,APT,0,661559801.14,661559801.14,186041666.67,131974668.56,67666666.67,275876799.24
Sep 23 2026,APT,0,661559801.14,661559801.14,186041666.67,131974668.56,67666666.67,275876799.24
Sep 18 2026,APT,0,661559801.14,661559801.14,186041666.67,131974668.56,67666666.67,275876799.24
Sep 14 2026,APT,0,661559801.14,661559801.14,186041666.67,131974668.56,67666666.67,275876799.24
Sep 10 2026,APT,0,650250018.13,650250018.13,182083333.33,129166696.89,66333333.33,272666654.58
Sep 05 2026,APT,0,650250018.13,650250018.13,182083333.33,129166696.89,66333333.33,272666654.58
Sep 01 2026,APT,0,650250018.13,650250018.13,182083333.33,129166696.89,66333333.33,272666654.58
Aug 28 2026,APT,0,650250018.13,650250018.13,182083333.33,129166696.89,66333333.33,272666654.58
Aug 24 2026,APT,0,650250018.13,650250018.13,182083333.33,129166696.89,66333333.33,272666654.58
Aug 19 2026,APT,0,650250018.13,650250018.13,182083333.33,129166696.89,66333333.33,272666654.58
Aug 15 2026,APT,0,650250018.13,650250018.13,182083333.33,129166696.89,66333333.33,272666654.58
Aug 11 2026,APT,0,638940235.13,638940235.13,178125000.00,126358725.22,65000000.00,269456509.91
Aug 06 2026,APT,0,638940235.13,638940235.13,178125000.00,126358725.22,65000000.00,269456509.91
Aug 02 2026,APT,0,638940235.13,638940235.13,178125000.00,126358725.22,65000000.00,269456509.91
Jul 29 2026,APT,0,638940235.13,638940235.13,178125000.00,126358725.22,65000000.00,269456509.91
Jul 24 2026,APT,0,638940235.13,638940235.13,178125000.00,126358725.22,65000000.00,269456509.91
Jul 20 2026,APT,0,638940235.13,638940235.13,178125000.00,126358725.22,65000000.00,269456509.91
Jul 16 2026,APT,0,638940235.13,638940235.13,178125000.00,126358725.22,65000000.00,269456509.91
Jul 11 2026,APT,0,627630452.14,627630452.14,174166666.67,123550753.55,63666666.67,266246365.25
Jul 07 2026,APT,0,627630452.14,627630452.14,174166666.67,123550753.55,63666666.67,266246365.25
Jul 03 2026,APT,0,627630452.14,627630452.14,174166666.67,123550753.55,63666666.67,266246365.25
Jun 28 2026,APT,0,627630452.14,627630452.14,174166666.67,123550753.55,63666666.67,266246365.25
Jun 24 2026,APT,0,627630452.14,627630452.14,174166666.67,123550753.55,63666666.67,266246365.25
Jun 20 2026,APT,0,627630452.14,627630452.14,174166666.67,123550753.55,63666666.67,266246365.25
Jun 15 2026,APT,0,627630452.14,627630452.14,174166666.67,123550753.55,63666666.67,266246365.25
Jun 11 2026,APT,0,616320669.12,616320669.12,170208333.33,120742781.88,62333333.33,263036220.58
Jun 07 2026,APT,0,616320669.12,616320669.12,170208333.33,120742781.88,62333333.33,263036220.58
Jun 02 2026,APT,0,616320669.12,616320669.12,170208333.33,120742781.88,62333333.33,263036220.58
May 29 2026,APT,0,616320669.12,616320669.12,170208333.33,120742781.88,62333333.33,263036220.58
May 25 2026,APT,0,616320669.12,616320669.12,170208333.33,120742781.88,62333333.33,263036220.58
May 20 2026,APT,0,616320669.12,616320669.12,170208333.33,120742781.88,62333333.33,263036220.58
May 16 2026,APT,0,616320669.12,616320669.12,170208333.33,120742781.88,62333333.33,263036220.58
May 12 2026,APT,0,616320669.12,616320669.12,170208333.33,120742781.88,62333333.33,263036220.58
May 07 2026,APT,0,605010886.12,605010886.12,166250000.00,117934810.20,61000000.00,259826075.92
May 03 2026,APT,0,605010886.12,605010886.12,166250000.00,117934810.20,61000000.00,259826075.92
Apr 29 2026,APT,0,605010886.12,605010886.12,166250000.00,117934810.20,61000000.00,259826075.92
Apr 24 2026,APT,0,605010886.12,605010886.12,166250000.00,117934810.20,61000000.00,259826075.92
Apr 20 2026,APT,0,605010886.12,605010886.12,166250000.00,117934810.20,61000000.00,259826075.92
Apr 16 2026,APT,0,605010886.12,605010886.12,166250000.00,117934810.20,61000000.00,259826075.92
Apr 11 2026,APT,0,593701103.12,593701103.12,162291666.67,115126838.53,59666666.67,256615931.25
Apr 07 2026,APT,0,593701103.12,593701103.12,162291666.67,115126838.53,59666666.67,256615931.25
Apr 03 2026,APT,0,593701103.12,593701103.12,162291666.67,115126838.53,59666666.67,256615931.25
Mar 29 2026,APT,0,593701103.12,593701103.12,162291666.67,115126838.53,59666666.67,256615931.25
Mar 25 2026,APT,0,593701103.12,593701103.12,162291666.67,115126838.53,59666666.67,256615931.25
Mar 21 2026,APT,0,593701103.12,593701103.12,162291666.67,115126838.53,59666666.67,256615931.25
Mar 16 2026,APT,0,593701103.12,593701103.12,162291666.67,115126838.53,59666666.67,256615931.25
Mar 12 2026,APT,0,593701103.12,593701103.12,162291666.67,115126838.53,59666666.67,256615931.25
Mar 08 2026,APT,0,582391320.11,582391320.11,158333333.33,112318866.86,58333333.33,253405786.59
Mar 03 2026,APT,0,582391320.11,582391320.11,158333333.33,112318866.86,58333333.33,253405786.59
Feb 27 2026,APT,0,582391320.11,582391320.11,158333333.33,112318866.86,58333333.33,253405786.59
Feb 23 2026,APT,0,582391320.11,582391320.11,158333333.33,112318866.86,58333333.33,253405786.59
Feb 18 2026,APT,0,582391320.11,582391320.11,158333333.33,112318866.86,58333333.33,253405786.59
Feb 14 2026,APT,0,582391320.11,582391320.11,158333333.33,112318866.86,58333333.33,253405786.59
Feb 10 2026,APT,0,582391320.11,582391320.11,158333333.33,112318866.86,58333333.33,253405786.59
Feb 05 2026,APT,0,571081537.11,571081537.11,154375000.00,109510895.19,57000000.00,250195641.92
Feb 01 2026,APT,0,571081537.11,571081537.11,154375000.00,109510895.19,57000000.00,250195641.92
Jan 28 2026,APT,0,571081537.11,571081537.11,154375000.00,109510895.19,57000000.00,250195641.92
Jan 23 2026,APT,0,571081537.11,571081537.11,154375000.00,109510895.19,57000000.00,250195641.92
Jan 19 2026,APT,0,571081537.11,571081537.11,154375000.00,109510895.19,57000000.00,250195641.92
Jan 15 2026,APT,0,571081537.11,571081537.11,154375000.00,109510895.19,57000000.00,250195641.92
Jan 10 2026,APT,0,559771754.12,559771754.12,150416666.67,106702923.52,55666666.67,246985497.26
Jan 06 2026,APT,0,559771754.12,559771754.12,150416666.67,106702923.52,55666666.67,246985497.26
Jan 02 2026,APT,0,559771754.12,559771754.12,150416666.67,106702923.52,55666666.67,246985497.26
Dec 28 2025,APT,0,559771754.12,559771754.12,150416666.67,106702923.52,55666666.67,246985497.26
Dec 24 2025,APT,0,559771754.12,559771754.12,150416666.67,106702923.52,55666666.67,246985497.26
Dec 20 2025,APT,0,559771754.12,559771754.12,150416666.67,106702923.52,55666666.67,246985497.26
Dec 15 2025,APT,0,559771754.12,559771754.12,150416666.67,106702923.52,55666666.67,246985497.26
Dec 11 2025,APT,0,559771754.12,559771754.12,150416666.67,106702923.52,55666666.67,246985497.26
Dec 07 2025,APT,0,548461971.10,548461971.10,146458333.33,103894951.85,54333333.33,243775352.59
Dec 02 2025,APT,0,548461971.10,548461971.10,146458333.33,103894951.85,54333333.33,243775352.59
Nov 28 2025,APT,0,548461971.10,548461971.10,146458333.33,103894951.85,54333333.33,243775352.59
Nov 24 2025,APT,0,548461971.10,548461971.10,146458333.33,103894951.85,54333333.33,243775352.59
Nov 19 2025,APT,0,548461971.10,548461971.10,146458333.33,103894951.85,54333333.33,243775352.59
Nov 15 2025,APT,0,548461971.10,548461971.10,146458333.33,103894951.85,54333333.33,243775352.59
Nov 11 2025,APT,0,548461971.10,548461971.10,146458333.33,103894951.85,54333333.33,243775352.59
Nov 06 2025,APT,0,537152188.10,537152188.10,142500000.00,101086980.17,53000000.00,240565207.93
Nov 02 2025,APT,0,537152188.10,537152188.10,142500000.00,101086980.17,53000000.00,240565207.93
Oct 29 2025,APT,0,537152188.10,537152188.10,142500000.00,101086980.17,53000000.00,240565207.93
Oct 24 2025,APT,0,537152188.10,537152188.10,142500000.00,101086980.17,53000000.00,240565207.93
Oct 20 2025,APT,0,537152188.10,537152188.10,142500000.00,101086980.17,53000000.00,240565207.93
Oct 16 2025,APT,0,537152188.10,537152188.10,142500000.00,101086980.17,53000000.00,240565207.93
Oct 11 2025,APT,0,537152188.10,537152188.10,142500000.00,101086980.17,53000000.00,240565207.93
Oct 07 2025,APT,0,525842405.11,525842405.11,138541666.67,98279008.50,51666666.67,237355063.27
Oct 03 2025,APT,0,525842405.11,525842405.11,138541666.67,98279008.50,51666666.67,237355063.27
Sep 28 2025,APT,0,525842405.11,525842405.11,138541666.67,98279008.50,51666666.67,237355063.27
Sep 24 2025,APT,0,525842405.11,525842405.11,138541666.67,98279008.50,51666666.67,237355063.27
Sep 20 2025,APT,0,525842405.11,525842405.11,138541666.67,98279008.50,51666666.67,237355063.27
Sep 15 2025,APT,0,525842405.11,525842405.11,138541666.67,98279008.50,51666666.67,237355063.27
Sep 11 2025,APT,0,525842405.11,525842405.11,138541666.67,98279008.50,51666666.67,237355063.27
Sep 07 2025,APT,0,514532622.09,514532622.09,134583333.33,95471036.83,50333333.33,234144918.60
Sep 02 2025,APT,0,514532622.09,514532622.09,134583333.33,95471036.83,50333333.33,234144918.60
Aug 29 2025,APT,0,514532622.09,514532622.09,134583333.33,95471036.83,50333333.33,234144918.60
Aug 25 2025,APT,0,514532622.09,514532622.09,134583333.33,95471036.83,50333333.33,234144918.60
Aug 20 2025,APT,0,514532622.09,514532622.09,134583333.33,95471036.83,50333333.33,234144918.60
Aug 16 2025,APT,0,514532622.09,514532622.09,134583333.33,95471036.83,50333333.33,234144918.60
Aug 12 2025,APT,0,514532622.09,514532622.09,134583333.33,95471036.83,50333333.33,234144918.60
Aug 07 2025,APT,0,503222839.10,503222839.10,130625000.00,92663065.16,49000000.00,230934773.94
Aug 03 2025,APT,0,503222839.10,503222839.10,130625000.00,92663065.16,49000000.00,230934773.94
Jul 30 2025,APT,0,503222839.10,503222839.10,130625000.00,92663065.16,49000000.00,230934773.94
Jul 25 2025,APT,0,503222839.10,503222839.10,130625000.00,92663065.16,49000000.00,230934773.94
Jul 21 2025,APT,0,503222839.10,503222839.10,130625000.00,92663065.16,49000000.00,230934773.94
Jul 17 2025,APT,0,503222839.10,503222839.10,130625000.00,92663065.16,49000000.00,230934773.94
Jul 13 2025,APT,0,503222839.10,503222839.10,130625000.00,92663065.16,49000000.00,230934773.94
Jul 08 2025,APT,0,491913056.10,491913056.10,126666666.67,89855093.49,47666666.67,227724629.27
Jul 04 2025,APT,0,491913056.10,491913056.10,126666666.67,89855093.49,47666666.67,227724629.27
Jun 30 2025,APT,0,491913056.10,491913056.10,126666666.67,89855093.49,47666666.67,227724629.27
Jun 25 2025,APT,0,491913056.10,491913056.10,126666666.67,89855093.49,47666666.67,227724629.27
Jun 21 2025,APT,0,491913056.10,491913056.10,126666666.67,89855093.49,47666666.67,227724629.27
Jun 17 2025,APT,0,491913056.10,491913056.10,126666666.67,89855093.49,47666666.67,227724629.27
Jun 12 2025,APT,0,491913056.10,491913056.10,126666666.67,89855093.49,47666666.67,227724629.27
Jun 08 2025,APT,0,480603273.09,480603273.09,122708333.33,87047121.82,46333333.33,224514484.61
Jun 04 2025,APT,0,480603273.09,480603273.09,122708333.33,87047121.82,46333333.33,224514484.61
May 30 2025,APT,0,480603273.09,480603273.09,122708333.33,87047121.82,46333333.33,224514484.61
May 26 2025,APT,0,480603273.09,480603273.09,122708333.33,87047121.82,46333333.33,224514484.61
May 22 2025,APT,0,480603273.09,480603273.09,122708333.33,87047121.82,46333333.33,224514484.61
May 17 2025,APT,0,480603273.09,480603273.09,122708333.33,87047121.82,46333333.33,224514484.61
May 13 2025,APT,0,480603273.09,480603273.09,122708333.33,87047121.82,46333333.33,224514484.61
May 09 2025,APT,0,469293490.09,469293490.09,118750000.00,84239150.15,45000000.00,221304339.94
May 04 2025,APT,0,469293490.09,469293490.09,118750000.00,84239150.15,45000000.00,221304339.94
Apr 30 2025,APT,0,469293490.09,469293490.09,118750000.00,84239150.15,45000000.00,221304339.94
Apr 26 2025,APT,0,469293490.09,469293490.09,118750000.00,84239150.15,45000000.00,221304339.94
Apr 21 2025,APT,0,469293490.09,469293490.09,118750000.00,84239150.15,45000000.00,221304339.94
Apr 17 2025,APT,0,469293490.09,469293490.09,118750000.00,84239150.15,45000000.00,221304339.94
Apr 13 2025,APT,0,469293490.09,469293490.09,118750000.00,84239150.15,45000000.00,221304339.94
Apr 08 2025,APT,0,457983707.09,457983707.09,114791666.67,81431178.47,43666666.67,218094195.28
Apr 04 2025,APT,0,457983707.09,457983707.09,114791666.67,81431178.47,43666666.67,218094195.28
Mar 31 2025,APT,0,457983707.09,457983707.09,114791666.67,81431178.47,43666666.67,218094195.28
Mar 26 2025,APT,0,457983707.09,457983707.09,114791666.67,81431178.47,43666666.67,218094195.28
Mar 22 2025,APT,0,457983707.09,457983707.09,114791666.67,81431178.47,43666666.67,218094195.28
Mar 18 2025,APT,0,457983707.09,457983707.09,114791666.67,81431178.47,43666666.67,218094195.28
Mar 13 2025,APT,0,457983707.09,457983707.09,114791666.67,81431178.47,43666666.67,218094195.28
Mar 09 2025,APT,0,446673924.07,446673924.07,110833333.33,78623206.80,42333333.33,214884050.61
Mar 05 2025,APT,0,446673924.07,446673924.07,110833333.33,78623206.80,42333333.33,214884050.61
Feb 28 2025,APT,0,446673924.07,446673924.07,110833333.33,78623206.80,42333333.33,214884050.61
Feb 24 2025,APT,0,446673924.07,446673924.07,110833333.33,78623206.80,42333333.33,214884050.61
Feb 20 2025,APT,0,446673924.07,446673924.07,110833333.33,78623206.80,42333333.33,214884050.61
Feb 15 2025,APT,0,446673924.07,446673924.07,110833333.33,78623206.80,42333333.33,214884050.61
Feb 11 2025,APT,0,446673924.07,446673924.07,110833333.33,78623206.80,42333333.33,214884050.61
Feb 07 2025,APT,0,435364141.08,435364141.08,106875000.00,75815235.13,41000000.00,211673905.95
Feb 02 2025,APT,0,435364141.08,435364141.08,106875000.00,75815235.13,41000000.00,211673905.95
Jan 29 2025,APT,0,435364141.08,435364141.08,106875000.00,75815235.13,41000000.00,211673905.95
Jan 25 2025,APT,0,435364141.08,435364141.08,106875000.00,75815235.13,41000000.00,211673905.95
Jan 20 2025,APT,0,435364141.08,435364141.08,106875000.00,75815235.13,41000000.00,211673905.95
Jan 16 2025,APT,0,435364141.08,435364141.08,106875000.00,75815235.13,41000000.00,211673905.95
Jan 12 2025,APT,0,435364141.08,435364141.08,106875000.00,75815235.13,41000000.00,211673905.95
Jan 07 2025,APT,0,424054358.08,424054358.08,102916666.67,73007263.46,39666666.67,208463761.28
Jan 03 2025,APT,0,424054358.08,424054358.08,102916666.67,73007263.46,39666666.67,208463761.28
Dec 30 2024,APT,0,424054358.08,424054358.08,102916666.67,73007263.46,39666666.67,208463761.28
Dec 25 2024,APT,0,424054358.08,424054358.08,102916666.67,73007263.46,39666666.67,208463761.28
Dec 21 2024,APT,0,424054358.08,424054358.08,102916666.67,73007263.46,39666666.67,208463761.28
Dec 17 2024,APT,0,424054358.08,424054358.08,102916666.67,73007263.46,39666666.67,208463761.28
Dec 12 2024,APT,0,424054358.08,424054358.08,102916666.67,73007263.46,39666666.67,208463761.28
Dec 08 2024,APT,0,412744575.07,412744575.07,98958333.33,70199291.79,38333333.33,205253616.62
Dec 04 2024,APT,0,412744575.07,412744575.07,98958333.33,70199291.79,38333333.33,205253616.62
Nov 29 2024,APT,0,412744575.07,412744575.07,98958333.33,70199291.79,38333333.33,205253616.62
Nov 25 2024,APT,0,412744575.07,412744575.07,98958333.33,70199291.79,38333333.33,205253616.62
Nov 21 2024,APT,0,412744575.07,412744575.07,98958333.33,70199291.79,38333333.33,205253616.62
Nov 16 2024,APT,0,412744575.07,412744575.07,98958333.33,70199291.79,38333333.33,205253616.62
Nov 12 2024,APT,0,412744575.07,412744575.07,98958333.33,70199291.79,38333333.33,205253616.62
Nov 08 2024,APT,0,401434792.07,401434792.07,95000000.00,67391320.12,37000000.00,202043471.95
Nov 03 2024,APT,0,401434792.07,401434792.07,95000000.00,67391320.12,37000000.00,202043471.95
Oct 30 2024,APT,0,401434792.07,401434792.07,95000000.00,67391320.12,37000000.00,202043471.95
Oct 26 2024,APT,0,401434792.07,401434792.07,95000000.00,67391320.12,37000000.00,202043471.95
Oct 21 2024,APT,0,401434792.07,401434792.07,95000000.00,67391320.12,37000000.00,202043471.95
Oct 17 2024,APT,0,401434792.07,401434792.07,95000000.00,67391320.12,37000000.00,202043471.95
Oct 13 2024,APT,0,401434792.07,401434792.07,95000000.00,67391320.12,37000000.00,202043471.95
Oct 08 2024,APT,0,390125009.07,390125009.07,91041666.67,64583348.44,35666666.67,198833327.29
Oct 04 2024,APT,0,390125009.07,390125009.07,91041666.67,64583348.44,35666666.67,198833327.29
Sep 30 2024,APT,0,390125009.07,390125009.07,91041666.67,64583348.44,35666666.67,198833327.29
Sep 25 2024,APT,0,390125009.07,390125009.07,91041666.67,64583348.44,35666666.67,198833327.29
Sep 21 2024,APT,0,390125009.07,390125009.07,91041666.67,64583348.44,35666666.67,198833327.29
Sep 17 2024,APT,0,390125009.07,390125009.07,91041666.67,64583348.44,35666666.67,198833327.29
Sep 12 2024,APT,0,390125009.07,390125009.07,91041666.67,64583348.44,35666666.67,198833327.29
Sep 08 2024,APT,0,378815226.05,378815226.05,87083333.33,61775376.77,34333333.33,195623182.62
Sep 04 2024,APT,0,378815226.05,378815226.05,87083333.33,61775376.77,34333333.33,195623182.62
Aug 30 2024,APT,0,378815226.05,378815226.05,87083333.33,61775376.77,34333333.33,195623182.62
Aug 26 2024,APT,0,378815226.05,378815226.05,87083333.33,61775376.77,34333333.33,195623182.62
Aug 22 2024,APT,0,378815226.05,378815226.05,87083333.33,61775376.77,34333333.33,195623182.62
Aug 17 2024,APT,0,378815226.05,378815226.05,87083333.33,61775376.77,34333333.33,195623182.62
Aug 13 2024,APT,0,378815226.05,378815226.05,87083333.33,61775376.77,34333333.33,195623182.62
Aug 09 2024,APT,0,367505443.06,367505443.06,83125000.00,58967405.10,33000000.00,192413037.96
Aug 04 2024,APT,0,367505443.06,367505443.06,83125000.00,58967405.10,33000000.00,192413037.96
Jul 31 2024,APT,0,367505443.06,367505443.06,83125000.00,58967405.10,33000000.00,192413037.96
Jul 27 2024,APT,0,367505443.06,367505443.06,83125000.00,58967405.10,33000000.00,192413037.96
Jul 22 2024,APT,0,367505443.06,367505443.06,83125000.00,58967405.10,33000000.00,192413037.96
Jul 18 2024,APT,0,367505443.06,367505443.06,83125000.00,58967405.10,33000000.00,192413037.96
Jul 14 2024,APT,0,367505443.06,367505443.06,83125000.00,58967405.10,33000000.00,192413037.96
Jul 09 2024,APT,0,356195660.06,356195660.06,79166666.67,56159433.43,31666666.67,189202893.29
Jul 05 2024,APT,0,356195660.06,356195660.06,79166666.67,56159433.43,31666666.67,189202893.29
Jul 01 2024,APT,0,356195660.06,356195660.06,79166666.67,56159433.43,31666666.67,189202893.29
Jun 26 2024,APT,0,356195660.06,356195660.06,79166666.67,56159433.43,31666666.67,189202893.29
Jun 22 2024,APT,0,356195660.06,356195660.06,79166666.67,56159433.43,31666666.67,189202893.29
Jun 18 2024,APT,0,356195660.06,356195660.06,79166666.67,56159433.43,31666666.67,189202893.29
Jun 13 2024,APT,0,356195660.06,356195660.06,79166666.67,56159433.43,31666666.67,189202893.29
Jun 09 2024,APT,0,344885877.05,344885877.05,75208333.33,53351461.76,30333333.33,185992748.63
Jun 05 2024,APT,0,344885877.05,344885877.05,75208333.33,53351461.76,30333333.33,185992748.63
Jun 01 2024,APT,0,344885877.05,344885877.05,75208333.33,53351461.76,30333333.33,185992748.63
May 27 2024,APT,0,344885877.05,344885877.05,75208333.33,53351461.76,30333333.33,185992748.63
May 23 2024,APT,0,344885877.05,344885877.05,75208333.33,53351461.76,30333333.33,185992748.63
May 19 2024,APT,0,344885877.05,344885877.05,75208333.33,53351461.76,30333333.33,185992748.63
May 14 2024,APT,0,344885877.05,344885877.05,75208333.33,53351461.76,30333333.33,185992748.63
May 10 2024,APT,0,333576094.06,333576094.06,71250000.00,50543490.09,29000000.00,182782603.97
May 06 2024,APT,0,333576094.06,333576094.06,71250000.00,50543490.09,29000000.00,182782603.97
May 01 2024,APT,0,333576094.06,333576094.06,71250000.00,50543490.09,29000000.00,182782603.97
Apr 27 2024,APT,0,333576094.06,333576094.06,71250000.00,50543490.09,29000000.00,182782603.97
Apr 23 2024,APT,0,333576094.06,333576094.06,71250000.00,50543490.09,29000000.00,182782603.97
Apr 18 2024,APT,0,333576094.06,333576094.06,71250000.00,50543490.09,29000000.00,182782603.97
Apr 14 2024,APT,0,333576094.06,333576094.06,71250000.00,50543490.09,29000000.00,182782603.97
Apr 10 2024,APT,0,308733701.04,308733701.04,59375000.00,42119575.07,27666666.67,179572459.30
Apr 05 2024,APT,0,308733701.04,308733701.04,59375000.00,42119575.07,27666666.67,179572459.30
Apr 01 2024,APT,0,308733701.04,308733701.04,59375000.00,42119575.07,27666666.67,179572459.30
Mar 28 2024,APT,$17.79,0,308733701.04,59375000.00,42119575.07,27666666.67,179572459.30
Mar 23 2024,APT,$15.99,0,308733701.04,59375000.00,42119575.07,27666666.67,179572459.30
Mar 19 2024,APT,$14.45,0,308733701.04,59375000.00,42119575.07,27666666.67,179572459.30
Mar 15 2024,APT,$14.21,0,308733701.04,59375000.00,42119575.07,27666666.67,179572459.30
Mar 10 2024,APT,$13.25,0,283891308.03,47500000.00,33695660.06,26333333.33,176362314.64
Mar 06 2024,APT,$13.48,0,283891308.03,47500000.00,33695660.06,26333333.33,176362314.64
Mar 02 2024,APT,$11.93,0,283891308.03,47500000.00,33695660.06,26333333.33,176362314.64
Feb 26 2024,APT,$9.60,0,283891308.03,47500000.00,33695660.06,26333333.33,176362314.64
Feb 22 2024,APT,$9.19,0,283891308.03,47500000.00,33695660.06,26333333.33,176362314.64
Feb 18 2024,APT,$9.69,0,283891308.03,47500000.00,33695660.06,26333333.33,176362314.64
Feb 13 2024,APT,$9.14,0,283891308.03,47500000.00,33695660.06,26333333.33,176362314.64
Feb 09 2024,APT,$8.79,0,259048915.01,35625000.00,25271745.04,25000000.00,173152169.97
Feb 05 2024,APT,$8.85,0,259048915.01,35625000.00,25271745.04,25000000.00,173152169.97
Jan 31 2024,APT,$9.22,0,259048915.01,35625000.00,25271745.04,25000000.00,173152169.97
Jan 27 2024,APT,$8.66,0,259048915.01,35625000.00,25271745.04,25000000.00,173152169.97
Jan 23 2024,APT,$8.07,0,259048915.01,35625000.00,25271745.04,25000000.00,173152169.97
Jan 18 2024,APT,$9.32,0,259048915.01,35625000.00,25271745.04,25000000.00,173152169.97
Jan 14 2024,APT,$10.05,0,259048915.01,35625000.00,25271745.04,25000000.00,173152169.97
Jan 10 2024,APT,$8.23,0,234206522.01,23750000.00,16847830.03,23666666.67,169942025.31
Jan 05 2024,APT,$10.50,0,234206522.01,23750000.00,16847830.03,23666666.67,169942025.31
Jan 01 2024,APT,$9.34,0,234206522.01,23750000.00,16847830.03,23666666.67,169942025.31
Dec 28 2023,APT,$10.05,0,234206522.01,23750000.00,16847830.03,23666666.67,169942025.31
Dec 23 2023,APT,$9.32,0,234206522.01,23750000.00,16847830.03,23666666.67,169942025.31
Dec 19 2023,APT,$7.88,0,234206522.01,23750000.00,16847830.03,23666666.67,169942025.31
Dec 15 2023,APT,$8.46,0,234206522.01,23750000.00,16847830.03,23666666.67,169942025.31
Dec 10 2023,APT,$8.38,0,209364128.98,11875000.00,8423915.01,22333333.33,166731880.64
Dec 06 2023,APT,$7.63,0,209364128.98,11875000.00,8423915.01,22333333.33,166731880.64
Dec 02 2023,APT,$7.04,0,209364128.98,11875000.00,8423915.01,22333333.33,166731880.64
Nov 27 2023,APT,$7.31,0,209364128.98,11875000.00,8423915.01,22333333.33,166731880.64
Nov 23 2023,APT,$7.35,0,209364128.98,11875000.00,8423915.01,22333333.33,166731880.64
Nov 19 2023,APT,$7.06,0,209364128.98,11875000.00,8423915.01,22333333.33,166731880.64
Nov 14 2023,APT,$7.41,0,209364128.98,11875000.00,8423915.01,22333333.33,166731880.64
Nov 10 2023,APT,$7.17,0,184521735.98,0,0,21000000.00,163521735.98
Nov 06 2023,APT,$6.88,0,184521735.98,0,0,21000000.00,163521735.98
Nov 01 2023,APT,$6.96,0,184521735.98,0,0,21000000.00,163521735.98
Oct 28 2023,APT,$6.54,0,184521735.98,0,0,21000000.00,163521735.98
Oct 24 2023,APT,$6.23,0,184521735.98,0,0,21000000.00,163521735.98
Oct 19 2023,APT,$4.95,0,184521735.98,0,0,21000000.00,163521735.98
Oct 15 2023,APT,$4.96,0,184521735.98,0,0,21000000.00,163521735.98
Oct 11 2023,APT,$4.91,0,179978257.98,0,0,19666666.67,160311591.31
Oct 06 2023,APT,$5.25,0,179978257.98,0,0,19666666.67,160311591.31
Oct 02 2023,APT,$5.69,0,179978257.98,0,0,19666666.67,160311591.31
Sep 28 2023,APT,$5.27,0,179978257.98,0,0,19666666.67,160311591.31
Sep 23 2023,APT,$5.14,0,179978257.98,0,0,19666666.67,160311591.31
Sep 19 2023,APT,$5.21,0,179978257.98,0,0,19666666.67,160311591.31
Sep 15 2023,APT,$5.22,0,179978257.98,0,0,19666666.67,160311591.31
Sep 10 2023,APT,$5.50,0,175434779.98,0,0,18333333.33,157101446.65
Sep 06 2023,APT,$5.50,0,175434779.98,0,0,18333333.33,157101446.65
Sep 02 2023,APT,$5.50,0,175434779.98,0,0,18333333.33,157101446.65
Aug 28 2023,APT,$5.68,0,175434779.98,0,0,18333333.33,157101446.65
Aug 24 2023,APT,$6.02,0,175434779.98,0,0,18333333.33,157101446.65
Aug 20 2023,APT,$5.98,0,175434779.98,0,0,18333333.33,157101446.65
Aug 15 2023,APT,$7.07,0,175434779.98,0,0,18333333.33,157101446.65
Aug 11 2023,APT,$7.20,0,170891301.98,0,0,17000000.00,153891301.98
Aug 07 2023,APT,$6.70,0,170891301.98,0,0,17000000.00,153891301.98
Aug 02 2023,APT,$6.99,0,170891301.98,0,0,17000000.00,153891301.98
Jul 29 2023,APT,$7.06,0,170891301.98,0,0,17000000.00,153891301.98
Jul 25 2023,APT,$7.03,0,170891301.98,0,0,17000000.00,153891301.98
Jul 20 2023,APT,$7.55,0,170891301.98,0,0,17000000.00,153891301.98
Jul 16 2023,APT,$7.39,0,170891301.98,0,0,17000000.00,153891301.98
Jul 12 2023,APT,$6.99,0,166347823.99,0,0,15666666.67,150681157.32
Jul 07 2023,APT,$7.18,0,166347823.99,0,0,15666666.67,150681157.32
Jul 03 2023,APT,$7.33,0,166347823.99,0,0,15666666.67,150681157.32
Jun 29 2023,APT,$6.95,0,166347823.99,0,0,15666666.67,150681157.32
Jun 24 2023,APT,$7.68,0,166347823.99,0,0,15666666.67,150681157.32
Jun 20 2023,APT,$6.95,0,166347823.99,0,0,15666666.67,150681157.32
Jun 16 2023,APT,$6.21,0,166347823.99,0,0,15666666.67,150681157.32
Jun 11 2023,APT,$6.03,0,161804345.98,0,0,14333333.33,147471012.65
Jun 07 2023,APT,$8.24,0,161804345.98,0,0,14333333.33,147471012.65
Jun 03 2023,APT,$9.02,0,161804345.98,0,0,14333333.33,147471012.65
May 29 2023,APT,$8.57,0,161804345.98,0,0,14333333.33,147471012.65
May 25 2023,APT,$8.09,0,161804345.98,0,0,14333333.33,147471012.65
May 21 2023,APT,$8.45,0,161804345.98,0,0,14333333.33,147471012.65
May 16 2023,APT,$8.65,0,161804345.98,0,0,14333333.33,147471012.65
May 12 2023,APT,$8.05,0,157260867.99,0,0,13000000.00,144260867.99
May 08 2023,APT,$9.29,0,157260867.99,0,0,13000000.00,144260867.99
May 03 2023,APT,$9.96,0,157260867.99,0,0,13000000.00,144260867.99
Apr 29 2023,APT,$10.17,0,157260867.99,0,0,13000000.00,144260867.99
Apr 25 2023,APT,$10.23,0,157260867.99,0,0,13000000.00,144260867.99
Apr 21 2023,APT,$11.04,0,157260867.99,0,0,13000000.00,144260867.99
Apr 16 2023,APT,$12.63,0,157260867.99,0,0,13000000.00,144260867.99
Apr 12 2023,APT,$11.80,0,152717389.99,0,0,11666666.67,141050723.32
Apr 08 2023,APT,$11.19,0,152717389.99,0,0,11666666.67,141050723.32
Apr 03 2023,APT,$12.27,0,152717389.99,0,0,11666666.67,141050723.32
Mar 30 2023,APT,$11.60,0,152717389.99,0,0,11666666.67,141050723.32
Mar 26 2023,APT,$11.66,0,152717389.99,0,0,11666666.67,141050723.32
Mar 21 2023,APT,$12.25,0,152717389.99,0,0,11666666.67,141050723.32
Mar 17 2023,APT,$12.40,0,152717389.99,0,0,11666666.67,141050723.32
Mar 13 2023,APT,$11.51,0,152717389.99,0,0,11666666.67,141050723.32
Mar 08 2023,APT,$11.00,0,148173911.99,0,0,10333333.33,137840578.66
Mar 04 2023,APT,$11.72,0,148173911.99,0,0,10333333.33,137840578.66
Feb 28 2023,APT,$12.40,0,148173911.99,0,0,10333333.33,137840578.66
Feb 23 2023,APT,$13.78,0,148173911.99,0,0,10333333.33,137840578.66
Feb 19 2023,APT,$14.43,0,148173911.99,0,0,10333333.33,137840578.66
Feb 15 2023,APT,$14.75,0,148173911.99,0,0,10333333.33,137840578.66
Feb 10 2023,APT,$13.19,0,143630433.99,0,0,9000000.00,134630433.99
Feb 06 2023,APT,$15.39,0,143630433.99,0,0,9000000.00,134630433.99
Feb 02 2023,APT,$18.17,0,143630433.99,0,0,9000000.00,134630433.99
Jan 28 2023,APT,$17.70,0,143630433.99,0,0,9000000.00,134630433.99
Jan 24 2023,APT,$12.95,0,143630433.99,0,0,9000000.00,134630433.99
Jan 20 2023,APT,$7.95,0,143630433.99,0,0,9000000.00,134630433.99
Jan 15 2023,APT,$7.74,0,143630433.99,0,0,9000000.00,134630433.99
Jan 11 2023,APT,$5.53,0,139086956.00,0,0,7666666.67,131420289.33
Jan 07 2023,APT,$3.89,0,139086956.00,0,0,7666666.67,131420289.33
Jan 02 2023,APT,$3.53,0,139086956.00,0,0,7666666.67,131420289.33
Dec 29 2022,APT,$3.21,0,139086956.00,0,0,7666666.67,131420289.33
Dec 25 2022,APT,$3.71,0,139086956.00,0,0,7666666.67,131420289.33
Dec 20 2022,APT,$3.76,0,139086956.00,0,0,7666666.67,131420289.33
Dec 16 2022,APT,$4.64,0,139086956.00,0,0,7666666.67,131420289.33
Dec 12 2022,APT,$4.69,0,139086956.00,0,0,7666666.67,131420289.33
Dec 07 2022,APT,$4.99,0,134543477.99,0,0,6333333.33,128210144.66
Dec 03 2022,APT,$4.99,0,134543477.99,0,0,6333333.33,128210144.66
Nov 29 2022,APT,$4.48,0,134543477.99,0,0,6333333.33,128210144.66
Nov 24 2022,APT,$4.46,0,134543477.99,0,0,6333333.33,128210144.66
Nov 20 2022,APT,$4.63,0,134543477.99,0,0,6333333.33,128210144.66
Nov 16 2022,APT,$4.34,0,134543477.99,0,0,6333333.33,128210144.66
Nov 11 2022,APT,$5.14,0,130000000.00,0,0,5000000.00,125000000.00
Nov 07 2022,APT,$7.28,0,130000000.00,0,0,5000000.00,125000000.00
Nov 03 2022,APT,$7.38,0,130000000.00,0,0,5000000.00,125000000.00
Oct 29 2022,APT,$8.17,0,130000000.00,0,0,5000000.00,125000000.00
Oct 25 2022,APT,$9.52,0,130000000.00,0,0,5000000.00,125000000.00
Oct 21 2022,APT,$7.35,0,130000000.00,0,0,5000000.00,125000000.00
Oct 16 2022,APT,0,0,130000000.00,0,0,5000000.00,125000000.00
Oct 12 2022,APT,0,0,130000000.00,0,0,5000000.00,125000000.00
