Date,Symbol,Price,Available Supply,Unlocked Supply,Founder / Team,Private Investors,Public Investors,Community & Other
Mar 27 2027,AXL,0,1000000000.00,1000000000.00,295000000.00,295400000.00,50000000.00,359600000.00
Mar 25 2027,AXL,0,1000000000.00,1000000000.00,295000000.00,295400000.00,50000000.00,359600000.00
Mar 23 2027,AXL,0,1000000000.00,1000000000.00,295000000.00,295400000.00,50000000.00,359600000.00
Mar 21 2027,AXL,0,1000000000.00,1000000000.00,295000000.00,295400000.00,50000000.00,359600000.00
Mar 19 2027,AXL,0,1000000000.00,1000000000.00,295000000.00,295400000.00,50000000.00,359600000.00
Mar 17 2027,AXL,0,1000000000.00,1000000000.00,295000000.00,295400000.00,50000000.00,359600000.00
Mar 15 2027,AXL,0,1000000000.00,1000000000.00,295000000.00,295400000.00,50000000.00,359600000.00
Mar 13 2027,AXL,0,1000000000.00,1000000000.00,295000000.00,295400000.00,50000000.00,359600000.00
Mar 11 2027,AXL,0,1000000000.00,1000000000.00,295000000.00,295400000.00,50000000.00,359600000.00
Mar 09 2027,AXL,0,1000000000.00,1000000000.00,295000000.00,295400000.00,50000000.00,359600000.00
Mar 08 2027,AXL,0,1000000000.00,1000000000.00,295000000.00,295400000.00,50000000.00,359600000.00
Mar 06 2027,AXL,0,1000000000.00,1000000000.00,295000000.00,295400000.00,50000000.00,359600000.00
Mar 04 2027,AXL,0,1000000000.00,1000000000.00,295000000.00,295400000.00,50000000.00,359600000.00
Mar 02 2027,AXL,0,1000000000.00,1000000000.00,295000000.00,295400000.00,50000000.00,359600000.00
Feb 28 2027,AXL,0,1000000000.00,1000000000.00,295000000.00,295400000.00,50000000.00,359600000.00
Feb 26 2027,AXL,0,1000000000.00,1000000000.00,295000000.00,295400000.00,50000000.00,359600000.00
Feb 24 2027,AXL,0,1000000000.00,1000000000.00,295000000.00,295400000.00,50000000.00,359600000.00
Feb 22 2027,AXL,0,1000000000.00,1000000000.00,295000000.00,295400000.00,50000000.00,359600000.00
Feb 20 2027,AXL,0,1000000000.00,1000000000.00,295000000.00,295400000.00,50000000.00,359600000.00
Feb 18 2027,AXL,0,1000000000.00,1000000000.00,295000000.00,295400000.00,50000000.00,359600000.00
Feb 16 2027,AXL,0,1000000000.00,1000000000.00,295000000.00,295400000.00,50000000.00,359600000.00
Feb 14 2027,AXL,0,1000000000.00,1000000000.00,295000000.00,295400000.00,50000000.00,359600000.00
Feb 12 2027,AXL,0,1000000000.00,1000000000.00,295000000.00,295400000.00,50000000.00,359600000.00
Feb 10 2027,AXL,0,1000000000.00,1000000000.00,295000000.00,295400000.00,50000000.00,359600000.00
Feb 08 2027,AXL,0,1000000000.00,1000000000.00,295000000.00,295400000.00,50000000.00,359600000.00
Feb 06 2027,AXL,0,1000000000.00,1000000000.00,295000000.00,295400000.00,50000000.00,359600000.00
Feb 04 2027,AXL,0,1000000000.00,1000000000.00,295000000.00,295400000.00,50000000.00,359600000.00
Feb 02 2027,AXL,0,1000000000.00,1000000000.00,295000000.00,295400000.00,50000000.00,359600000.00
Jan 31 2027,AXL,0,1000000000.00,1000000000.00,295000000.00,295400000.00,50000000.00,359600000.00
Jan 30 2027,AXL,0,1000000000.00,1000000000.00,295000000.00,295400000.00,50000000.00,359600000.00
Jan 28 2027,AXL,0,1000000000.00,1000000000.00,295000000.00,295400000.00,50000000.00,359600000.00
Jan 26 2027,AXL,0,1000000000.00,1000000000.00,295000000.00,295400000.00,50000000.00,359600000.00
Jan 24 2027,AXL,0,1000000000.00,1000000000.00,295000000.00,295400000.00,50000000.00,359600000.00
Jan 22 2027,AXL,0,1000000000.00,1000000000.00,295000000.00,295400000.00,50000000.00,359600000.00
Jan 20 2027,AXL,0,1000000000.00,1000000000.00,295000000.00,295400000.00,50000000.00,359600000.00
Jan 18 2027,AXL,0,1000000000.00,1000000000.00,295000000.00,295400000.00,50000000.00,359600000.00
Jan 16 2027,AXL,0,1000000000.00,1000000000.00,295000000.00,295400000.00,50000000.00,359600000.00
Jan 14 2027,AXL,0,1000000000.00,1000000000.00,295000000.00,295400000.00,50000000.00,359600000.00
Jan 12 2027,AXL,0,1000000000.00,1000000000.00,295000000.00,295400000.00,50000000.00,359600000.00
Jan 10 2027,AXL,0,1000000000.00,1000000000.00,295000000.00,295400000.00,50000000.00,359600000.00
Jan 08 2027,AXL,0,1000000000.00,1000000000.00,295000000.00,295400000.00,50000000.00,359600000.00
Jan 06 2027,AXL,0,1000000000.00,1000000000.00,295000000.00,295400000.00,50000000.00,359600000.00
Jan 04 2027,AXL,0,1000000000.00,1000000000.00,295000000.00,295400000.00,50000000.00,359600000.00
Jan 02 2027,AXL,0,1000000000.00,1000000000.00,295000000.00,295400000.00,50000000.00,359600000.00
Dec 31 2026,AXL,0,1000000000.00,1000000000.00,295000000.00,295400000.00,50000000.00,359600000.00
Dec 29 2026,AXL,0,1000000000.00,1000000000.00,295000000.00,295400000.00,50000000.00,359600000.00
Dec 27 2026,AXL,0,1000000000.00,1000000000.00,295000000.00,295400000.00,50000000.00,359600000.00
Dec 25 2026,AXL,0,999033424.61,999033424.61,294564406.14,295400000.00,50000000.00,359069018.47
Dec 24 2026,AXL,0,998611646.26,998611646.26,294374328.82,295400000.00,50000000.00,358837317.44
Dec 22 2026,AXL,0,997768089.56,997768089.56,293994174.18,295400000.00,50000000.00,358373915.38
Dec 20 2026,AXL,0,996924532.86,996924532.86,293614019.54,295400000.00,50000000.00,357910513.32
Dec 18 2026,AXL,0,996080976.16,996080976.16,293233864.91,295400000.00,50000000.00,357447111.25
Dec 16 2026,AXL,0,995237419.46,995237419.46,292853710.27,295400000.00,50000000.00,356983709.19
Dec 14 2026,AXL,0,994393862.76,994393862.76,292473555.63,295400000.00,50000000.00,356520307.13
Dec 12 2026,AXL,0,993550306.06,993550306.06,292093400.99,295400000.00,50000000.00,356056905.07
Dec 10 2026,AXL,0,992706749.36,992706749.36,291713246.35,295400000.00,50000000.00,355593503.01
Dec 08 2026,AXL,0,991863192.65,991863192.65,291333091.71,295400000.00,50000000.00,355130100.95
Dec 06 2026,AXL,0,991019635.95,991019635.95,290952937.07,295400000.00,50000000.00,354666698.88
Dec 04 2026,AXL,0,990176079.25,990176079.25,290572782.43,295400000.00,50000000.00,354203296.82
Dec 02 2026,AXL,0,989332522.55,989332522.55,290192627.79,295400000.00,50000000.00,353739894.76
Nov 30 2026,AXL,0,988488965.85,988488965.85,289812473.15,295400000.00,50000000.00,353276492.70
Nov 28 2026,AXL,0,987645409.15,987645409.15,289432318.51,295400000.00,50000000.00,352813090.64
Nov 26 2026,AXL,0,986801852.45,986801852.45,289052163.87,295400000.00,50000000.00,352349688.57
Nov 24 2026,AXL,0,985958295.75,985958295.75,288672009.24,295400000.00,50000000.00,351886286.51
Nov 22 2026,AXL,0,985114739.05,985114739.05,288291854.60,295400000.00,50000000.00,351422884.45
Nov 20 2026,AXL,0,984271182.35,984271182.35,287911699.96,295400000.00,50000000.00,350959482.39
Nov 18 2026,AXL,0,983427625.64,983427625.64,287531545.32,295400000.00,50000000.00,350496080.33
Nov 16 2026,AXL,0,982584068.94,982584068.94,287151390.68,295400000.00,50000000.00,350032678.26
Nov 15 2026,AXL,0,982162290.59,982162290.59,286961313.36,295400000.00,50000000.00,349800977.23
Nov 13 2026,AXL,0,981318733.89,981318733.89,286581158.72,295400000.00,50000000.00,349337575.17
Nov 11 2026,AXL,0,980475177.19,980475177.19,286201004.08,295400000.00,50000000.00,348874173.11
Nov 09 2026,AXL,0,979631620.49,979631620.49,285820849.44,295400000.00,50000000.00,348410771.05
Nov 07 2026,AXL,0,978788063.79,978788063.79,285440694.80,295400000.00,50000000.00,347947368.99
Nov 05 2026,AXL,0,977944507.09,977944507.09,285060540.16,295400000.00,50000000.00,347483966.92
Nov 03 2026,AXL,0,977100950.39,977100950.39,284680385.52,295400000.00,50000000.00,347020564.86
Nov 01 2026,AXL,0,976257393.69,976257393.69,284300230.88,295400000.00,50000000.00,346557162.80
Oct 30 2026,AXL,0,975413836.98,975413836.98,283920076.25,295400000.00,50000000.00,346093760.74
Oct 28 2026,AXL,0,974570280.28,974570280.28,283539921.61,295400000.00,50000000.00,345630358.68
Oct 26 2026,AXL,0,973726723.58,973726723.58,283159766.97,295400000.00,50000000.00,345166956.62
Oct 24 2026,AXL,0,972883166.88,972883166.88,282779612.33,295400000.00,50000000.00,344703554.55
Oct 22 2026,AXL,0,972039610.18,972039610.18,282399457.69,295400000.00,50000000.00,344240152.49
Oct 20 2026,AXL,0,971196053.48,971196053.48,282019303.05,295400000.00,50000000.00,343776750.43
Oct 18 2026,AXL,0,970352496.78,970352496.78,281639148.41,295400000.00,50000000.00,343313348.37
Oct 16 2026,AXL,0,969508940.08,969508940.08,281258993.77,295400000.00,50000000.00,342849946.31
Oct 14 2026,AXL,0,968665383.38,968665383.38,280878839.13,295400000.00,50000000.00,342386544.24
Oct 12 2026,AXL,0,967821826.68,967821826.68,280498684.49,295400000.00,50000000.00,341923142.18
Oct 10 2026,AXL,0,966978269.97,966978269.97,280118529.85,295400000.00,50000000.00,341459740.12
Oct 09 2026,AXL,0,966556491.62,966556491.62,279928452.53,295400000.00,50000000.00,341228039.09
Oct 07 2026,AXL,0,965712934.92,965712934.92,279548297.90,295400000.00,50000000.00,340764637.03
Oct 05 2026,AXL,0,964869378.22,964869378.22,279168143.26,295400000.00,50000000.00,340301234.97
Oct 03 2026,AXL,0,964025821.52,964025821.52,278787988.62,295400000.00,50000000.00,339837832.90
Oct 01 2026,AXL,0,963182264.82,963182264.82,278407833.98,295400000.00,50000000.00,339374430.84
Sep 29 2026,AXL,0,962338708.12,962338708.12,278027679.34,295400000.00,50000000.00,338911028.78
Sep 27 2026,AXL,0,961495151.42,961495151.42,277647524.70,295400000.00,50000000.00,338447626.72
Sep 25 2026,AXL,0,960651594.72,960651594.72,277267370.06,295400000.00,50000000.00,337984224.66
Sep 23 2026,AXL,0,959808038.02,959808038.02,276887215.42,295400000.00,50000000.00,337520822.59
Sep 21 2026,AXL,0,958964481.31,958964481.31,276507060.78,295400000.00,50000000.00,337057420.53
Sep 19 2026,AXL,0,958120924.61,958120924.61,276126906.14,295400000.00,50000000.00,336594018.47
Sep 17 2026,AXL,0,957277367.91,957277367.91,275746751.50,295400000.00,50000000.00,336130616.41
Sep 15 2026,AXL,0,956433811.21,956433811.21,275366596.86,295400000.00,50000000.00,335667214.35
Sep 13 2026,AXL,0,955590254.51,955590254.51,274986442.23,295400000.00,50000000.00,335203812.29
Sep 11 2026,AXL,0,954746697.81,954746697.81,274606287.59,295400000.00,50000000.00,334740410.22
Sep 09 2026,AXL,0,953903141.11,953903141.11,274226132.95,295400000.00,50000000.00,334277008.16
Sep 07 2026,AXL,0,953059584.41,953059584.41,273845978.31,295400000.00,50000000.00,333813606.10
Sep 05 2026,AXL,0,952216027.71,952216027.71,273465823.67,295400000.00,50000000.00,333350204.04
Sep 03 2026,AXL,0,951372471.01,951372471.01,273085669.03,295400000.00,50000000.00,332886801.98
Sep 02 2026,AXL,0,950950692.65,950950692.65,272895591.71,295400000.00,50000000.00,332655100.95
Aug 31 2026,AXL,0,950107135.95,950107135.95,272515437.07,295400000.00,50000000.00,332191698.88
Aug 29 2026,AXL,0,949263579.25,949263579.25,272135282.43,295400000.00,50000000.00,331728296.82
Aug 27 2026,AXL,0,948420022.55,948420022.55,271755127.79,295400000.00,50000000.00,331264894.76
Aug 25 2026,AXL,0,947576465.85,947576465.85,271374973.15,295400000.00,50000000.00,330801492.70
Aug 23 2026,AXL,0,946732909.15,946732909.15,270994818.51,295400000.00,50000000.00,330338090.64
Aug 21 2026,AXL,0,945889352.45,945889352.45,270614663.87,295400000.00,50000000.00,329874688.57
Aug 19 2026,AXL,0,945045795.75,945045795.75,270234509.24,295400000.00,50000000.00,329411286.51
Aug 17 2026,AXL,0,944202239.05,944202239.05,269854354.60,295400000.00,50000000.00,328947884.45
Aug 15 2026,AXL,0,943358682.35,943358682.35,269474199.96,295400000.00,50000000.00,328484482.39
Aug 13 2026,AXL,0,942515125.64,942515125.64,269094045.32,295400000.00,50000000.00,328021080.33
Aug 11 2026,AXL,0,941671568.94,941671568.94,268713890.68,295400000.00,50000000.00,327557678.26
Aug 09 2026,AXL,0,940828012.24,940828012.24,268333736.04,295400000.00,50000000.00,327094276.20
Aug 07 2026,AXL,0,939984455.54,939984455.54,267953581.40,295400000.00,50000000.00,326630874.14
Aug 05 2026,AXL,0,939140898.84,939140898.84,267573426.76,295400000.00,50000000.00,326167472.08
Aug 03 2026,AXL,0,938297342.14,938297342.14,267193272.12,295400000.00,50000000.00,325704070.02
Aug 01 2026,AXL,0,937453785.44,937453785.44,266813117.48,295400000.00,50000000.00,325240667.96
Jul 30 2026,AXL,0,936610228.74,936610228.74,266432962.84,295400000.00,50000000.00,324777265.89
Jul 28 2026,AXL,0,935766672.04,935766672.04,266052808.20,295400000.00,50000000.00,324313863.83
Jul 27 2026,AXL,0,935344893.69,935344893.69,265862730.88,295400000.00,50000000.00,324082162.80
Jul 25 2026,AXL,0,934501336.98,934501336.98,265482576.25,295400000.00,50000000.00,323618760.74
Jul 23 2026,AXL,0,933657780.28,933657780.28,265102421.61,295400000.00,50000000.00,323155358.68
Jul 21 2026,AXL,0,932814223.58,932814223.58,264722266.97,295400000.00,50000000.00,322691956.62
Jul 19 2026,AXL,0,931970666.88,931970666.88,264342112.33,295400000.00,50000000.00,322228554.55
Jul 17 2026,AXL,0,931127110.18,931127110.18,263961957.69,295400000.00,50000000.00,321765152.49
Jul 15 2026,AXL,0,930283553.48,930283553.48,263581803.05,295400000.00,50000000.00,321301750.43
Jul 13 2026,AXL,0,929439996.78,929439996.78,263201648.41,295400000.00,50000000.00,320838348.37
Jul 11 2026,AXL,0,928596440.08,928596440.08,262821493.77,295400000.00,50000000.00,320374946.31
Jul 09 2026,AXL,0,927752883.38,927752883.38,262441339.13,295400000.00,50000000.00,319911544.24
Jul 07 2026,AXL,0,926909326.68,926909326.68,262061184.49,295400000.00,50000000.00,319448142.18
Jul 05 2026,AXL,0,926065769.97,926065769.97,261681029.85,295400000.00,50000000.00,318984740.12
Jul 03 2026,AXL,0,925222213.27,925222213.27,261300875.21,295400000.00,50000000.00,318521338.06
Jul 01 2026,AXL,0,924378656.57,924378656.57,260920720.58,295400000.00,50000000.00,318057936.00
Jun 29 2026,AXL,0,923535099.87,923535099.87,260540565.94,295400000.00,50000000.00,317594533.93
Jun 27 2026,AXL,0,922691543.17,922691543.17,260160411.30,295400000.00,50000000.00,317131131.87
Jun 25 2026,AXL,0,921847986.47,921847986.47,259780256.66,295400000.00,50000000.00,316667729.81
Jun 23 2026,AXL,0,921004429.77,921004429.77,259400102.02,295400000.00,50000000.00,316204327.75
Jun 21 2026,AXL,0,920160873.07,920160873.07,259019947.38,295400000.00,50000000.00,315740925.69
Jun 20 2026,AXL,0,919739094.72,919739094.72,258829870.06,295400000.00,50000000.00,315509224.66
Jun 18 2026,AXL,0,918895538.02,918895538.02,258449715.42,295400000.00,50000000.00,315045822.59
Jun 16 2026,AXL,0,918051981.31,918051981.31,258069560.78,295400000.00,50000000.00,314582420.53
Jun 14 2026,AXL,0,917208424.61,917208424.61,257689406.14,295400000.00,50000000.00,314119018.47
Jun 12 2026,AXL,0,916364867.91,916364867.91,257309251.50,295400000.00,50000000.00,313655616.41
Jun 10 2026,AXL,0,915521311.21,915521311.21,256929096.86,295400000.00,50000000.00,313192214.35
Jun 08 2026,AXL,0,914677754.51,914677754.51,256548942.23,295400000.00,50000000.00,312728812.29
Jun 06 2026,AXL,0,913834197.81,913834197.81,256168787.59,295400000.00,50000000.00,312265410.22
Jun 04 2026,AXL,0,912990641.11,912990641.11,255788632.95,295400000.00,50000000.00,311802008.16
Jun 02 2026,AXL,0,912147084.41,912147084.41,255408478.31,295400000.00,50000000.00,311338606.10
May 31 2026,AXL,0,911303527.71,911303527.71,255028323.67,295400000.00,50000000.00,310875204.04
May 29 2026,AXL,0,910459971.01,910459971.01,254648169.03,295400000.00,50000000.00,310411801.98
May 27 2026,AXL,0,909616414.30,909616414.30,254268014.39,295400000.00,50000000.00,309948399.91
May 25 2026,AXL,0,908772857.60,908772857.60,253887859.75,295400000.00,50000000.00,309484997.85
May 23 2026,AXL,0,907929300.90,907929300.90,253507705.11,295400000.00,50000000.00,309021595.79
May 21 2026,AXL,0,907085744.20,907085744.20,253127550.47,295400000.00,50000000.00,308558193.73
May 19 2026,AXL,0,906242187.50,906242187.50,252747395.83,295400000.00,50000000.00,308094791.67
May 17 2026,AXL,0,905398630.80,905398630.80,252367241.19,295400000.00,50000000.00,307631389.60
May 15 2026,AXL,0,904555074.10,904555074.10,251987086.55,295400000.00,50000000.00,307167987.54
May 14 2026,AXL,0,904133295.75,904133295.75,251797009.24,295400000.00,50000000.00,306936286.51
May 12 2026,AXL,0,903289739.05,903289739.05,251416854.60,295400000.00,50000000.00,306472884.45
May 10 2026,AXL,0,902446182.35,902446182.35,251036699.96,295400000.00,50000000.00,306009482.39
May 08 2026,AXL,0,901602625.64,901602625.64,250656545.32,295400000.00,50000000.00,305546080.33
May 06 2026,AXL,0,900759068.94,900759068.94,250276390.68,295400000.00,50000000.00,305082678.26
May 04 2026,AXL,0,899915512.24,899915512.24,249896236.04,295400000.00,50000000.00,304619276.20
May 02 2026,AXL,0,899071955.54,899071955.54,249516081.40,295400000.00,50000000.00,304155874.14
Apr 30 2026,AXL,0,898228398.84,898228398.84,249135926.76,295400000.00,50000000.00,303692472.08
Apr 28 2026,AXL,0,897384842.14,897384842.14,248755772.12,295400000.00,50000000.00,303229070.02
Apr 26 2026,AXL,0,896541285.44,896541285.44,248375617.48,295400000.00,50000000.00,302765667.96
Apr 24 2026,AXL,0,895697728.74,895697728.74,247995462.84,295400000.00,50000000.00,302302265.89
Apr 22 2026,AXL,0,894854172.04,894854172.04,247615308.20,295400000.00,50000000.00,301838863.83
Apr 20 2026,AXL,0,894010615.34,894010615.34,247235153.57,295400000.00,50000000.00,301375461.77
Apr 18 2026,AXL,0,893167058.63,893167058.63,246854998.93,295400000.00,50000000.00,300912059.71
Apr 16 2026,AXL,0,892323501.93,892323501.93,246474844.29,295400000.00,50000000.00,300448657.65
Apr 14 2026,AXL,0,891479945.23,891479945.23,246094689.65,295400000.00,50000000.00,299985255.58
Apr 12 2026,AXL,0,890636388.53,890636388.53,245714535.01,295400000.00,50000000.00,299521853.52
Apr 10 2026,AXL,0,889792831.83,889792831.83,245334380.37,295400000.00,50000000.00,299058451.46
Apr 08 2026,AXL,0,888949275.13,888949275.13,244954225.73,295400000.00,50000000.00,298595049.40
Apr 06 2026,AXL,0,888105718.43,888105718.43,244574071.09,295400000.00,50000000.00,298131647.34
Apr 05 2026,AXL,0,887683940.08,887683940.08,244383993.77,295400000.00,50000000.00,297899946.31
Apr 03 2026,AXL,0,886840383.38,886840383.38,244003839.13,295400000.00,50000000.00,297436544.24
Apr 01 2026,AXL,0,885996826.68,885996826.68,243623684.49,295400000.00,50000000.00,296973142.18
Mar 30 2026,AXL,0,885153269.97,885153269.97,243243529.85,295400000.00,50000000.00,296509740.12
Mar 28 2026,AXL,0,884309713.27,884309713.27,242863375.21,295400000.00,50000000.00,296046338.06
Mar 26 2026,AXL,0,883466156.57,883466156.57,242483220.58,295400000.00,50000000.00,295582936.00
Mar 24 2026,AXL,0,882622599.87,882622599.87,242103065.94,295400000.00,50000000.00,295119533.93
Mar 22 2026,AXL,0,881779043.17,881779043.17,241722911.30,295400000.00,50000000.00,294656131.87
Mar 20 2026,AXL,0,880935486.47,880935486.47,241342756.66,295400000.00,50000000.00,294192729.81
Mar 18 2026,AXL,0,880091929.77,880091929.77,240962602.02,295400000.00,50000000.00,293729327.75
Mar 16 2026,AXL,0,879248373.07,879248373.07,240582447.38,295400000.00,50000000.00,293265925.69
Mar 14 2026,AXL,0,878404816.37,878404816.37,240202292.74,295400000.00,50000000.00,292802523.63
Mar 12 2026,AXL,0,877561259.66,877561259.66,239822138.10,295400000.00,50000000.00,292339121.56
Mar 10 2026,AXL,0,876717702.96,876717702.96,239441983.46,295400000.00,50000000.00,291875719.50
Mar 08 2026,AXL,0,875874146.26,875874146.26,239061828.82,295400000.00,50000000.00,291412317.44
Mar 06 2026,AXL,0,875030589.56,875030589.56,238681674.18,295400000.00,50000000.00,290948915.38
Mar 04 2026,AXL,0,874187032.86,874187032.86,238301519.54,295400000.00,50000000.00,290485513.32
Mar 02 2026,AXL,0,873343476.16,873343476.16,237921364.91,295400000.00,50000000.00,290022111.25
Feb 28 2026,AXL,0,872499919.46,872499919.46,237541210.27,295400000.00,50000000.00,289558709.19
Feb 27 2026,AXL,0,872078141.11,872078141.11,237351132.95,295400000.00,50000000.00,289327008.16
Feb 25 2026,AXL,0,871234584.41,871234584.41,236970978.31,295400000.00,50000000.00,288863606.10
Feb 23 2026,AXL,0,870391027.71,870391027.71,236590823.67,295400000.00,50000000.00,288400204.04
Feb 21 2026,AXL,0,869547471.01,869547471.01,236210669.03,295400000.00,50000000.00,287936801.98
Feb 19 2026,AXL,0,868703914.30,868703914.30,235830514.39,295400000.00,50000000.00,287473399.91
Feb 17 2026,AXL,0,867860357.60,867860357.60,235450359.75,295400000.00,50000000.00,287009997.85
Feb 15 2026,AXL,0,867016800.90,867016800.90,235070205.11,295400000.00,50000000.00,286546595.79
Feb 13 2026,AXL,0,866173244.20,866173244.20,234690050.47,295400000.00,50000000.00,286083193.73
Feb 11 2026,AXL,0,865329687.50,865329687.50,234309895.83,295400000.00,50000000.00,285619791.67
Feb 09 2026,AXL,0,864486130.80,864486130.80,233929741.19,295400000.00,50000000.00,285156389.60
Feb 07 2026,AXL,0,863642574.10,863642574.10,233549586.55,295400000.00,50000000.00,284692987.54
Feb 05 2026,AXL,0,862799017.40,862799017.40,233169431.92,295400000.00,50000000.00,284229585.48
Feb 03 2026,AXL,0,861955460.70,861955460.70,232789277.28,295400000.00,50000000.00,283766183.42
Feb 01 2026,AXL,0,861111903.99,861111903.99,232409122.64,295400000.00,50000000.00,283302781.36
Jan 30 2026,AXL,0,860268347.29,860268347.29,232028968.00,295400000.00,50000000.00,282839379.30
Jan 28 2026,AXL,0,859424790.59,859424790.59,231648813.36,295400000.00,50000000.00,282375977.23
Jan 26 2026,AXL,0,858581233.89,858581233.89,231268658.72,295400000.00,50000000.00,281912575.17
Jan 24 2026,AXL,0,857737677.19,857737677.19,230888504.08,295400000.00,50000000.00,281449173.11
Jan 22 2026,AXL,0,856894120.49,856894120.49,230508349.44,295400000.00,50000000.00,280985771.05
Jan 21 2026,AXL,0,856472342.14,856472342.14,230318272.12,295400000.00,50000000.00,280754070.02
Jan 19 2026,AXL,0,855628785.44,855628785.44,229938117.48,295400000.00,50000000.00,280290667.96
Jan 17 2026,AXL,0,854785228.74,854785228.74,229557962.84,295400000.00,50000000.00,279827265.89
Jan 15 2026,AXL,0,853941672.04,853941672.04,229177808.20,295400000.00,50000000.00,279363863.83
Jan 13 2026,AXL,0,853098115.34,853098115.34,228797653.57,295400000.00,50000000.00,278900461.77
Jan 11 2026,AXL,0,852254558.63,852254558.63,228417498.93,295400000.00,50000000.00,278437059.71
Jan 09 2026,AXL,0,851411001.93,851411001.93,228037344.29,295400000.00,50000000.00,277973657.65
Jan 07 2026,AXL,0,850567445.23,850567445.23,227657189.65,295400000.00,50000000.00,277510255.58
Jan 05 2026,AXL,0,849723888.53,849723888.53,227277035.01,295400000.00,50000000.00,277046853.52
Jan 03 2026,AXL,0,848880331.83,848880331.83,226896880.37,295400000.00,50000000.00,276583451.46
Jan 01 2026,AXL,0,848036775.13,848036775.13,226516725.73,295400000.00,50000000.00,276120049.40
Dec 30 2025,AXL,0,847193218.43,847193218.43,226136571.09,295400000.00,50000000.00,275656647.34
Dec 28 2025,AXL,0,846349661.73,846349661.73,225756416.45,295400000.00,50000000.00,275193245.27
Dec 26 2025,AXL,0,845506105.03,845506105.03,225376261.81,295400000.00,50000000.00,274729843.21
Dec 24 2025,AXL,0,844662548.32,844662548.32,224996107.17,295400000.00,50000000.00,274266441.15
Dec 22 2025,AXL,0,843818991.62,843818991.62,224615952.53,295400000.00,50000000.00,273803039.09
Dec 20 2025,AXL,0,842975434.92,842975434.92,224235797.90,295400000.00,50000000.00,273339637.03
Dec 18 2025,AXL,0,842131878.22,842131878.22,223855643.26,295400000.00,50000000.00,272876234.97
Dec 16 2025,AXL,0,841288321.52,841288321.52,223475488.62,295400000.00,50000000.00,272412832.90
Dec 15 2025,AXL,0,840866543.17,840866543.17,223285411.30,295400000.00,50000000.00,272181131.87
Dec 13 2025,AXL,0,840022986.47,840022986.47,222905256.66,295400000.00,50000000.00,271717729.81
Dec 11 2025,AXL,0,839179429.77,839179429.77,222525102.02,295400000.00,50000000.00,271254327.75
Dec 09 2025,AXL,0,838335873.07,838335873.07,222144947.38,295400000.00,50000000.00,270790925.69
Dec 07 2025,AXL,0,837492316.37,837492316.37,221764792.74,295400000.00,50000000.00,270327523.63
Dec 05 2025,AXL,0,836648759.66,836648759.66,221384638.10,295400000.00,50000000.00,269864121.56
Dec 03 2025,AXL,0,835805202.96,835805202.96,221004483.46,295400000.00,50000000.00,269400719.50
Dec 01 2025,AXL,0,834961646.26,834961646.26,220624328.82,295400000.00,50000000.00,268937317.44
Nov 29 2025,AXL,0,834118089.56,834118089.56,220244174.18,295400000.00,50000000.00,268473915.38
Nov 27 2025,AXL,0,833274532.86,833274532.86,219864019.54,295400000.00,50000000.00,268010513.32
Nov 25 2025,AXL,0,832430976.16,832430976.16,219483864.91,295400000.00,50000000.00,267547111.25
Nov 23 2025,AXL,0,831587419.46,831587419.46,219103710.27,295400000.00,50000000.00,267083709.19
Nov 21 2025,AXL,0,830743862.76,830743862.76,218723555.63,295400000.00,50000000.00,266620307.13
Nov 19 2025,AXL,0,829900306.06,829900306.06,218343400.99,295400000.00,50000000.00,266156905.07
Nov 17 2025,AXL,0,829056749.36,829056749.36,217963246.35,295400000.00,50000000.00,265693503.01
Nov 15 2025,AXL,0,828213192.65,828213192.65,217583091.71,295400000.00,50000000.00,265230100.95
Nov 13 2025,AXL,0,827369635.95,827369635.95,217202937.07,295400000.00,50000000.00,264766698.88
Nov 11 2025,AXL,0,826526079.25,826526079.25,216822782.43,295400000.00,50000000.00,264303296.82
Nov 09 2025,AXL,0,825682522.55,825682522.55,216442627.79,295400000.00,50000000.00,263839894.76
Nov 08 2025,AXL,0,825260744.20,825260744.20,216252550.47,295400000.00,50000000.00,263608193.73
Nov 06 2025,AXL,0,824417187.50,824417187.50,215872395.83,295400000.00,50000000.00,263144791.67
Nov 04 2025,AXL,0,823573630.80,823573630.80,215492241.19,295400000.00,50000000.00,262681389.60
Nov 02 2025,AXL,0,822730074.10,822730074.10,215112086.55,295400000.00,50000000.00,262217987.54
Oct 31 2025,AXL,0,821886517.40,821886517.40,214731931.92,295400000.00,50000000.00,261754585.48
Oct 29 2025,AXL,0,821042960.70,821042960.70,214351777.28,295400000.00,50000000.00,261291183.42
Oct 27 2025,AXL,0,820199403.99,820199403.99,213971622.64,295400000.00,50000000.00,260827781.36
Oct 25 2025,AXL,0,819355847.29,819355847.29,213591468.00,295400000.00,50000000.00,260364379.30
Oct 23 2025,AXL,0,818512290.59,818512290.59,213211313.36,295400000.00,50000000.00,259900977.23
Oct 21 2025,AXL,0,817668733.89,817668733.89,212831158.72,295400000.00,50000000.00,259437575.17
Oct 19 2025,AXL,0,816825177.19,816825177.19,212451004.08,295400000.00,50000000.00,258974173.11
Oct 17 2025,AXL,0,815981620.49,815981620.49,212070849.44,295400000.00,50000000.00,258510771.05
Oct 15 2025,AXL,0,815138063.79,815138063.79,211690694.80,295400000.00,50000000.00,258047368.99
Oct 13 2025,AXL,0,814294507.09,814294507.09,211310540.16,295400000.00,50000000.00,257583966.92
Oct 11 2025,AXL,0,813450950.39,813450950.39,210930385.52,295400000.00,50000000.00,257120564.86
Oct 09 2025,AXL,0,812607393.69,812607393.69,210550230.88,295400000.00,50000000.00,256657162.80
Oct 07 2025,AXL,0,811763836.98,811763836.98,210170076.25,295400000.00,50000000.00,256193760.74
Oct 05 2025,AXL,0,810920280.28,810920280.28,209789921.61,295400000.00,50000000.00,255730358.68
Oct 03 2025,AXL,0,810076723.58,810076723.58,209409766.97,295400000.00,50000000.00,255266956.62
Oct 02 2025,AXL,0,809654945.23,809654945.23,209219689.65,295400000.00,50000000.00,255035255.58
Sep 30 2025,AXL,0,808811388.53,808811388.53,208839535.01,295400000.00,50000000.00,254571853.52
Sep 28 2025,AXL,0,807967831.83,807967831.83,208459380.37,295400000.00,50000000.00,254108451.46
Sep 26 2025,AXL,0,807124275.13,807124275.13,208079225.73,295400000.00,50000000.00,253645049.40
Sep 24 2025,AXL,0,806280718.43,806280718.43,207699071.09,295400000.00,50000000.00,253181647.34
Sep 22 2025,AXL,0,805437161.73,805437161.73,207318916.45,295400000.00,50000000.00,252718245.27
Sep 20 2025,AXL,0,804593605.03,804593605.03,206938761.81,295400000.00,50000000.00,252254843.21
Sep 18 2025,AXL,0,803750048.32,803750048.32,206558607.17,295400000.00,50000000.00,251791441.15
Sep 16 2025,AXL,0,802906491.62,802906491.62,206178452.53,295400000.00,50000000.00,251328039.09
Sep 14 2025,AXL,0,802062934.92,802062934.92,205798297.90,295400000.00,50000000.00,250864637.03
Sep 12 2025,AXL,0,801219378.22,801219378.22,205418143.26,295400000.00,50000000.00,250401234.97
Sep 10 2025,AXL,0,800375821.52,800375821.52,205037988.62,295400000.00,50000000.00,249937832.90
Sep 08 2025,AXL,0,799532264.82,799532264.82,204657833.98,295400000.00,50000000.00,249474430.84
Sep 06 2025,AXL,0,798688708.12,798688708.12,204277679.34,295400000.00,50000000.00,249011028.78
Sep 04 2025,AXL,0,797845151.42,797845151.42,203897524.70,295400000.00,50000000.00,248547626.72
Sep 02 2025,AXL,0,797001594.72,797001594.72,203517370.06,295400000.00,50000000.00,248084224.66
Aug 31 2025,AXL,0,796158038.02,796158038.02,203137215.42,295400000.00,50000000.00,247620822.59
Aug 29 2025,AXL,0,795314481.31,795314481.31,202757060.78,295400000.00,50000000.00,247157420.53
Aug 27 2025,AXL,0,794470924.61,794470924.61,202376906.14,295400000.00,50000000.00,246694018.47
Aug 26 2025,AXL,0,794049146.26,794049146.26,202186828.82,295400000.00,50000000.00,246462317.44
Aug 24 2025,AXL,0,793205589.56,793205589.56,201806674.18,295400000.00,50000000.00,245998915.38
Aug 22 2025,AXL,0,792362032.86,792362032.86,201426519.54,295400000.00,50000000.00,245535513.32
Aug 20 2025,AXL,0,791518476.16,791518476.16,201046364.91,295400000.00,50000000.00,245072111.25
Aug 18 2025,AXL,0,790674919.46,790674919.46,200666210.27,295400000.00,50000000.00,244608709.19
Aug 16 2025,AXL,0,789831362.76,789831362.76,200286055.63,295400000.00,50000000.00,244145307.13
Aug 14 2025,AXL,0,788987806.06,788987806.06,199905900.99,295400000.00,50000000.00,243681905.07
Aug 12 2025,AXL,0,788144249.36,788144249.36,199525746.35,295400000.00,50000000.00,243218503.01
Aug 10 2025,AXL,0,787300692.65,787300692.65,199145591.71,295400000.00,50000000.00,242755100.95
Aug 08 2025,AXL,0,786457135.95,786457135.95,198765437.07,295400000.00,50000000.00,242291698.88
Aug 06 2025,AXL,0,785613579.25,785613579.25,198385282.43,295400000.00,50000000.00,241828296.82
Aug 04 2025,AXL,0,784770022.55,784770022.55,198005127.79,295400000.00,50000000.00,241364894.76
Aug 02 2025,AXL,0,783926465.85,783926465.85,197624973.15,295400000.00,50000000.00,240901492.70
Jul 31 2025,AXL,0,783082909.15,783082909.15,197244818.51,295400000.00,50000000.00,240438090.64
Jul 29 2025,AXL,0,782239352.45,782239352.45,196864663.87,295400000.00,50000000.00,239974688.57
Jul 27 2025,AXL,0,781395795.75,781395795.75,196484509.24,295400000.00,50000000.00,239511286.51
Jul 25 2025,AXL,0,780552239.05,780552239.05,196104354.60,295400000.00,50000000.00,239047884.45
Jul 23 2025,AXL,0,779708682.35,779708682.35,195724199.96,295400000.00,50000000.00,238584482.39
Jul 21 2025,AXL,0,778865125.64,778865125.64,195344045.32,295400000.00,50000000.00,238121080.33
Jul 19 2025,AXL,0,778021568.94,778021568.94,194963890.68,295400000.00,50000000.00,237657678.26
Jul 18 2025,AXL,0,777599790.59,777599790.59,194773813.36,295400000.00,50000000.00,237425977.23
Jul 16 2025,AXL,0,776756233.89,776756233.89,194393658.72,295400000.00,50000000.00,236962575.17
Jul 14 2025,AXL,0,775912677.19,775912677.19,194013504.08,295400000.00,50000000.00,236499173.11
Jul 12 2025,AXL,0,775069120.49,775069120.49,193633349.44,295400000.00,50000000.00,236035771.05
Jul 10 2025,AXL,0,774225563.79,774225563.79,193253194.80,295400000.00,50000000.00,235572368.99
Jul 08 2025,AXL,0,773382007.09,773382007.09,192873040.16,295400000.00,50000000.00,235108966.92
Jul 06 2025,AXL,0,772538450.39,772538450.39,192492885.52,295400000.00,50000000.00,234645564.86
Jul 04 2025,AXL,0,771694893.69,771694893.69,192112730.88,295400000.00,50000000.00,234182162.80
Jul 02 2025,AXL,0,770851336.98,770851336.98,191732576.25,295400000.00,50000000.00,233718760.74
Jun 30 2025,AXL,0,770007780.28,770007780.28,191352421.61,295400000.00,50000000.00,233255358.68
Jun 28 2025,AXL,0,769164223.58,769164223.58,190972266.97,295400000.00,50000000.00,232791956.62
Jun 26 2025,AXL,0,768320666.88,768320666.88,190592112.33,295400000.00,50000000.00,232328554.55
Jun 24 2025,AXL,0,767477110.18,767477110.18,190211957.69,295400000.00,50000000.00,231865152.49
Jun 22 2025,AXL,0,766633553.48,766633553.48,189831803.05,295400000.00,50000000.00,231401750.43
Jun 20 2025,AXL,0,765789996.78,765789996.78,189451648.41,295400000.00,50000000.00,230938348.37
Jun 18 2025,AXL,0,764946440.08,764946440.08,189071493.77,295400000.00,50000000.00,230474946.31
Jun 16 2025,AXL,0,764102883.38,764102883.38,188691339.13,295400000.00,50000000.00,230011544.24
Jun 14 2025,AXL,0,763259326.68,763259326.68,188311184.49,295400000.00,50000000.00,229548142.18
Jun 12 2025,AXL,0,762415769.97,762415769.97,187931029.85,295400000.00,50000000.00,229084740.12
Jun 11 2025,AXL,0,761993991.62,761993991.62,187740952.53,295400000.00,50000000.00,228853039.09
Jun 09 2025,AXL,0,761150434.92,761150434.92,187360797.90,295400000.00,50000000.00,228389637.03
Jun 07 2025,AXL,0,760306878.22,760306878.22,186980643.26,295400000.00,50000000.00,227926234.97
Jun 05 2025,AXL,0,759463321.52,759463321.52,186600488.62,295400000.00,50000000.00,227462832.90
Jun 03 2025,AXL,0,758619764.82,758619764.82,186220333.98,295400000.00,50000000.00,226999430.84
Jun 01 2025,AXL,0,757776208.12,757776208.12,185840179.34,295400000.00,50000000.00,226536028.78
May 30 2025,AXL,0,756932651.42,756932651.42,185460024.70,295400000.00,50000000.00,226072626.72
May 28 2025,AXL,0,756089094.72,756089094.72,185079870.06,295400000.00,50000000.00,225609224.66
May 26 2025,AXL,0,755245538.02,755245538.02,184699715.42,295400000.00,50000000.00,225145822.59
May 24 2025,AXL,0,754401981.31,754401981.31,184319560.78,295400000.00,50000000.00,224682420.53
May 22 2025,AXL,0,753558424.61,753558424.61,183939406.14,295400000.00,50000000.00,224219018.47
May 20 2025,AXL,0,752714867.91,752714867.91,183559251.50,295400000.00,50000000.00,223755616.41
May 18 2025,AXL,0,751871311.21,751871311.21,183179096.86,295400000.00,50000000.00,223292214.35
May 16 2025,AXL,0,751027754.51,751027754.51,182798942.23,295400000.00,50000000.00,222828812.29
May 14 2025,AXL,0,750184197.81,750184197.81,182418787.59,295400000.00,50000000.00,222365410.22
May 12 2025,AXL,0,749340641.11,749340641.11,182038632.95,295400000.00,50000000.00,221902008.16
May 10 2025,AXL,0,748497084.41,748497084.41,181658478.31,295400000.00,50000000.00,221438606.10
May 08 2025,AXL,0,747653527.71,747653527.71,181278323.67,295400000.00,50000000.00,220975204.04
May 06 2025,AXL,0,746809971.01,746809971.01,180898169.03,295400000.00,50000000.00,220511801.98
May 05 2025,AXL,0,746388192.65,746388192.65,180708091.71,295400000.00,50000000.00,220280100.95
May 03 2025,AXL,0,745544635.95,745544635.95,180327937.07,295400000.00,50000000.00,219816698.88
May 01 2025,AXL,0,744701079.25,744701079.25,179947782.43,295400000.00,50000000.00,219353296.82
Apr 29 2025,AXL,0,743857522.55,743857522.55,179567627.79,295400000.00,50000000.00,218889894.76
Apr 27 2025,AXL,0,743013965.85,743013965.85,179187473.15,295400000.00,50000000.00,218426492.70
Apr 25 2025,AXL,0,742170409.15,742170409.15,178807318.51,295400000.00,50000000.00,217963090.64
Apr 23 2025,AXL,0,741326852.45,741326852.45,178427163.87,295400000.00,50000000.00,217499688.57
Apr 21 2025,AXL,0,740483295.75,740483295.75,178047009.24,295400000.00,50000000.00,217036286.51
Apr 19 2025,AXL,0,739639739.05,739639739.05,177666854.60,295400000.00,50000000.00,216572884.45
Apr 17 2025,AXL,0,738796182.35,738796182.35,177286699.96,295400000.00,50000000.00,216109482.39
Apr 15 2025,AXL,0,737952625.64,737952625.64,176906545.32,295400000.00,50000000.00,215646080.33
Apr 13 2025,AXL,0,737109068.94,737109068.94,176526390.68,295400000.00,50000000.00,215182678.26
Apr 11 2025,AXL,0,736265512.24,736265512.24,176146236.04,295400000.00,50000000.00,214719276.20
Apr 09 2025,AXL,0,735421955.54,735421955.54,175766081.40,295400000.00,50000000.00,214255874.14
Apr 07 2025,AXL,0,734578398.84,734578398.84,175385926.76,295400000.00,50000000.00,213792472.08
Apr 05 2025,AXL,0,733734842.14,733734842.14,175005772.12,295400000.00,50000000.00,213329070.02
Apr 03 2025,AXL,0,732891285.44,732891285.44,174625617.48,295400000.00,50000000.00,212865667.96
Apr 01 2025,AXL,0,732047728.74,732047728.74,174245462.84,295400000.00,50000000.00,212402265.89
Mar 30 2025,AXL,0,731204172.04,731204172.04,173865308.20,295400000.00,50000000.00,211938863.83
Mar 29 2025,AXL,0,730782393.69,730782393.69,173675230.88,295400000.00,50000000.00,211707162.80
Mar 27 2025,AXL,0,729938836.98,729938836.98,173295076.25,295400000.00,50000000.00,211243760.74
Mar 25 2025,AXL,0,729095280.28,729095280.28,172914921.61,295400000.00,50000000.00,210780358.68
Mar 23 2025,AXL,0,728251723.58,728251723.58,172534766.97,295400000.00,50000000.00,210316956.62
Mar 21 2025,AXL,0,727408166.88,727408166.88,172154612.33,295400000.00,50000000.00,209853554.55
Mar 19 2025,AXL,0,726564610.18,726564610.18,171774457.69,295400000.00,50000000.00,209390152.49
Mar 17 2025,AXL,0,725721053.48,725721053.48,171394303.05,295400000.00,50000000.00,208926750.43
Mar 15 2025,AXL,0,724877496.78,724877496.78,171014148.41,295400000.00,50000000.00,208463348.37
Mar 13 2025,AXL,0,724033940.08,724033940.08,170633993.77,295400000.00,50000000.00,207999946.31
Mar 11 2025,AXL,0,723190383.38,723190383.38,170253839.13,295400000.00,50000000.00,207536544.24
Mar 09 2025,AXL,0,722346826.68,722346826.68,169873684.49,295400000.00,50000000.00,207073142.18
Mar 07 2025,AXL,0,721503269.97,721503269.97,169493529.85,295400000.00,50000000.00,206609740.12
Mar 05 2025,AXL,0,720659713.27,720659713.27,169113375.21,295400000.00,50000000.00,206146338.06
Mar 03 2025,AXL,0,719816156.57,719816156.57,168733220.58,295400000.00,50000000.00,205682936.00
Mar 01 2025,AXL,0,718972599.87,718972599.87,168353065.94,295400000.00,50000000.00,205219533.93
Feb 27 2025,AXL,0,718129043.17,718129043.17,167972911.30,295400000.00,50000000.00,204756131.87
Feb 25 2025,AXL,0,717285486.47,717285486.47,167592756.66,295400000.00,50000000.00,204292729.81
Feb 23 2025,AXL,0,716441929.77,716441929.77,167212602.02,295400000.00,50000000.00,203829327.75
Feb 21 2025,AXL,0,715598373.07,715598373.07,166832447.38,295400000.00,50000000.00,203365925.69
Feb 20 2025,AXL,0,715176594.72,715176594.72,166642370.06,295400000.00,50000000.00,203134224.66
Feb 18 2025,AXL,0,714333038.02,714333038.02,166262215.42,295400000.00,50000000.00,202670822.59
Feb 16 2025,AXL,0,713489481.31,713489481.31,165882060.78,295400000.00,50000000.00,202207420.53
Feb 14 2025,AXL,0,712645924.61,712645924.61,165501906.14,295400000.00,50000000.00,201744018.47
Feb 12 2025,AXL,0,711802367.91,711802367.91,165121751.50,295400000.00,50000000.00,201280616.41
Feb 10 2025,AXL,0,710958811.21,710958811.21,164741596.86,295400000.00,50000000.00,200817214.35
Feb 08 2025,AXL,0,710115254.51,710115254.51,164361442.23,295400000.00,50000000.00,200353812.29
Feb 06 2025,AXL,0,709271697.81,709271697.81,163981287.59,295400000.00,50000000.00,199890410.22
Feb 04 2025,AXL,0,708428141.11,708428141.11,163601132.95,295400000.00,50000000.00,199427008.16
Feb 02 2025,AXL,0,707584584.41,707584584.41,163220978.31,295400000.00,50000000.00,198963606.10
Jan 31 2025,AXL,0,706741027.71,706741027.71,162840823.67,295400000.00,50000000.00,198500204.04
Jan 29 2025,AXL,0,705897471.01,705897471.01,162460669.03,295400000.00,50000000.00,198036801.98
Jan 27 2025,AXL,0,705053914.30,705053914.30,162080514.39,295400000.00,50000000.00,197573399.91
Jan 25 2025,AXL,0,704210357.60,704210357.60,161700359.75,295400000.00,50000000.00,197109997.85
Jan 23 2025,AXL,0,703366800.90,703366800.90,161320205.11,295400000.00,50000000.00,196646595.79
Jan 21 2025,AXL,0,702523244.20,702523244.20,160940050.47,295400000.00,50000000.00,196183193.73
Jan 19 2025,AXL,0,701679687.50,701679687.50,160559895.83,295400000.00,50000000.00,195719791.67
Jan 17 2025,AXL,0,700836130.80,700836130.80,160179741.19,295400000.00,50000000.00,195256389.60
Jan 15 2025,AXL,0,699992574.10,699992574.10,159799586.55,295400000.00,50000000.00,194792987.54
Jan 14 2025,AXL,0,699570795.75,699570795.75,159609509.24,295400000.00,50000000.00,194561286.51
Jan 12 2025,AXL,0,698727239.05,698727239.05,159229354.60,295400000.00,50000000.00,194097884.45
Jan 10 2025,AXL,0,697883682.35,697883682.35,158849199.96,295400000.00,50000000.00,193634482.39
Jan 08 2025,AXL,0,697040125.64,697040125.64,158469045.32,295400000.00,50000000.00,193171080.33
Jan 06 2025,AXL,0,696196568.94,696196568.94,158088890.68,295400000.00,50000000.00,192707678.26
Jan 04 2025,AXL,0,695353012.24,695353012.24,157708736.04,295400000.00,50000000.00,192244276.20
Jan 02 2025,AXL,0,694509455.54,694509455.54,157328581.40,295400000.00,50000000.00,191780874.14
Dec 31 2024,AXL,0,693665898.84,693665898.84,156948426.76,295400000.00,50000000.00,191317472.08
Dec 29 2024,AXL,0,692822342.14,692822342.14,156568272.12,295400000.00,50000000.00,190854070.02
Dec 27 2024,AXL,0,691978785.44,691978785.44,156188117.48,295400000.00,50000000.00,190390667.96
Dec 27 2024,AXL,0,691978785.44,691978785.44,156188117.48,295400000.00,50000000.00,190390667.96
Dec 25 2024,AXL,0,691135228.74,691135228.74,155807962.84,295400000.00,50000000.00,189927265.89
Dec 23 2024,AXL,0,690291672.04,690291672.04,155427808.20,295400000.00,50000000.00,189463863.83
Dec 21 2024,AXL,0,689448115.34,689448115.34,155047653.57,295400000.00,50000000.00,189000461.77
Dec 19 2024,AXL,0,688604558.63,688604558.63,154667498.93,295400000.00,50000000.00,188537059.71
Dec 17 2024,AXL,0,687761001.93,687761001.93,154287344.29,295400000.00,50000000.00,188073657.65
Dec 15 2024,AXL,0,686917445.23,686917445.23,153907189.65,295400000.00,50000000.00,187610255.58
Dec 13 2024,AXL,0,685551920.91,685551920.91,153527035.01,294878032.38,50000000.00,187146853.52
Dec 11 2024,AXL,0,683900156.27,683900156.27,153146880.37,294069824.44,50000000.00,186683451.46
Dec 09 2024,AXL,0,682248391.64,682248391.64,152766725.73,293261616.51,50000000.00,186220049.40
Dec 07 2024,AXL,0,680596627.00,680596627.00,152386571.09,292453408.57,50000000.00,185756647.34
Dec 06 2024,AXL,0,679770744.68,679770744.68,152196493.77,292049304.61,50000000.00,185524946.31
Dec 04 2024,AXL,0,678118980.05,678118980.05,151816339.13,291241096.67,50000000.00,185061544.24
Dec 02 2024,AXL,0,676467215.41,676467215.41,151436184.49,290432888.74,50000000.00,184598142.18
Nov 30 2024,AXL,0,674815450.78,674815450.78,151056029.85,289624680.80,50000000.00,184134740.12
Nov 28 2024,AXL,0,673163686.14,673163686.14,150675875.21,288816472.87,50000000.00,183671338.06
Nov 26 2024,AXL,0,671511921.51,671511921.51,150295720.58,288008264.93,50000000.00,183207936.00
Nov 24 2024,AXL,0,669860156.87,669860156.87,149915565.94,287200057.00,50000000.00,182744533.93
Nov 22 2024,AXL,0,668208392.24,668208392.24,149535411.30,286391849.07,50000000.00,182281131.87
Nov 20 2024,AXL,0,666556627.60,666556627.60,149155256.66,285583641.13,50000000.00,181817729.81
Nov 18 2024,AXL,0,664904862.96,664904862.96,148775102.02,284775433.20,50000000.00,181354327.75
Nov 16 2024,AXL,0,663253098.33,663253098.33,148394947.38,283967225.26,50000000.00,180890925.69
Nov 14 2024,AXL,0,661601333.69,661601333.69,148014792.74,283159017.33,50000000.00,180427523.63
Nov 12 2024,AXL,0,659949569.06,659949569.06,147634638.10,282350809.39,50000000.00,179964121.56
Nov 10 2024,AXL,0,658297804.42,658297804.42,147254483.46,281542601.46,50000000.00,179500719.50
Nov 08 2024,AXL,0,656646039.79,656646039.79,146874328.82,280734393.52,50000000.00,179037317.44
Nov 06 2024,AXL,0,654994275.15,654994275.15,146494174.18,279926185.59,50000000.00,178573915.38
Nov 04 2024,AXL,0,653342510.52,653342510.52,146114019.54,279117977.66,50000000.00,178110513.32
Nov 02 2024,AXL,0,651690745.88,651690745.88,145733864.91,278309769.72,50000000.00,177647111.25
Oct 31 2024,AXL,0,650038981.25,650038981.25,145353710.27,277501561.79,50000000.00,177183709.19
Oct 30 2024,AXL,0,649213098.93,649213098.93,145163632.95,277097457.82,50000000.00,176952008.16
Oct 28 2024,AXL,0,647561334.29,647561334.29,144783478.31,276289249.89,50000000.00,176488606.10
Oct 26 2024,AXL,0,645909569.66,645909569.66,144403323.67,275481041.95,50000000.00,176025204.04
Oct 24 2024,AXL,0,644257805.02,644257805.02,144023169.03,274672834.02,50000000.00,175561801.98
Oct 22 2024,AXL,0,642606040.39,642606040.39,143643014.39,273864626.08,50000000.00,175098399.91
Oct 20 2024,AXL,0,640954275.75,640954275.75,143262859.75,273056418.15,50000000.00,174634997.85
Oct 18 2024,AXL,0,639302511.12,639302511.12,142882705.11,272248210.21,50000000.00,174171595.79
Oct 16 2024,AXL,0,637650746.48,637650746.48,142502550.47,271440002.28,50000000.00,173708193.73
Oct 14 2024,AXL,0,635998981.85,635998981.85,142122395.83,270631794.35,50000000.00,173244791.67
Oct 12 2024,AXL,0,634347217.21,634347217.21,141742241.19,269823586.41,50000000.00,172781389.60
Oct 10 2024,AXL,0,632695452.57,632695452.57,141362086.55,269015378.48,50000000.00,172317987.54
Oct 08 2024,AXL,0,631043687.94,631043687.94,140981931.92,268207170.54,50000000.00,171854585.48
Oct 06 2024,AXL,0,629391923.30,629391923.30,140601777.28,267398962.61,50000000.00,171391183.42
Oct 04 2024,AXL,0,627740158.67,627740158.67,140221622.64,266590754.67,50000000.00,170927781.36
Oct 02 2024,AXL,0,626088394.03,626088394.03,139841468.00,265782546.74,50000000.00,170464379.30
Sep 30 2024,AXL,0,624436629.40,624436629.40,139461313.36,264974338.81,50000000.00,170000977.23
Sep 28 2024,AXL,0,622784864.76,622784864.76,139081158.72,264166130.87,50000000.00,169537575.17
Sep 26 2024,AXL,0,621133100.13,621133100.13,138701004.08,263357922.94,50000000.00,169074173.11
Sep 24 2024,AXL,0,619481335.49,619481335.49,138320849.44,262549715.00,50000000.00,168610771.05
Sep 23 2024,AXL,0,618655453.17,618655453.17,138130772.12,262145611.04,50000000.00,168379070.02
Sep 21 2024,AXL,0,617003688.54,617003688.54,137750617.48,261337403.10,50000000.00,167915667.96
Sep 19 2024,AXL,0,615351923.90,615351923.90,137370462.84,260529195.17,50000000.00,167452265.89
Sep 17 2024,AXL,0,613700159.27,613700159.27,136990308.20,259720987.23,50000000.00,166988863.83
Sep 15 2024,AXL,0,612048394.63,612048394.63,136610153.57,258912779.30,50000000.00,166525461.77
Sep 13 2024,AXL,0,610396630.00,610396630.00,136229998.93,258104571.36,50000000.00,166062059.71
Sep 11 2024,AXL,0,608744865.36,608744865.36,135849844.29,257296363.43,50000000.00,165598657.65
Sep 09 2024,AXL,0,607093100.73,607093100.73,135469689.65,256488155.49,50000000.00,165135255.58
Sep 07 2024,AXL,0,605441336.09,605441336.09,135089535.01,255679947.56,50000000.00,164671853.52
Sep 05 2024,AXL,0,603789571.46,603789571.46,134709380.37,254871739.63,50000000.00,164208451.46
Sep 03 2024,AXL,0,602137806.82,602137806.82,134329225.73,254063531.69,50000000.00,163745049.40
Sep 01 2024,AXL,0,600486042.19,600486042.19,133949071.09,253255323.76,50000000.00,163281647.34
Aug 30 2024,AXL,0,598834277.55,598834277.55,133568916.45,252447115.82,50000000.00,162818245.27
Aug 28 2024,AXL,0,597182512.91,597182512.91,133188761.81,251638907.89,50000000.00,162354843.21
Aug 26 2024,AXL,0,595530748.28,595530748.28,132808607.17,250830699.95,50000000.00,161891441.15
Aug 24 2024,AXL,0,593878983.64,593878983.64,132428452.53,250022492.02,50000000.00,161428039.09
Aug 22 2024,AXL,0,592227219.01,592227219.01,132048297.90,249214284.09,50000000.00,160964637.03
Aug 20 2024,AXL,0,590575454.37,590575454.37,131668143.26,248406076.15,50000000.00,160501234.97
Aug 18 2024,AXL,0,588923689.74,588923689.74,131287988.62,247597868.22,50000000.00,160037832.90
Aug 17 2024,AXL,0,588097807.42,588097807.42,131097911.30,247193764.25,50000000.00,159806131.87
Aug 15 2024,AXL,0,586446042.78,586446042.78,130717756.66,246385556.32,50000000.00,159342729.81
Aug 13 2024,AXL,0,584794278.15,584794278.15,130337602.02,245577348.38,50000000.00,158879327.75
Aug 11 2024,AXL,0,583142513.51,583142513.51,129957447.38,244769140.45,50000000.00,158415925.69
Aug 09 2024,AXL,0,581490748.88,581490748.88,129577292.74,243960932.51,50000000.00,157952523.63
Aug 07 2024,AXL,0,579838984.24,579838984.24,129197138.10,243152724.58,50000000.00,157489121.56
Aug 05 2024,AXL,0,578187219.61,578187219.61,128816983.46,242344516.64,50000000.00,157025719.50
Aug 03 2024,AXL,0,576535454.97,576535454.97,128436828.82,241536308.71,50000000.00,156562317.44
Aug 01 2024,AXL,0,574883690.34,574883690.34,128056674.18,240728100.78,50000000.00,156098915.38
Jul 30 2024,AXL,0,573231925.70,573231925.70,127676519.54,239919892.84,50000000.00,155635513.32
Jul 28 2024,AXL,0,571580161.07,571580161.07,127296364.91,239111684.91,50000000.00,155172111.25
Jul 26 2024,AXL,0,569928396.43,569928396.43,126916210.27,238303476.97,50000000.00,154708709.19
Jul 24 2024,AXL,0,568276631.80,568276631.80,126536055.63,237495269.04,50000000.00,154245307.13
Jul 22 2024,AXL,0,566624867.16,566624867.16,126155900.99,236687061.10,50000000.00,153781905.07
Jul 20 2024,AXL,0,564973102.52,564973102.52,125775746.35,235878853.17,50000000.00,153318503.01
Jul 18 2024,AXL,0,563321337.89,563321337.89,125395591.71,235070645.23,50000000.00,152855100.95
Jul 16 2024,AXL,0,561669573.25,561669573.25,125015437.07,234262437.30,50000000.00,152391698.88
Jul 14 2024,AXL,0,560017808.62,560017808.62,124635282.43,233454229.37,50000000.00,151928296.82
Jul 12 2024,AXL,0,558366043.98,558366043.98,124255127.79,232646021.43,50000000.00,151464894.76
Jul 11 2024,AXL,0,557540161.67,557540161.67,124065050.47,232241917.46,50000000.00,151233193.73
Jul 09 2024,AXL,0,555888397.03,555888397.03,123684895.83,231433709.53,50000000.00,150769791.67
Jul 07 2024,AXL,0,554236632.39,554236632.39,123304741.19,230625501.60,50000000.00,150306389.60
Jul 05 2024,AXL,0,552584867.76,552584867.76,122924586.55,229817293.66,50000000.00,149842987.54
Jul 03 2024,AXL,0,550933103.12,550933103.12,122544431.92,229009085.73,50000000.00,149379585.48
Jul 01 2024,AXL,0,549281338.49,549281338.49,122164277.28,228200877.79,50000000.00,148916183.42
Jun 29 2024,AXL,0,547629573.85,547629573.85,121784122.64,227392669.86,50000000.00,148452781.36
Jun 27 2024,AXL,0,545977809.22,545977809.22,121403968.00,226584461.92,50000000.00,147989379.30
Jun 25 2024,AXL,0,544326044.58,544326044.58,121023813.36,225776253.99,50000000.00,147525977.23
Jun 23 2024,AXL,0,542674279.95,542674279.95,120643658.72,224968046.06,50000000.00,147062575.17
Jun 21 2024,AXL,0,541022515.31,541022515.31,120263504.08,224159838.12,50000000.00,146599173.11
Jun 19 2024,AXL,0,539370750.68,539370750.68,119883349.44,223351630.19,50000000.00,146135771.05
Jun 17 2024,AXL,0,537718986.04,537718986.04,119503194.80,222543422.25,50000000.00,145672368.99
Jun 15 2024,AXL,0,536067221.41,536067221.41,119123040.16,221735214.32,50000000.00,145208966.92
Jun 13 2024,AXL,0,534415456.77,534415456.77,118742885.52,220927006.38,50000000.00,144745564.86
Jun 11 2024,AXL,0,532763692.14,532763692.14,118362730.88,220118798.45,50000000.00,144282162.80
Jun 09 2024,AXL,0,531111927.50,531111927.50,117982576.25,219310590.52,50000000.00,143818760.74
Jun 07 2024,AXL,0,529460162.86,529460162.86,117602421.61,218502382.58,50000000.00,143355358.68
Jun 05 2024,AXL,0,527808398.23,527808398.23,117222266.97,217694174.65,50000000.00,142891956.62
Jun 04 2024,AXL,0,526982515.91,526982515.91,117032189.65,217290070.68,50000000.00,142660255.58
Jun 02 2024,AXL,0,525330751.28,525330751.28,116652035.01,216481862.75,50000000.00,142196853.52
May 31 2024,AXL,0,523678986.64,523678986.64,116271880.37,215673654.81,50000000.00,141733451.46
May 29 2024,AXL,0,522027222.01,522027222.01,115891725.73,214865446.88,50000000.00,141270049.40
May 27 2024,AXL,0,520375457.37,520375457.37,115511571.09,214057238.94,50000000.00,140806647.34
May 25 2024,AXL,0,518723692.73,518723692.73,115131416.45,213249031.01,50000000.00,140343245.27
May 23 2024,AXL,0,517071928.10,517071928.10,114751261.81,212440823.07,50000000.00,139879843.21
May 21 2024,AXL,0,515420163.46,515420163.46,114371107.17,211632615.14,50000000.00,139416441.15
May 19 2024,AXL,0,513768398.83,513768398.83,113990952.53,210824407.20,50000000.00,138953039.09
May 17 2024,AXL,0,512116634.19,512116634.19,113610797.90,210016199.27,50000000.00,138489637.03
May 15 2024,AXL,0,510464869.56,510464869.56,113230643.26,209207991.34,50000000.00,138026234.97
May 13 2024,AXL,0,508813104.92,508813104.92,112850488.62,208399783.40,50000000.00,137562832.90
May 11 2024,AXL,0,507161340.29,507161340.29,112470333.98,207591575.47,50000000.00,137099430.84
May 09 2024,AXL,0,505509575.65,505509575.65,112090179.34,206783367.53,50000000.00,136636028.78
May 07 2024,AXL,0,503857811.02,503857811.02,111710024.70,205975159.60,50000000.00,136172626.72
May 05 2024,AXL,0,502206046.38,502206046.38,111329870.06,205166951.66,50000000.00,135709224.66
May 03 2024,AXL,0,500554281.75,500554281.75,110949715.42,204358743.73,50000000.00,135245822.59
May 01 2024,AXL,0,498902517.11,498902517.11,110569560.78,203550535.80,50000000.00,134782420.53
Apr 29 2024,AXL,0,497250752.47,497250752.47,110189406.14,202742327.86,50000000.00,134319018.47
Apr 27 2024,AXL,0,495598987.84,495598987.84,109809251.50,201934119.93,50000000.00,133855616.41
Apr 26 2024,AXL,0,494773105.52,494773105.52,109619174.18,201530015.96,50000000.00,133623915.38
Apr 24 2024,AXL,0,493121340.89,493121340.89,109239019.54,200721808.03,50000000.00,133160513.32
Apr 22 2024,AXL,0,491469576.25,491469576.25,108858864.91,199913600.09,50000000.00,132697111.25
Apr 20 2024,AXL,0,489817811.62,489817811.62,108478710.27,199105392.16,50000000.00,132233709.19
Apr 18 2024,AXL,0,488166046.98,488166046.98,108098555.63,198297184.22,50000000.00,131770307.13
Apr 16 2024,AXL,0,486514282.34,486514282.34,107718400.99,197488976.29,50000000.00,131306905.07
Apr 14 2024,AXL,0,484862517.71,484862517.71,107338246.35,196680768.35,50000000.00,130843503.01
Apr 12 2024,AXL,0,483210753.07,483210753.07,106958091.71,195872560.42,50000000.00,130380100.95
Apr 10 2024,AXL,0,481558988.44,481558988.44,106577937.07,195064352.49,50000000.00,129916698.88
Apr 08 2024,AXL,0,479907223.80,479907223.80,106197782.43,194256144.55,50000000.00,129453296.82
Apr 06 2024,AXL,0,478255459.17,478255459.17,105817627.79,193447936.62,50000000.00,128989894.76
Apr 04 2024,AXL,0,476603694.53,476603694.53,105437473.15,192639728.68,50000000.00,128526492.70
Apr 02 2024,AXL,0,474951929.90,474951929.90,105057318.51,191831520.75,50000000.00,128063090.64
Mar 31 2024,AXL,$2.01,0,473300165.26,104677163.87,191023312.81,50000000.00,127599688.57
Mar 29 2024,AXL,$2.09,0,471648400.63,104297009.24,190215104.88,50000000.00,127136286.51
Mar 27 2024,AXL,$1.96,0,469996635.99,103916854.60,189406896.94,50000000.00,126672884.45
Mar 25 2024,AXL,$1.93,0,468344871.36,103536699.96,188598689.01,50000000.00,126209482.39
Mar 23 2024,AXL,$1.83,0,466693106.72,103156545.32,187790481.08,50000000.00,125746080.33
Mar 21 2024,AXL,$1.82,0,465041342.09,102776390.68,186982273.14,50000000.00,125282678.26
Mar 20 2024,AXL,$1.64,0,464215459.77,102586313.36,186578169.17,50000000.00,125050977.23
Mar 18 2024,AXL,$1.92,0,462563695.13,102206158.72,185769961.24,50000000.00,124587575.17
Mar 16 2024,AXL,$1.95,0,460911930.50,101826004.08,184961753.31,50000000.00,124124173.11
Mar 14 2024,AXL,$2.16,0,459260165.86,101445849.44,184153545.37,50000000.00,123660771.05
Mar 12 2024,AXL,$2.25,0,457608401.23,101065694.80,183345337.44,50000000.00,123197368.99
Mar 10 2024,AXL,$2.22,0,455956636.59,100685540.16,182537129.50,50000000.00,122733966.92
Mar 08 2024,AXL,$2.22,0,454304871.96,100305385.52,181728921.57,50000000.00,122270564.86
Mar 06 2024,AXL,$2.04,0,452653107.32,99925230.88,180920713.63,50000000.00,121807162.80
Mar 04 2024,AXL,$2.40,0,451001342.68,99545076.25,180112505.70,50000000.00,121343760.74
Mar 02 2024,AXL,$1.94,0,449349578.05,99164921.61,179304297.77,50000000.00,120880358.68
Feb 29 2024,AXL,$1.57,0,447697813.41,98784766.97,178496089.83,50000000.00,120416956.62
Feb 27 2024,AXL,$1.47,0,446046048.78,98404612.33,177687881.90,50000000.00,119953554.55
Feb 25 2024,AXL,$1.46,0,444394284.14,98024457.69,176879673.96,50000000.00,119490152.49
Feb 23 2024,AXL,$1.48,0,442742519.51,97644303.05,176071466.03,50000000.00,119026750.43
Feb 21 2024,AXL,$1.30,0,441090754.87,97264148.41,175263258.09,50000000.00,118563348.37
Feb 19 2024,AXL,$1.25,0,439438990.24,96883993.77,174455050.16,50000000.00,118099946.31
Feb 17 2024,AXL,$1.21,0,437787225.60,96503839.13,173646842.23,50000000.00,117636544.24
Feb 15 2024,AXL,$1.20,0,436135460.97,96123684.49,172838634.29,50000000.00,117173142.18
Feb 13 2024,AXL,$1.08,0,434483696.33,95743529.85,172030426.36,50000000.00,116709740.12
Feb 12 2024,AXL,$1.07,0,433657814.01,95553452.53,171626322.39,50000000.00,116478039.09
Feb 10 2024,AXL,$1.13,0,432006049.38,95173297.90,170818114.46,50000000.00,116014637.03
Feb 08 2024,AXL,$0.97,0,430354284.74,94793143.26,170009906.52,50000000.00,115551234.97
Feb 06 2024,AXL,$0.89,0,428702520.11,94412988.62,169201698.59,50000000.00,115087832.90
Feb 04 2024,AXL,$0.91,0,427050755.47,94032833.98,168393490.65,50000000.00,114624430.84
Feb 02 2024,AXL,$0.90,0,425398990.84,93652679.34,167585282.72,50000000.00,114161028.78
Jan 31 2024,AXL,$0.95,0,423747226.20,93272524.70,166777074.78,50000000.00,113697626.72
Jan 29 2024,AXL,$0.95,0,422095461.57,92892370.06,165968866.85,50000000.00,113234224.66
Jan 27 2024,AXL,$0.93,0,420443696.93,92512215.42,165160658.91,50000000.00,112770822.59
Jan 25 2024,AXL,$0.92,0,418791932.29,92132060.78,164352450.98,50000000.00,112307420.53
Jan 23 2024,AXL,$0.99,0,417140167.66,91751906.14,163544243.05,50000000.00,111844018.47
Jan 21 2024,AXL,$0.90,0,415488403.02,91371751.50,162736035.11,50000000.00,111380616.41
Jan 19 2024,AXL,$0.92,0,413836638.39,90991596.86,161927827.18,50000000.00,110917214.35
Jan 17 2024,AXL,$0.98,0,412184873.75,90611442.23,161119619.24,50000000.00,110453812.29
Jan 15 2024,AXL,$1.03,0,410533109.12,90231287.59,160311411.31,50000000.00,109990410.22
Jan 13 2024,AXL,$1.01,0,408881344.48,89851132.95,159503203.37,50000000.00,109527008.16
Jan 11 2024,AXL,$1.07,0,407229579.85,89470978.31,158694995.44,50000000.00,109063606.10
Jan 09 2024,AXL,$1.11,0,405577815.21,89090823.67,157886787.51,50000000.00,108600204.04
Jan 07 2024,AXL,$1.10,0,403926050.58,88710669.03,157078579.57,50000000.00,108136801.98
Jan 06 2024,AXL,$1.12,0,403100168.26,88520591.71,156674475.60,50000000.00,107905100.95
Jan 04 2024,AXL,$1.10,0,401448403.62,88140437.07,155866267.67,50000000.00,107441698.88
Jan 02 2024,AXL,$1.20,0,399796638.99,87760282.43,155058059.74,50000000.00,106978296.82
Dec 31 2023,AXL,$1.19,0,398144874.35,87380127.79,154249851.80,50000000.00,106514894.76
Dec 29 2023,AXL,$1.10,0,396493109.72,86999973.15,153441643.87,50000000.00,106051492.70
Dec 27 2023,AXL,$1.15,0,394841345.08,86619818.51,152633435.93,50000000.00,105588090.64
Dec 25 2023,AXL,$1.10,0,393189580.45,86239663.87,151825228.00,50000000.00,105124688.57
Dec 23 2023,AXL,$1.21,0,391537815.81,85859509.24,151017020.06,50000000.00,104661286.51
Dec 21 2023,AXL,$1.00,0,389886051.18,85479354.60,150208812.13,50000000.00,104197884.45
Dec 19 2023,AXL,$1.08,0,388234286.54,85099199.96,149400604.20,50000000.00,103734482.39
Dec 17 2023,AXL,$1.09,0,386582521.91,84719045.32,148592396.26,50000000.00,103271080.33
Dec 15 2023,AXL,$0.91,0,384930757.27,84338890.68,147784188.33,50000000.00,102807678.26
Dec 13 2023,AXL,$0.78,0,383278992.63,83958736.04,146975980.39,50000000.00,102344276.20
Dec 11 2023,AXL,$0.79,0,381627228.00,83578581.40,146167772.46,50000000.00,101880874.14
Dec 09 2023,AXL,$0.79,0,379975463.36,83198426.76,145359564.52,50000000.00,101417472.08
Dec 07 2023,AXL,$0.62,0,378323698.73,82818272.12,144551356.59,50000000.00,100954070.02
Dec 05 2023,AXL,$0.67,0,376671934.09,82438117.48,143743148.65,50000000.00,100490667.96
Dec 03 2023,AXL,$0.73,0,375020169.46,82057962.84,142934940.72,50000000.00,100027265.89
Dec 01 2023,AXL,$0.76,0,373368404.82,81677808.20,142126732.79,50000000.00,99563863.83
Nov 30 2023,AXL,$0.74,0,372542522.50,81487730.88,141722628.82,50000000.00,99332162.80
Nov 28 2023,AXL,$0.68,0,370890757.87,81107576.25,140914420.88,50000000.00,98868760.74
Nov 26 2023,AXL,$0.69,0,369238993.23,80727421.61,140106212.95,50000000.00,98405358.68
Nov 24 2023,AXL,$0.70,0,367587228.60,80347266.97,139298005.02,50000000.00,97941956.62
Nov 22 2023,AXL,$0.62,0,365935463.96,79967112.33,138489797.08,50000000.00,97478554.55
Nov 20 2023,AXL,$0.58,0,364283699.33,79586957.69,137681589.15,50000000.00,97015152.49
Nov 18 2023,AXL,$0.53,0,362631934.69,79206803.05,136873381.21,50000000.00,96551750.43
Nov 16 2023,AXL,$0.44,0,360980170.06,78826648.41,136065173.28,50000000.00,96088348.37
Nov 14 2023,AXL,$0.42,0,359328405.42,78446493.77,135256965.34,50000000.00,95624946.31
Nov 12 2023,AXL,$0.42,0,357676640.79,78066339.13,134448757.41,50000000.00,95161544.24
Nov 10 2023,AXL,$0.41,0,356024876.15,77686184.49,133640549.48,50000000.00,94698142.18
Nov 08 2023,AXL,$0.38,0,354373111.52,77306029.85,132832341.54,50000000.00,94234740.12
Nov 06 2023,AXL,$0.37,0,352721346.88,76925875.21,132024133.61,50000000.00,93771338.06
Nov 04 2023,AXL,$0.36,0,351069582.24,76545720.58,131215925.67,50000000.00,93307936.00
Nov 02 2023,AXL,$0.35,0,349417817.61,76165565.94,130407717.74,50000000.00,92844533.93
Oct 31 2023,AXL,$0.33,0,347766052.97,75785411.30,129599509.80,50000000.00,92381131.87
Oct 29 2023,AXL,$0.31,0,346114288.34,75405256.66,128791301.87,50000000.00,91917729.81
Oct 27 2023,AXL,$0.31,0,344462523.70,75025102.02,127983093.94,50000000.00,91454327.75
Oct 25 2023,AXL,$0.32,0,342810759.07,74644947.38,127174886.00,50000000.00,90990925.69
Oct 24 2023,AXL,$0.31,0,341984876.75,74454870.06,126770782.03,50000000.00,90759224.66
Oct 22 2023,AXL,$0.31,0,340333112.11,74074715.42,125962574.10,50000000.00,90295822.59
Oct 20 2023,AXL,$0.32,0,338681347.48,73694560.78,125154366.17,50000000.00,89832420.53
Oct 18 2023,AXL,$0.31,0,337029582.84,73314406.14,124346158.23,50000000.00,89369018.47
Oct 16 2023,AXL,$0.31,0,335377818.21,72934251.50,123537950.30,50000000.00,88905616.41
Oct 14 2023,AXL,$0.33,0,333726053.57,72554096.86,122729742.36,50000000.00,88442214.35
Oct 12 2023,AXL,$0.33,0,332074288.94,72173942.23,121921534.43,50000000.00,87978812.29
Oct 10 2023,AXL,$0.33,0,330422524.30,71793787.59,121113326.49,50000000.00,87515410.22
Oct 08 2023,AXL,$0.33,0,328770759.67,71413632.95,120305118.56,50000000.00,87052008.16
Oct 06 2023,AXL,$0.33,0,327118995.03,71033478.31,119496910.62,50000000.00,86588606.10
Oct 04 2023,AXL,$0.33,0,325467230.40,70653323.67,118688702.69,50000000.00,86125204.04
Oct 02 2023,AXL,$0.33,0,323815465.76,70273169.03,117880494.76,50000000.00,85661801.98
Sep 30 2023,AXL,$0.33,0,322163701.13,69893014.39,117072286.82,50000000.00,85198399.91
Sep 28 2023,AXL,$0.33,0,320511936.49,69512859.75,116264078.89,50000000.00,84734997.85
Sep 26 2023,AXL,$0.33,0,318860171.86,69132705.11,115455870.95,50000000.00,84271595.79
Sep 24 2023,AXL,$0.33,0,317208407.22,68752550.47,114647663.02,50000000.00,83808193.73
Sep 22 2023,AXL,$0.33,0,315556642.58,68372395.83,113839455.08,50000000.00,83344791.67
Sep 20 2023,AXL,$0.34,0,313904877.95,67992241.19,113031247.15,50000000.00,82881389.60
Sep 18 2023,AXL,$0.34,0,312253113.31,67612086.55,112223039.22,50000000.00,82417987.54
Sep 17 2023,AXL,$0.34,0,311427231.00,67422009.24,111818935.25,50000000.00,82186286.51
Sep 15 2023,AXL,$0.35,0,309775466.36,67041854.60,111010727.31,50000000.00,81722884.45
Sep 13 2023,AXL,$0.34,0,308123701.73,66661699.96,110202519.38,50000000.00,81259482.39
Sep 11 2023,AXL,$0.35,0,306471937.09,66281545.32,109394311.45,50000000.00,80796080.33
Sep 09 2023,AXL,$0.35,0,304820172.45,65901390.68,108586103.51,50000000.00,80332678.26
Sep 07 2023,AXL,$0.35,0,303168407.82,65521236.04,107777895.58,50000000.00,79869276.20
Sep 05 2023,AXL,$0.35,0,301516643.18,65141081.40,106969687.64,50000000.00,79405874.14
Sep 03 2023,AXL,$0.35,0,299864878.55,64760926.76,106161479.71,50000000.00,78942472.08
Sep 01 2023,AXL,$0.34,0,298213113.91,64380772.12,105353271.77,50000000.00,78479070.02
Aug 30 2023,AXL,$0.34,0,296561349.28,64000617.48,104545063.84,50000000.00,78015667.96
Aug 28 2023,AXL,$0.35,0,294909584.64,63620462.84,103736855.91,50000000.00,77552265.89
Aug 26 2023,AXL,$0.35,0,293257820.01,63240308.20,102928647.97,50000000.00,77088863.83
Aug 24 2023,AXL,$0.35,0,291606055.37,62860153.57,102120440.04,50000000.00,76625461.77
Aug 22 2023,AXL,$0.36,0,289954290.74,62479998.93,101312232.10,50000000.00,76162059.71
Aug 20 2023,AXL,$0.37,0,288302526.10,62099844.29,100504024.17,50000000.00,75698657.65
Aug 18 2023,AXL,$0.37,0,286650761.47,61719689.65,99695816.23,50000000.00,75235255.58
Aug 16 2023,AXL,$0.37,0,284998996.83,61339535.01,98887608.30,50000000.00,74771853.52
Aug 14 2023,AXL,$0.38,0,283347232.19,60959380.37,98079400.36,50000000.00,74308451.46
Aug 12 2023,AXL,$0.38,0,281695467.56,60579225.73,97271192.43,50000000.00,73845049.40
Aug 10 2023,AXL,$0.38,0,280043702.92,60199071.09,96462984.50,50000000.00,73381647.34
Aug 09 2023,AXL,$0.39,0,279217820.61,60008993.77,96058880.53,50000000.00,73149946.31
Aug 07 2023,AXL,$0.39,0,277566055.97,59628839.13,95250672.59,50000000.00,72686544.24
Aug 05 2023,AXL,$0.39,0,275914291.34,59248684.49,94442464.66,50000000.00,72223142.18
Aug 03 2023,AXL,$0.39,0,274262526.70,58868529.85,93634256.73,50000000.00,71759740.12
Aug 01 2023,AXL,$0.39,0,272610762.06,58488375.21,92826048.79,50000000.00,71296338.06
Jul 30 2023,AXL,$0.41,0,270958997.43,58108220.58,92017840.86,50000000.00,70832936.00
Jul 28 2023,AXL,$0.39,0,269307232.79,57728065.94,91209632.92,50000000.00,70369533.93
Jul 26 2023,AXL,$0.40,0,267655468.16,57347911.30,90401424.99,50000000.00,69906131.87
Jul 24 2023,AXL,$0.40,0,266003703.52,56967756.66,89593217.05,50000000.00,69442729.81
Jul 22 2023,AXL,$0.39,0,264351938.89,56587602.02,88785009.12,50000000.00,68979327.75
Jul 20 2023,AXL,$0.34,0,262700174.25,56207447.38,87976801.19,50000000.00,68515925.69
Jul 18 2023,AXL,$0.35,0,261048409.62,55827292.74,87168593.25,50000000.00,68052523.63
Jul 16 2023,AXL,$0.37,0,259396644.98,55447138.10,86360385.32,50000000.00,67589121.56
Jul 14 2023,AXL,$0.36,0,257744880.35,55066983.46,85552177.38,50000000.00,67125719.50
Jul 12 2023,AXL,$0.36,0,256093115.71,54686828.82,84743969.45,50000000.00,66662317.44
Jul 10 2023,AXL,$0.33,0,254441351.08,54306674.18,83935761.51,50000000.00,66198915.38
Jul 08 2023,AXL,$0.34,0,252789586.44,53926519.54,83127553.58,50000000.00,65735513.32
Jul 06 2023,AXL,$0.37,0,251137821.81,53546364.91,82319345.65,50000000.00,65272111.25
Jul 04 2023,AXL,$0.38,0,249486057.17,53166210.27,81511137.71,50000000.00,64808709.19
Jul 03 2023,AXL,$0.37,0,248660174.85,52976132.95,81107033.74,50000000.00,64577008.16
Jul 01 2023,AXL,$0.38,0,247008410.22,52595978.31,80298825.81,50000000.00,64113606.10
Jun 29 2023,AXL,$0.39,0,245356645.58,52215823.67,79490617.88,50000000.00,63650204.04
Jun 27 2023,AXL,$0.40,0,243704880.95,51835669.03,78682409.94,50000000.00,63186801.98
Jun 25 2023,AXL,$0.41,0,242053116.31,51455514.39,77874202.01,50000000.00,62723399.91
Jun 23 2023,AXL,$0.40,0,240401351.68,51075359.75,77065994.07,50000000.00,62259997.85
Jun 21 2023,AXL,$0.40,0,238749587.04,50695205.11,76257786.14,50000000.00,61796595.79
Jun 19 2023,AXL,$0.39,0,237097822.40,50315050.47,75449578.20,50000000.00,61333193.73
Jun 17 2023,AXL,$0.38,0,235446057.77,49934895.83,74641370.27,50000000.00,60869791.67
Jun 15 2023,AXL,$0.38,0,233794293.13,49554741.19,73833162.33,50000000.00,60406389.60
Jun 13 2023,AXL,$0.39,0,232142528.50,49174586.55,73024954.40,50000000.00,59942987.54
Jun 11 2023,AXL,$0.37,0,230490763.86,48794431.92,72216746.47,50000000.00,59479585.48
Jun 09 2023,AXL,$0.44,0,228838999.23,48414277.28,71408538.53,50000000.00,59016183.42
Jun 07 2023,AXL,$0.44,0,227187234.59,48034122.64,70600330.60,50000000.00,58552781.36
Jun 05 2023,AXL,$0.43,0,225535469.96,47653968.00,69792122.66,50000000.00,58089379.30
Jun 03 2023,AXL,$0.44,0,223883705.32,47273813.36,68983914.73,50000000.00,57625977.23
Jun 01 2023,AXL,$0.43,0,222231940.69,46893658.72,68175706.79,50000000.00,57162575.17
May 30 2023,AXL,$0.46,0,220580176.05,46513504.08,67367498.86,50000000.00,56699173.11
May 28 2023,AXL,$0.45,0,218928411.42,46133349.44,66559290.93,50000000.00,56235771.05
May 27 2023,AXL,$0.45,0,218102529.10,45943272.12,66155186.96,50000000.00,56004070.02
May 25 2023,AXL,$0.44,0,216450764.46,45563117.48,65346979.02,50000000.00,55540667.96
May 23 2023,AXL,$0.45,0,214798999.83,45182962.84,64538771.09,50000000.00,55077265.89
May 21 2023,AXL,$0.46,0,213147235.19,44802808.20,63730563.16,50000000.00,54613863.83
May 19 2023,AXL,$0.48,0,211495470.56,44422653.57,62922355.22,50000000.00,54150461.77
May 17 2023,AXL,$0.51,0,209843705.92,44042498.93,62114147.29,50000000.00,53687059.71
May 15 2023,AXL,$0.54,0,208191941.29,43662344.29,61305939.35,50000000.00,53223657.65
May 13 2023,AXL,$0.53,0,206540176.65,43282189.65,60497731.42,50000000.00,52760255.58
May 11 2023,AXL,$0.54,0,204888412.01,42902035.01,59689523.48,50000000.00,52296853.52
May 09 2023,AXL,$0.55,0,203236647.38,42521880.37,58881315.55,50000000.00,51833451.46
May 07 2023,AXL,$0.57,0,201584882.74,42141725.73,58073107.62,50000000.00,51370049.40
May 05 2023,AXL,$0.58,0,199933118.11,41761571.09,57264899.68,50000000.00,50906647.34
May 03 2023,AXL,$0.58,0,198281353.47,41381416.45,56456691.75,50000000.00,50443245.27
May 01 2023,AXL,$0.52,0,196629588.84,41001261.81,55648483.81,50000000.00,49979843.21
Apr 29 2023,AXL,$0.51,0,194977824.20,40621107.17,54840275.88,50000000.00,49516441.15
Apr 27 2023,AXL,$0.47,0,193326059.57,40240952.53,54032067.94,50000000.00,49053039.09
Apr 25 2023,AXL,$0.49,0,191674294.93,39860797.90,53223860.01,50000000.00,48589637.03
Apr 23 2023,AXL,$0.52,0,190022530.30,39480643.26,52415652.07,50000000.00,48126234.97
Apr 21 2023,AXL,$0.51,0,188370765.66,39100488.62,51607444.14,50000000.00,47662832.90
Apr 20 2023,AXL,$0.54,0,187544883.34,38910411.30,51203340.17,50000000.00,47431131.87
Apr 18 2023,AXL,$0.53,0,185893118.71,38530256.66,50395132.24,50000000.00,46967729.81
Apr 16 2023,AXL,$0.54,0,184241354.07,38150102.02,49586924.30,50000000.00,46504327.75
Apr 14 2023,AXL,$0.56,0,182589589.44,37769947.38,48778716.37,50000000.00,46040925.69
Apr 12 2023,AXL,$0.56,0,180937824.80,37389792.74,47970508.44,50000000.00,45577523.63
Apr 10 2023,AXL,$0.59,0,179286060.17,37009638.10,47162300.50,50000000.00,45114121.56
Apr 08 2023,AXL,$0.59,0,177634295.53,36629483.46,46354092.57,50000000.00,44650719.50
Apr 06 2023,AXL,$0.62,0,175982530.90,36249328.82,45545884.63,50000000.00,44187317.44
Apr 04 2023,AXL,$0.58,0,174330766.26,35869174.18,44737676.70,50000000.00,43723915.38
Apr 02 2023,AXL,$0.60,0,172679001.63,35489019.54,43929468.76,50000000.00,43260513.32
Mar 31 2023,AXL,$0.60,0,171027236.99,35108864.91,43121260.83,50000000.00,42797111.25
Mar 29 2023,AXL,$0.60,0,169375472.35,34728710.27,42313052.90,50000000.00,42333709.19
Mar 27 2023,AXL,$0.61,0,167723707.72,34348555.63,41504844.96,50000000.00,41870307.13
Mar 25 2023,AXL,$0.61,0,166071943.08,33968400.99,40696637.03,50000000.00,41406905.07
Mar 23 2023,AXL,$0.63,0,164420178.45,33588246.35,39888429.09,50000000.00,40943503.01
Mar 21 2023,AXL,$0.64,0,162768413.81,33208091.71,39080221.16,50000000.00,40480100.95
Mar 19 2023,AXL,$0.64,0,161116649.18,32827937.07,38272013.22,50000000.00,40016698.88
Mar 17 2023,AXL,$0.65,0,159464884.54,32447782.43,37463805.29,50000000.00,39553296.82
Mar 15 2023,AXL,$0.65,0,157813119.91,32067627.79,36655597.36,50000000.00,39089894.76
Mar 14 2023,AXL,$0.66,0,156987237.59,31877550.47,36251493.39,50000000.00,38858193.73
Mar 12 2023,AXL,$0.62,0,155335472.95,31497395.83,35443285.45,50000000.00,38394791.67
Mar 10 2023,AXL,$0.65,0,153683708.32,31117241.19,34635077.52,50000000.00,37931389.60
Mar 08 2023,AXL,$0.69,0,152031943.68,30737086.55,33826869.59,50000000.00,37467987.54
Mar 06 2023,AXL,$0.70,0,150380179.05,30356931.92,33018661.65,50000000.00,37004585.48
Mar 04 2023,AXL,$0.70,0,148728414.41,29976777.28,32210453.72,50000000.00,36541183.42
Mar 02 2023,AXL,$0.75,0,147076649.78,29596622.64,31402245.78,50000000.00,36077781.36
Feb 28 2023,AXL,$0.72,0,145424885.14,29216468.00,30594037.85,50000000.00,35614379.30
Feb 26 2023,AXL,$0.71,0,143773120.51,28836313.36,29785829.91,50000000.00,35150977.23
Feb 24 2023,AXL,$0.73,0,142121355.87,28456158.72,28977621.98,50000000.00,34687575.17
Feb 22 2023,AXL,$0.72,0,140469591.24,28076004.08,28169414.04,50000000.00,34224173.11
Feb 20 2023,AXL,$0.70,0,138817826.60,27695849.44,27361206.11,50000000.00,33760771.05
Feb 18 2023,AXL,$0.72,0,137166061.96,27315694.80,26552998.18,50000000.00,33297368.99
Feb 16 2023,AXL,$0.78,0,135514297.33,26935540.16,25744790.24,50000000.00,32833966.92
Feb 14 2023,AXL,$0.73,0,133862532.69,26555385.52,24936582.31,50000000.00,32370564.86
Feb 12 2023,AXL,$0.78,0,132210768.06,26175230.88,24128374.37,50000000.00,31907162.80
Feb 10 2023,AXL,$0.75,0,130559003.42,25795076.25,23320166.44,50000000.00,31443760.74
Feb 08 2023,AXL,$0.74,0,128907238.79,25414921.61,22511958.50,50000000.00,30980358.68
Feb 06 2023,AXL,$0.61,0,127255474.15,25034766.97,21703750.57,50000000.00,30516956.62
Feb 05 2023,AXL,$0.62,0,126429591.83,24844689.65,21299646.60,50000000.00,30285255.58
Feb 03 2023,AXL,$0.64,0,124777827.20,24464535.01,20491438.67,50000000.00,29821853.52
Feb 01 2023,AXL,$0.61,0,123126062.56,24084380.37,19683230.73,50000000.00,29358451.46
Jan 30 2023,AXL,$0.64,0,121474297.93,23704225.73,18875022.80,50000000.00,28895049.40
Jan 28 2023,AXL,$0.65,0,119822533.29,23324071.09,18066814.87,50000000.00,28431647.34
Jan 26 2023,AXL,$0.60,0,117935492.40,22943916.45,17258606.93,49764723.74,27968245.27
Jan 24 2023,AXL,$0.58,0,115919429.04,22563761.81,16450399.00,49400425.02,27504843.21
Jan 22 2023,AXL,$0.53,0,113903365.69,22183607.17,15642191.06,49036126.30,27041441.15
Jan 20 2023,AXL,$0.52,0,111887302.33,21803452.53,14833983.13,48671827.58,26578039.09
Jan 18 2023,AXL,$0.52,0,109871238.97,21423297.90,14025775.19,48307528.86,26114637.03
Jan 16 2023,AXL,$0.55,0,107855175.62,21043143.26,13217567.26,47943230.14,25651234.97
Jan 14 2023,AXL,$0.55,0,105839112.26,20662988.62,12409359.33,47578931.41,25187832.90
Jan 12 2023,AXL,$0.51,0,103823048.90,20282833.98,11601151.39,47214632.69,24724430.84
Jan 10 2023,AXL,$0.53,0,101806985.55,19902679.34,10792943.46,46850333.97,24261028.78
Jan 08 2023,AXL,$0.52,0,99790922.19,19522524.70,9984735.52,46486035.25,23797626.72
Jan 06 2023,AXL,$0.52,0,97774858.83,19142370.06,9176527.59,46121736.53,23334224.66
Jan 04 2023,AXL,$0.52,0,95758795.48,18762215.42,8368319.65,45757437.81,22870822.59
Jan 02 2023,AXL,$0.50,0,93742732.12,18382060.78,7560111.72,45393139.09,22407420.53
Dec 31 2022,AXL,$0.49,0,91726668.76,18001906.14,6751903.78,45028840.37,21944018.47
Dec 29 2022,AXL,$0.53,0,89710605.41,17621751.50,5943695.85,44664541.64,21480616.41
Dec 28 2022,AXL,$0.57,0,88702573.73,17431674.18,5539591.88,44482392.28,21248915.38
Dec 26 2022,AXL,$0.61,0,86686510.37,17051519.54,4731383.95,44118093.56,20785513.32
Dec 24 2022,AXL,$0.45,0,84670447.02,16671364.91,3923176.01,43753794.84,20322111.25
Dec 22 2022,AXL,$0.41,0,82654383.66,16291210.27,3114968.08,43389496.12,19858709.19
Dec 20 2022,AXL,$0.44,0,80638320.30,15911055.63,2306760.15,43025197.40,19395307.13
Dec 18 2022,AXL,$0.46,0,78622256.95,15530900.99,1498552.21,42660898.68,18931905.07
Dec 16 2022,AXL,$0.53,0,76606193.59,15150746.35,690344.28,42296599.96,18468503.01
Dec 14 2022,AXL,$0.45,0,74707993.89,14770591.71,0,41932301.23,18005100.95
Dec 12 2022,AXL,$0.42,0,73500138.47,14390437.07,0,41568002.51,17541698.88
Dec 10 2022,AXL,$0.44,0,72292283.04,14010282.43,0,41203703.79,17078296.82
Dec 08 2022,AXL,$0.48,0,71084427.62,13630127.79,0,40839405.07,16614894.76
Dec 06 2022,AXL,$0.52,0,69876572.20,13249973.15,0,40475106.35,16151492.70
Dec 04 2022,AXL,$0.52,0,68668716.78,12869818.51,0,40110807.63,15688090.64
Dec 02 2022,AXL,$0.53,0,67460861.35,12489663.87,0,39746508.91,15224688.57
Nov 30 2022,AXL,$0.55,0,66253005.93,12109509.24,0,39382210.19,14761286.51
Nov 28 2022,AXL,$0.56,0,65045150.51,11729354.60,0,39017911.46,14297884.45
Nov 26 2022,AXL,$0.59,0,63837295.09,11349199.96,0,38653612.74,13834482.39
Nov 24 2022,AXL,$0.49,0,62629439.67,10969045.32,0,38289314.02,13371080.33
Nov 22 2022,AXL,$0.51,0,61421584.24,10588890.68,0,37925015.30,12907678.26
Nov 21 2022,AXL,$0.56,0,60817656.53,10398813.36,0,37742865.94,12675977.23
Nov 19 2022,AXL,$0.62,0,59609801.11,10018658.72,0,37378567.22,12212575.17
Nov 17 2022,AXL,$0.64,0,58401945.69,9638504.08,0,37014268.50,11749173.11
Nov 15 2022,AXL,$0.63,0,57194090.26,9258349.44,0,36649969.78,11285771.05
Nov 13 2022,AXL,$0.67,0,55986234.84,8878194.80,0,36285671.05,10822368.99
Nov 11 2022,AXL,$0.71,0,54778379.42,8498040.16,0,35921372.33,10358966.92
Nov 09 2022,AXL,$0.72,0,53570524.00,8117885.52,0,35557073.61,9895564.86
Nov 07 2022,AXL,$0.74,0,52362668.58,7737730.88,0,35192774.89,9432162.80
Nov 05 2022,AXL,$0.80,0,51154813.15,7357576.25,0,34828476.17,8968760.74
Nov 03 2022,AXL,$0.73,0,49946957.73,6977421.61,0,34464177.45,8505358.68
Nov 01 2022,AXL,$0.79,0,48739102.31,6597266.97,0,34099878.73,8041956.62
Oct 30 2022,AXL,$0.83,0,47531246.89,6217112.33,0,33735580.00,7578554.55
Oct 28 2022,AXL,$0.85,0,46323391.46,5836957.69,0,33371281.28,7115152.49
Oct 26 2022,AXL,$0.84,0,45115536.04,5456803.05,0,33006982.56,6651750.43
Oct 24 2022,AXL,$0.89,0,43907680.62,5076648.41,0,32642683.84,6188348.37
Oct 22 2022,AXL,$0.87,0,42699825.20,4696493.77,0,32278385.12,5724946.31
Oct 20 2022,AXL,$0.90,0,41491969.77,4316339.13,0,31914086.40,5261544.24
Oct 18 2022,AXL,$0.92,0,40284114.35,3936184.49,0,31549787.68,4798142.18
Oct 16 2022,AXL,$0.91,0,39076258.93,3556029.85,0,31185488.96,4334740.12
Oct 15 2022,AXL,$0.91,0,38472331.22,3365952.53,0,31003339.59,4103039.09
Oct 13 2022,AXL,$0.98,0,37264475.80,2985797.90,0,30639040.87,3639637.03
Oct 11 2022,AXL,$0.94,0,36056620.37,2605643.26,0,30274742.15,3176234.97
Oct 09 2022,AXL,$0.96,0,34848764.95,2225488.62,0,29910443.43,2712832.90
Oct 07 2022,AXL,$0.89,0,33640909.53,1845333.98,0,29546144.71,2249430.84
Oct 05 2022,AXL,$0.80,0,32433054.11,1465179.34,0,29181845.99,1786028.78
Oct 03 2022,AXL,$0.65,0,31225198.68,1085024.70,0,28817547.27,1322626.72
Oct 01 2022,AXL,$0.67,0,30017343.26,704870.06,0,28453248.55,859224.66
Sep 29 2022,AXL,$0.81,0,28809487.84,324715.42,0,28088949.82,395822.59
Sep 27 2022,AXL,$0.86,0,27777778.00,0,0,27777778.00,0
