Date,Symbol,Price,Available Supply,Unlocked Supply,Reserved (TBD),Founder / Team,Community & Other
Apr 01 2026,BONK,0,99999999999999.70,78899999999999.70,21100000000000.00,20999999999999.70,57900000000000.00
Mar 31 2026,BONK,0,99999999999999.70,78899999999999.70,21100000000000.00,20999999999999.70,57900000000000.00
Mar 29 2026,BONK,0,99999999999999.70,78899999999999.70,21100000000000.00,20999999999999.70,57900000000000.00
Mar 28 2026,BONK,0,99999999999999.70,78899999999999.70,21100000000000.00,20999999999999.70,57900000000000.00
Mar 26 2026,BONK,0,99999999999999.70,78899999999999.70,21100000000000.00,20999999999999.70,57900000000000.00
Mar 25 2026,BONK,0,99999999999999.70,78899999999999.70,21100000000000.00,20999999999999.70,57900000000000.00
Mar 24 2026,BONK,0,99999999999999.70,78899999999999.70,21100000000000.00,20999999999999.70,57900000000000.00
Mar 22 2026,BONK,0,99999999999999.70,78899999999999.70,21100000000000.00,20999999999999.70,57900000000000.00
Mar 21 2026,BONK,0,99999999999999.70,78899999999999.70,21100000000000.00,20999999999999.70,57900000000000.00
Mar 19 2026,BONK,0,99999999999999.70,78899999999999.70,21100000000000.00,20999999999999.70,57900000000000.00
Mar 18 2026,BONK,0,99999999999999.70,78899999999999.70,21100000000000.00,20999999999999.70,57900000000000.00
Mar 16 2026,BONK,0,99999999999999.70,78899999999999.70,21100000000000.00,20999999999999.70,57900000000000.00
Mar 15 2026,BONK,0,99999999999999.70,78899999999999.70,21100000000000.00,20999999999999.70,57900000000000.00
Mar 14 2026,BONK,0,99999999999999.70,78899999999999.70,21100000000000.00,20999999999999.70,57900000000000.00
Mar 12 2026,BONK,0,99999999999999.70,78899999999999.70,21100000000000.00,20999999999999.70,57900000000000.00
Mar 11 2026,BONK,0,99999999999999.70,78899999999999.70,21100000000000.00,20999999999999.70,57900000000000.00
Mar 09 2026,BONK,0,99999999999999.70,78899999999999.70,21100000000000.00,20999999999999.70,57900000000000.00
Mar 08 2026,BONK,0,99999999999999.70,78899999999999.70,21100000000000.00,20999999999999.70,57900000000000.00
Mar 07 2026,BONK,0,99999999999999.70,78899999999999.70,21100000000000.00,20999999999999.70,57900000000000.00
Mar 05 2026,BONK,0,99999999999999.70,78899999999999.70,21100000000000.00,20999999999999.70,57900000000000.00
Mar 04 2026,BONK,0,99999999999999.70,78899999999999.70,21100000000000.00,20999999999999.70,57900000000000.00
Mar 02 2026,BONK,0,99999999999999.70,78899999999999.70,21100000000000.00,20999999999999.70,57900000000000.00
Mar 01 2026,BONK,0,99999999999999.70,78899999999999.70,21100000000000.00,20999999999999.70,57900000000000.00
Feb 27 2026,BONK,0,99999999999999.70,78899999999999.70,21100000000000.00,20999999999999.70,57900000000000.00
Feb 26 2026,BONK,0,99999999999999.70,78899999999999.70,21100000000000.00,20999999999999.70,57900000000000.00
Feb 25 2026,BONK,0,99999999999999.70,78899999999999.70,21100000000000.00,20999999999999.70,57900000000000.00
Feb 23 2026,BONK,0,99999999999999.70,78899999999999.70,21100000000000.00,20999999999999.70,57900000000000.00
Feb 22 2026,BONK,0,99999999999999.70,78899999999999.70,21100000000000.00,20999999999999.70,57900000000000.00
Feb 20 2026,BONK,0,99999999999999.70,78899999999999.70,21100000000000.00,20999999999999.70,57900000000000.00
Feb 19 2026,BONK,0,99999999999999.70,78899999999999.70,21100000000000.00,20999999999999.70,57900000000000.00
Feb 18 2026,BONK,0,99999999999999.70,78899999999999.70,21100000000000.00,20999999999999.70,57900000000000.00
Feb 16 2026,BONK,0,99999999999999.70,78899999999999.70,21100000000000.00,20999999999999.70,57900000000000.00
Feb 15 2026,BONK,0,99999999999999.70,78899999999999.70,21100000000000.00,20999999999999.70,57900000000000.00
Feb 13 2026,BONK,0,99999999999999.70,78899999999999.70,21100000000000.00,20999999999999.70,57900000000000.00
Feb 12 2026,BONK,0,99999999999999.70,78899999999999.70,21100000000000.00,20999999999999.70,57900000000000.00
Feb 10 2026,BONK,0,99999999999999.70,78899999999999.70,21100000000000.00,20999999999999.70,57900000000000.00
Feb 09 2026,BONK,0,99999999999999.70,78899999999999.70,21100000000000.00,20999999999999.70,57900000000000.00
Feb 08 2026,BONK,0,99999999999999.70,78899999999999.70,21100000000000.00,20999999999999.70,57900000000000.00
Feb 06 2026,BONK,0,99999999999999.70,78899999999999.70,21100000000000.00,20999999999999.70,57900000000000.00
Feb 05 2026,BONK,0,99999999999999.70,78899999999999.70,21100000000000.00,20999999999999.70,57900000000000.00
Feb 03 2026,BONK,0,99999999999999.70,78899999999999.70,21100000000000.00,20999999999999.70,57900000000000.00
Feb 02 2026,BONK,0,99999999999999.70,78899999999999.70,21100000000000.00,20999999999999.70,57900000000000.00
Feb 01 2026,BONK,0,99999999999999.70,78899999999999.70,21100000000000.00,20999999999999.70,57900000000000.00
Jan 30 2026,BONK,0,99999999999999.70,78899999999999.70,21100000000000.00,20999999999999.70,57900000000000.00
Jan 29 2026,BONK,0,99999999999999.70,78899999999999.70,21100000000000.00,20999999999999.70,57900000000000.00
Jan 27 2026,BONK,0,99999999999999.70,78899999999999.70,21100000000000.00,20999999999999.70,57900000000000.00
Jan 26 2026,BONK,0,99999999999999.70,78899999999999.70,21100000000000.00,20999999999999.70,57900000000000.00
Jan 24 2026,BONK,0,99999999999999.70,78899999999999.70,21100000000000.00,20999999999999.70,57900000000000.00
Jan 23 2026,BONK,0,99999999999999.70,78899999999999.70,21100000000000.00,20999999999999.70,57900000000000.00
Jan 22 2026,BONK,0,99999999999999.70,78899999999999.70,21100000000000.00,20999999999999.70,57900000000000.00
Jan 20 2026,BONK,0,99999999999999.70,78899999999999.70,21100000000000.00,20999999999999.70,57900000000000.00
Jan 19 2026,BONK,0,99999999999999.70,78899999999999.70,21100000000000.00,20999999999999.70,57900000000000.00
Jan 17 2026,BONK,0,99999999999999.70,78899999999999.70,21100000000000.00,20999999999999.70,57900000000000.00
Jan 16 2026,BONK,0,99999999999999.70,78899999999999.70,21100000000000.00,20999999999999.70,57900000000000.00
Jan 15 2026,BONK,0,99999999999999.70,78899999999999.70,21100000000000.00,20999999999999.70,57900000000000.00
Jan 13 2026,BONK,0,99999999999999.70,78899999999999.70,21100000000000.00,20999999999999.70,57900000000000.00
Jan 12 2026,BONK,0,99999999999999.70,78899999999999.70,21100000000000.00,20999999999999.70,57900000000000.00
Jan 10 2026,BONK,0,99999999999999.70,78899999999999.70,21100000000000.00,20999999999999.70,57900000000000.00
Jan 09 2026,BONK,0,99999999999999.70,78899999999999.70,21100000000000.00,20999999999999.70,57900000000000.00
Jan 08 2026,BONK,0,99999999999999.70,78899999999999.70,21100000000000.00,20999999999999.70,57900000000000.00
Jan 06 2026,BONK,0,99999999999999.70,78899999999999.70,21100000000000.00,20999999999999.70,57900000000000.00
Jan 05 2026,BONK,0,99999999999999.70,78899999999999.70,21100000000000.00,20999999999999.70,57900000000000.00
Jan 03 2026,BONK,0,99999999999999.70,78899999999999.70,21100000000000.00,20999999999999.70,57900000000000.00
Jan 02 2026,BONK,0,99999999999999.70,78899999999999.70,21100000000000.00,20999999999999.70,57900000000000.00
Dec 31 2025,BONK,0,99980839416058.10,78880839416058.10,21100000000000.00,20980839416058.10,57900000000000.00
Dec 30 2025,BONK,0,99961678832116.48,78861678832116.48,21100000000000.00,20961678832116.49,57900000000000.00
Dec 29 2025,BONK,0,99942518248174.88,78842518248174.88,21100000000000.00,20942518248174.88,57900000000000.00
Dec 27 2025,BONK,0,99904197080291.69,78804197080291.67,21100000000000.00,20904197080291.67,57900000000000.00
Dec 26 2025,BONK,0,99885036496350.06,78785036496350.06,21100000000000.00,20885036496350.07,57900000000000.00
Dec 24 2025,BONK,0,99846715328466.86,78746715328466.86,21100000000000.00,20846715328466.86,57900000000000.00
Dec 23 2025,BONK,0,99827554744525.23,78727554744525.25,21100000000000.00,20827554744525.25,57900000000000.00
Dec 22 2025,BONK,0,99808394160583.64,78708394160583.64,21100000000000.00,20808394160583.65,57900000000000.00
Dec 20 2025,BONK,0,99770072992700.44,78670072992700.44,21100000000000.00,20770072992700.44,57900000000000.00
Dec 19 2025,BONK,0,99750912408758.84,78650912408758.83,21100000000000.00,20750912408758.83,57900000000000.00
Dec 17 2025,BONK,0,99712591240875.62,78612591240875.62,21100000000000.00,20712591240875.62,57900000000000.00
Dec 16 2025,BONK,0,99693430656934.02,78593430656934.02,21100000000000.00,20693430656934.01,57900000000000.00
Dec 14 2025,BONK,0,99655109489050.80,78555109489050.80,21100000000000.00,20655109489050.80,57900000000000.00
Dec 13 2025,BONK,0,99635948905109.20,78535948905109.19,21100000000000.00,20635948905109.20,57900000000000.00
Dec 12 2025,BONK,0,99616788321167.60,78516788321167.60,21100000000000.00,20616788321167.59,57900000000000.00
Dec 10 2025,BONK,0,99578467153284.38,78478467153284.38,21100000000000.00,20578467153284.38,57900000000000.00
Dec 09 2025,BONK,0,99559306569342.78,78459306569342.78,21100000000000.00,20559306569342.77,57900000000000.00
Dec 07 2025,BONK,0,99520985401459.56,78420985401459.56,21100000000000.00,20520985401459.56,57900000000000.00
Dec 06 2025,BONK,0,99501824817517.95,78401824817517.95,21100000000000.00,20501824817517.96,57900000000000.00
Dec 05 2025,BONK,0,99482664233576.34,78382664233576.34,21100000000000.00,20482664233576.35,57900000000000.00
Dec 03 2025,BONK,0,99444343065693.14,78344343065693.14,21100000000000.00,20444343065693.14,57900000000000.00
Dec 02 2025,BONK,0,99425182481751.52,78325182481751.53,21100000000000.00,20425182481751.54,57900000000000.00
Nov 30 2025,BONK,0,99386861313868.31,78286861313868.33,21100000000000.00,20386861313868.33,57900000000000.00
Nov 29 2025,BONK,0,99367700729926.72,78267700729926.72,21100000000000.00,20367700729926.72,57900000000000.00
Nov 27 2025,BONK,0,99329379562043.50,78229379562043.50,21100000000000.00,20329379562043.51,57900000000000.00
Nov 26 2025,BONK,0,99310218978101.90,78210218978101.90,21100000000000.00,20310218978101.90,57900000000000.00
Nov 25 2025,BONK,0,99291058394160.30,78191058394160.30,21100000000000.00,20291058394160.30,57900000000000.00
Nov 23 2025,BONK,0,99252737226277.10,78152737226277.10,21100000000000.00,20252737226277.09,57900000000000.00
Nov 22 2025,BONK,0,99233576642335.48,78133576642335.48,21100000000000.00,20233576642335.48,57900000000000.00
Nov 20 2025,BONK,0,99195255474452.28,78095255474452.27,21100000000000.00,20195255474452.27,57900000000000.00
Nov 19 2025,BONK,0,99176094890510.66,78076094890510.66,21100000000000.00,20176094890510.67,57900000000000.00
Nov 18 2025,BONK,0,99156934306569.06,78056934306569.06,21100000000000.00,20156934306569.06,57900000000000.00
Nov 16 2025,BONK,0,99118613138685.84,78018613138685.84,21100000000000.00,20118613138685.85,57900000000000.00
Nov 15 2025,BONK,0,99099452554744.23,77999452554744.25,21100000000000.00,20099452554744.24,57900000000000.00
Nov 13 2025,BONK,0,99061131386861.05,77961131386861.03,21100000000000.00,20061131386861.03,57900000000000.00
Nov 12 2025,BONK,0,99041970802919.42,77941970802919.42,21100000000000.00,20041970802919.43,57900000000000.00
Nov 10 2025,BONK,0,99003649635036.22,77903649635036.22,21100000000000.00,20003649635036.22,57900000000000.00
Nov 09 2025,BONK,0,98984489051094.60,77884489051094.61,21100000000000.00,19984489051094.61,57900000000000.00
Nov 08 2025,BONK,0,98965328467153.00,77865328467153.00,21100000000000.00,19965328467153.01,57900000000000.00
Nov 06 2025,BONK,0,98927007299269.80,77827007299269.80,21100000000000.00,19927007299269.79,57900000000000.00
Nov 05 2025,BONK,0,98907846715328.20,77807846715328.19,21100000000000.00,19907846715328.19,57900000000000.00
Nov 03 2025,BONK,0,98869525547444.95,77769525547444.97,21100000000000.00,19869525547444.98,57900000000000.00
Nov 02 2025,BONK,0,98850364963503.38,77750364963503.38,21100000000000.00,19850364963503.37,57900000000000.00
Nov 01 2025,BONK,0,98831204379561.77,77731204379561.77,21100000000000.00,19831204379561.77,57900000000000.00
Oct 30 2025,BONK,0,98792883211678.56,77692883211678.56,21100000000000.00,19792883211678.56,57900000000000.00
Oct 29 2025,BONK,0,98773722627736.95,77673722627736.95,21100000000000.00,19773722627736.95,57900000000000.00
Oct 27 2025,BONK,0,98735401459853.72,77635401459853.73,21100000000000.00,19735401459853.74,57900000000000.00
Oct 26 2025,BONK,0,98716240875912.12,77616240875912.12,21100000000000.00,19716240875912.13,57900000000000.00
Oct 24 2025,BONK,0,98677919708028.92,77577919708028.92,21100000000000.00,19677919708028.92,57900000000000.00
Oct 23 2025,BONK,0,98658759124087.31,77558759124087.31,21100000000000.00,19658759124087.32,57900000000000.00
Oct 22 2025,BONK,0,98639598540145.72,77539598540145.72,21100000000000.00,19639598540145.71,57900000000000.00
Oct 20 2025,BONK,0,98601277372262.50,77501277372262.50,21100000000000.00,19601277372262.50,57900000000000.00
Oct 19 2025,BONK,0,98582116788320.88,77482116788320.89,21100000000000.00,19582116788320.90,57900000000000.00
Oct 17 2025,BONK,0,98543795620437.69,77443795620437.69,21100000000000.00,19543795620437.69,57900000000000.00
Oct 16 2025,BONK,0,98524635036496.08,77424635036496.08,21100000000000.00,19524635036496.08,57900000000000.00
Oct 15 2025,BONK,0,98505474452554.48,77405474452554.47,21100000000000.00,19505474452554.47,57900000000000.00
Oct 13 2025,BONK,0,98467153284671.28,77367153284671.27,21100000000000.00,19467153284671.26,57900000000000.00
Oct 12 2025,BONK,0,98447992700729.66,77347992700729.66,21100000000000.00,19447992700729.66,57900000000000.00
Oct 10 2025,BONK,0,98409671532846.44,77309671532846.44,21100000000000.00,19409671532846.45,57900000000000.00
Oct 09 2025,BONK,0,98390510948904.84,77290510948904.84,21100000000000.00,19390510948904.84,57900000000000.00
Oct 08 2025,BONK,0,98371350364963.23,77271350364963.23,21100000000000.00,19371350364963.24,57900000000000.00
Oct 06 2025,BONK,0,98333029197080.05,77233029197080.03,21100000000000.00,19333029197080.02,57900000000000.00
Oct 05 2025,BONK,0,98313868613138.42,77213868613138.42,21100000000000.00,19313868613138.42,57900000000000.00
Oct 03 2025,BONK,0,98275547445255.20,77175547445255.20,21100000000000.00,19275547445255.21,57900000000000.00
Oct 02 2025,BONK,0,98256386861313.60,77156386861313.60,21100000000000.00,19256386861313.60,57900000000000.00
Sep 30 2025,BONK,0,98218065693430.40,77118065693430.39,21100000000000.00,19218065693430.39,57900000000000.00
Sep 29 2025,BONK,0,98198905109488.78,77098905109488.78,21100000000000.00,19198905109488.79,57900000000000.00
Sep 28 2025,BONK,0,98179744525547.20,77079744525547.19,21100000000000.00,19179744525547.18,57900000000000.00
Sep 26 2025,BONK,0,98141423357663.95,77041423357663.97,21100000000000.00,19141423357663.97,57900000000000.00
Sep 25 2025,BONK,0,98122262773722.36,77022262773722.36,21100000000000.00,19122262773722.36,57900000000000.00
Sep 23 2025,BONK,0,98083941605839.16,76983941605839.16,21100000000000.00,19083941605839.15,57900000000000.00
Sep 22 2025,BONK,0,98064781021897.56,76964781021897.55,21100000000000.00,19064781021897.55,57900000000000.00
Sep 21 2025,BONK,0,98045620437955.94,76945620437955.94,21100000000000.00,19045620437955.94,57900000000000.00
Sep 19 2025,BONK,0,98007299270072.72,76907299270072.73,21100000000000.00,19007299270072.73,57900000000000.00
Sep 18 2025,BONK,0,97988138686131.12,76888138686131.12,21100000000000.00,18988138686131.13,57900000000000.00
Sep 16 2025,BONK,0,97949817518247.90,76849817518247.90,21100000000000.00,18949817518247.92,57900000000000.00
Sep 15 2025,BONK,0,97930656934306.31,76830656934306.31,21100000000000.00,18930656934306.31,57900000000000.00
Sep 13 2025,BONK,0,97892335766423.10,76792335766423.10,21100000000000.00,18892335766423.10,57900000000000.00
Sep 12 2025,BONK,0,97873175182481.50,76773175182481.50,21100000000000.00,18873175182481.49,57900000000000.00
Sep 11 2025,BONK,0,97854014598539.88,76754014598539.89,21100000000000.00,18854014598539.89,57900000000000.00
Sep 09 2025,BONK,0,97815693430656.69,76715693430656.67,21100000000000.00,18815693430656.68,57900000000000.00
Sep 08 2025,BONK,0,97796532846715.06,76696532846715.06,21100000000000.00,18796532846715.07,57900000000000.00
Sep 06 2025,BONK,0,97758211678831.86,76658211678831.86,21100000000000.00,18758211678831.86,57900000000000.00
Sep 05 2025,BONK,0,97739051094890.23,76639051094890.25,21100000000000.00,18739051094890.26,57900000000000.00
Sep 04 2025,BONK,0,97719890510948.66,76619890510948.66,21100000000000.00,18719890510948.65,57900000000000.00
Sep 02 2025,BONK,0,97681569343065.44,76581569343065.44,21100000000000.00,18681569343065.44,57900000000000.00
Sep 01 2025,BONK,0,97662408759123.84,76562408759123.83,21100000000000.00,18662408759123.83,57900000000000.00
Aug 30 2025,BONK,0,97624087591240.62,76524087591240.62,21100000000000.00,18624087591240.62,57900000000000.00
Aug 29 2025,BONK,0,97604927007299.02,76504927007299.02,21100000000000.00,18604927007299.02,57900000000000.00
Aug 27 2025,BONK,0,97566605839415.80,76466605839415.81,21100000000000.00,18566605839415.81,57900000000000.00
Aug 26 2025,BONK,0,97547445255474.20,76447445255474.20,21100000000000.00,18547445255474.20,57900000000000.00
Aug 25 2025,BONK,0,97528284671532.60,76428284671532.60,21100000000000.00,18528284671532.60,57900000000000.00
Aug 23 2025,BONK,0,97489963503649.38,76389963503649.38,21100000000000.00,18489963503649.38,57900000000000.00
Aug 22 2025,BONK,0,97470802919707.78,76370802919707.78,21100000000000.00,18470802919707.78,57900000000000.00
Aug 20 2025,BONK,0,97432481751824.56,76332481751824.56,21100000000000.00,18432481751824.57,57900000000000.00
Aug 19 2025,BONK,0,97413321167882.95,76313321167882.97,21100000000000.00,18413321167882.96,57900000000000.00
Aug 18 2025,BONK,0,97394160583941.36,76294160583941.36,21100000000000.00,18394160583941.36,57900000000000.00
Aug 16 2025,BONK,0,97355839416058.14,76255839416058.14,21100000000000.00,18355839416058.15,57900000000000.00
Aug 15 2025,BONK,0,97336678832116.52,76236678832116.53,21100000000000.00,18336678832116.54,57900000000000.00
Aug 13 2025,BONK,0,97298357664233.31,76198357664233.33,21100000000000.00,18298357664233.33,57900000000000.00
Aug 12 2025,BONK,0,97279197080291.72,76179197080291.72,21100000000000.00,18279197080291.72,57900000000000.00
Aug 10 2025,BONK,0,97240875912408.52,76140875912408.52,21100000000000.00,18240875912408.51,57900000000000.00
Aug 09 2025,BONK,0,97221715328466.90,76121715328466.90,21100000000000.00,18221715328466.91,57900000000000.00
Aug 08 2025,BONK,0,97202554744525.30,76102554744525.30,21100000000000.00,18202554744525.30,57900000000000.00
Aug 06 2025,BONK,0,97164233576642.10,76064233576642.10,21100000000000.00,18164233576642.09,57900000000000.00
Aug 05 2025,BONK,0,97145072992700.48,76045072992700.48,21100000000000.00,18145072992700.49,57900000000000.00
Aug 03 2025,BONK,0,97106751824817.28,76006751824817.28,21100000000000.00,18106751824817.27,57900000000000.00
Aug 02 2025,BONK,0,97087591240875.69,75987591240875.67,21100000000000.00,18087591240875.67,57900000000000.00
Aug 01 2025,BONK,0,97068430656934.06,75968430656934.06,21100000000000.00,18068430656934.06,57900000000000.00
Jul 30 2025,BONK,0,97030109489050.84,75930109489050.84,21100000000000.00,18030109489050.85,57900000000000.00
Jul 29 2025,BONK,0,97010948905109.23,75910948905109.25,21100000000000.00,18010948905109.25,57900000000000.00
Jul 27 2025,BONK,0,96972627737226.05,75872627737226.03,21100000000000.00,17972627737226.04,57900000000000.00
Jul 26 2025,BONK,0,96953467153284.44,75853467153284.44,21100000000000.00,17953467153284.43,57900000000000.00
Jul 25 2025,BONK,0,96934306569342.84,75834306569342.83,21100000000000.00,17934306569342.83,57900000000000.00
Jul 23 2025,BONK,0,96895985401459.60,75795985401459.61,21100000000000.00,17895985401459.61,57900000000000.00
Jul 22 2025,BONK,0,96876824817518.00,75776824817518.00,21100000000000.00,17876824817518.01,57900000000000.00
Jul 20 2025,BONK,0,96838503649634.80,75738503649634.80,21100000000000.00,17838503649634.80,57900000000000.00
Jul 19 2025,BONK,0,96819343065693.20,75719343065693.19,21100000000000.00,17819343065693.19,57900000000000.00
Jul 17 2025,BONK,0,96781021897809.98,75681021897809.98,21100000000000.00,17781021897809.98,57900000000000.00
Jul 16 2025,BONK,0,96761861313868.38,75661861313868.38,21100000000000.00,17761861313868.38,57900000000000.00
Jul 15 2025,BONK,0,96742700729926.77,75642700729926.77,21100000000000.00,17742700729926.77,57900000000000.00
Jul 13 2025,BONK,0,96704379562043.56,75604379562043.56,21100000000000.00,17704379562043.56,57900000000000.00
Jul 12 2025,BONK,0,96685218978101.95,75585218978101.95,21100000000000.00,17685218978101.95,57900000000000.00
Jul 10 2025,BONK,0,96646897810218.77,75546897810218.75,21100000000000.00,17646897810218.74,57900000000000.00
Jul 09 2025,BONK,0,96627737226277.14,75527737226277.14,21100000000000.00,17627737226277.14,57900000000000.00
Jul 08 2025,BONK,0,96608576642335.52,75508576642335.53,21100000000000.00,17608576642335.53,57900000000000.00
Jul 06 2025,BONK,0,96570255474452.31,75470255474452.31,21100000000000.00,17570255474452.32,57900000000000.00
Jul 05 2025,BONK,0,96551094890510.72,75451094890510.72,21100000000000.00,17551094890510.72,57900000000000.00
Jul 03 2025,BONK,0,96512773722627.50,75412773722627.50,21100000000000.00,17512773722627.51,57900000000000.00
Jul 02 2025,BONK,0,96493613138685.90,75393613138685.90,21100000000000.00,17493613138685.90,57900000000000.00
Jun 30 2025,BONK,0,96455291970802.69,75355291970802.69,21100000000000.00,17455291970802.69,57900000000000.00
Jun 29 2025,BONK,0,96436131386861.08,75336131386861.08,21100000000000.00,17436131386861.08,57900000000000.00
Jun 28 2025,BONK,0,96416970802919.48,75316970802919.47,21100000000000.00,17416970802919.48,57900000000000.00
Jun 26 2025,BONK,0,96378649635036.28,75278649635036.27,21100000000000.00,17378649635036.27,57900000000000.00
Jun 25 2025,BONK,0,96359489051094.66,75259489051094.66,21100000000000.00,17359489051094.66,57900000000000.00
Jun 23 2025,BONK,0,96321167883211.44,75221167883211.45,21100000000000.00,17321167883211.45,57900000000000.00
Jun 22 2025,BONK,0,96302007299269.84,75202007299269.84,21100000000000.00,17302007299269.85,57900000000000.00
Jun 21 2025,BONK,0,96282846715328.23,75182846715328.23,21100000000000.00,17282846715328.24,57900000000000.00
Jun 19 2025,BONK,0,96244525547445.05,75144525547445.03,21100000000000.00,17244525547445.03,57900000000000.00
Jun 18 2025,BONK,0,96225364963503.42,75125364963503.42,21100000000000.00,17225364963503.42,57900000000000.00
Jun 16 2025,BONK,0,96187043795620.22,75087043795620.22,21100000000000.00,17187043795620.21,57900000000000.00
Jun 15 2025,BONK,0,96167883211678.60,75067883211678.61,21100000000000.00,17167883211678.61,57900000000000.00
Jun 13 2025,BONK,0,96129562043795.40,75029562043795.39,21100000000000.00,17129562043795.40,57900000000000.00
Jun 12 2025,BONK,0,96110401459853.78,75010401459853.78,21100000000000.00,17110401459853.79,57900000000000.00
Jun 11 2025,BONK,0,96091240875912.20,74991240875912.19,21100000000000.00,17091240875912.19,57900000000000.00
Jun 09 2025,BONK,0,96052919708028.95,74952919708028.97,21100000000000.00,17052919708028.97,57900000000000.00
Jun 08 2025,BONK,0,96033759124087.38,74933759124087.38,21100000000000.00,17033759124087.37,57900000000000.00
Jun 06 2025,BONK,0,95995437956204.16,74895437956204.16,21100000000000.00,16995437956204.16,57900000000000.00
Jun 05 2025,BONK,0,95976277372262.56,74876277372262.55,21100000000000.00,16976277372262.55,57900000000000.00
Jun 04 2025,BONK,0,95957116788320.94,74857116788320.94,21100000000000.00,16957116788320.95,57900000000000.00
Jun 02 2025,BONK,0,95918795620437.72,74818795620437.73,21100000000000.00,16918795620437.74,57900000000000.00
Jun 01 2025,BONK,0,95899635036496.12,74799635036496.12,21100000000000.00,16899635036496.13,57900000000000.00
May 30 2025,BONK,0,95861313868612.92,74761313868612.92,21100000000000.00,16861313868612.92,57900000000000.00
May 29 2025,BONK,0,95842153284671.31,74742153284671.31,21100000000000.00,16842153284671.31,57900000000000.00
May 27 2025,BONK,0,95803832116788.10,74703832116788.10,21100000000000.00,16803832116788.10,57900000000000.00
May 26 2025,BONK,0,95784671532846.50,74684671532846.50,21100000000000.00,16784671532846.50,57900000000000.00
May 25 2025,BONK,0,95765510948904.88,74665510948904.89,21100000000000.00,16765510948904.89,57900000000000.00
May 23 2025,BONK,0,95727189781021.69,74627189781021.69,21100000000000.00,16727189781021.68,57900000000000.00
May 22 2025,BONK,0,95708029197080.08,74608029197080.08,21100000000000.00,16708029197080.08,57900000000000.00
May 20 2025,BONK,0,95669708029196.86,74569708029196.86,21100000000000.00,16669708029196.86,57900000000000.00
May 19 2025,BONK,0,95650547445255.23,74550547445255.25,21100000000000.00,16650547445255.26,57900000000000.00
May 18 2025,BONK,0,95631386861313.66,74531386861313.66,21100000000000.00,16631386861313.65,57900000000000.00
May 16 2025,BONK,0,95593065693430.44,74493065693430.44,21100000000000.00,16593065693430.44,57900000000000.00
May 15 2025,BONK,0,95573905109488.84,74473905109488.84,21100000000000.00,16573905109488.84,57900000000000.00
May 13 2025,BONK,0,95535583941605.62,74435583941605.62,21100000000000.00,16535583941605.63,57900000000000.00
May 12 2025,BONK,0,95516423357664.02,74416423357664.02,21100000000000.00,16516423357664.02,57900000000000.00
May 11 2025,BONK,0,95497262773722.40,74397262773722.40,21100000000000.00,16497262773722.42,57900000000000.00
May 09 2025,BONK,0,95458941605839.20,74358941605839.20,21100000000000.00,16458941605839.20,57900000000000.00
May 08 2025,BONK,0,95439781021897.60,74339781021897.60,21100000000000.00,16439781021897.60,57900000000000.00
May 06 2025,BONK,0,95401459854014.40,74301459854014.39,21100000000000.00,16401459854014.39,57900000000000.00
May 05 2025,BONK,0,95382299270072.78,74282299270072.78,21100000000000.00,16382299270072.78,57900000000000.00
May 03 2025,BONK,0,95343978102189.56,74243978102189.56,21100000000000.00,16343978102189.57,57900000000000.00
May 02 2025,BONK,0,95324817518247.95,74224817518247.97,21100000000000.00,16324817518247.97,57900000000000.00
May 01 2025,BONK,0,95305656934306.36,74205656934306.36,21100000000000.00,16305656934306.36,57900000000000.00
Apr 29 2025,BONK,0,95267335766423.16,74167335766423.16,21100000000000.00,16267335766423.15,57900000000000.00
Apr 28 2025,BONK,0,95248175182481.56,74148175182481.55,21100000000000.00,16248175182481.54,57900000000000.00
Apr 26 2025,BONK,0,95209854014598.31,74109854014598.33,21100000000000.00,16209854014598.33,57900000000000.00
Apr 25 2025,BONK,0,95190693430656.72,74090693430656.72,21100000000000.00,16190693430656.73,57900000000000.00
Apr 24 2025,BONK,0,95171532846715.12,74071532846715.12,21100000000000.00,16171532846715.12,57900000000000.00
Apr 22 2025,BONK,0,95133211678831.90,74033211678831.90,21100000000000.00,16133211678831.91,57900000000000.00
Apr 21 2025,BONK,0,95114051094890.31,74014051094890.31,21100000000000.00,16114051094890.31,57900000000000.00
Apr 19 2025,BONK,0,95075729927007.10,73975729927007.10,21100000000000.00,16075729927007.10,57900000000000.00
Apr 18 2025,BONK,0,95056569343065.48,73956569343065.48,21100000000000.00,16056569343065.49,57900000000000.00
Apr 16 2025,BONK,0,95018248175182.28,73918248175182.28,21100000000000.00,16018248175182.28,57900000000000.00
Apr 15 2025,BONK,0,94999087591240.69,73899087591240.67,21100000000000.00,15999087591240.67,57900000000000.00
Apr 14 2025,BONK,0,94979927007299.06,73879927007299.06,21100000000000.00,15979927007299.07,57900000000000.00
Apr 12 2025,BONK,0,94941605839415.86,73841605839415.86,21100000000000.00,15941605839415.86,57900000000000.00
Apr 11 2025,BONK,0,94922445255474.23,73822445255474.25,21100000000000.00,15922445255474.25,57900000000000.00
Apr 09 2025,BONK,0,94884124087591.05,73784124087591.03,21100000000000.00,15884124087591.04,57900000000000.00
Apr 08 2025,BONK,0,94864963503649.44,73764963503649.44,21100000000000.00,15864963503649.44,57900000000000.00
Apr 07 2025,BONK,0,94845802919707.84,73745802919707.83,21100000000000.00,15845802919707.83,57900000000000.00
Apr 05 2025,BONK,0,94807481751824.62,73707481751824.62,21100000000000.00,15807481751824.62,57900000000000.00
Apr 04 2025,BONK,0,94788321167883.02,73688321167883.02,21100000000000.00,15788321167883.01,57900000000000.00
Apr 02 2025,BONK,0,94749999999999.80,73649999999999.80,21100000000000.00,15749999999999.80,57900000000000.00
Apr 01 2025,BONK,0,94730839416058.20,73630839416058.19,21100000000000.00,15730839416058.20,57900000000000.00
Mar 30 2025,BONK,0,94692518248174.98,73592518248174.98,21100000000000.00,15692518248174.99,57900000000000.00
Mar 29 2025,BONK,0,94673357664233.38,73573357664233.38,21100000000000.00,15673357664233.38,57900000000000.00
Mar 28 2025,BONK,0,94654197080291.78,73554197080291.78,21100000000000.00,15654197080291.77,57900000000000.00
Mar 26 2025,BONK,0,94615875912408.56,73515875912408.56,21100000000000.00,15615875912408.56,57900000000000.00
Mar 25 2025,BONK,0,94596715328466.95,73496715328466.95,21100000000000.00,15596715328466.96,57900000000000.00
Mar 23 2025,BONK,0,94558394160583.77,73458394160583.75,21100000000000.00,15558394160583.75,57900000000000.00
Mar 22 2025,BONK,0,94539233576642.14,73439233576642.14,21100000000000.00,15539233576642.14,57900000000000.00
Mar 21 2025,BONK,0,94520072992700.52,73420072992700.53,21100000000000.00,15520072992700.54,57900000000000.00
Mar 19 2025,BONK,0,94481751824817.31,73381751824817.33,21100000000000.00,15481751824817.33,57900000000000.00
Mar 18 2025,BONK,0,94462591240875.72,73362591240875.72,21100000000000.00,15462591240875.72,57900000000000.00
Mar 16 2025,BONK,0,94424270072992.50,73324270072992.50,21100000000000.00,15424270072992.51,57900000000000.00
Mar 15 2025,BONK,0,94405109489050.90,73305109489050.90,21100000000000.00,15405109489050.90,57900000000000.00
Mar 13 2025,BONK,0,94366788321167.69,73266788321167.69,21100000000000.00,15366788321167.69,57900000000000.00
Mar 12 2025,BONK,0,94347627737226.10,73247627737226.10,21100000000000.00,15347627737226.09,57900000000000.00
Mar 11 2025,BONK,0,94328467153284.48,73228467153284.48,21100000000000.00,15328467153284.48,57900000000000.00
Mar 09 2025,BONK,0,94290145985401.28,73190145985401.27,21100000000000.00,15290145985401.27,57900000000000.00
Mar 08 2025,BONK,0,94270985401459.66,73170985401459.66,21100000000000.00,15270985401459.67,57900000000000.00
Mar 06 2025,BONK,0,94232664233576.44,73132664233576.45,21100000000000.00,15232664233576.45,57900000000000.00
Mar 05 2025,BONK,0,94213503649634.84,73113503649634.84,21100000000000.00,15213503649634.85,57900000000000.00
Mar 04 2025,BONK,0,94194343065693.23,73094343065693.25,21100000000000.00,15194343065693.24,57900000000000.00
Mar 02 2025,BONK,0,94156021897810.05,73056021897810.03,21100000000000.00,15156021897810.03,57900000000000.00
Mar 01 2025,BONK,0,94136861313868.42,73036861313868.42,21100000000000.00,15136861313868.43,57900000000000.00
Feb 27 2025,BONK,0,94098540145985.22,72998540145985.22,21100000000000.00,15098540145985.22,57900000000000.00
Feb 26 2025,BONK,0,94079379562043.60,72979379562043.61,21100000000000.00,15079379562043.61,57900000000000.00
Feb 25 2025,BONK,0,94060218978102.00,72960218978102.00,21100000000000.00,15060218978102.01,57900000000000.00
Feb 23 2025,BONK,0,94021897810218.80,72921897810218.80,21100000000000.00,15021897810218.79,57900000000000.00
Feb 22 2025,BONK,0,94002737226277.20,72902737226277.19,21100000000000.00,15002737226277.19,57900000000000.00
Feb 20 2025,BONK,0,93964416058393.95,72864416058393.97,21100000000000.00,14964416058393.98,57900000000000.00
Feb 19 2025,BONK,0,93945255474452.38,72845255474452.38,21100000000000.00,14945255474452.37,57900000000000.00
Feb 17 2025,BONK,0,93906934306569.16,72806934306569.16,21100000000000.00,14906934306569.16,57900000000000.00
Feb 16 2025,BONK,0,93887773722627.56,72787773722627.56,21100000000000.00,14887773722627.56,57900000000000.00
Feb 15 2025,BONK,0,93868613138685.95,72768613138685.95,21100000000000.00,14868613138685.95,57900000000000.00
Feb 13 2025,BONK,0,93830291970802.72,72730291970802.73,21100000000000.00,14830291970802.74,57900000000000.00
Feb 12 2025,BONK,0,93811131386861.12,72711131386861.12,21100000000000.00,14811131386861.13,57900000000000.00
Feb 10 2025,BONK,0,93772810218977.92,72672810218977.92,21100000000000.00,14772810218977.92,57900000000000.00
Feb 09 2025,BONK,0,93753649635036.31,72653649635036.31,21100000000000.00,14753649635036.32,57900000000000.00
Feb 08 2025,BONK,0,93734489051094.72,72634489051094.72,21100000000000.00,14734489051094.71,57900000000000.00
Feb 06 2025,BONK,0,93696167883211.50,72596167883211.50,21100000000000.00,14696167883211.50,57900000000000.00
Feb 05 2025,BONK,0,93677007299269.88,72577007299269.89,21100000000000.00,14677007299269.90,57900000000000.00
Feb 03 2025,BONK,0,93638686131386.69,72538686131386.69,21100000000000.00,14638686131386.69,57900000000000.00
Feb 02 2025,BONK,0,93619525547445.08,72519525547445.08,21100000000000.00,14619525547445.08,57900000000000.00
Jan 31 2025,BONK,0,93581204379561.88,72481204379561.88,21100000000000.00,14581204379561.87,57900000000000.00
Jan 30 2025,BONK,0,93562043795620.28,72462043795620.27,21100000000000.00,14562043795620.26,57900000000000.00
Jan 29 2025,BONK,0,93542883211678.66,72442883211678.66,21100000000000.00,14542883211678.66,57900000000000.00
Jan 27 2025,BONK,0,93504562043795.44,72404562043795.44,21100000000000.00,14504562043795.45,57900000000000.00
Jan 26 2025,BONK,0,93485401459853.84,72385401459853.84,21100000000000.00,14485401459853.84,57900000000000.00
Jan 24 2025,BONK,0,93447080291970.62,72347080291970.62,21100000000000.00,14447080291970.63,57900000000000.00
Jan 23 2025,BONK,0,93427919708029.05,72327919708029.03,21100000000000.00,14427919708029.02,57900000000000.00
Jan 22 2025,BONK,0,93408759124087.42,72308759124087.42,21100000000000.00,14408759124087.42,57900000000000.00
Jan 20 2025,BONK,0,93370437956204.20,72270437956204.20,21100000000000.00,14370437956204.21,57900000000000.00
Jan 19 2025,BONK,0,93351277372262.60,72251277372262.60,21100000000000.00,14351277372262.60,57900000000000.00
Jan 17 2025,BONK,0,93312956204379.40,72212956204379.39,21100000000000.00,14312956204379.39,57900000000000.00
Jan 16 2025,BONK,0,93293795620437.78,72193795620437.78,21100000000000.00,14293795620437.79,57900000000000.00
Jan 14 2025,BONK,0,93255474452554.58,72155474452554.58,21100000000000.00,14255474452554.58,57900000000000.00
Jan 13 2025,BONK,0,93236313868612.95,72136313868612.97,21100000000000.00,14236313868612.97,57900000000000.00
Jan 12 2025,BONK,0,93217153284671.36,72117153284671.36,21100000000000.00,14217153284671.36,57900000000000.00
Jan 10 2025,BONK,0,93178832116788.16,72078832116788.16,21100000000000.00,14178832116788.15,57900000000000.00
Jan 09 2025,BONK,0,93159671532846.56,72059671532846.55,21100000000000.00,14159671532846.55,57900000000000.00
Jan 07 2025,BONK,0,93121350364963.34,72021350364963.34,21100000000000.00,14121350364963.34,57900000000000.00
Jan 06 2025,BONK,0,93102189781021.72,72002189781021.73,21100000000000.00,14102189781021.73,57900000000000.00
Jan 05 2025,BONK,0,93083029197080.12,71983029197080.12,21100000000000.00,14083029197080.13,57900000000000.00
Jan 03 2025,BONK,0,93044708029196.90,71944708029196.90,21100000000000.00,14044708029196.92,57900000000000.00
Jan 02 2025,BONK,0,93025547445255.31,71925547445255.31,21100000000000.00,14025547445255.31,57900000000000.00
Dec 31 2024,BONK,0,92987226277372.10,71887226277372.10,21100000000000.00,13987226277372.10,57900000000000.00
Dec 30 2024,BONK,0,92968065693430.50,71868065693430.50,21100000000000.00,13968065693430.49,57900000000000.00
Dec 28 2024,BONK,0,92929744525547.28,71829744525547.28,21100000000000.00,13929744525547.28,57900000000000.00
Dec 27 2024,BONK,0,92910583941605.69,71810583941605.67,21100000000000.00,13910583941605.68,57900000000000.00
Dec 26 2024,BONK,0,92891423357664.06,71791423357664.06,21100000000000.00,13891423357664.07,57900000000000.00
Dec 24 2024,BONK,0,92853102189780.86,71753102189780.86,21100000000000.00,13853102189780.86,57900000000000.00
Dec 23 2024,BONK,0,92833941605839.23,71733941605839.25,21100000000000.00,13833941605839.26,57900000000000.00
Dec 21 2024,BONK,0,92795620437956.05,71695620437956.05,21100000000000.00,13795620437956.04,57900000000000.00
Dec 20 2024,BONK,0,92776459854014.44,71676459854014.44,21100000000000.00,13776459854014.44,57900000000000.00
Dec 19 2024,BONK,0,92757299270072.84,71657299270072.83,21100000000000.00,13757299270072.83,57900000000000.00
Dec 17 2024,BONK,0,92718978102189.62,71618978102189.62,21100000000000.00,13718978102189.62,57900000000000.00
Dec 16 2024,BONK,0,92699817518248.02,71599817518248.02,21100000000000.00,13699817518248.02,57900000000000.00
Dec 14 2024,BONK,0,92661496350364.80,71561496350364.81,21100000000000.00,13661496350364.81,57900000000000.00
Dec 13 2024,BONK,0,92642335766423.20,71542335766423.20,21100000000000.00,13642335766423.20,57900000000000.00
Dec 11 2024,BONK,0,92604014598539.98,71504014598539.98,21100000000000.00,13604014598539.99,57900000000000.00
Dec 10 2024,BONK,0,92584854014598.38,71484854014598.38,21100000000000.00,13584854014598.38,57900000000000.00
Dec 09 2024,BONK,0,92565693430656.78,71465693430656.78,21100000000000.00,13565693430656.78,57900000000000.00
Dec 07 2024,BONK,0,92527372262773.56,71427372262773.56,21100000000000.00,13527372262773.57,57900000000000.00
Dec 06 2024,BONK,0,92508211678831.95,71408211678831.97,21100000000000.00,13508211678831.96,57900000000000.00
Dec 04 2024,BONK,0,92469890510948.77,71369890510948.75,21100000000000.00,13469890510948.75,57900000000000.00
Dec 03 2024,BONK,0,92450729927007.14,71350729927007.14,21100000000000.00,13450729927007.15,57900000000000.00
Dec 02 2024,BONK,0,92431569343065.52,71331569343065.53,21100000000000.00,13431569343065.54,57900000000000.00
Nov 30 2024,BONK,0,92393248175182.31,71293248175182.33,21100000000000.00,13393248175182.33,57900000000000.00
Nov 29 2024,BONK,0,92374087591240.72,71274087591240.72,21100000000000.00,13374087591240.72,57900000000000.00
Nov 27 2024,BONK,0,92335766423357.52,71235766423357.52,21100000000000.00,13335766423357.51,57900000000000.00
Nov 26 2024,BONK,0,92316605839415.90,71216605839415.90,21100000000000.00,13316605839415.91,57900000000000.00
Nov 25 2024,BONK,0,92297445255474.30,71197445255474.30,21100000000000.00,13297445255474.30,57900000000000.00
Nov 23 2024,BONK,0,92259124087591.10,71159124087591.10,21100000000000.00,13259124087591.09,57900000000000.00
Nov 22 2024,BONK,0,92239963503649.48,71139963503649.48,21100000000000.00,13239963503649.49,57900000000000.00
Nov 20 2024,BONK,0,92201642335766.28,71101642335766.28,21100000000000.00,13201642335766.27,57900000000000.00
Nov 19 2024,BONK,0,92182481751824.69,71082481751824.67,21100000000000.00,13182481751824.67,57900000000000.00
Nov 17 2024,BONK,0,92144160583941.44,71044160583941.45,21100000000000.00,13144160583941.46,57900000000000.00
Nov 16 2024,BONK,0,92124999999999.84,71024999999999.84,21100000000000.00,13124999999999.85,57900000000000.00
Nov 15 2024,BONK,0,92105839416058.23,71005839416058.25,21100000000000.00,13105839416058.25,57900000000000.00
Nov 13 2024,BONK,0,92067518248175.05,70967518248175.03,21100000000000.00,13067518248175.04,57900000000000.00
Nov 12 2024,BONK,0,92048357664233.44,70948357664233.44,21100000000000.00,13048357664233.43,57900000000000.00
Nov 10 2024,BONK,0,92010036496350.22,70910036496350.22,21100000000000.00,13010036496350.22,57900000000000.00
Nov 09 2024,BONK,0,91990875912408.60,70890875912408.61,21100000000000.00,12990875912408.61,57900000000000.00
Nov 08 2024,BONK,0,91971715328467.00,70871715328467.00,21100000000000.00,12971715328467.01,57900000000000.00
Nov 06 2024,BONK,0,91933394160583.80,70833394160583.80,21100000000000.00,12933394160583.80,57900000000000.00
Nov 05 2024,BONK,0,91914233576642.20,70814233576642.19,21100000000000.00,12914233576642.19,57900000000000.00
Nov 03 2024,BONK,0,91875912408758.98,70775912408758.98,21100000000000.00,12875912408758.98,57900000000000.00
Nov 02 2024,BONK,0,91856751824817.38,70756751824817.38,21100000000000.00,12856751824817.38,57900000000000.00
Oct 31 2024,BONK,0,91818430656934.16,70718430656934.16,21100000000000.00,12818430656934.17,57900000000000.00
Oct 30 2024,BONK,0,91799270072992.56,70699270072992.56,21100000000000.00,12799270072992.56,57900000000000.00
Oct 29 2024,BONK,0,91780109489050.95,70680109489050.95,21100000000000.00,12780109489050.95,57900000000000.00
Oct 27 2024,BONK,0,91741788321167.77,70641788321167.75,21100000000000.00,12741788321167.74,57900000000000.00
Oct 26 2024,BONK,0,91722627737226.14,70622627737226.14,21100000000000.00,12722627737226.14,57900000000000.00
Oct 24 2024,BONK,0,91684306569342.92,70584306569342.92,21100000000000.00,12684306569342.93,57900000000000.00
Oct 23 2024,BONK,0,91665145985401.31,70565145985401.31,21100000000000.00,12665145985401.32,57900000000000.00
Oct 22 2024,BONK,0,91645985401459.72,70545985401459.72,21100000000000.00,12645985401459.72,57900000000000.00
Oct 20 2024,BONK,0,91607664233576.50,70507664233576.50,21100000000000.00,12607664233576.51,57900000000000.00
Oct 19 2024,BONK,0,91588503649634.90,70488503649634.90,21100000000000.00,12588503649634.90,57900000000000.00
Oct 17 2024,BONK,0,91550182481751.69,70450182481751.69,21100000000000.00,12550182481751.69,57900000000000.00
Oct 16 2024,BONK,0,91531021897810.08,70431021897810.08,21100000000000.00,12531021897810.08,57900000000000.00
Oct 14 2024,BONK,0,91492700729926.88,70392700729926.88,21100000000000.00,12492700729926.87,57900000000000.00
Oct 13 2024,BONK,0,91473540145985.28,70373540145985.27,21100000000000.00,12473540145985.27,57900000000000.00
Oct 12 2024,BONK,0,91454379562043.66,70354379562043.66,21100000000000.00,12454379562043.66,57900000000000.00
Oct 10 2024,BONK,0,91416058394160.44,70316058394160.45,21100000000000.00,12416058394160.45,57900000000000.00
Oct 09 2024,BONK,0,91396897810218.84,70296897810218.84,21100000000000.00,12396897810218.85,57900000000000.00
Oct 07 2024,BONK,0,91358576642335.62,70258576642335.63,21100000000000.00,12358576642335.63,57900000000000.00
Oct 06 2024,BONK,0,91339416058394.05,70239416058394.03,21100000000000.00,12339416058394.03,57900000000000.00
Oct 05 2024,BONK,0,91320255474452.42,70220255474452.42,21100000000000.00,12320255474452.42,57900000000000.00
Oct 03 2024,BONK,0,91281934306569.22,70181934306569.21,21100000000000.00,12281934306569.21,57900000000000.00
Oct 02 2024,BONK,0,91262773722627.60,70162773722627.61,21100000000000.00,12262773722627.61,57900000000000.00
Sep 30 2024,BONK,0,91224452554744.40,70124452554744.39,21100000000000.00,12224452554744.40,57900000000000.00
Sep 29 2024,BONK,0,91205291970802.78,70105291970802.79,21100000000000.00,12205291970802.79,57900000000000.00
Sep 27 2024,BONK,0,91166970802919.58,70066970802919.58,21100000000000.00,12166970802919.58,57900000000000.00
Sep 26 2024,BONK,0,91147810218977.95,70047810218977.97,21100000000000.00,12147810218977.97,57900000000000.00
Sep 25 2024,BONK,0,91128649635036.38,70028649635036.37,21100000000000.00,12128649635036.37,57900000000000.00
Sep 23 2024,BONK,0,91090328467153.16,69990328467153.16,21100000000000.00,12090328467153.16,57900000000000.00
Sep 22 2024,BONK,0,91071167883211.56,69971167883211.55,21100000000000.00,12071167883211.55,57900000000000.00
Sep 20 2024,BONK,0,91032846715328.34,69932846715328.34,21100000000000.00,12032846715328.34,57900000000000.00
Sep 19 2024,BONK,0,91013686131386.72,69913686131386.73,21100000000000.00,12013686131386.74,57900000000000.00
Sep 18 2024,BONK,0,90994525547445.12,69894525547445.12,21100000000000.00,11994525547445.13,57900000000000.00
Sep 16 2024,BONK,0,90956204379561.92,69856204379561.92,21100000000000.00,11956204379561.92,57900000000000.00
Sep 15 2024,BONK,0,90937043795620.31,69837043795620.31,21100000000000.00,11937043795620.31,57900000000000.00
Sep 13 2024,BONK,0,90898722627737.10,69798722627737.10,21100000000000.00,11898722627737.10,57900000000000.00
Sep 12 2024,BONK,0,90879562043795.50,69779562043795.50,21100000000000.00,11879562043795.50,57900000000000.00
Sep 11 2024,BONK,0,90860401459853.88,69760401459853.89,21100000000000.00,11860401459853.89,57900000000000.00
Sep 09 2024,BONK,0,90822080291970.69,69722080291970.68,21100000000000.00,11822080291970.68,57900000000000.00
Sep 08 2024,BONK,0,90802919708029.08,69702919708029.08,21100000000000.00,11802919708029.08,57900000000000.00
Sep 06 2024,BONK,0,90764598540145.86,69664598540145.86,21100000000000.00,11764598540145.86,57900000000000.00
Sep 05 2024,BONK,0,90745437956204.23,69645437956204.26,21100000000000.00,11745437956204.26,57900000000000.00
Sep 03 2024,BONK,0,90707116788321.05,69607116788321.05,21100000000000.00,11707116788321.05,57900000000000.00
Sep 02 2024,BONK,0,90687956204379.44,69587956204379.44,21100000000000.00,11687956204379.44,57900000000000.00
Sep 01 2024,BONK,0,90668795620437.84,69568795620437.84,21100000000000.00,11668795620437.84,57900000000000.00
Aug 30 2024,BONK,0,90630474452554.62,69530474452554.62,21100000000000.00,11630474452554.63,57900000000000.00
Aug 29 2024,BONK,0,90611313868613.02,69511313868613.02,21100000000000.00,11611313868613.02,57900000000000.00
Aug 27 2024,BONK,0,90572992700729.80,69472992700729.81,21100000000000.00,11572992700729.81,57900000000000.00
Aug 26 2024,BONK,0,90553832116788.20,69453832116788.20,21100000000000.00,11553832116788.20,57900000000000.00
Aug 25 2024,BONK,0,90534671532846.60,69434671532846.59,21100000000000.00,11534671532846.60,57900000000000.00
Aug 23 2024,BONK,0,90496350364963.40,69396350364963.39,21100000000000.00,11496350364963.39,57900000000000.00
Aug 22 2024,BONK,0,90477189781021.78,69377189781021.78,21100000000000.00,11477189781021.78,57900000000000.00
Aug 20 2024,BONK,0,90438868613138.56,69338868613138.57,21100000000000.00,11438868613138.57,57900000000000.00
Aug 19 2024,BONK,0,90419708029196.95,69319708029196.97,21100000000000.00,11419708029196.97,57900000000000.00
Aug 17 2024,BONK,0,90381386861313.77,69281386861313.75,21100000000000.00,11381386861313.76,57900000000000.00
Aug 16 2024,BONK,0,90362226277372.16,69262226277372.15,21100000000000.00,11362226277372.15,57900000000000.00
Aug 15 2024,BONK,0,90343065693430.56,69243065693430.55,21100000000000.00,11343065693430.54,57900000000000.00
Aug 13 2024,BONK,0,90304744525547.31,69204744525547.33,21100000000000.00,11304744525547.33,57900000000000.00
Aug 13 2024,BONK,0,90304744525547.31,69204744525547.33,21100000000000.00,11304744525547.33,57900000000000.00
Aug 12 2024,BONK,0,90285583941605.72,69185583941605.73,21100000000000.00,11285583941605.73,57900000000000.00
Aug 10 2024,BONK,0,90247262773722.52,69147262773722.52,21100000000000.00,11247262773722.52,57900000000000.00
Aug 09 2024,BONK,0,90228102189780.90,69128102189780.91,21100000000000.00,11228102189780.91,57900000000000.00
Aug 08 2024,BONK,0,90208941605839.31,69108941605839.30,21100000000000.00,11208941605839.31,57900000000000.00
Aug 06 2024,BONK,0,90170620437956.10,69070620437956.09,21100000000000.00,11170620437956.09,57900000000000.00
Aug 05 2024,BONK,0,90151459854014.48,69051459854014.48,21100000000000.00,11151459854014.49,57900000000000.00
Aug 03 2024,BONK,0,90113138686131.28,69013138686131.28,21100000000000.00,11113138686131.28,57900000000000.00
Aug 02 2024,BONK,0,90093978102189.69,68993978102189.67,21100000000000.00,11093978102189.67,57900000000000.00
Jul 31 2024,BONK,0,90055656934306.47,68955656934306.46,21100000000000.00,11055656934306.46,57900000000000.00
Jul 30 2024,BONK,0,90036496350364.86,68936496350364.86,21100000000000.00,11036496350364.86,57900000000000.00
Jul 29 2024,BONK,0,90017335766423.25,68917335766423.25,21100000000000.00,11017335766423.25,57900000000000.00
Jul 27 2024,BONK,0,89979014598540.03,68879014598540.04,21100000000000.00,10979014598540.04,57900000000000.00
Jul 26 2024,BONK,0,89959854014598.44,68859854014598.44,21100000000000.00,10959854014598.43,57900000000000.00
Jul 24 2024,BONK,0,89921532846715.22,68821532846715.22,21100000000000.00,10921532846715.22,57900000000000.00
Jul 23 2024,BONK,0,89902372262773.62,68802372262773.62,21100000000000.00,10902372262773.62,57900000000000.00
Jul 22 2024,BONK,0,89883211678832.02,68783211678832.02,21100000000000.00,10883211678832.01,57900000000000.00
Jul 20 2024,BONK,0,89844890510948.80,68744890510948.80,21100000000000.00,10844890510948.80,57900000000000.00
Jul 19 2024,BONK,0,89825729927007.19,68725729927007.20,21100000000000.00,10825729927007.20,57900000000000.00
Jul 17 2024,BONK,0,89787408759123.98,68687408759123.98,21100000000000.00,10787408759123.98,57900000000000.00
Jul 16 2024,BONK,0,89768248175182.38,68668248175182.38,21100000000000.00,10768248175182.38,57900000000000.00
Jul 14 2024,BONK,0,89729927007299.17,68629927007299.17,21100000000000.00,10729927007299.17,57900000000000.00
Jul 13 2024,BONK,0,89710766423357.56,68610766423357.56,21100000000000.00,10710766423357.56,57900000000000.00
Jul 12 2024,BONK,0,89691605839415.95,68591605839415.95,21100000000000.00,10691605839415.96,57900000000000.00
Jul 10 2024,BONK,0,89653284671532.75,68553284671532.75,21100000000000.00,10653284671532.75,57900000000000.00
Jul 09 2024,BONK,0,89634124087591.14,68534124087591.14,21100000000000.00,10634124087591.14,57900000000000.00
Jul 07 2024,BONK,0,89595802919707.94,68495802919707.93,21100000000000.00,10595802919707.93,57900000000000.00
Jul 06 2024,BONK,0,89576642335766.33,68476642335766.33,21100000000000.00,10576642335766.32,57900000000000.00
Jul 05 2024,BONK,0,89557481751824.72,68457481751824.72,21100000000000.00,10557481751824.72,57900000000000.00
Jul 03 2024,BONK,0,89519160583941.50,68419160583941.51,21100000000000.00,10519160583941.51,57900000000000.00
Jul 02 2024,BONK,0,89499999999999.90,68399999999999.91,21100000000000.00,10499999999999.90,57900000000000.00
Jun 30 2024,BONK,0,89461678832116.69,68361678832116.69,21100000000000.00,10461678832116.69,57900000000000.00
Jun 29 2024,BONK,0,89442518248175.10,68342518248175.09,21100000000000.00,10442518248175.09,57900000000000.00
Jun 28 2024,BONK,0,89423357664233.48,68323357664233.48,21100000000000.00,10423357664233.48,57900000000000.00
Jun 26 2024,BONK,0,89385036496350.27,68285036496350.27,21100000000000.00,10385036496350.27,57900000000000.00
Jun 25 2024,BONK,0,89365875912408.66,68265875912408.66,21100000000000.00,10365875912408.66,57900000000000.00
Jun 23 2024,BONK,0,89327554744525.45,68227554744525.45,21100000000000.00,10327554744525.45,57900000000000.00
Jun 22 2024,BONK,0,89308394160583.84,68208394160583.84,21100000000000.00,10308394160583.85,57900000000000.00
Jun 20 2024,BONK,0,89270072992700.64,68170072992700.64,21100000000000.00,10270072992700.64,57900000000000.00
Jun 19 2024,BONK,0,89250912408759.03,68150912408759.03,21100000000000.00,10250912408759.03,57900000000000.00
Jun 18 2024,BONK,0,89231751824817.42,68131751824817.42,21100000000000.00,10231751824817.43,57900000000000.00
Jun 16 2024,BONK,0,89193430656934.22,68093430656934.22,21100000000000.00,10193430656934.22,57900000000000.00
Jun 15 2024,BONK,0,89174270072992.61,68074270072992.61,21100000000000.00,10174270072992.61,57900000000000.00
Jun 13 2024,BONK,0,89135948905109.40,68035948905109.40,21100000000000.00,10135948905109.40,57900000000000.00
Jun 12 2024,BONK,0,89116788321167.80,68016788321167.80,21100000000000.00,10116788321167.79,57900000000000.00
Jun 11 2024,BONK,0,89097627737226.19,67997627737226.19,21100000000000.00,10097627737226.19,57900000000000.00
Jun 09 2024,BONK,0,89059306569342.97,67959306569342.98,21100000000000.00,10059306569342.98,57900000000000.00
Jun 08 2024,BONK,0,89040145985401.38,67940145985401.38,21100000000000.00,10040145985401.37,57900000000000.00
Jun 06 2024,BONK,0,89001824817518.16,67901824817518.16,21100000000000.00,10001824817518.16,57900000000000.00
Jun 05 2024,BONK,0,88982664233576.56,67882664233576.56,21100000000000.00,9982664233576.56,57900000000000.00
Jun 03 2024,BONK,0,88944343065693.34,67844343065693.34,21100000000000.00,9944343065693.34,57900000000000.00
Jun 02 2024,BONK,0,88925182481751.73,67825182481751.73,21100000000000.00,9925182481751.74,57900000000000.00
Jun 01 2024,BONK,0,88906021897810.12,67806021897810.13,21100000000000.00,9906021897810.13,57900000000000.00
May 30 2024,BONK,0,88867700729926.92,67767700729926.92,21100000000000.00,9867700729926.92,57900000000000.00
May 29 2024,BONK,0,88848540145985.31,67748540145985.31,21100000000000.00,9848540145985.32,57900000000000.00
May 27 2024,BONK,0,88810218978102.11,67710218978102.11,21100000000000.00,9810218978102.11,57900000000000.00
May 26 2024,BONK,0,88791058394160.50,67691058394160.50,21100000000000.00,9791058394160.50,57900000000000.00
May 25 2024,BONK,0,88771897810218.89,67671897810218.89,21100000000000.00,9771897810218.90,57900000000000.00
May 23 2024,BONK,0,88733576642335.69,67633576642335.69,21100000000000.00,9733576642335.68,57900000000000.00
May 22 2024,BONK,0,88714416058394.08,67614416058394.08,21100000000000.00,9714416058394.08,57900000000000.00
May 20 2024,BONK,0,88676094890510.88,67576094890510.87,21100000000000.00,9676094890510.87,57900000000000.00
May 19 2024,BONK,0,88656934306569.27,67556934306569.27,21100000000000.00,9656934306569.26,57900000000000.00
May 17 2024,BONK,0,88618613138686.05,67518613138686.05,21100000000000.00,9618613138686.05,57900000000000.00
May 16 2024,BONK,0,88599452554744.44,67499452554744.44,21100000000000.00,9599452554744.45,57900000000000.00
May 15 2024,BONK,0,88580291970802.84,67480291970802.84,21100000000000.00,9580291970802.84,57900000000000.00
May 13 2024,BONK,0,88541970802919.62,67441970802919.62,21100000000000.00,9541970802919.63,57900000000000.00
May 12 2024,BONK,0,88522810218978.03,67422810218978.02,21100000000000.00,9522810218978.02,57900000000000.00
May 10 2024,BONK,0,88484489051094.81,67384489051094.81,21100000000000.00,9484489051094.81,57900000000000.00
May 09 2024,BONK,0,88465328467153.20,67365328467153.20,21100000000000.00,9465328467153.21,57900000000000.00
May 08 2024,BONK,0,88446167883211.60,67346167883211.60,21100000000000.00,9446167883211.60,57900000000000.00
May 06 2024,BONK,0,88407846715328.39,67307846715328.39,21100000000000.00,9407846715328.39,57900000000000.00
May 05 2024,BONK,0,88388686131386.78,67288686131386.78,21100000000000.00,9388686131386.79,57900000000000.00
May 03 2024,BONK,0,88350364963503.58,67250364963503.58,21100000000000.00,9350364963503.57,57900000000000.00
May 02 2024,BONK,0,88331204379561.97,67231204379561.97,21100000000000.00,9331204379561.97,57900000000000.00
Apr 30 2024,BONK,0,88292883211678.75,67192883211678.76,21100000000000.00,9292883211678.76,57900000000000.00
Apr 29 2024,BONK,0,88273722627737.16,67173722627737.16,21100000000000.00,9273722627737.15,57900000000000.00
Apr 28 2024,BONK,0,88254562043795.55,67154562043795.55,21100000000000.00,9254562043795.55,57900000000000.00
Apr 26 2024,BONK,0,88216240875912.34,67116240875912.34,21100000000000.00,9216240875912.34,57900000000000.00
Apr 25 2024,BONK,0,88197080291970.73,67097080291970.73,21100000000000.00,9197080291970.73,57900000000000.00
Apr 23 2024,BONK,0,88158759124087.52,67058759124087.52,21100000000000.00,9158759124087.52,57900000000000.00
Apr 22 2024,BONK,0,88139598540145.90,67039598540145.91,21100000000000.00,9139598540145.91,57900000000000.00
Apr 21 2024,BONK,0,88120437956204.31,67020437956204.31,21100000000000.00,9120437956204.31,57900000000000.00
Apr 19 2024,BONK,0,88082116788321.10,66982116788321.09,21100000000000.00,9082116788321.10,57900000000000.00
Apr 18 2024,BONK,0,88062956204379.50,66962956204379.49,21100000000000.00,9062956204379.49,57900000000000.00
Apr 16 2024,BONK,0,88024635036496.28,66924635036496.28,21100000000000.00,9024635036496.28,57900000000000.00
Apr 15 2024,BONK,0,88005474452554.67,66905474452554.67,21100000000000.00,9005474452554.68,57900000000000.00
Apr 14 2024,BONK,0,87986313868613.06,66886313868613.07,21100000000000.00,8986313868613.07,57900000000000.00
Apr 12 2024,BONK,0,87947992700729.86,66847992700729.86,21100000000000.00,8947992700729.86,57900000000000.00
Apr 11 2024,BONK,0,87928832116788.25,66828832116788.25,21100000000000.00,8928832116788.25,57900000000000.00
Apr 09 2024,BONK,0,87890510948905.05,66790510948905.05,21100000000000.00,8890510948905.04,57900000000000.00
Apr 08 2024,BONK,0,87871350364963.44,66771350364963.44,21100000000000.00,8871350364963.44,57900000000000.00
Apr 06 2024,BONK,0,87833029197080.22,66733029197080.23,21100000000000.00,8833029197080.23,57900000000000.00
Apr 05 2024,BONK,0,87813868613138.62,66713868613138.62,21100000000000.00,8813868613138.62,57900000000000.00
Apr 04 2024,BONK,0,87794708029197.02,66694708029197.02,21100000000000.00,8794708029197.02,57900000000000.00
Apr 02 2024,BONK,0,87756386861313.81,66656386861313.80,21100000000000.00,8756386861313.81,57900000000000.00
Apr 01 2024,BONK,0,87737226277372.20,66637226277372.20,21100000000000.00,8737226277372.20,57900000000000.00
Mar 30 2024,BONK,$0.00,0,66598905109488.98,0,8698905109488.99,57900000000000.00
Mar 29 2024,BONK,$0.00,0,66579744525547.38,0,8679744525547.38,57900000000000.00
Mar 28 2024,BONK,$0.00,0,66560583941605.78,0,8660583941605.78,57900000000000.00
Mar 26 2024,BONK,$0.00,0,66522262773722.56,0,8622262773722.57,57900000000000.00
Mar 25 2024,BONK,$0.00,0,66503102189780.96,0,8603102189780.96,57900000000000.00
Mar 23 2024,BONK,$0.00,0,66464781021897.75,0,8564781021897.75,57900000000000.00
Mar 22 2024,BONK,$0.00,0,66445620437956.14,0,8545620437956.15,57900000000000.00
Mar 20 2024,BONK,$0.00,0,66407299270072.94,0,8507299270072.93,57900000000000.00
Mar 19 2024,BONK,$0.00,0,66388138686131.33,0,8488138686131.33,57900000000000.00
Mar 18 2024,BONK,$0.00,0,66368978102189.72,0,8468978102189.72,57900000000000.00
Mar 16 2024,BONK,$0.00,0,66330656934306.52,0,8430656934306.51,57900000000000.00
Mar 15 2024,BONK,$0.00,0,66311496350364.91,0,8411496350364.91,57900000000000.00
Mar 13 2024,BONK,$0.00,0,66273175182481.70,0,8373175182481.70,57900000000000.00
Mar 12 2024,BONK,$0.00,0,66254014598540.09,0,8354014598540.09,57900000000000.00
Mar 11 2024,BONK,$0.00,0,66234854014598.48,0,8334854014598.48,57900000000000.00
Mar 09 2024,BONK,$0.00,0,66196532846715.27,0,8296532846715.27,57900000000000.00
Mar 08 2024,BONK,$0.00,0,66177372262773.67,0,8277372262773.67,57900000000000.00
Mar 06 2024,BONK,$0.00,0,66139051094890.45,0,8239051094890.46,57900000000000.00
Mar 05 2024,BONK,$0.00,0,66119890510948.85,0,8219890510948.85,57900000000000.00
Mar 03 2024,BONK,$0.00,0,66081569343065.64,0,8181569343065.64,57900000000000.00
Mar 02 2024,BONK,$0.00,0,66062408759124.03,0,8162408759124.04,57900000000000.00
Mar 01 2024,BONK,$0.00,0,66043248175182.43,0,8143248175182.43,57900000000000.00
Feb 28 2024,BONK,$0.00,0,66004927007299.22,0,8104927007299.22,57900000000000.00
Feb 27 2024,BONK,$0.00,0,65985766423357.61,0,8085766423357.61,57900000000000.00
Feb 25 2024,BONK,$0.00,0,65947445255474.41,0,8047445255474.40,57900000000000.00
Feb 24 2024,BONK,$0.00,0,65928284671532.80,0,8028284671532.80,57900000000000.00
Feb 23 2024,BONK,$0.00,0,65909124087591.19,0,8009124087591.19,57900000000000.00
Feb 21 2024,BONK,$0.00,0,65870802919707.98,0,7970802919707.98,57900000000000.00
Feb 20 2024,BONK,$0.00,0,65851642335766.38,0,7951642335766.38,57900000000000.00
Feb 18 2024,BONK,$0.00,0,65813321167883.16,0,7913321167883.16,57900000000000.00
Feb 17 2024,BONK,$0.00,0,65794160583941.56,0,7894160583941.56,57900000000000.00
Feb 15 2024,BONK,$0.00,0,65755839416058.34,0,7855839416058.35,57900000000000.00
Feb 14 2024,BONK,$0.00,0,65736678832116.74,0,7836678832116.74,57900000000000.00
Feb 13 2024,BONK,$0.00,0,65717518248175.14,0,7817518248175.14,57900000000000.00
Feb 11 2024,BONK,$0.00,0,65679197080291.92,0,7779197080291.93,57900000000000.00
Feb 10 2024,BONK,$0.00,0,65660036496350.32,0,7760036496350.32,57900000000000.00
Feb 08 2024,BONK,$0.00,0,65621715328467.11,0,7721715328467.11,57900000000000.00
Feb 07 2024,BONK,$0.00,0,65602554744525.50,0,7702554744525.50,57900000000000.00
Feb 06 2024,BONK,$0.00,0,65583394160583.90,0,7683394160583.90,57900000000000.00
Feb 04 2024,BONK,$0.00,0,65545072992700.69,0,7645072992700.69,57900000000000.00
Feb 03 2024,BONK,$0.00,0,65525912408759.08,0,7625912408759.08,57900000000000.00
Feb 01 2024,BONK,$0.00,0,65487591240875.88,0,7587591240875.87,57900000000000.00
Jan 31 2024,BONK,$0.00,0,65468430656934.27,0,7568430656934.27,57900000000000.00
Jan 29 2024,BONK,$0.00,0,65430109489051.06,0,7530109489051.06,57900000000000.00
Jan 28 2024,BONK,$0.00,0,65410948905109.45,0,7510948905109.45,57900000000000.00
Jan 27 2024,BONK,$0.00,0,65391788321167.84,0,7491788321167.84,57900000000000.00
Jan 25 2024,BONK,$0.00,0,65353467153284.63,0,7453467153284.63,57900000000000.00
Jan 24 2024,BONK,$0.00,0,65334306569343.03,0,7434306569343.03,57900000000000.00
Jan 22 2024,BONK,$0.00,0,65295985401459.81,0,7395985401459.82,57900000000000.00
Jan 21 2024,BONK,$0.00,0,65276824817518.21,0,7376824817518.21,57900000000000.00
Jan 20 2024,BONK,$0.00,0,65257664233576.61,0,7357664233576.61,57900000000000.00
Jan 18 2024,BONK,$0.00,0,65219343065693.39,0,7319343065693.40,57900000000000.00
Jan 17 2024,BONK,$0.00,0,65200182481751.79,0,7300182481751.79,57900000000000.00
Jan 15 2024,BONK,$0.00,0,65161861313868.58,0,7261861313868.58,57900000000000.00
Jan 14 2024,BONK,$0.00,0,65142700729926.97,0,7242700729926.97,57900000000000.00
Jan 13 2024,BONK,$0.00,0,65123540145985.37,0,7223540145985.37,57900000000000.00
Jan 11 2024,BONK,$0.00,0,65085218978102.16,0,7185218978102.16,57900000000000.00
Jan 10 2024,BONK,$0.00,0,65066058394160.55,0,7166058394160.55,57900000000000.00
Jan 08 2024,BONK,$0.00,0,65027737226277.34,0,7127737226277.34,57900000000000.00
Jan 07 2024,BONK,$0.00,0,65008576642335.73,0,7108576642335.73,57900000000000.00
Jan 05 2024,BONK,$0.00,0,64970255474452.52,0,7070255474452.52,57900000000000.00
Jan 04 2024,BONK,$0.00,0,64951094890510.92,0,7051094890510.92,57900000000000.00
Jan 03 2024,BONK,$0.00,0,64931934306569.31,0,7031934306569.31,57900000000000.00
Jan 01 2024,BONK,$0.00,0,64893613138686.10,0,6993613138686.10,57900000000000.00
Dec 31 2023,BONK,$0.00,0,64874452554744.50,0,6974452554744.50,57900000000000.00
Dec 29 2023,BONK,$0.00,0,64836131386861.28,0,6936131386861.29,57900000000000.00
Dec 28 2023,BONK,$0.00,0,64816970802919.68,0,6916970802919.68,57900000000000.00
Dec 27 2023,BONK,$0.00,0,64797810218978.08,0,6897810218978.07,57900000000000.00
Dec 25 2023,BONK,$0.00,0,64759489051094.86,0,6859489051094.86,57900000000000.00
Dec 24 2023,BONK,$0.00,0,64740328467153.26,0,6840328467153.26,57900000000000.00
Dec 22 2023,BONK,$0.00,0,64702007299270.05,0,6802007299270.05,57900000000000.00
Dec 21 2023,BONK,$0.00,0,64682846715328.44,0,6782846715328.44,57900000000000.00
Dec 19 2023,BONK,$0.00,0,64644525547445.23,0,6744525547445.23,57900000000000.00
Dec 18 2023,BONK,$0.00,0,64625364963503.62,0,6725364963503.63,57900000000000.00
Dec 17 2023,BONK,$0.00,0,64606204379562.02,0,6706204379562.02,57900000000000.00
Dec 15 2023,BONK,$0.00,0,64567883211678.81,0,6667883211678.81,57900000000000.00
Dec 14 2023,BONK,$0.00,0,64548722627737.20,0,6648722627737.20,57900000000000.00
Dec 12 2023,BONK,$0.00,0,64510401459853.99,0,6610401459853.99,57900000000000.00
Dec 11 2023,BONK,$0.00,0,64491240875912.39,0,6591240875912.39,57900000000000.00
Dec 10 2023,BONK,$0.00,0,64472080291970.78,0,6572080291970.78,57900000000000.00
Dec 08 2023,BONK,$0.00,0,64433759124087.57,0,6533759124087.57,57900000000000.00
Dec 07 2023,BONK,$0.0 5 7600,0,64414598540145.97,0,6514598540145.97,57900000000000.00
Dec 05 2023,BONK,$0.0 5 6400,0,64376277372262.75,0,6476277372262.75,57900000000000.00
Dec 04 2023,BONK,$0.0 5 5250,0,64357116788321.15,0,6457116788321.15,57900000000000.00
Dec 02 2023,BONK,$0.0 5 4000,0,64318795620437.94,0,6418795620437.94,57900000000000.00
Dec 01 2023,BONK,$0.0 5 3870,0,64299635036496.33,0,6399635036496.33,57900000000000.00
Nov 30 2023,BONK,$0.0 5 4060,0,64280474452554.73,0,6380474452554.73,57900000000000.00
Nov 28 2023,BONK,$0.0 5 3770,0,64242153284671.52,0,6342153284671.52,57900000000000.00
Nov 27 2023,BONK,$0.0 5 4080,0,64222992700729.91,0,6322992700729.91,57900000000000.00
Nov 25 2023,BONK,$0.0 5 4160,0,64184671532846.70,0,6284671532846.70,57900000000000.00
Nov 24 2023,BONK,$0.0 5 4230,0,64165510948905.09,0,6265510948905.09,57900000000000.00
Nov 23 2023,BONK,$0.0 5 4520,0,64146350364963.48,0,6246350364963.49,57900000000000.00
Nov 21 2023,BONK,$0.0 5 3990,0,64108029197080.28,0,6208029197080.28,57900000000000.00
Nov 20 2023,BONK,$0.0 5 4250,0,64088868613138.67,0,6188868613138.67,57900000000000.00
Nov 18 2023,BONK,$0.0 5 2960,0,64050547445255.46,0,6150547445255.46,57900000000000.00
Nov 17 2023,BONK,$0.0 5 2690,0,64031386861313.86,0,6131386861313.86,57900000000000.00
Nov 15 2023,BONK,$0.0 5 2050,0,63993065693430.64,0,6093065693430.65,57900000000000.00
Nov 14 2023,BONK,$0.0 5 1830,0,63973905109489.04,0,6073905109489.04,57900000000000.00
Nov 13 2023,BONK,$0.0 5 2330,0,63954744525547.44,0,6054744525547.43,57900000000000.00
Nov 11 2023,BONK,$0.0 5 2660,0,63916423357664.22,0,6016423357664.22,57900000000000.00
Nov 10 2023,BONK,$0.0 5 1680,0,63897262773722.62,0,5997262773722.62,57900000000000.00
Nov 08 2023,BONK,$0.0 6 9355,0,63858941605839.41,0,5958941605839.41,57900000000000.00
Nov 07 2023,BONK,$0.0 6 7134,0,63839781021897.80,0,5939781021897.80,57900000000000.00
Nov 06 2023,BONK,$0.0 6 7841,0,63820620437956.20,0,5920620437956.20,57900000000000.00
Nov 04 2023,BONK,$0.0 6 6379,0,63782299270072.98,0,5882299270072.98,57900000000000.00
Nov 03 2023,BONK,$0.0 6 6456,0,63763138686131.38,0,5863138686131.38,57900000000000.00
Nov 01 2023,BONK,$0.0 6 7010,0,63724817518248.17,0,5824817518248.17,57900000000000.00
Oct 31 2023,BONK,$0.0 6 6667,0,63705656934306.56,0,5805656934306.56,57900000000000.00
Oct 30 2023,BONK,$0.0 6 5789,0,63686496350364.95,0,5786496350364.96,57900000000000.00
Oct 28 2023,BONK,$0.0 6 5887,0,63648175182481.75,0,5748175182481.75,57900000000000.00
Oct 27 2023,BONK,$0.0 6 5618,0,63629014598540.14,0,5729014598540.14,57900000000000.00
Oct 25 2023,BONK,$0.0 6 3182,0,63590693430656.93,0,5690693430656.93,57900000000000.00
Oct 24 2023,BONK,$0.0 6 3281,0,63571532846715.33,0,5671532846715.32,57900000000000.00
Oct 22 2023,BONK,$0.0 6 2126,0,63533211678832.11,0,5633211678832.11,57900000000000.00
Oct 21 2023,BONK,$0.0 6 1896,0,63514051094890.51,0,5614051094890.51,57900000000000.00
Oct 20 2023,BONK,$0.0 6 1773,0,63494890510948.91,0,5594890510948.90,57900000000000.00
Oct 18 2023,BONK,$0.0 6 1847,0,63456569343065.69,0,5556569343065.69,57900000000000.00
Oct 17 2023,BONK,$0.0 6 1972,0,63437408759124.09,0,5537408759124.09,57900000000000.00
Oct 15 2023,BONK,$0.0 6 1862,0,63399087591240.88,0,5499087591240.88,57900000000000.00
Oct 14 2023,BONK,$0.0 6 1770,0,63379927007299.27,0,5479927007299.27,57900000000000.00
Oct 13 2023,BONK,$0.0 6 1768,0,63360766423357.66,0,5460766423357.66,57900000000000.00
Oct 11 2023,BONK,$0.0 6 1902,0,63322445255474.45,0,5422445255474.45,57900000000000.00
Oct 10 2023,BONK,$0.0 6 1953,0,63303284671532.84,0,5403284671532.85,57900000000000.00
Oct 08 2023,BONK,$0.0 6 2154,0,63264963503649.64,0,5364963503649.64,57900000000000.00
Oct 07 2023,BONK,$0.0 6 2107,0,63245802919708.03,0,5345802919708.03,57900000000000.00
Oct 05 2023,BONK,$0.0 6 2111,0,63207481751824.82,0,5307481751824.82,57900000000000.00
Oct 04 2023,BONK,$0.0 6 2058,0,63188321167883.22,0,5288321167883.22,57900000000000.00
Oct 03 2023,BONK,$0.0 6 2007,0,63169160583941.61,0,5269160583941.61,57900000000000.00
Oct 01 2023,BONK,$0.0 6 2071,0,63130839416058.40,0,5230839416058.40,57900000000000.00
Sep 30 2023,BONK,$0.0 6 1968,0,63111678832116.80,0,5211678832116.79,57900000000000.00
Sep 28 2023,BONK,$0.0 6 1936,0,63073357664233.58,0,5173357664233.58,57900000000000.00
Sep 27 2023,BONK,$0.0 6 2038,0,63054197080291.98,0,5154197080291.98,57900000000000.00
Sep 26 2023,BONK,$0.0 6 2013,0,63035036496350.38,0,5135036496350.37,57900000000000.00
Sep 24 2023,BONK,$0.0 6 1913,0,62996715328467.16,0,5096715328467.16,57900000000000.00
Sep 23 2023,BONK,$0.0 6 1948,0,62977554744525.56,0,5077554744525.56,57900000000000.00
Sep 21 2023,BONK,$0.0 6 2030,0,62939233576642.34,0,5039233576642.34,57900000000000.00
Sep 20 2023,BONK,$0.0 6 2044,0,62920072992700.73,0,5020072992700.74,57900000000000.00
Sep 18 2023,BONK,$0.0 6 2020,0,62881751824817.53,0,4981751824817.53,57900000000000.00
Sep 17 2023,BONK,$0.0 6 2046,0,62862591240875.92,0,4962591240875.92,57900000000000.00
Sep 16 2023,BONK,$0.0 6 2047,0,62843430656934.31,0,4943430656934.32,57900000000000.00
Sep 14 2023,BONK,$0.0 6 2098,0,62805109489051.11,0,4905109489051.11,57900000000000.00
Sep 13 2023,BONK,$0.0 6 2081,0,62785948905109.50,0,4885948905109.50,57900000000000.00
Sep 11 2023,BONK,$0.0 6 2105,0,62747627737226.29,0,4847627737226.29,57900000000000.00
Sep 10 2023,BONK,$0.0 6 2185,0,62728467153284.69,0,4828467153284.68,57900000000000.00
Sep 09 2023,BONK,$0.0 6 2216,0,62709306569343.08,0,4809306569343.08,57900000000000.00
Sep 07 2023,BONK,$0.0 6 2416,0,62670985401459.87,0,4770985401459.87,57900000000000.00
Sep 06 2023,BONK,$0.0 6 2314,0,62651824817518.27,0,4751824817518.26,57900000000000.00
Sep 04 2023,BONK,$0.0 6 2401,0,62613503649635.05,0,4713503649635.05,57900000000000.00
Sep 03 2023,BONK,$0.0 6 2398,0,62594343065693.44,0,4694343065693.45,57900000000000.00
Sep 01 2023,BONK,$0.0 6 2423,0,62556021897810.23,0,4656021897810.23,57900000000000.00
Aug 31 2023,BONK,$0.0 6 2592,0,62536861313868.62,0,4636861313868.63,57900000000000.00
Aug 30 2023,BONK,$0.0 6 2677,0,62517700729927.02,0,4617700729927.02,57900000000000.00
Aug 28 2023,BONK,$0.0 6 2516,0,62479379562043.81,0,4579379562043.81,57900000000000.00
Aug 27 2023,BONK,$0.0 6 2557,0,62460218978102.20,0,4560218978102.21,57900000000000.00
Aug 25 2023,BONK,$0.0 6 2539,0,62421897810219.00,0,4521897810219.00,57900000000000.00
Aug 24 2023,BONK,$0.0 6 2564,0,62402737226277.39,0,4502737226277.39,57900000000000.00
Aug 23 2023,BONK,$0.0 6 2410,0,62383576642335.78,0,4483576642335.79,57900000000000.00
Aug 21 2023,BONK,$0.0 6 2772,0,62345255474452.58,0,4445255474452.57,57900000000000.00
Aug 20 2023,BONK,$0.0 6 2738,0,62326094890510.97,0,4426094890510.97,57900000000000.00
Aug 18 2023,BONK,$0.0 6 2784,0,62287773722627.76,0,4387773722627.76,57900000000000.00
Aug 17 2023,BONK,$0.0 6 3097,0,62268613138686.15,0,4368613138686.15,57900000000000.00
Aug 16 2023,BONK,$0.0 6 3213,0,62249452554744.55,0,4349452554744.55,57900000000000.00
Aug 14 2023,BONK,$0.0 6 3360,0,62211131386861.34,0,4311131386861.33,57900000000000.00
Aug 13 2023,BONK,$0.0 6 3381,0,62191970802919.73,0,4291970802919.73,57900000000000.00
Aug 11 2023,BONK,$0.0 6 3420,0,62153649635036.52,0,4253649635036.52,57900000000000.00
Aug 10 2023,BONK,$0.0 6 3451,0,62134489051094.91,0,4234489051094.91,57900000000000.00
Aug 08 2023,BONK,$0.0 6 3258,0,62096167883211.70,0,4196167883211.70,57900000000000.00
Aug 07 2023,BONK,$0.0 6 3174,0,62077007299270.09,0,4177007299270.09,57900000000000.00
Aug 06 2023,BONK,$0.0 6 3231,0,62057846715328.48,0,4157846715328.49,57900000000000.00
Aug 04 2023,BONK,$0.0 6 3453,0,62019525547445.27,0,4119525547445.27,57900000000000.00
Aug 03 2023,BONK,$0.0 6 3361,0,62000364963503.67,0,4100364963503.67,57900000000000.00
Aug 01 2023,BONK,$0.0 6 3273,0,61962043795620.45,0,4062043795620.46,57900000000000.00
Jul 31 2023,BONK,$0.0 6 3454,0,61942883211678.85,0,4042883211678.85,57900000000000.00
Jul 30 2023,BONK,$0.0 6 3445,0,61923722627737.24,0,4023722627737.24,57900000000000.00
Jul 28 2023,BONK,$0.0 6 3459,0,61885401459854.03,0,3985401459854.03,57900000000000.00
Jul 27 2023,BONK,$0.0 6 3519,0,61866240875912.43,0,3966240875912.43,57900000000000.00
Jul 25 2023,BONK,$0.0 6 3380,0,61827919708029.21,0,3927919708029.21,57900000000000.00
Jul 24 2023,BONK,$0.0 6 3312,0,61808759124087.61,0,3908759124087.61,57900000000000.00
Jul 22 2023,BONK,$0.0 6 3488,0,61770437956204.40,0,3870437956204.40,57900000000000.00
Jul 21 2023,BONK,$0.0 6 3459,0,61751277372262.79,0,3851277372262.79,57900000000000.00
Jul 20 2023,BONK,$0.0 6 3560,0,61732116788321.19,0,3832116788321.18,57900000000000.00
Jul 18 2023,BONK,$0.0 6 3543,0,61693795620437.97,0,3793795620437.97,57900000000000.00
Jul 17 2023,BONK,$0.0 6 3660,0,61674635036496.37,0,3774635036496.37,57900000000000.00
Jul 15 2023,BONK,$0.0 6 3898,0,61636313868613.16,0,3736313868613.16,57900000000000.00
Jul 14 2023,BONK,$0.0 6 3653,0,61617153284671.55,0,3717153284671.55,57900000000000.00
Jul 13 2023,BONK,$0.0 6 3395,0,61597992700729.94,0,3697992700729.94,57900000000000.00
Jul 11 2023,BONK,$0.0 6 3373,0,61559671532846.73,0,3659671532846.73,57900000000000.00
Jul 10 2023,BONK,$0.0 6 3428,0,61540510948905.12,0,3640510948905.13,57900000000000.00
Jul 08 2023,BONK,$0.0 6 3508,0,61502189781021.91,0,3602189781021.91,57900000000000.00
Jul 07 2023,BONK,$0.0 6 3541,0,61483029197080.30,0,3583029197080.31,57900000000000.00
Jul 05 2023,BONK,$0.0 6 3581,0,61444708029197.09,0,3544708029197.10,57900000000000.00
Jul 04 2023,BONK,$0.0 6 3645,0,61425547445255.49,0,3525547445255.49,57900000000000.00
Jul 03 2023,BONK,$0.0 6 3698,0,61406386861313.88,0,3506386861313.88,57900000000000.00
Jul 01 2023,BONK,$0.0 6 3665,0,61368065693430.67,0,3468065693430.67,57900000000000.00
Jun 30 2023,BONK,$0.0 6 3591,0,61348905109489.06,0,3448905109489.07,57900000000000.00
Jun 28 2023,BONK,$0.0 6 3692,0,61310583941605.85,0,3410583941605.85,57900000000000.00
Jun 27 2023,BONK,$0.0 6 3656,0,61291423357664.25,0,3391423357664.25,57900000000000.00
Jun 26 2023,BONK,$0.0 6 4006,0,61272262773722.64,0,3372262773722.64,57900000000000.00
Jun 24 2023,BONK,$0.0 6 3693,0,61233941605839.43,0,3333941605839.43,57900000000000.00
Jun 23 2023,BONK,$0.0 6 3478,0,61214781021897.82,0,3314781021897.82,57900000000000.00
Jun 21 2023,BONK,$0.0 6 3217,0,61176459854014.61,0,3276459854014.61,57900000000000.00
Jun 20 2023,BONK,$0.0 6 3138,0,61157299270073.01,0,3257299270073.01,57900000000000.00
Jun 18 2023,BONK,$0.0 6 3122,0,61118978102189.80,0,3218978102189.79,57900000000000.00
Jun 17 2023,BONK,$0.0 6 3189,0,61099817518248.19,0,3199817518248.19,57900000000000.00
Jun 16 2023,BONK,$0.0 6 2898,0,61080656934306.58,0,3180656934306.58,57900000000000.00
Jun 14 2023,BONK,$0.0 6 2939,0,61042335766423.37,0,3142335766423.37,57900000000000.00
Jun 13 2023,BONK,$0.0 6 2904,0,61023175182481.77,0,3123175182481.76,57900000000000.00
Jun 11 2023,BONK,$0.0 6 3141,0,60984854014598.56,0,3084854014598.55,57900000000000.00
Jun 10 2023,BONK,$0.0 6 3628,0,60965693430656.94,0,3065693430656.95,57900000000000.00
Jun 09 2023,BONK,$0.0 6 3887,0,60946532846715.34,0,3046532846715.34,57900000000000.00
Jun 07 2023,BONK,$0.0 6 4116,0,60908211678832.12,0,3008211678832.13,57900000000000.00
Jun 06 2023,BONK,$0.0 6 3901,0,60889051094890.52,0,2989051094890.52,57900000000000.00
Jun 04 2023,BONK,$0.0 6 4320,0,60850729927007.31,0,2950729927007.31,57900000000000.00
Jun 03 2023,BONK,$0.0 6 4795,0,60831569343065.70,0,2931569343065.70,57900000000000.00
Jun 02 2023,BONK,$0.0 6 4735,0,60812408759124.10,0,2912408759124.10,57900000000000.00
May 31 2023,BONK,$0.0 6 6587,0,60774087591240.89,0,2874087591240.89,57900000000000.00
May 30 2023,BONK,$0.0 6 5595,0,60754927007299.28,0,2854927007299.28,57900000000000.00
May 28 2023,BONK,$0.0 6 5568,0,60716605839416.07,0,2816605839416.07,57900000000000.00
May 27 2023,BONK,$0.0 6 4023,0,60697445255474.46,0,2797445255474.46,57900000000000.00
May 25 2023,BONK,$0.0 6 3939,0,60659124087591.25,0,2759124087591.25,57900000000000.00
May 24 2023,BONK,$0.0 6 4037,0,60639963503649.65,0,2739963503649.65,57900000000000.00
May 23 2023,BONK,$0.0 6 4031,0,60620802919708.04,0,2720802919708.04,57900000000000.00
May 21 2023,BONK,$0.0 6 4321,0,60582481751824.83,0,2682481751824.83,57900000000000.00
May 20 2023,BONK,$0.0 6 4277,0,60563321167883.22,0,2663321167883.22,57900000000000.00
May 18 2023,BONK,$0.0 6 4316,0,60525000000000.01,0,2625000000000.01,57900000000000.00
May 17 2023,BONK,$0.0 6 4378,0,60505839416058.41,0,2605839416058.40,57900000000000.00
May 16 2023,BONK,$0.0 6 4871,0,60486678832116.80,0,2586678832116.80,57900000000000.00
May 14 2023,BONK,$0.0 6 4249,0,60448357664233.59,0,2548357664233.59,57900000000000.00
May 13 2023,BONK,$0.0 6 3882,0,60429197080291.98,0,2529197080291.98,57900000000000.00
May 11 2023,BONK,$0.0 6 4121,0,60390875912408.77,0,2490875912408.77,57900000000000.00
May 10 2023,BONK,$0.0 6 4447,0,60371715328467.16,0,2471715328467.16,57900000000000.00
May 08 2023,BONK,$0.0 6 5268,0,60333394160583.95,0,2433394160583.95,57900000000000.00
May 07 2023,BONK,$0.0 6 4949,0,60314233576642.34,0,2414233576642.34,57900000000000.00
May 06 2023,BONK,$0.0 6 5550,0,60295072992700.73,0,2395072992700.74,57900000000000.00
May 04 2023,BONK,$0.0 6 5946,0,60256751824817.52,0,2356751824817.53,57900000000000.00
May 03 2023,BONK,$0.0 6 6253,0,60237591240875.92,0,2337591240875.92,57900000000000.00
May 01 2023,BONK,$0.0 6 7010,0,60199270072992.71,0,2299270072992.71,57900000000000.00
Apr 30 2023,BONK,$0.0 6 6195,0,60180109489051.10,0,2280109489051.10,57900000000000.00
Apr 29 2023,BONK,$0.0 6 6296,0,60160948905109.50,0,2260948905109.50,57900000000000.00
Apr 27 2023,BONK,$0.0 6 6167,0,60122627737226.28,0,2222627737226.28,57900000000000.00
Apr 26 2023,BONK,$0.0 6 6548,0,60103467153284.68,0,2203467153284.68,57900000000000.00
Apr 24 2023,BONK,$0.0 6 6674,0,60065145985401.47,0,2165145985401.47,57900000000000.00
Apr 23 2023,BONK,$0.0 6 7283,0,60045985401459.86,0,2145985401459.86,57900000000000.00
Apr 21 2023,BONK,$0.0 6 7149,0,60007664233576.65,0,2107664233576.65,57900000000000.00
Apr 20 2023,BONK,$0.0 6 8239,0,59988503649635.04,0,2088503649635.04,57900000000000.00
Apr 19 2023,BONK,$0.0 6 9557,0,59969343065693.44,0,2069343065693.44,57900000000000.00
Apr 17 2023,BONK,$0.0 6 9575,0,59931021897810.23,0,2031021897810.22,57900000000000.00
Apr 16 2023,BONK,$0.0 6 8230,0,59911861313868.62,0,2011861313868.62,57900000000000.00
Apr 14 2023,BONK,$0.0 6 8496,0,59873540145985.41,0,1973540145985.41,57900000000000.00
Apr 13 2023,BONK,$0.0 6 7367,0,59854379562043.80,0,1954379562043.80,57900000000000.00
Apr 12 2023,BONK,$0.0 6 6532,0,59835218978102.20,0,1935218978102.19,57900000000000.00
Apr 10 2023,BONK,$0.0 6 5615,0,59796897810218.98,0,1896897810218.98,57900000000000.00
Apr 09 2023,BONK,$0.0 6 5546,0,59777737226277.38,0,1877737226277.38,57900000000000.00
Apr 07 2023,BONK,$0.0 6 5899,0,59739416058394.16,0,1839416058394.17,57900000000000.00
Apr 06 2023,BONK,$0.0 6 6003,0,59720255474452.56,0,1820255474452.56,57900000000000.00
Apr 04 2023,BONK,$0.0 6 6282,0,59681934306569.34,0,1781934306569.35,57900000000000.00
Apr 03 2023,BONK,$0.0 6 6291,0,59662773722627.74,0,1762773722627.74,57900000000000.00
Apr 02 2023,BONK,$0.0 6 6698,0,59643613138686.13,0,1743613138686.14,57900000000000.00
Mar 31 2023,BONK,$0.0 6 5722,0,59605291970802.92,0,1705291970802.92,57900000000000.00
Mar 30 2023,BONK,$0.0 6 5664,0,59586131386861.32,0,1686131386861.32,57900000000000.00
Mar 28 2023,BONK,$0.0 6 5057,0,59547810218978.11,0,1647810218978.11,57900000000000.00
Mar 27 2023,BONK,$0.0 6 5486,0,59528649635036.50,0,1628649635036.50,57900000000000.00
Mar 26 2023,BONK,$0.0 6 5536,0,59509489051094.89,0,1609489051094.89,57900000000000.00
Mar 24 2023,BONK,$0.0 6 5995,0,59471167883211.68,0,1571167883211.68,57900000000000.00
Mar 23 2023,BONK,$0.0 6 6014,0,59452007299270.08,0,1552007299270.08,57900000000000.00
Mar 21 2023,BONK,$0.0 6 6675,0,59413686131386.87,0,1513686131386.86,57900000000000.00
Mar 20 2023,BONK,$0.0 6 7337,0,59394525547445.26,0,1494525547445.26,57900000000000.00
Mar 18 2023,BONK,$0.0 6 6571,0,59356204379562.05,0,1456204379562.05,57900000000000.00
Mar 17 2023,BONK,$0.0 6 6464,0,59337043795620.44,0,1437043795620.44,57900000000000.00
Mar 16 2023,BONK,$0.0 6 6216,0,59317883211678.84,0,1417883211678.83,57900000000000.00
Mar 14 2023,BONK,$0.0 6 5503,0,59279562043795.62,0,1379562043795.62,57900000000000.00
Mar 13 2023,BONK,$0.0 6 4833,0,59260401459854.02,0,1360401459854.02,57900000000000.00
Mar 11 2023,BONK,$0.0 6 4178,0,59222080291970.80,0,1322080291970.80,57900000000000.00
Mar 10 2023,BONK,$0.0 6 4356,0,59202919708029.20,0,1302919708029.20,57900000000000.00
Mar 09 2023,BONK,$0.0 6 4774,0,59183759124087.59,0,1283759124087.59,57900000000000.00
Mar 07 2023,BONK,$0.0 6 5846,0,59145437956204.38,0,1245437956204.38,57900000000000.00
Mar 06 2023,BONK,$0.0 6 5857,0,59126277372262.77,0,1226277372262.77,57900000000000.00
Mar 04 2023,BONK,$0.0 6 5903,0,59087956204379.56,0,1187956204379.56,57900000000000.00
Mar 03 2023,BONK,$0.0 6 6747,0,59068795620437.95,0,1168795620437.96,57900000000000.00
Mar 02 2023,BONK,$0.0 6 7037,0,59049635036496.35,0,1149635036496.35,57900000000000.00
Feb 28 2023,BONK,$0.0 6 7353,0,59011313868613.14,0,1111313868613.14,57900000000000.00
Feb 27 2023,BONK,$0.0 6 7776,0,58992153284671.53,0,1092153284671.53,57900000000000.00
Feb 25 2023,BONK,$0.0 6 7676,0,58953832116788.32,0,1053832116788.32,57900000000000.00
Feb 24 2023,BONK,$0.0 6 8064,0,58934671532846.72,0,1034671532846.72,57900000000000.00
Feb 22 2023,BONK,$0.0 6 8201,0,58896350364963.50,0,996350364963.50,57900000000000.00
Feb 21 2023,BONK,$0.0 6 8666,0,58877189781021.90,0,977189781021.90,57900000000000.00
Feb 20 2023,BONK,$0.0 6 8681,0,58858029197080.29,0,958029197080.29,57900000000000.00
Feb 18 2023,BONK,$0.0 6 8773,0,58819708029197.08,0,919708029197.08,57900000000000.00
Feb 17 2023,BONK,$0.0 6 8487,0,58800547445255.48,0,900547445255.47,57900000000000.00
Feb 15 2023,BONK,$0.0 6 8172,0,58762226277372.27,0,862226277372.26,57900000000000.00
Feb 14 2023,BONK,$0.0 6 8169,0,58743065693430.66,0,843065693430.66,57900000000000.00
Feb 13 2023,BONK,$0.0 6 8641,0,58723905109489.06,0,823905109489.05,57900000000000.00
Feb 11 2023,BONK,$0.0 6 8704,0,58685583941605.84,0,785583941605.84,57900000000000.00
Feb 10 2023,BONK,$0.0 6 8315,0,58666423357664.23,0,766423357664.23,57900000000000.00
Feb 08 2023,BONK,$0.0 5 1067,0,58628102189781.02,0,728102189781.02,57900000000000.00
Feb 07 2023,BONK,$0.0 5 1050,0,58608941605839.41,0,708941605839.42,57900000000000.00
Feb 05 2023,BONK,$0.0 5 1149,0,58570620437956.20,0,670620437956.20,57900000000000.00
Feb 04 2023,BONK,$0.0 5 1063,0,58551459854014.60,0,651459854014.60,57900000000000.00
Feb 03 2023,BONK,$0.0 6 8454,0,58532299270072.99,0,632299270072.99,57900000000000.00
Feb 01 2023,BONK,$0.0 6 8811,0,58493978102189.78,0,593978102189.78,57900000000000.00
Jan 31 2023,BONK,$0.0 6 8645,0,58474817518248.17,0,574817518248.18,57900000000000.00
Jan 29 2023,BONK,$0.0 5 1009,0,58436496350364.96,0,536496350364.96,57900000000000.00
Jan 28 2023,BONK,$0.0 5 1058,0,58417335766423.36,0,517335766423.36,57900000000000.00
Jan 27 2023,BONK,$0.0 5 1033,0,58398175182481.75,0,498175182481.75,57900000000000.00
Jan 25 2023,BONK,$0.0 6 9690,0,58359854014598.54,0,459854014598.54,57900000000000.00
Jan 24 2023,BONK,$0.0 5 1153,0,58340693430656.94,0,440693430656.93,57900000000000.00
Jan 22 2023,BONK,$0.0 5 1210,0,58302372262773.72,0,402372262773.72,57900000000000.00
Jan 21 2023,BONK,$0.0 5 1299,0,58283211678832.12,0,383211678832.12,57900000000000.00
Jan 19 2023,BONK,$0.0 5 1115,0,58244890510948.91,0,344890510948.91,57900000000000.00
Jan 18 2023,BONK,$0.0 5 1333,0,58225729927007.30,0,325729927007.30,57900000000000.00
Jan 17 2023,BONK,$0.0 5 1327,0,58206569343065.70,0,306569343065.69,57900000000000.00
Jan 15 2023,BONK,$0.0 5 1202,0,58168248175182.48,0,268248175182.48,57900000000000.00
Jan 14 2023,BONK,$0.0 6 9087,0,58149087591240.88,0,249087591240.88,57900000000000.00
Jan 12 2023,BONK,$0.0 6 9751,0,58110766423357.66,0,210766423357.66,57900000000000.00
Jan 11 2023,BONK,$0.0 5 1508,0,58091605839416.06,0,191605839416.06,57900000000000.00
Jan 10 2023,BONK,$0.0 5 1609,0,58072445255474.45,0,172445255474.45,57900000000000.00
Jan 08 2023,BONK,$0.0 5 2002,0,58034124087591.24,0,134124087591.24,57900000000000.00
Jan 07 2023,BONK,$0.0 5 1991,0,58014963503649.63,0,114963503649.64,57900000000000.00
Jan 05 2023,BONK,$0.0 5 3390,0,57976642335766.42,0,76642335766.42,57900000000000.00
Jan 04 2023,BONK,$0.0 5 1264,0,57957481751824.82,0,57481751824.82,57900000000000.00
Jan 02 2023,BONK,$0.0 6 3669,0,57919160583941.61,0,19160583941.61,57900000000000.00
Jan 01 2023,BONK,$0.0 6 1966,0,57900000000000.00,0,0,57900000000000.00
Dec 31 2022,BONK,$0.0 6 1449,0,57900000000000.00,0,0,57900000000000.00
Dec 29 2022,BONK,$0.0 7 9041,0,57900000000000.00,0,0,57900000000000.00
Dec 28 2022,BONK,0,0,57900000000000.00,0,0,57900000000000.00
Dec 26 2022,BONK,0,0,57900000000000.00,0,0,57900000000000.00
Dec 25 2022,BONK,0,0,57900000000000.00,0,0,57900000000000.00
