Date,Symbol,Price,Available Supply,Unlocked Supply,Reserved (TBD),Founder / Team,Private Investors,Reserved,Community & Other
Nov 04 2026,DYDX,0,1012569024.00,770833162.00,241735862.00,222704930.00,277295070.00,12569024.00,258264138.00
Nov 02 2026,DYDX,0,1012569024.00,770833162.00,241735862.00,222704930.00,277295070.00,12569024.00,258264138.00
Oct 31 2026,DYDX,0,1012569024.00,770833162.00,241735862.00,222704930.00,277295070.00,12569024.00,258264138.00
Oct 28 2026,DYDX,0,1012569024.00,770833162.00,241735862.00,222704930.00,277295070.00,12569024.00,258264138.00
Oct 26 2026,DYDX,0,1012569024.00,770833162.00,241735862.00,222704930.00,277295070.00,12569024.00,258264138.00
Oct 24 2026,DYDX,0,1012569024.00,770833162.00,241735862.00,222704930.00,277295070.00,12569024.00,258264138.00
Oct 22 2026,DYDX,0,1012569024.00,770833162.00,241735862.00,222704930.00,277295070.00,12569024.00,258264138.00
Oct 19 2026,DYDX,0,1012569024.00,770833162.00,241735862.00,222704930.00,277295070.00,12569024.00,258264138.00
Oct 17 2026,DYDX,0,1012569024.00,770833162.00,241735862.00,222704930.00,277295070.00,12569024.00,258264138.00
Oct 15 2026,DYDX,0,1012569024.00,770833162.00,241735862.00,222704930.00,277295070.00,12569024.00,258264138.00
Oct 13 2026,DYDX,0,1012569024.00,770833162.00,241735862.00,222704930.00,277295070.00,12569024.00,258264138.00
Oct 10 2026,DYDX,0,1012569024.00,770833162.00,241735862.00,222704930.00,277295070.00,12569024.00,258264138.00
Oct 08 2026,DYDX,0,1012569024.00,770833162.00,241735862.00,222704930.00,277295070.00,12569024.00,258264138.00
Oct 06 2026,DYDX,0,1012569024.00,770833162.00,241735862.00,222704930.00,277295070.00,12569024.00,258264138.00
Oct 04 2026,DYDX,0,1012569024.00,770833162.00,241735862.00,222704930.00,277295070.00,12569024.00,258264138.00
Oct 01 2026,DYDX,0,1012569024.00,770833162.00,241735862.00,222704930.00,277295070.00,12569024.00,258264138.00
Sep 29 2026,DYDX,0,1012569024.00,770833162.00,241735862.00,222704930.00,277295070.00,12569024.00,258264138.00
Sep 27 2026,DYDX,0,1012569024.00,770833162.00,241735862.00,222704930.00,277295070.00,12569024.00,258264138.00
Sep 25 2026,DYDX,0,1012569024.00,770833162.00,241735862.00,222704930.00,277295070.00,12569024.00,258264138.00
Sep 23 2026,DYDX,0,1012569024.00,770833162.00,241735862.00,222704930.00,277295070.00,12569024.00,258264138.00
Sep 20 2026,DYDX,0,1012569024.00,770833162.00,241735862.00,222704930.00,277295070.00,12569024.00,258264138.00
Sep 18 2026,DYDX,0,1012569024.00,770833162.00,241735862.00,222704930.00,277295070.00,12569024.00,258264138.00
Sep 16 2026,DYDX,0,1012569024.00,770833162.00,241735862.00,222704930.00,277295070.00,12569024.00,258264138.00
Sep 14 2026,DYDX,0,1012569024.00,770833162.00,241735862.00,222704930.00,277295070.00,12569024.00,258264138.00
Sep 11 2026,DYDX,0,1012569024.00,770833162.00,241735862.00,222704930.00,277295070.00,12569024.00,258264138.00
Sep 09 2026,DYDX,0,1012569024.00,770833162.00,241735862.00,222704930.00,277295070.00,12569024.00,258264138.00
Sep 07 2026,DYDX,0,1012569024.00,770833162.00,241735862.00,222704930.00,277295070.00,12569024.00,258264138.00
Sep 05 2026,DYDX,0,1012569024.00,770833162.00,241735862.00,222704930.00,277295070.00,12569024.00,258264138.00
Sep 02 2026,DYDX,0,1012569024.00,770833162.00,241735862.00,222704930.00,277295070.00,12569024.00,258264138.00
Aug 31 2026,DYDX,0,1012569024.00,770833162.00,241735862.00,222704930.00,277295070.00,12569024.00,258264138.00
Aug 29 2026,DYDX,0,1012569024.00,770833162.00,241735862.00,222704930.00,277295070.00,12569024.00,258264138.00
Aug 27 2026,DYDX,0,1012569024.00,770833162.00,241735862.00,222704930.00,277295070.00,12569024.00,258264138.00
Aug 24 2026,DYDX,0,1012569024.00,770833162.00,241735862.00,222704930.00,277295070.00,12569024.00,258264138.00
Aug 22 2026,DYDX,0,1012569024.00,770833162.00,241735862.00,222704930.00,277295070.00,12569024.00,258264138.00
Aug 20 2026,DYDX,0,1012569024.00,770833162.00,241735862.00,222704930.00,277295070.00,12569024.00,258264138.00
Aug 18 2026,DYDX,0,1012569024.00,770833162.00,241735862.00,222704930.00,277295070.00,12569024.00,258264138.00
Aug 16 2026,DYDX,0,1012569024.00,770833162.00,241735862.00,222704930.00,277295070.00,12569024.00,258264138.00
Aug 13 2026,DYDX,0,1012569024.00,770833162.00,241735862.00,222704930.00,277295070.00,12569024.00,258264138.00
Aug 11 2026,DYDX,0,1012569024.00,770833162.00,241735862.00,222704930.00,277295070.00,12569024.00,258264138.00
Aug 09 2026,DYDX,0,1012569024.00,770833162.00,241735862.00,222704930.00,277295070.00,12569024.00,258264138.00
Aug 07 2026,DYDX,0,1012569024.00,770833162.00,241735862.00,222704930.00,277295070.00,12569024.00,258264138.00
Aug 04 2026,DYDX,0,1012569024.00,770833162.00,241735862.00,222704930.00,277295070.00,12569024.00,258264138.00
Aug 02 2026,DYDX,0,978992838.43,767701730.60,211291107.83,222704930.00,277295070.00,12569024.00,255132706.60
Jul 31 2026,DYDX,0,978938073.92,767701730.60,211236343.32,222704930.00,277295070.00,12569024.00,255132706.60
Jul 29 2026,DYDX,0,978883309.41,767701730.60,211181578.81,222704930.00,277295070.00,12569024.00,255132706.60
Jul 26 2026,DYDX,0,978801162.64,767701730.60,211099432.04,222704930.00,277295070.00,12569024.00,255132706.60
Jul 24 2026,DYDX,0,978746398.13,767701730.60,211044667.53,222704930.00,277295070.00,12569024.00,255132706.60
Jul 22 2026,DYDX,0,978691633.61,767701730.60,210989903.01,222704930.00,277295070.00,12569024.00,255132706.60
Jul 20 2026,DYDX,0,978636869.10,767701730.60,210935138.50,222704930.00,277295070.00,12569024.00,255132706.60
Jul 17 2026,DYDX,0,978554722.33,767701730.60,210852991.73,222704930.00,277295070.00,12569024.00,255132706.60
Jul 15 2026,DYDX,0,978499957.82,767701730.60,210798227.22,222704930.00,277295070.00,12569024.00,255132706.60
Jul 13 2026,DYDX,0,978445193.31,767701730.60,210743462.71,222704930.00,277295070.00,12569024.00,255132706.60
Jul 11 2026,DYDX,0,978390428.79,767701730.60,210688698.19,222704930.00,277295070.00,12569024.00,255132706.60
Jul 09 2026,DYDX,0,978335664.28,767701730.60,210633933.68,222704930.00,277295070.00,12569024.00,255132706.60
Jul 06 2026,DYDX,0,972535689.91,765579793.00,206955896.91,222704930.00,277295070.00,12569024.00,253010769.00
Jul 04 2026,DYDX,0,972480925.40,765579793.00,206901132.40,222704930.00,277295070.00,12569024.00,253010769.00
Jul 02 2026,DYDX,0,972426160.89,765579793.00,206846367.89,222704930.00,277295070.00,12569024.00,253010769.00
Jun 30 2026,DYDX,0,972371396.38,765579793.00,206791603.38,222704930.00,277295070.00,12569024.00,253010769.00
Jun 27 2026,DYDX,0,972289249.61,765579793.00,206709456.61,222704930.00,277295070.00,12569024.00,253010769.00
Jun 25 2026,DYDX,0,972234485.09,765579793.00,206654692.09,222704930.00,277295070.00,12569024.00,253010769.00
Jun 23 2026,DYDX,0,972179720.58,765579793.00,206599927.58,222704930.00,277295070.00,12569024.00,253010769.00
Jun 21 2026,DYDX,0,972124956.07,765579793.00,206545163.07,222704930.00,277295070.00,12569024.00,253010769.00
Jun 18 2026,DYDX,0,972042809.30,765579793.00,206463016.30,222704930.00,277295070.00,12569024.00,253010769.00
Jun 16 2026,DYDX,0,971988044.79,765579793.00,206408251.79,222704930.00,277295070.00,12569024.00,253010769.00
Jun 14 2026,DYDX,0,971933280.27,765579793.00,206353487.27,222704930.00,277295070.00,12569024.00,253010769.00
Jun 12 2026,DYDX,0,971878515.76,765579793.00,206298722.76,222704930.00,277295070.00,12569024.00,253010769.00
Jun 09 2026,DYDX,0,971796368.99,765579793.00,206216575.99,222704930.00,277295070.00,12569024.00,253010769.00
Jun 07 2026,DYDX,0,966023776.78,763457855.30,202565921.48,222704930.00,277295070.00,12569024.00,250888831.30
Jun 05 2026,DYDX,0,965969012.27,763457855.30,202511156.97,222704930.00,277295070.00,12569024.00,250888831.30
Jun 03 2026,DYDX,0,965914247.76,763457855.30,202456392.46,222704930.00,277295070.00,12569024.00,250888831.30
Jun 01 2026,DYDX,0,965859483.24,763457855.30,202401627.94,222704930.00,277295070.00,12569024.00,250888831.30
May 29 2026,DYDX,0,961610669.81,759291188.64,202319481.17,220849055.59,274984277.75,12569024.00,250888831.30
May 27 2026,DYDX,0,961555905.30,759291188.64,202264716.66,220849055.59,274984277.75,12569024.00,250888831.30
May 25 2026,DYDX,0,961501140.79,759291188.64,202209952.15,220849055.59,274984277.75,12569024.00,250888831.30
May 23 2026,DYDX,0,961446376.28,759291188.64,202155187.64,220849055.59,274984277.75,12569024.00,250888831.30
May 20 2026,DYDX,0,961364229.51,759291188.64,202073040.87,220849055.59,274984277.75,12569024.00,250888831.30
May 18 2026,DYDX,0,961309464.99,759291188.64,202018276.35,220849055.59,274984277.75,12569024.00,250888831.30
May 16 2026,DYDX,0,961254700.48,759291188.64,201963511.84,220849055.59,274984277.75,12569024.00,250888831.30
May 14 2026,DYDX,0,961199935.97,759291188.64,201908747.33,220849055.59,274984277.75,12569024.00,250888831.30
May 11 2026,DYDX,0,955399961.60,757169251.04,198230710.56,220849055.59,274984277.75,12569024.00,248766893.70
May 09 2026,DYDX,0,955345197.09,757169251.04,198175946.05,220849055.59,274984277.75,12569024.00,248766893.70
May 07 2026,DYDX,0,955290432.58,757169251.04,198121181.54,220849055.59,274984277.75,12569024.00,248766893.70
May 05 2026,DYDX,0,955235668.06,757169251.04,198066417.02,220849055.59,274984277.75,12569024.00,248766893.70
May 03 2026,DYDX,0,955180903.55,757169251.04,198011652.51,220849055.59,274984277.75,12569024.00,248766893.70
Apr 30 2026,DYDX,0,950932090.10,753002584.36,197929505.74,218993181.16,272673485.50,12569024.00,248766893.70
Apr 28 2026,DYDX,0,950877325.59,753002584.36,197874741.23,218993181.16,272673485.50,12569024.00,248766893.70
Apr 26 2026,DYDX,0,950822561.08,753002584.36,197819976.72,218993181.16,272673485.50,12569024.00,248766893.70
Apr 24 2026,DYDX,0,950767796.56,753002584.36,197765212.20,218993181.16,272673485.50,12569024.00,248766893.70
Apr 21 2026,DYDX,0,950685649.79,753002584.36,197683065.43,218993181.16,272673485.50,12569024.00,248766893.70
Apr 19 2026,DYDX,0,950630885.28,753002584.36,197628300.92,218993181.16,272673485.50,12569024.00,248766893.70
Apr 17 2026,DYDX,0,950576120.77,753002584.36,197573536.41,218993181.16,272673485.50,12569024.00,248766893.70
Apr 15 2026,DYDX,0,950521356.26,753002584.36,197518771.90,218993181.16,272673485.50,12569024.00,248766893.70
Apr 12 2026,DYDX,0,944721381.79,750880646.66,193840735.13,218993181.16,272673485.50,12569024.00,246644956.00
Apr 10 2026,DYDX,0,944666617.28,750880646.66,193785970.62,218993181.16,272673485.50,12569024.00,246644956.00
Apr 08 2026,DYDX,0,944611852.76,750880646.66,193731206.10,218993181.16,272673485.50,12569024.00,246644956.00
Apr 06 2026,DYDX,0,944557088.25,750880646.66,193676441.59,218993181.16,272673485.50,12569024.00,246644956.00
Apr 03 2026,DYDX,0,944474941.48,750880646.66,193594294.82,218993181.16,272673485.50,12569024.00,246644956.00
Apr 01 2026,DYDX,0,944420176.97,750880646.66,193539530.31,218993181.16,272673485.50,12569024.00,246644956.00
Mar 30 2026,DYDX,0,940198745.80,746713980.00,193484765.80,217137306.75,270362693.25,12569024.00,246644956.00
Mar 28 2026,DYDX,0,940143981.28,746713980.00,193430001.28,217137306.75,270362693.25,12569024.00,246644956.00
Mar 26 2026,DYDX,0,940089216.77,746713980.00,193375236.77,217137306.75,270362693.25,12569024.00,246644956.00
Mar 23 2026,DYDX,0,940007070.00,746713980.00,193293090.00,217137306.75,270362693.25,12569024.00,246644956.00
Mar 21 2026,DYDX,0,939952305.49,746713980.00,193238325.49,217137306.75,270362693.25,12569024.00,246644956.00
Mar 19 2026,DYDX,0,939897540.98,746713980.00,193183560.98,217137306.75,270362693.25,12569024.00,246644956.00
Mar 17 2026,DYDX,0,939842776.46,746713980.00,193128796.46,217137306.75,270362693.25,12569024.00,246644956.00
Mar 14 2026,DYDX,0,934042802.10,744592042.40,189450759.70,217137306.75,270362693.25,12569024.00,244523018.40
Mar 12 2026,DYDX,0,933988037.58,744592042.40,189395995.18,217137306.75,270362693.25,12569024.00,244523018.40
Mar 10 2026,DYDX,0,933933273.07,744592042.40,189341230.67,217137306.75,270362693.25,12569024.00,244523018.40
Mar 08 2026,DYDX,0,933878508.56,744592042.40,189286466.16,217137306.75,270362693.25,12569024.00,244523018.40
Mar 05 2026,DYDX,0,933796361.79,744592042.40,189204319.39,217137306.75,270362693.25,12569024.00,244523018.40
Mar 03 2026,DYDX,0,933741597.28,744592042.40,189149554.88,217137306.75,270362693.25,12569024.00,244523018.40
Mar 01 2026,DYDX,0,933686832.76,744592042.40,189094790.36,217137306.75,270362693.25,12569024.00,244523018.40
Feb 27 2026,DYDX,0,929465401.59,740425375.74,189040025.85,215281432.34,268051901.00,12569024.00,244523018.40
Feb 24 2026,DYDX,0,929383254.82,740425375.74,188957879.08,215281432.34,268051901.00,12569024.00,244523018.40
Feb 22 2026,DYDX,0,929328490.31,740425375.74,188903114.57,215281432.34,268051901.00,12569024.00,244523018.40
Feb 20 2026,DYDX,0,929273725.80,740425375.74,188848350.06,215281432.34,268051901.00,12569024.00,244523018.40
Feb 18 2026,DYDX,0,929218961.28,740425375.74,188793585.54,215281432.34,268051901.00,12569024.00,244523018.40
Feb 16 2026,DYDX,0,923446369.17,738303438.14,185142931.03,215281432.34,268051901.00,12569024.00,242401080.80
Feb 13 2026,DYDX,0,923364222.40,738303438.14,185060784.26,215281432.34,268051901.00,12569024.00,242401080.80
Feb 11 2026,DYDX,0,923309457.89,738303438.14,185006019.75,215281432.34,268051901.00,12569024.00,242401080.80
Feb 09 2026,DYDX,0,923254693.38,738303438.14,184951255.24,215281432.34,268051901.00,12569024.00,242401080.80
Feb 07 2026,DYDX,0,923199928.87,738303438.14,184896490.73,215281432.34,268051901.00,12569024.00,242401080.80
Feb 04 2026,DYDX,0,923117782.10,738303438.14,184814343.96,215281432.34,268051901.00,12569024.00,242401080.80
Feb 02 2026,DYDX,0,923063017.58,738303438.14,184759579.44,215281432.34,268051901.00,12569024.00,242401080.80
Jan 31 2026,DYDX,0,918841586.39,734136771.46,184704814.93,213425557.91,265741108.75,12569024.00,242401080.80
Jan 29 2026,DYDX,0,918786821.88,734136771.46,184650050.42,213425557.91,265741108.75,12569024.00,242401080.80
Jan 26 2026,DYDX,0,918704675.11,734136771.46,184567903.65,213425557.91,265741108.75,12569024.00,242401080.80
Jan 24 2026,DYDX,0,918649910.60,734136771.46,184513139.14,213425557.91,265741108.75,12569024.00,242401080.80
Jan 22 2026,DYDX,0,918595146.08,734136771.46,184458374.62,213425557.91,265741108.75,12569024.00,242401080.80
Jan 20 2026,DYDX,0,918540381.57,734136771.46,184403610.11,213425557.91,265741108.75,12569024.00,242401080.80
Jan 17 2026,DYDX,0,912740407.10,732014833.76,180725573.34,213425557.91,265741108.75,12569024.00,240279143.10
Jan 15 2026,DYDX,0,912685642.59,732014833.76,180670808.83,213425557.91,265741108.75,12569024.00,240279143.10
Jan 13 2026,DYDX,0,912630878.08,732014833.76,180616044.32,213425557.91,265741108.75,12569024.00,240279143.10
Jan 11 2026,DYDX,0,912576113.57,732014833.76,180561279.81,213425557.91,265741108.75,12569024.00,240279143.10
Jan 09 2026,DYDX,0,912521349.05,732014833.76,180506515.29,213425557.91,265741108.75,12569024.00,240279143.10
Jan 06 2026,DYDX,0,912439202.28,732014833.76,180424368.52,213425557.91,265741108.75,12569024.00,240279143.10
Jan 04 2026,DYDX,0,912384437.77,732014833.76,180369604.01,213425557.91,265741108.75,12569024.00,240279143.10
Jan 02 2026,DYDX,0,912329673.26,732014833.76,180314839.50,213425557.91,265741108.75,12569024.00,240279143.10
Dec 31 2025,DYDX,0,908108242.09,727848167.10,180260074.99,211569683.50,263430316.50,12569024.00,240279143.10
Dec 28 2025,DYDX,0,908026095.32,727848167.10,180177928.22,211569683.50,263430316.50,12569024.00,240279143.10
Dec 26 2025,DYDX,0,907971330.80,727848167.10,180123163.70,211569683.50,263430316.50,12569024.00,240279143.10
Dec 24 2025,DYDX,0,907916566.29,727848167.10,180068399.19,211569683.50,263430316.50,12569024.00,240279143.10
Dec 22 2025,DYDX,0,902143974.18,725726229.50,176417744.68,211569683.50,263430316.50,12569024.00,238157205.50
Dec 19 2025,DYDX,0,902061827.41,725726229.50,176335597.91,211569683.50,263430316.50,12569024.00,238157205.50
Dec 17 2025,DYDX,0,902007062.90,725726229.50,176280833.40,211569683.50,263430316.50,12569024.00,238157205.50
Dec 15 2025,DYDX,0,901952298.38,725726229.50,176226068.88,211569683.50,263430316.50,12569024.00,238157205.50
Dec 13 2025,DYDX,0,901897533.87,725726229.50,176171304.37,211569683.50,263430316.50,12569024.00,238157205.50
Dec 10 2025,DYDX,0,901815387.10,725726229.50,176089157.60,211569683.50,263430316.50,12569024.00,238157205.50
Dec 08 2025,DYDX,0,901760622.59,725726229.50,176034393.09,211569683.50,263430316.50,12569024.00,238157205.50
Dec 06 2025,DYDX,0,901705858.08,725726229.50,175979628.58,211569683.50,263430316.50,12569024.00,238157205.50
Dec 04 2025,DYDX,0,901651093.57,725726229.50,175924864.07,211569683.50,263430316.50,12569024.00,238157205.50
Dec 02 2025,DYDX,0,901596329.05,725726229.50,175870099.55,211569683.50,263430316.50,12569024.00,238157205.50
Nov 29 2025,DYDX,0,897347515.62,721559562.84,175787952.78,209713809.09,261119524.25,12569024.00,238157205.50
Nov 27 2025,DYDX,0,897292751.11,721559562.84,175733188.27,209713809.09,261119524.25,12569024.00,238157205.50
Nov 25 2025,DYDX,0,897237986.60,721559562.84,175678423.76,209713809.09,261119524.25,12569024.00,238157205.50
Nov 23 2025,DYDX,0,891465394.39,719437625.14,172027769.25,209713809.09,261119524.25,12569024.00,236035267.80
Nov 20 2025,DYDX,0,891383247.62,719437625.14,171945622.48,209713809.09,261119524.25,12569024.00,236035267.80
Nov 18 2025,DYDX,0,891328483.10,719437625.14,171890857.96,209713809.09,261119524.25,12569024.00,236035267.80
Nov 16 2025,DYDX,0,891273718.59,719437625.14,171836093.45,209713809.09,261119524.25,12569024.00,236035267.80
Nov 14 2025,DYDX,0,891218954.08,719437625.14,171781328.94,209713809.09,261119524.25,12569024.00,236035267.80
Nov 11 2025,DYDX,0,891136807.31,719437625.14,171699182.17,209713809.09,261119524.25,12569024.00,236035267.80
Nov 09 2025,DYDX,0,891082042.80,719437625.14,171644417.66,209713809.09,261119524.25,12569024.00,236035267.80
Nov 07 2025,DYDX,0,891027278.29,719437625.14,171589653.15,209713809.09,261119524.25,12569024.00,236035267.80
Nov 05 2025,DYDX,0,890972513.77,719437625.14,171534888.63,209713809.09,261119524.25,12569024.00,236035267.80
Nov 02 2025,DYDX,0,890890367.00,719437625.14,171452741.86,209713809.09,261119524.25,12569024.00,236035267.80
Oct 31 2025,DYDX,0,886668935.81,715270958.46,171397977.35,207857934.66,258808732.00,12569024.00,236035267.80
Oct 29 2025,DYDX,0,886614171.30,715270958.46,171343212.84,207857934.66,258808732.00,12569024.00,236035267.80
Oct 27 2025,DYDX,0,880841579.19,713149020.86,167692558.33,207857934.66,258808732.00,12569024.00,233913330.20
Oct 25 2025,DYDX,0,880786814.67,713149020.86,167637793.81,207857934.66,258808732.00,12569024.00,233913330.20
Oct 22 2025,DYDX,0,880704667.90,713149020.86,167555647.04,207857934.66,258808732.00,12569024.00,233913330.20
Oct 20 2025,DYDX,0,880649903.39,713149020.86,167500882.53,207857934.66,258808732.00,12569024.00,233913330.20
Oct 18 2025,DYDX,0,880595138.88,713149020.86,167446118.02,207857934.66,258808732.00,12569024.00,233913330.20
Oct 16 2025,DYDX,0,880540374.37,713149020.86,167391353.51,207857934.66,258808732.00,12569024.00,233913330.20
Oct 13 2025,DYDX,0,880458227.60,713149020.86,167309206.74,207857934.66,258808732.00,12569024.00,233913330.20
Oct 11 2025,DYDX,0,880403463.09,713149020.86,167254442.23,207857934.66,258808732.00,12569024.00,233913330.20
Oct 09 2025,DYDX,0,880348698.57,713149020.86,167199677.71,207857934.66,258808732.00,12569024.00,233913330.20
Oct 07 2025,DYDX,0,880293934.06,713149020.86,167144913.20,207857934.66,258808732.00,12569024.00,233913330.20
Oct 04 2025,DYDX,0,880211787.29,713149020.86,167062766.43,207857934.66,258808732.00,12569024.00,233913330.20
Oct 02 2025,DYDX,0,880157022.78,713149020.86,167008001.92,207857934.66,258808732.00,12569024.00,233913330.20
Sep 30 2025,DYDX,0,875935591.61,708982354.20,166953237.41,206002060.25,256497939.75,12569024.00,233913330.20
Sep 28 2025,DYDX,0,870162999.39,706860416.50,163302582.89,206002060.25,256497939.75,12569024.00,231791392.50
Sep 25 2025,DYDX,0,870080852.62,706860416.50,163220436.12,206002060.25,256497939.75,12569024.00,231791392.50
Sep 23 2025,DYDX,0,870026088.11,706860416.50,163165671.61,206002060.25,256497939.75,12569024.00,231791392.50
Sep 21 2025,DYDX,0,869971323.60,706860416.50,163110907.10,206002060.25,256497939.75,12569024.00,231791392.50
Sep 19 2025,DYDX,0,869916559.09,706860416.50,163056142.59,206002060.25,256497939.75,12569024.00,231791392.50
Sep 17 2025,DYDX,0,869861794.57,706860416.50,163001378.07,206002060.25,256497939.75,12569024.00,231791392.50
Sep 14 2025,DYDX,0,869779647.81,706860416.50,162919231.31,206002060.25,256497939.75,12569024.00,231791392.50
Sep 12 2025,DYDX,0,869724883.29,706860416.50,162864466.79,206002060.25,256497939.75,12569024.00,231791392.50
Sep 10 2025,DYDX,0,869670118.78,706860416.50,162809702.28,206002060.25,256497939.75,12569024.00,231791392.50
Sep 08 2025,DYDX,0,869615354.27,706860416.50,162754937.77,206002060.25,256497939.75,12569024.00,231791392.50
Sep 05 2025,DYDX,0,869533207.50,706860416.50,162672791.00,206002060.25,256497939.75,12569024.00,231791392.50
Sep 03 2025,DYDX,0,869478442.99,706860416.50,162618026.49,206002060.25,256497939.75,12569024.00,231791392.50
Sep 01 2025,DYDX,0,863705850.87,704738478.90,158967371.97,206002060.25,256497939.75,12569024.00,229669454.90
Aug 30 2025,DYDX,0,859484419.70,700571812.24,158912607.46,204146185.84,254187147.50,12569024.00,229669454.90
Aug 27 2025,DYDX,0,859402272.93,700571812.24,158830460.69,204146185.84,254187147.50,12569024.00,229669454.90
Aug 25 2025,DYDX,0,859347508.42,700571812.24,158775696.18,204146185.84,254187147.50,12569024.00,229669454.90
Aug 23 2025,DYDX,0,859292743.91,700571812.24,158720931.67,204146185.84,254187147.50,12569024.00,229669454.90
Aug 21 2025,DYDX,0,859237979.39,700571812.24,158666167.15,204146185.84,254187147.50,12569024.00,229669454.90
Aug 18 2025,DYDX,0,859155832.63,700571812.24,158584020.39,204146185.84,254187147.50,12569024.00,229669454.90
Aug 16 2025,DYDX,0,859101068.11,700571812.24,158529255.87,204146185.84,254187147.50,12569024.00,229669454.90
Aug 14 2025,DYDX,0,859046303.60,700571812.24,158474491.36,204146185.84,254187147.50,12569024.00,229669454.90
Aug 12 2025,DYDX,0,858991539.09,700571812.24,158419726.85,204146185.84,254187147.50,12569024.00,229669454.90
Aug 10 2025,DYDX,0,858936774.58,700571812.24,158364962.34,204146185.84,254187147.50,12569024.00,229669454.90
Aug 07 2025,DYDX,0,858854627.81,700571812.24,158282815.57,204146185.84,254187147.50,12569024.00,229669454.90
Aug 05 2025,DYDX,0,858799863.29,700571812.24,158228051.05,204146185.84,254187147.50,12569024.00,229669454.90
Aug 03 2025,DYDX,0,853027271.08,698449874.54,154577396.54,204146185.84,254187147.50,12569024.00,227547517.20
Aug 01 2025,DYDX,0,852972506.57,698449874.54,154522632.03,204146185.84,254187147.50,12569024.00,227547517.20
Jul 29 2025,DYDX,0,848723693.12,694283207.86,154440485.26,202290311.41,251876355.25,12569024.00,227547517.20
Jul 27 2025,DYDX,0,848668928.61,694283207.86,154385720.75,202290311.41,251876355.25,12569024.00,227547517.20
Jul 25 2025,DYDX,0,848614164.09,694283207.86,154330956.23,202290311.41,251876355.25,12569024.00,227547517.20
Jul 23 2025,DYDX,0,848559399.58,694283207.86,154276191.72,202290311.41,251876355.25,12569024.00,227547517.20
Jul 20 2025,DYDX,0,848477252.81,694283207.86,154194044.95,202290311.41,251876355.25,12569024.00,227547517.20
Jul 18 2025,DYDX,0,848422488.30,694283207.86,154139280.44,202290311.41,251876355.25,12569024.00,227547517.20
Jul 16 2025,DYDX,0,848367723.79,694283207.86,154084515.93,202290311.41,251876355.25,12569024.00,227547517.20
Jul 14 2025,DYDX,0,848312959.28,694283207.86,154029751.42,202290311.41,251876355.25,12569024.00,227547517.20
Jul 12 2025,DYDX,0,848258194.76,694283207.86,153974986.90,202290311.41,251876355.25,12569024.00,227547517.20
Jul 09 2025,DYDX,0,848176047.99,694283207.86,153892840.13,202290311.41,251876355.25,12569024.00,227547517.20
Jul 07 2025,DYDX,0,842403455.88,692161270.26,150242185.62,202290311.41,251876355.25,12569024.00,225425579.60
Jul 05 2025,DYDX,0,842348691.37,692161270.26,150187421.11,202290311.41,251876355.25,12569024.00,225425579.60
Jul 03 2025,DYDX,0,842293926.86,692161270.26,150132656.60,202290311.41,251876355.25,12569024.00,225425579.60
Jun 30 2025,DYDX,0,838045113.43,687994603.60,150050509.83,200434437.00,249565563.00,12569024.00,225425579.60
Jun 28 2025,DYDX,0,837990348.91,687994603.60,149995745.31,200434437.00,249565563.00,12569024.00,225425579.60
Jun 26 2025,DYDX,0,837935584.40,687994603.60,149940980.80,200434437.00,249565563.00,12569024.00,225425579.60
Jun 24 2025,DYDX,0,837880819.89,687994603.60,149886216.29,200434437.00,249565563.00,12569024.00,225425579.60
Jun 21 2025,DYDX,0,837798673.12,687994603.60,149804069.52,200434437.00,249565563.00,12569024.00,225425579.60
Jun 19 2025,DYDX,0,837743908.61,687994603.60,149749305.01,200434437.00,249565563.00,12569024.00,225425579.60
Jun 17 2025,DYDX,0,837689144.10,687994603.60,149694540.50,200434437.00,249565563.00,12569024.00,225425579.60
Jun 15 2025,DYDX,0,837634379.58,687994603.60,149639775.98,200434437.00,249565563.00,12569024.00,225425579.60
Jun 12 2025,DYDX,0,837552232.81,687994603.60,149557629.21,200434437.00,249565563.00,12569024.00,225425579.60
Jun 10 2025,DYDX,0,837497468.30,687994603.60,149502864.70,200434437.00,249565563.00,12569024.00,225425579.60
Jun 08 2025,DYDX,0,831724876.19,685872666.00,145852210.19,200434437.00,249565563.00,12569024.00,223303642.00
Jun 06 2025,DYDX,0,831670111.68,685872666.00,145797445.68,200434437.00,249565563.00,12569024.00,223303642.00
Jun 04 2025,DYDX,0,831615347.16,685872666.00,145742681.16,200434437.00,249565563.00,12569024.00,223303642.00
Jun 01 2025,DYDX,0,831533200.39,685872666.00,145660534.39,200434437.00,249565563.00,12569024.00,223303642.00
May 30 2025,DYDX,0,823145102.54,677539332.66,145605769.88,196722688.16,244943978.50,12569024.00,223303642.00
May 28 2025,DYDX,0,823090338.03,677539332.66,145551005.37,196722688.16,244943978.50,12569024.00,223303642.00
May 26 2025,DYDX,0,823035573.52,677539332.66,145496240.86,196722688.16,244943978.50,12569024.00,223303642.00
May 23 2025,DYDX,0,822953426.75,677539332.66,145414094.09,196722688.16,244943978.50,12569024.00,223303642.00
May 21 2025,DYDX,0,822898662.24,677539332.66,145359329.58,196722688.16,244943978.50,12569024.00,223303642.00
May 19 2025,DYDX,0,822843897.72,677539332.66,145304565.06,196722688.16,244943978.50,12569024.00,223303642.00
May 17 2025,DYDX,0,822789133.21,677539332.66,145249800.55,196722688.16,244943978.50,12569024.00,223303642.00
May 14 2025,DYDX,0,822706986.44,677539332.66,145167653.78,196722688.16,244943978.50,12569024.00,223303642.00
May 12 2025,DYDX,0,816934394.23,675417394.96,141516999.27,196722688.16,244943978.50,12569024.00,221181704.30
May 10 2025,DYDX,0,816879629.72,675417394.96,141462234.76,196722688.16,244943978.50,12569024.00,221181704.30
May 08 2025,DYDX,0,816824865.20,675417394.96,141407470.24,196722688.16,244943978.50,12569024.00,221181704.30
May 05 2025,DYDX,0,816742718.43,675417394.96,141325323.47,196722688.16,244943978.50,12569024.00,221181704.30
May 03 2025,DYDX,0,816687953.92,675417394.96,141270558.96,196722688.16,244943978.50,12569024.00,221181704.30
May 01 2025,DYDX,0,816633189.41,675417394.96,141215794.45,196722688.16,244943978.50,12569024.00,221181704.30
Apr 29 2025,DYDX,0,808245091.58,667084061.64,141161029.94,193010939.34,240322394.00,12569024.00,221181704.30
Apr 27 2025,DYDX,0,808190327.06,667084061.64,141106265.42,193010939.34,240322394.00,12569024.00,221181704.30
Apr 24 2025,DYDX,0,808108180.29,667084061.64,141024118.65,193010939.34,240322394.00,12569024.00,221181704.30
Apr 22 2025,DYDX,0,808053415.78,667084061.64,140969354.14,193010939.34,240322394.00,12569024.00,221181704.30
Apr 20 2025,DYDX,0,807998651.27,667084061.64,140914589.63,193010939.34,240322394.00,12569024.00,221181704.30
Apr 18 2025,DYDX,0,807943886.76,667084061.64,140859825.12,193010939.34,240322394.00,12569024.00,221181704.30
Apr 15 2025,DYDX,0,807861739.99,667084061.64,140777678.35,193010939.34,240322394.00,12569024.00,221181704.30
Apr 13 2025,DYDX,0,802089147.88,664962124.04,137127023.84,193010939.34,240322394.00,12569024.00,219059766.70
Apr 11 2025,DYDX,0,802034383.36,664962124.04,137072259.32,193010939.34,240322394.00,12569024.00,219059766.70
Apr 09 2025,DYDX,0,801979618.85,664962124.04,137017494.81,193010939.34,240322394.00,12569024.00,219059766.70
Apr 06 2025,DYDX,0,801897472.08,664962124.04,136935348.04,193010939.34,240322394.00,12569024.00,219059766.70
Apr 04 2025,DYDX,0,801842707.57,664962124.04,136880583.53,193010939.34,240322394.00,12569024.00,219059766.70
Apr 02 2025,DYDX,0,801787943.06,664962124.04,136825819.02,193010939.34,240322394.00,12569024.00,219059766.70
Mar 31 2025,DYDX,0,793399845.20,656628790.70,136771054.50,189299190.50,235700809.50,12569024.00,219059766.70
Mar 28 2025,DYDX,0,793317698.43,656628790.70,136688907.73,189299190.50,235700809.50,12569024.00,219059766.70
Mar 26 2025,DYDX,0,793262933.92,656628790.70,136634143.22,189299190.50,235700809.50,12569024.00,219059766.70
Mar 24 2025,DYDX,0,793208169.41,656628790.70,136579378.71,189299190.50,235700809.50,12569024.00,219059766.70
Mar 22 2025,DYDX,0,793153404.90,656628790.70,136524614.20,189299190.50,235700809.50,12569024.00,219059766.70
Mar 20 2025,DYDX,0,793098640.38,656628790.70,136469849.68,189299190.50,235700809.50,12569024.00,219059766.70
Mar 17 2025,DYDX,0,787298665.92,654506853.00,132791812.92,189299190.50,235700809.50,12569024.00,216937829.00
Mar 15 2025,DYDX,0,787243901.40,654506853.00,132737048.40,189299190.50,235700809.50,12569024.00,216937829.00
Mar 13 2025,DYDX,0,787189136.89,654506853.00,132682283.89,189299190.50,235700809.50,12569024.00,216937829.00
Mar 11 2025,DYDX,0,787134372.38,654506853.00,132627519.38,189299190.50,235700809.50,12569024.00,216937829.00
Mar 08 2025,DYDX,0,787052225.61,654506853.00,132545372.61,189299190.50,235700809.50,12569024.00,216937829.00
Mar 06 2025,DYDX,0,786997461.10,654506853.00,132490608.10,189299190.50,235700809.50,12569024.00,216937829.00
Mar 04 2025,DYDX,0,786942696.58,654506853.00,132435843.58,189299190.50,235700809.50,12569024.00,216937829.00
Mar 02 2025,DYDX,0,786887932.07,654506853.00,132381079.07,189299190.50,235700809.50,12569024.00,216937829.00
Feb 27 2025,DYDX,0,778472451.96,646173519.66,132298932.30,185587441.66,231079225.00,12569024.00,216937829.00
Feb 25 2025,DYDX,0,778417687.45,646173519.66,132244167.79,185587441.66,231079225.00,12569024.00,216937829.00
Feb 23 2025,DYDX,0,778362922.94,646173519.66,132189403.28,185587441.66,231079225.00,12569024.00,216937829.00
Feb 21 2025,DYDX,0,778308158.42,646173519.66,132134638.76,185587441.66,231079225.00,12569024.00,216937829.00
Feb 18 2025,DYDX,0,778226011.66,646173519.66,132052492.00,185587441.66,231079225.00,12569024.00,216937829.00
Feb 16 2025,DYDX,0,772453419.54,644051582.06,128401837.48,185587441.66,231079225.00,12569024.00,214815891.40
Feb 14 2025,DYDX,0,772398655.03,644051582.06,128347072.97,185587441.66,231079225.00,12569024.00,214815891.40
Feb 12 2025,DYDX,0,772343890.52,644051582.06,128292308.46,185587441.66,231079225.00,12569024.00,214815891.40
Feb 10 2025,DYDX,0,772289126.01,644051582.06,128237543.95,185587441.66,231079225.00,12569024.00,214815891.40
Feb 07 2025,DYDX,0,772206979.24,644051582.06,128155397.18,185587441.66,231079225.00,12569024.00,214815891.40
Feb 05 2025,DYDX,0,772152214.72,644051582.06,128100632.66,185587441.66,231079225.00,12569024.00,214815891.40
Feb 03 2025,DYDX,0,772097450.21,644051582.06,128045868.15,185587441.66,231079225.00,12569024.00,214815891.40
Feb 01 2025,DYDX,0,772042685.70,644051582.06,127991103.64,185587441.66,231079225.00,12569024.00,214815891.40
Jan 29 2025,DYDX,0,763627205.61,635718248.74,127908956.87,181875692.84,226457640.50,12569024.00,214815891.40
Jan 27 2025,DYDX,0,763572441.10,635718248.74,127854192.36,181875692.84,226457640.50,12569024.00,214815891.40
Jan 25 2025,DYDX,0,763517676.58,635718248.74,127799427.84,181875692.84,226457640.50,12569024.00,214815891.40
Jan 23 2025,DYDX,0,763462912.07,635718248.74,127744663.33,181875692.84,226457640.50,12569024.00,214815891.40
Jan 20 2025,DYDX,0,757662937.60,633596311.04,124066626.56,181875692.84,226457640.50,12569024.00,212693953.70
Jan 18 2025,DYDX,0,757608173.09,633596311.04,124011862.05,181875692.84,226457640.50,12569024.00,212693953.70
Jan 16 2025,DYDX,0,757553408.58,633596311.04,123957097.54,181875692.84,226457640.50,12569024.00,212693953.70
Jan 14 2025,DYDX,0,757498644.07,633596311.04,123902333.03,181875692.84,226457640.50,12569024.00,212693953.70
Jan 11 2025,DYDX,0,757416497.30,633596311.04,123820186.26,181875692.84,226457640.50,12569024.00,212693953.70
Jan 09 2025,DYDX,0,757361732.78,633596311.04,123765421.74,181875692.84,226457640.50,12569024.00,212693953.70
Jan 07 2025,DYDX,0,757306968.27,633596311.04,123710657.23,181875692.84,226457640.50,12569024.00,212693953.70
Jan 05 2025,DYDX,0,757252203.76,633596311.04,123655892.72,181875692.84,226457640.50,12569024.00,212693953.70
Jan 03 2025,DYDX,0,757197439.25,633596311.04,123601128.21,181875692.84,226457640.50,12569024.00,212693953.70
Dec 31 2024,DYDX,0,748781959.14,625262977.70,123518981.44,178163944.00,221836056.00,12569024.00,212693953.70
Dec 29 2024,DYDX,0,748727194.62,625262977.70,123464216.92,178163944.00,221836056.00,12569024.00,212693953.70
Dec 27 2024,DYDX,0,748672430.11,625262977.70,123409452.41,178163944.00,221836056.00,12569024.00,212693953.70
Dec 25 2024,DYDX,0,748617665.60,625262977.70,123354687.90,178163944.00,221836056.00,12569024.00,212693953.70
Dec 22 2024,DYDX,0,742817691.23,623141040.10,119676651.13,178163944.00,221836056.00,12569024.00,210572016.10
Dec 20 2024,DYDX,0,742762926.72,623141040.10,119621886.62,178163944.00,221836056.00,12569024.00,210572016.10
Dec 18 2024,DYDX,0,742708162.21,623141040.10,119567122.11,178163944.00,221836056.00,12569024.00,210572016.10
Dec 16 2024,DYDX,0,742653397.69,623141040.10,119512357.59,178163944.00,221836056.00,12569024.00,210572016.10
Dec 13 2024,DYDX,0,742571250.92,623141040.10,119430210.82,178163944.00,221836056.00,12569024.00,210572016.10
Dec 11 2024,DYDX,0,742516486.41,623141040.10,119375446.31,178163944.00,221836056.00,12569024.00,210572016.10
Dec 09 2024,DYDX,0,742461721.90,623141040.10,119320681.80,178163944.00,221836056.00,12569024.00,210572016.10
Dec 07 2024,DYDX,0,742406957.39,623141040.10,119265917.29,178163944.00,221836056.00,12569024.00,210572016.10
Dec 04 2024,DYDX,0,742324810.62,623141040.10,119183770.52,178163944.00,221836056.00,12569024.00,210572016.10
Dec 02 2024,DYDX,0,742270046.10,623141040.10,119129006.00,178163944.00,221836056.00,12569024.00,210572016.10
Nov 30 2024,DYDX,0,733881948.25,614807706.76,119074241.49,174452195.16,217214471.50,12569024.00,210572016.10
Nov 28 2024,DYDX,0,733827183.74,614807706.76,119019476.98,174452195.16,217214471.50,12569024.00,210572016.10
Nov 26 2024,DYDX,0,733772419.23,614807706.76,118964712.47,174452195.16,217214471.50,12569024.00,210572016.10
Nov 23 2024,DYDX,0,727972444.76,612685769.06,115286675.70,174452195.16,217214471.50,12569024.00,208450078.40
Nov 21 2024,DYDX,0,727917680.25,612685769.06,115231911.19,174452195.16,217214471.50,12569024.00,208450078.40
Nov 19 2024,DYDX,0,727862915.73,612685769.06,115177146.67,174452195.16,217214471.50,12569024.00,208450078.40
Nov 17 2024,DYDX,0,727808151.22,612685769.06,115122382.16,174452195.16,217214471.50,12569024.00,208450078.40
Nov 14 2024,DYDX,0,727726004.45,612685769.06,115040235.39,174452195.16,217214471.50,12569024.00,208450078.40
Nov 12 2024,DYDX,0,727671239.94,612685769.06,114985470.88,174452195.16,217214471.50,12569024.00,208450078.40
Nov 10 2024,DYDX,0,727616475.43,612685769.06,114930706.37,174452195.16,217214471.50,12569024.00,208450078.40
Nov 08 2024,DYDX,0,727561710.91,612685769.06,114875941.85,174452195.16,217214471.50,12569024.00,208450078.40
Nov 05 2024,DYDX,0,727479564.14,612685769.06,114793795.08,174452195.16,217214471.50,12569024.00,208450078.40
Nov 03 2024,DYDX,0,727424799.63,612685769.06,114739030.57,174452195.16,217214471.50,12569024.00,208450078.40
Nov 01 2024,DYDX,0,727370035.12,612685769.06,114684266.06,174452195.16,217214471.50,12569024.00,208450078.40
Oct 30 2024,DYDX,0,718981937.29,604352435.74,114629501.55,170740446.34,212592887.00,12569024.00,208450078.40
Oct 27 2024,DYDX,0,713181962.92,602230498.14,110951464.78,170740446.34,212592887.00,12569024.00,206328140.80
Oct 25 2024,DYDX,0,713127198.41,602230498.14,110896700.27,170740446.34,212592887.00,12569024.00,206328140.80
Oct 23 2024,DYDX,0,713072433.89,602230498.14,110841935.75,170740446.34,212592887.00,12569024.00,206328140.80
Oct 21 2024,DYDX,0,713017669.38,602230498.14,110787171.24,170740446.34,212592887.00,12569024.00,206328140.80
Oct 19 2024,DYDX,0,712962904.87,602230498.14,110732406.73,170740446.34,212592887.00,12569024.00,206328140.80
Oct 16 2024,DYDX,0,712880758.10,602230498.14,110650259.96,170740446.34,212592887.00,12569024.00,206328140.80
Oct 14 2024,DYDX,0,712825993.59,602230498.14,110595495.45,170740446.34,212592887.00,12569024.00,206328140.80
Oct 12 2024,DYDX,0,712771229.07,602230498.14,110540730.93,170740446.34,212592887.00,12569024.00,206328140.80
Oct 10 2024,DYDX,0,712716464.56,602230498.14,110485966.42,170740446.34,212592887.00,12569024.00,206328140.80
Oct 07 2024,DYDX,0,712634317.79,602230498.14,110403819.65,170740446.34,212592887.00,12569024.00,206328140.80
Oct 05 2024,DYDX,0,712579553.28,602230498.14,110349055.14,170740446.34,212592887.00,12569024.00,206328140.80
Oct 03 2024,DYDX,0,712524788.77,602230498.14,110294290.63,170740446.34,212592887.00,12569024.00,206328140.80
Oct 01 2024,DYDX,0,712470024.25,602230498.14,110239526.11,170740446.34,212592887.00,12569024.00,206328140.80
Sep 28 2024,DYDX,0,698336716.55,591775227.20,106561489.35,167028697.50,207971302.50,12569024.00,204206203.20
Sep 26 2024,DYDX,0,698281952.03,591775227.20,106506724.83,167028697.50,207971302.50,12569024.00,204206203.20
Sep 24 2024,DYDX,0,698227187.52,591775227.20,106451960.32,167028697.50,207971302.50,12569024.00,204206203.20
Sep 22 2024,DYDX,0,698172423.01,591775227.20,106397195.81,167028697.50,207971302.50,12569024.00,204206203.20
Sep 19 2024,DYDX,0,698090276.24,591775227.20,106315049.04,167028697.50,207971302.50,12569024.00,204206203.20
Sep 17 2024,DYDX,0,698035511.73,591775227.20,106260284.53,167028697.50,207971302.50,12569024.00,204206203.20
Sep 15 2024,DYDX,0,697980747.21,591775227.20,106205520.01,167028697.50,207971302.50,12569024.00,204206203.20
Sep 13 2024,DYDX,0,697925982.70,591775227.20,106150755.50,167028697.50,207971302.50,12569024.00,204206203.20
Sep 11 2024,DYDX,0,697871218.19,591775227.20,106095990.99,167028697.50,207971302.50,12569024.00,204206203.20
Sep 08 2024,DYDX,0,697789071.42,591775227.20,106013844.22,167028697.50,207971302.50,12569024.00,204206203.20
Sep 06 2024,DYDX,0,697734306.91,591775227.20,105959079.71,167028697.50,207971302.50,12569024.00,204206203.20
Sep 04 2024,DYDX,0,697679542.39,591775227.20,105904315.19,167028697.50,207971302.50,12569024.00,204206203.20
Sep 02 2024,DYDX,0,691906950.18,589653289.50,102253660.68,167028697.50,207971302.50,12569024.00,202084265.50
Aug 30 2024,DYDX,0,683491470.07,581319956.16,102171513.91,163316948.66,203349718.00,12569024.00,202084265.50
Aug 28 2024,DYDX,0,683436705.56,581319956.16,102116749.40,163316948.66,203349718.00,12569024.00,202084265.50
Aug 26 2024,DYDX,0,683381941.05,581319956.16,102061984.89,163316948.66,203349718.00,12569024.00,202084265.50
Aug 24 2024,DYDX,0,683327176.53,581319956.16,102007220.37,163316948.66,203349718.00,12569024.00,202084265.50
Aug 21 2024,DYDX,0,683245029.77,581319956.16,101925073.61,163316948.66,203349718.00,12569024.00,202084265.50
Aug 19 2024,DYDX,0,683190265.25,581319956.16,101870309.09,163316948.66,203349718.00,12569024.00,202084265.50
Aug 17 2024,DYDX,0,683135500.74,581319956.16,101815544.58,163316948.66,203349718.00,12569024.00,202084265.50
Aug 15 2024,DYDX,0,683080736.23,581319956.16,101760780.07,163316948.66,203349718.00,12569024.00,202084265.50
Aug 13 2024,DYDX,0,683025971.72,581319956.16,101706015.56,163316948.66,203349718.00,12569024.00,202084265.50
Aug 10 2024,DYDX,0,682943824.95,581319956.16,101623868.79,163316948.66,203349718.00,12569024.00,202084265.50
Aug 08 2024,DYDX,0,682889060.43,581319956.16,101569104.27,163316948.66,203349718.00,12569024.00,202084265.50
Aug 06 2024,DYDX,0,682834295.92,581319956.16,101514339.76,163316948.66,203349718.00,12569024.00,202084265.50
Aug 04 2024,DYDX,0,677061703.81,579198018.56,97863685.25,163316948.66,203349718.00,12569024.00,199962327.90
Aug 01 2024,DYDX,0,676979557.04,579198018.56,97781538.48,163316948.66,203349718.00,12569024.00,199962327.90
Jul 30 2024,DYDX,0,668591459.21,570864685.24,97726773.97,159605199.84,198728133.50,12569024.00,199962327.90
Jul 28 2024,DYDX,0,668536694.69,570864685.24,97672009.45,159605199.84,198728133.50,12569024.00,199962327.90
Jul 26 2024,DYDX,0,668481930.18,570864685.24,97617244.94,159605199.84,198728133.50,12569024.00,199962327.90
Jul 23 2024,DYDX,0,668399783.41,570864685.24,97535098.17,159605199.84,198728133.50,12569024.00,199962327.90
Jul 21 2024,DYDX,0,668345018.90,570864685.24,97480333.66,159605199.84,198728133.50,12569024.00,199962327.90
Jul 19 2024,DYDX,0,668290254.39,570864685.24,97425569.15,159605199.84,198728133.50,12569024.00,199962327.90
Jul 17 2024,DYDX,0,668235489.88,570864685.24,97370804.64,159605199.84,198728133.50,12569024.00,199962327.90
Jul 14 2024,DYDX,0,668153343.11,570864685.24,97288657.87,159605199.84,198728133.50,12569024.00,199962327.90
Jul 12 2024,DYDX,0,668098578.59,570864685.24,97233893.35,159605199.84,198728133.50,12569024.00,199962327.90
Jul 10 2024,DYDX,0,668043814.08,570864685.24,97179128.84,159605199.84,198728133.50,12569024.00,199962327.90
Jul 08 2024,DYDX,0,662271221.87,568742747.54,93528474.33,159605199.84,198728133.50,12569024.00,197840390.20
Jul 06 2024,DYDX,0,662216457.36,568742747.54,93473709.82,159605199.84,198728133.50,12569024.00,197840390.20
Jul 03 2024,DYDX,0,662134310.59,568742747.54,93391563.05,159605199.84,198728133.50,12569024.00,197840390.20
Jul 01 2024,DYDX,0,662079546.07,568742747.54,93336798.53,159605199.84,198728133.50,12569024.00,197840390.20
Jun 29 2024,DYDX,0,653691448.22,560409414.20,93282034.02,155893451.00,194106549.00,12569024.00,197840390.20
Jun 27 2024,DYDX,0,653636683.71,560409414.20,93227269.51,155893451.00,194106549.00,12569024.00,197840390.20
Jun 24 2024,DYDX,0,653554536.94,560409414.20,93145122.74,155893451.00,194106549.00,12569024.00,197840390.20
Jun 22 2024,DYDX,0,653499772.43,560409414.20,93090358.23,155893451.00,194106549.00,12569024.00,197840390.20
Jun 20 2024,DYDX,0,653445007.92,560409414.20,93035593.72,155893451.00,194106549.00,12569024.00,197840390.20
Jun 18 2024,DYDX,0,653390243.40,560409414.20,92980829.20,155893451.00,194106549.00,12569024.00,197840390.20
Jun 15 2024,DYDX,0,653308096.63,560409414.20,92898682.43,155893451.00,194106549.00,12569024.00,197840390.20
Jun 13 2024,DYDX,0,653253332.12,560409414.20,92843917.92,155893451.00,194106549.00,12569024.00,197840390.20
Jun 11 2024,DYDX,0,653198567.61,560409414.20,92789153.41,155893451.00,194106549.00,12569024.00,197840390.20
Jun 09 2024,DYDX,0,647425975.48,558287476.58,89138498.90,155893451.00,194106549.00,12569024.00,195718452.58
Jun 06 2024,DYDX,0,647343828.71,558287476.58,89056352.13,155893451.00,194106549.00,12569024.00,195718452.58
Jun 04 2024,DYDX,0,647289064.19,558287476.58,89001587.61,155893451.00,194106549.00,12569024.00,195718452.58
Jun 02 2024,DYDX,0,647234299.68,558287476.58,88946823.10,155893451.00,194106549.00,12569024.00,195718452.58
May 31 2024,DYDX,0,613846201.83,524954143.24,88892058.59,141046455.66,175620211.00,12569024.00,195718452.58
May 29 2024,DYDX,0,613791437.32,524954143.24,88837294.08,141046455.66,175620211.00,12569024.00,195718452.58
May 26 2024,DYDX,0,613709290.55,524954143.24,88755147.31,141046455.66,175620211.00,12569024.00,195718452.58
May 24 2024,DYDX,0,613654526.04,524954143.24,88700382.80,141046455.66,175620211.00,12569024.00,195718452.58
May 22 2024,DYDX,0,613599761.52,524954143.24,88645618.28,141046455.66,175620211.00,12569024.00,195718452.58
May 20 2024,DYDX,0,613544997.01,524954143.24,88590853.77,141046455.66,175620211.00,12569024.00,195718452.58
May 17 2024,DYDX,0,613462850.24,524954143.24,88508707.00,141046455.66,175620211.00,12569024.00,195718452.58
May 15 2024,DYDX,0,613408085.73,524954143.24,88453942.49,141046455.66,175620211.00,12569024.00,195718452.58
May 13 2024,DYDX,0,607635493.57,522832205.59,84803287.98,141046455.66,175620211.00,12569024.00,193596514.93
May 11 2024,DYDX,0,607580729.05,522832205.59,84748523.46,141046455.66,175620211.00,12569024.00,193596514.93
May 08 2024,DYDX,0,607498582.28,522832205.59,84666376.69,141046455.66,175620211.00,12569024.00,193596514.93
May 06 2024,DYDX,0,607443817.77,522832205.59,84611612.18,141046455.66,175620211.00,12569024.00,193596514.93
May 04 2024,DYDX,0,607389053.26,522832205.59,84556847.67,141046455.66,175620211.00,12569024.00,193596514.93
May 02 2024,DYDX,0,607334288.75,522832205.59,84502083.16,141046455.66,175620211.00,12569024.00,193596514.93
Apr 29 2024,DYDX,0,573918808.66,489498872.27,84419936.39,126199460.34,157133873.00,12569024.00,193596514.93
Apr 27 2024,DYDX,0,573864044.15,489498872.27,84365171.88,126199460.34,157133873.00,12569024.00,193596514.93
Apr 25 2024,DYDX,0,573809279.63,489498872.27,84310407.36,126199460.34,157133873.00,12569024.00,193596514.93
Apr 23 2024,DYDX,0,573754515.12,489498872.27,84255642.85,126199460.34,157133873.00,12569024.00,193596514.93
Apr 21 2024,DYDX,0,573699750.61,489498872.27,84200878.34,126199460.34,157133873.00,12569024.00,193596514.93
Apr 18 2024,DYDX,0,573617603.84,489498872.27,84118731.57,126199460.34,157133873.00,12569024.00,193596514.93
Apr 16 2024,DYDX,0,573562839.33,489498872.27,84063967.06,126199460.34,157133873.00,12569024.00,193596514.93
Apr 14 2024,DYDX,0,567790247.17,487376934.63,80413312.54,126199460.34,157133873.00,12569024.00,191474577.29
Apr 12 2024,DYDX,0,567735482.66,487376934.63,80358548.03,126199460.34,157133873.00,12569024.00,191474577.29
Apr 09 2024,DYDX,0,567653335.89,487376934.63,80276401.26,126199460.34,157133873.00,12569024.00,191474577.29
Apr 07 2024,DYDX,0,567598571.38,487376934.63,80221636.75,126199460.34,157133873.00,12569024.00,191474577.29
Apr 07 2024,DYDX,0,567598571.38,487376934.63,80221636.75,126199460.34,157133873.00,12569024.00,191474577.29
Apr 05 2024,DYDX,0,567543806.87,487376934.63,80166872.24,126199460.34,157133873.00,12569024.00,191474577.29
Apr 03 2024,DYDX,0,567489042.35,487376934.63,80112107.72,126199460.34,157133873.00,12569024.00,191474577.29
Mar 31 2024,DYDX,$3.38,0,454043601.29,80029960.96,111352465.00,138647535.00,12569024.00,191474577.29
Mar 29 2024,DYDX,$3.47,0,454043601.29,0,111352465.00,138647535.00,12569024.00,191474577.29
Mar 27 2024,DYDX,$3.65,0,454043601.29,0,111352465.00,138647535.00,12569024.00,191474577.29
Mar 25 2024,DYDX,$3.42,0,454043601.29,0,111352465.00,138647535.00,12569024.00,191474577.29
Mar 22 2024,DYDX,$3.39,0,454043601.29,0,111352465.00,138647535.00,12569024.00,191474577.29
Mar 20 2024,DYDX,$3.05,0,454043601.29,0,111352465.00,138647535.00,12569024.00,191474577.29
Mar 18 2024,DYDX,$3.59,0,451921663.64,0,111352465.00,138647535.00,12569024.00,189352639.64
Mar 16 2024,DYDX,$3.71,0,451921663.64,0,111352465.00,138647535.00,12569024.00,189352639.64
Mar 14 2024,DYDX,$3.99,0,451921663.64,0,111352465.00,138647535.00,12569024.00,189352639.64
Mar 11 2024,DYDX,$3.98,0,451921663.64,0,111352465.00,138647535.00,12569024.00,189352639.64
Mar 09 2024,DYDX,$4.21,0,451921663.64,0,111352465.00,138647535.00,12569024.00,189352639.64
Mar 07 2024,DYDX,$4.14,0,451921663.64,0,111352465.00,138647535.00,12569024.00,189352639.64
Mar 05 2024,DYDX,$3.74,0,451921663.64,0,111352465.00,138647535.00,12569024.00,189352639.64
Mar 02 2024,DYDX,$3.57,0,451921663.64,0,111352465.00,138647535.00,12569024.00,189352639.64
Feb 29 2024,DYDX,$3.39,0,418588330.30,0,96505469.66,120161197.00,12569024.00,189352639.64
Feb 27 2024,DYDX,$3.41,0,418588330.30,0,96505469.66,120161197.00,12569024.00,189352639.64
Feb 25 2024,DYDX,$3.53,0,418588330.30,0,96505469.66,120161197.00,12569024.00,189352639.64
Feb 22 2024,DYDX,$2.96,0,418588330.30,0,96505469.66,120161197.00,12569024.00,189352639.64
Feb 20 2024,DYDX,$3.18,0,418588330.30,0,96505469.66,120161197.00,12569024.00,189352639.64
Feb 18 2024,DYDX,$3.09,0,416466392.66,0,96505469.66,120161197.00,12569024.00,187230702.00
Feb 16 2024,DYDX,$3.18,0,416466392.66,0,96505469.66,120161197.00,12569024.00,187230702.00
Feb 13 2024,DYDX,$3.04,0,416466392.66,0,96505469.66,120161197.00,12569024.00,187230702.00
Feb 11 2024,DYDX,$2.95,0,416466392.66,0,96505469.66,120161197.00,12569024.00,187230702.00
Feb 09 2024,DYDX,$2.81,0,416466392.66,0,96505469.66,120161197.00,12569024.00,187230702.00
Feb 07 2024,DYDX,$2.80,0,416466392.66,0,96505469.66,120161197.00,12569024.00,187230702.00
Feb 05 2024,DYDX,$2.63,0,416466392.66,0,96505469.66,120161197.00,12569024.00,187230702.00
Feb 02 2024,DYDX,$2.65,0,416466392.66,0,96505469.66,120161197.00,12569024.00,187230702.00
Jan 31 2024,DYDX,$2.83,0,383133059.34,0,81658474.34,101674859.00,12569024.00,187230702.00
Jan 29 2024,DYDX,$2.67,0,383133059.34,0,81658474.34,101674859.00,12569024.00,187230702.00
Jan 27 2024,DYDX,$2.67,0,383133059.34,0,81658474.34,101674859.00,12569024.00,187230702.00
Jan 24 2024,DYDX,$2.54,0,383133059.34,0,81658474.34,101674859.00,12569024.00,187230702.00
Jan 22 2024,DYDX,$2.76,0,380867285.34,0,81658474.34,101674859.00,12569024.00,184964928.00
Jan 20 2024,DYDX,$2.93,0,380867285.34,0,81658474.34,101674859.00,12569024.00,184964928.00
Jan 18 2024,DYDX,$3.12,0,380867285.34,0,81658474.34,101674859.00,12569024.00,184964928.00
Jan 15 2024,DYDX,$2.97,0,380867285.34,0,81658474.34,101674859.00,12569024.00,184964928.00
Jan 13 2024,DYDX,$2.70,0,380867285.34,0,81658474.34,101674859.00,12569024.00,184964928.00
Jan 11 2024,DYDX,$2.63,0,380867285.34,0,81658474.34,101674859.00,12569024.00,184964928.00
Jan 09 2024,DYDX,$2.61,0,380867285.34,0,81658474.34,101674859.00,12569024.00,184964928.00
Jan 06 2024,DYDX,$2.60,0,380867285.34,0,81658474.34,101674859.00,12569024.00,184964928.00
Jan 04 2024,DYDX,$2.67,0,380867285.34,0,81658474.34,101674859.00,12569024.00,184964928.00
Jan 02 2024,DYDX,$3.06,0,380867285.34,0,81658474.34,101674859.00,12569024.00,184964928.00
Dec 31 2023,DYDX,$3.03,0,347533952.00,0,66811479.00,83188521.00,12569024.00,184964928.00
Dec 29 2023,DYDX,$3.18,0,347533952.00,0,66811479.00,83188521.00,12569024.00,184964928.00
Dec 26 2023,DYDX,$3.07,0,347533952.00,0,66811479.00,83188521.00,12569024.00,184964928.00
Dec 24 2023,DYDX,$3.14,0,344934153.00,0,66811479.00,83188521.00,12569024.00,182365129.00
Dec 22 2023,DYDX,$3.04,0,344934153.00,0,66811479.00,83188521.00,12569024.00,182365129.00
Dec 20 2023,DYDX,$2.84,0,344552129.00,0,66811479.00,83188521.00,12187000.00,182365129.00
Dec 17 2023,DYDX,$3.16,0,344552129.00,0,66811479.00,83188521.00,12187000.00,182365129.00
Dec 15 2023,DYDX,$2.95,0,344552129.00,0,66811479.00,83188521.00,12187000.00,182365129.00
Dec 13 2023,DYDX,$2.85,0,344552129.00,0,66811479.00,83188521.00,12187000.00,182365129.00
Dec 11 2023,DYDX,$3.03,0,344552129.00,0,66811479.00,83188521.00,12187000.00,182365129.00
Dec 08 2023,DYDX,$3.03,0,344552129.00,0,66811479.00,83188521.00,12187000.00,182365129.00
Dec 06 2023,DYDX,$3.03,0,344552129.00,0,66811479.00,83188521.00,12187000.00,182365129.00
Dec 04 2023,DYDX,$3.39,0,344552129.00,0,66811479.00,83188521.00,12187000.00,182365129.00
Dec 02 2023,DYDX,$3.10,0,344552129.00,0,66811479.00,83188521.00,12187000.00,182365129.00
Nov 29 2023,DYDX,$3.18,0,194552129.00,0,0,0,12187000.00,182365129.00
Nov 27 2023,DYDX,$3.44,0,192394594.00,0,0,0,12187000.00,180207594.00
Nov 25 2023,DYDX,$3.59,0,192394594.00,0,0,0,12187000.00,180207594.00
Nov 23 2023,DYDX,$3.45,0,192394594.00,0,0,0,12187000.00,180207594.00
Nov 21 2023,DYDX,$3.05,0,192394594.00,0,0,0,12187000.00,180207594.00
Nov 18 2023,DYDX,$3.42,0,192394594.00,0,0,0,12187000.00,180207594.00
Nov 16 2023,DYDX,$3.98,0,192394594.00,0,0,0,12187000.00,180207594.00
Nov 14 2023,DYDX,$2.96,0,192394594.00,0,0,0,12187000.00,180207594.00
Nov 12 2023,DYDX,$2.97,0,192394594.00,0,0,0,12187000.00,180207594.00
Nov 09 2023,DYDX,$2.52,0,192394594.00,0,0,0,12187000.00,180207594.00
Nov 07 2023,DYDX,$2.47,0,192394594.00,0,0,0,12187000.00,180207594.00
Nov 05 2023,DYDX,$2.36,0,192394594.00,0,0,0,12187000.00,180207594.00
Nov 03 2023,DYDX,$2.22,0,192394594.00,0,0,0,12187000.00,180207594.00
Oct 31 2023,DYDX,$2.44,0,192394594.00,0,0,0,12187000.00,180207594.00
Oct 29 2023,DYDX,$2.40,0,190237059.00,0,0,0,12187000.00,178050059.00
Oct 27 2023,DYDX,$2.32,0,190237059.00,0,0,0,12187000.00,178050059.00
Oct 25 2023,DYDX,$2.29,0,190237059.00,0,0,0,12187000.00,178050059.00
Oct 23 2023,DYDX,$1.97,0,190237059.00,0,0,0,12187000.00,178050059.00
Oct 20 2023,DYDX,$1.87,0,190237059.00,0,0,0,12187000.00,178050059.00
Oct 18 2023,DYDX,$1.81,0,190237059.00,0,0,0,12187000.00,178050059.00
Oct 16 2023,DYDX,$1.84,0,190237059.00,0,0,0,12187000.00,178050059.00
Oct 14 2023,DYDX,$1.85,0,190237059.00,0,0,0,12187000.00,178050059.00
Oct 11 2023,DYDX,$1.91,0,190237059.00,0,0,0,12187000.00,178050059.00
Oct 09 2023,DYDX,$2.00,0,190237059.00,0,0,0,12187000.00,178050059.00
Oct 07 2023,DYDX,$2.00,0,190237059.00,0,0,0,12187000.00,178050059.00
Oct 05 2023,DYDX,$1.98,0,190237059.00,0,0,0,12187000.00,178050059.00
Oct 02 2023,DYDX,$2.03,0,188079524.00,0,0,0,12187000.00,175892524.00
Sep 30 2023,DYDX,$1.95,0,188079524.00,0,0,0,12187000.00,175892524.00
Sep 28 2023,DYDX,$1.87,0,188079524.00,0,0,0,12187000.00,175892524.00
Sep 26 2023,DYDX,$1.91,0,188079524.00,0,0,0,12187000.00,175892524.00
Sep 23 2023,DYDX,$1.91,0,188079524.00,0,0,0,12187000.00,175892524.00
Sep 21 2023,DYDX,$2.00,0,188079524.00,0,0,0,12187000.00,175892524.00
Sep 19 2023,DYDX,$1.96,0,188079524.00,0,0,0,12187000.00,175892524.00
Sep 17 2023,DYDX,$2.00,0,188079524.00,0,0,0,12187000.00,175892524.00
Sep 15 2023,DYDX,$1.95,0,188079524.00,0,0,0,12187000.00,175892524.00
Sep 12 2023,DYDX,$1.86,0,188079524.00,0,0,0,12187000.00,175892524.00
Sep 10 2023,DYDX,$1.99,0,188079524.00,0,0,0,12187000.00,175892524.00
Sep 08 2023,DYDX,$2.08,0,188079524.00,0,0,0,12187000.00,175892524.00
Sep 06 2023,DYDX,$2.10,0,188079524.00,0,0,0,12187000.00,175892524.00
Sep 03 2023,DYDX,$2.03,0,185921989.00,0,0,0,12187000.00,173734989.00
Sep 01 2023,DYDX,$2.21,0,185921989.00,0,0,0,12187000.00,173734989.00
Aug 30 2023,DYDX,$2.18,0,185921989.00,0,0,0,12187000.00,173734989.00
Aug 28 2023,DYDX,$2.20,0,185921989.00,0,0,0,12187000.00,173734989.00
Aug 25 2023,DYDX,$2.14,0,185921989.00,0,0,0,12187000.00,173734989.00
Aug 23 2023,DYDX,$1.94,0,185921989.00,0,0,0,12187000.00,173734989.00
Aug 21 2023,DYDX,$1.93,0,185921989.00,0,0,0,12187000.00,173734989.00
Aug 19 2023,DYDX,$1.97,0,185921989.00,0,0,0,12187000.00,173734989.00
Aug 16 2023,DYDX,$2.12,0,185921989.00,0,0,0,12187000.00,173734989.00
Aug 14 2023,DYDX,$2.20,0,185921989.00,0,0,0,12187000.00,173734989.00
Aug 12 2023,DYDX,$2.16,0,185921989.00,0,0,0,12187000.00,173734989.00
Aug 10 2023,DYDX,$2.12,0,185921989.00,0,0,0,12187000.00,173734989.00
Aug 08 2023,DYDX,$2.05,0,185921989.00,0,0,0,12187000.00,173734989.00
Aug 05 2023,DYDX,$1.96,0,183189112.00,0,0,0,12187000.00,171002112.00
Aug 03 2023,DYDX,$1.98,0,178875112.00,0,0,0,7873000.00,171002112.00
Aug 01 2023,DYDX,$2.15,0,178875112.00,0,0,0,7873000.00,171002112.00
Jul 30 2023,DYDX,$2.09,0,178875112.00,0,0,0,7873000.00,171002112.00
Jul 27 2023,DYDX,$2.07,0,178875112.00,0,0,0,7873000.00,171002112.00
Jul 25 2023,DYDX,$2.07,0,178875112.00,0,0,0,7873000.00,171002112.00
Jul 23 2023,DYDX,$2.13,0,178875112.00,0,0,0,7873000.00,171002112.00
Jul 21 2023,DYDX,$2.15,0,178875112.00,0,0,0,7873000.00,171002112.00
Jul 18 2023,DYDX,$2.13,0,178875112.00,0,0,0,7873000.00,171002112.00
Jul 16 2023,DYDX,$2.06,0,178875112.00,0,0,0,7873000.00,171002112.00
Jul 14 2023,DYDX,$2.00,0,178875112.00,0,0,0,7873000.00,171002112.00
Jul 12 2023,DYDX,$1.87,0,178875112.00,0,0,0,7873000.00,171002112.00
Jul 09 2023,DYDX,$1.85,0,176142235.00,0,0,0,7873000.00,168269235.00
Jul 07 2023,DYDX,$1.84,0,176142235.00,0,0,0,7873000.00,168269235.00
Jul 05 2023,DYDX,$1.97,0,171828235.00,0,0,0,3559000.00,168269235.00
Jul 03 2023,DYDX,$2.12,0,171828235.00,0,0,0,3559000.00,168269235.00
Jul 01 2023,DYDX,$2.06,0,171828235.00,0,0,0,3559000.00,168269235.00
Jun 28 2023,DYDX,$1.97,0,171828235.00,0,0,0,3559000.00,168269235.00
Jun 26 2023,DYDX,$1.98,0,171828235.00,0,0,0,3559000.00,168269235.00
Jun 24 2023,DYDX,$1.89,0,171828235.00,0,0,0,3559000.00,168269235.00
Jun 22 2023,DYDX,$1.85,0,171828235.00,0,0,0,3559000.00,168269235.00
Jun 19 2023,DYDX,$1.68,0,171828235.00,0,0,0,3559000.00,168269235.00
Jun 17 2023,DYDX,$1.70,0,171828235.00,0,0,0,3559000.00,168269235.00
Jun 15 2023,DYDX,$1.53,0,171828235.00,0,0,0,3559000.00,168269235.00
Jun 13 2023,DYDX,$1.57,0,171828235.00,0,0,0,3559000.00,168269235.00
Jun 10 2023,DYDX,$1.96,0,169095358.00,0,0,0,3559000.00,165536358.00
Jun 08 2023,DYDX,$1.95,0,169095358.00,0,0,0,3559000.00,165536358.00
Jun 06 2023,DYDX,$2.00,0,169095358.00,0,0,0,3559000.00,165536358.00
Jun 04 2023,DYDX,$2.07,0,169095358.00,0,0,0,3559000.00,165536358.00
Jun 01 2023,DYDX,$2.03,0,169095358.00,0,0,0,3559000.00,165536358.00
May 30 2023,DYDX,$2.03,0,169095358.00,0,0,0,3559000.00,165536358.00
May 28 2023,DYDX,$2.05,0,169095358.00,0,0,0,3559000.00,165536358.00
May 26 2023,DYDX,$2.01,0,169095358.00,0,0,0,3559000.00,165536358.00
May 24 2023,DYDX,$2.14,0,169095358.00,0,0,0,3559000.00,165536358.00
May 21 2023,DYDX,$2.16,0,169095358.00,0,0,0,3559000.00,165536358.00
May 19 2023,DYDX,$2.19,0,169095358.00,0,0,0,3559000.00,165536358.00
May 17 2023,DYDX,$2.19,0,169095358.00,0,0,0,3559000.00,165536358.00
May 15 2023,DYDX,$2.15,0,166362481.00,0,0,0,3559000.00,162803481.00
May 12 2023,DYDX,$2.01,0,166362481.00,0,0,0,3559000.00,162803481.00
May 10 2023,DYDX,$2.12,0,166362481.00,0,0,0,3559000.00,162803481.00
May 08 2023,DYDX,$2.38,0,166362481.00,0,0,0,3559000.00,162803481.00
May 06 2023,DYDX,$2.59,0,166362481.00,0,0,0,3559000.00,162803481.00
May 03 2023,DYDX,$2.45,0,166362481.00,0,0,0,3559000.00,162803481.00
May 01 2023,DYDX,$2.61,0,166362481.00,0,0,0,3559000.00,162803481.00
Apr 29 2023,DYDX,$2.73,0,166362481.00,0,0,0,3559000.00,162803481.00
Apr 27 2023,DYDX,$2.54,0,166362481.00,0,0,0,3559000.00,162803481.00
Apr 24 2023,DYDX,$2.40,0,166362481.00,0,0,0,3559000.00,162803481.00
Apr 22 2023,DYDX,$2.49,0,166362481.00,0,0,0,3559000.00,162803481.00
Apr 20 2023,DYDX,$2.80,0,166362481.00,0,0,0,3559000.00,162803481.00
Apr 18 2023,DYDX,$2.97,0,166362481.00,0,0,0,3559000.00,162803481.00
Apr 16 2023,DYDX,$2.88,0,163629604.00,0,0,0,3559000.00,160070604.00
Apr 13 2023,DYDX,$2.47,0,163629604.00,0,0,0,3559000.00,160070604.00
Apr 11 2023,DYDX,$2.54,0,163629604.00,0,0,0,3559000.00,160070604.00
Apr 09 2023,DYDX,$2.42,0,163629604.00,0,0,0,3559000.00,160070604.00
Apr 07 2023,DYDX,$2.56,0,163629604.00,0,0,0,3559000.00,160070604.00
Apr 04 2023,DYDX,$2.47,0,163629604.00,0,0,0,3559000.00,160070604.00
Apr 02 2023,DYDX,$2.46,0,163629604.00,0,0,0,3559000.00,160070604.00
Mar 31 2023,DYDX,$2.41,0,163629604.00,0,0,0,3559000.00,160070604.00
Mar 29 2023,DYDX,$2.50,0,163629604.00,0,0,0,3559000.00,160070604.00
Mar 26 2023,DYDX,$2.30,0,163629604.00,0,0,0,3559000.00,160070604.00
Mar 24 2023,DYDX,$2.61,0,163629604.00,0,0,0,3559000.00,160070604.00
Mar 22 2023,DYDX,$2.61,0,163629604.00,0,0,0,3559000.00,160070604.00
Mar 20 2023,DYDX,$2.81,0,159602207.00,0,0,0,3559000.00,156043207.00
Mar 17 2023,DYDX,$2.36,0,159602207.00,0,0,0,3559000.00,156043207.00
Mar 15 2023,DYDX,$2.59,0,159602207.00,0,0,0,3559000.00,156043207.00
Mar 13 2023,DYDX,$2.23,0,159602207.00,0,0,0,3559000.00,156043207.00
Mar 11 2023,DYDX,$2.01,0,159602207.00,0,0,0,3559000.00,156043207.00
Mar 09 2023,DYDX,$1.95,0,159602207.00,0,0,0,3559000.00,156043207.00
Mar 06 2023,DYDX,$2.43,0,159602207.00,0,0,0,3559000.00,156043207.00
Mar 04 2023,DYDX,$2.61,0,159602207.00,0,0,0,3559000.00,156043207.00
Mar 02 2023,DYDX,$3.26,0,159602207.00,0,0,0,3559000.00,156043207.00
Feb 28 2023,DYDX,$2.94,0,159602207.00,0,0,0,3559000.00,156043207.00
Feb 25 2023,DYDX,$2.63,0,159602207.00,0,0,0,3559000.00,156043207.00
Feb 23 2023,DYDX,$2.66,0,159602207.00,0,0,0,3559000.00,156043207.00
Feb 21 2023,DYDX,$2.86,0,159602207.00,0,0,0,3559000.00,156043207.00
Feb 19 2023,DYDX,$2.99,0,155574810.00,0,0,0,3559000.00,152015810.00
Feb 16 2023,DYDX,$2.95,0,155574810.00,0,0,0,3559000.00,152015810.00
Feb 14 2023,DYDX,$2.39,0,155574810.00,0,0,0,3559000.00,152015810.00
Feb 12 2023,DYDX,$2.64,0,155574810.00,0,0,0,3559000.00,152015810.00
Feb 10 2023,DYDX,$2.50,0,155574810.00,0,0,0,3559000.00,152015810.00
Feb 07 2023,DYDX,$2.92,0,155574810.00,0,0,0,3559000.00,152015810.00
Feb 05 2023,DYDX,$3.13,0,155574810.00,0,0,0,3559000.00,152015810.00
Feb 03 2023,DYDX,$3.26,0,155574810.00,0,0,0,3559000.00,152015810.00
Feb 01 2023,DYDX,$3.24,0,155574810.00,0,0,0,3559000.00,152015810.00
Jan 30 2023,DYDX,$2.37,0,155574810.00,0,0,0,3559000.00,152015810.00
Jan 27 2023,DYDX,$2.30,0,155574810.00,0,0,0,3559000.00,152015810.00
Jan 25 2023,DYDX,$1.56,0,155574810.00,0,0,0,3559000.00,152015810.00
Jan 23 2023,DYDX,$1.66,0,151547413.00,0,0,0,3559000.00,147988413.00
Jan 21 2023,DYDX,$1.71,0,151547413.00,0,0,0,3559000.00,147988413.00
Jan 18 2023,DYDX,$1.42,0,151547413.00,0,0,0,3559000.00,147988413.00
Jan 16 2023,DYDX,$1.51,0,151547413.00,0,0,0,3559000.00,147988413.00
Jan 14 2023,DYDX,$1.46,0,151547413.00,0,0,0,3559000.00,147988413.00
Jan 12 2023,DYDX,$1.36,0,151547413.00,0,0,0,3559000.00,147988413.00
Jan 09 2023,DYDX,$1.25,0,151547413.00,0,0,0,3559000.00,147988413.00
Jan 07 2023,DYDX,$1.22,0,151547413.00,0,0,0,3559000.00,147988413.00
Jan 05 2023,DYDX,$1.17,0,151547413.00,0,0,0,3559000.00,147988413.00
Jan 03 2023,DYDX,$1.19,0,151547413.00,0,0,0,3559000.00,147988413.00
Dec 31 2022,DYDX,$1.04,0,151547413.00,0,0,0,3559000.00,147988413.00
Dec 29 2022,DYDX,$1.03,0,151547413.00,0,0,0,3559000.00,147988413.00
Dec 27 2022,DYDX,$1.13,0,151547413.00,0,0,0,3559000.00,147988413.00
Dec 25 2022,DYDX,$1.20,0,147014512.00,0,0,0,3334000.00,143680512.00
Dec 23 2022,DYDX,$1.22,0,147014512.00,0,0,0,3334000.00,143680512.00
Dec 20 2022,DYDX,$1.32,0,147014512.00,0,0,0,3334000.00,143680512.00
Dec 18 2022,DYDX,$1.43,0,147014512.00,0,0,0,3334000.00,143680512.00
Dec 16 2022,DYDX,$1.62,0,147014512.00,0,0,0,3334000.00,143680512.00
Dec 14 2022,DYDX,$1.65,0,147014512.00,0,0,0,3334000.00,143680512.00
Dec 11 2022,DYDX,$1.60,0,147014512.00,0,0,0,3334000.00,143680512.00
Dec 09 2022,DYDX,$1.63,0,147014512.00,0,0,0,3334000.00,143680512.00
Dec 07 2022,DYDX,$1.74,0,147014512.00,0,0,0,3334000.00,143680512.00
Dec 05 2022,DYDX,$1.84,0,147014512.00,0,0,0,3334000.00,143680512.00
Dec 02 2022,DYDX,$1.86,0,147014512.00,0,0,0,3334000.00,143680512.00
Nov 30 2022,DYDX,$1.74,0,147014512.00,0,0,0,3334000.00,143680512.00
Nov 28 2022,DYDX,$1.76,0,142706610.00,0,0,0,3334000.00,139372610.00
Nov 26 2022,DYDX,$1.84,0,142706610.00,0,0,0,3334000.00,139372610.00
Nov 24 2022,DYDX,$1.99,0,142706610.00,0,0,0,3334000.00,139372610.00
Nov 21 2022,DYDX,$1.84,0,142706610.00,0,0,0,3334000.00,139372610.00
Nov 19 2022,DYDX,$2.05,0,142706610.00,0,0,0,3334000.00,139372610.00
Nov 17 2022,DYDX,$2.33,0,142706610.00,0,0,0,3334000.00,139372610.00
Nov 15 2022,DYDX,$2.52,0,142706610.00,0,0,0,3334000.00,139372610.00
Nov 12 2022,DYDX,$1.96,0,142706610.00,0,0,0,3334000.00,139372610.00
Nov 10 2022,DYDX,$1.33,0,142706610.00,0,0,0,3334000.00,139372610.00
Nov 08 2022,DYDX,$1.76,0,142706610.00,0,0,0,3334000.00,139372610.00
Nov 06 2022,DYDX,$1.90,0,142706610.00,0,0,0,3334000.00,139372610.00
Nov 03 2022,DYDX,$1.50,0,142706610.00,0,0,0,3334000.00,139372610.00
Nov 01 2022,DYDX,$1.64,0,142706610.00,0,0,0,3334000.00,139372610.00
Oct 30 2022,DYDX,$1.75,0,138398709.00,0,0,0,3334000.00,135064709.00
Oct 28 2022,DYDX,$1.67,0,138398709.00,0,0,0,3334000.00,135064709.00
Oct 25 2022,DYDX,$1.50,0,138398709.00,0,0,0,3334000.00,135064709.00
Oct 23 2022,DYDX,$1.46,0,138398709.00,0,0,0,3334000.00,135064709.00
Oct 21 2022,DYDX,$1.45,0,138398709.00,0,0,0,3334000.00,135064709.00
Oct 19 2022,DYDX,$1.58,0,138398709.00,0,0,0,3334000.00,135064709.00
Oct 17 2022,DYDX,$1.44,0,138398709.00,0,0,0,3334000.00,135064709.00
Oct 14 2022,DYDX,$1.54,0,138398709.00,0,0,0,3334000.00,135064709.00
Oct 12 2022,DYDX,$1.43,0,138398709.00,0,0,0,3334000.00,135064709.00
Oct 10 2022,DYDX,$1.29,0,138398709.00,0,0,0,3334000.00,135064709.00
Oct 08 2022,DYDX,$1.25,0,138398709.00,0,0,0,3334000.00,135064709.00
Oct 05 2022,DYDX,$1.29,0,138398709.00,0,0,0,3334000.00,135064709.00
Oct 03 2022,DYDX,$1.20,0,132748341.00,0,0,0,3334000.00,129414341.00
Oct 01 2022,DYDX,$1.27,0,132748341.00,0,0,0,3334000.00,129414341.00
Sep 29 2022,DYDX,$1.28,0,132748341.00,0,0,0,3334000.00,129414341.00
Sep 26 2022,DYDX,$1.22,0,132748341.00,0,0,0,3334000.00,129414341.00
Sep 24 2022,DYDX,$1.28,0,132748341.00,0,0,0,3334000.00,129414341.00
Sep 22 2022,DYDX,$1.19,0,132748341.00,0,0,0,3334000.00,129414341.00
Sep 20 2022,DYDX,$1.26,0,132748341.00,0,0,0,3334000.00,129414341.00
Sep 17 2022,DYDX,$1.34,0,132748341.00,0,0,0,3334000.00,129414341.00
Sep 15 2022,DYDX,$1.39,0,132748341.00,0,0,0,3334000.00,129414341.00
Sep 13 2022,DYDX,$1.56,0,132748341.00,0,0,0,3334000.00,129414341.00
Sep 11 2022,DYDX,$1.61,0,132748341.00,0,0,0,3334000.00,129414341.00
Sep 09 2022,DYDX,$1.45,0,132748341.00,0,0,0,3334000.00,129414341.00
Sep 06 2022,DYDX,$1.58,0,132748341.00,0,0,0,3334000.00,129414341.00
Sep 04 2022,DYDX,$1.56,0,124515974.00,0,0,0,752000.00,123763974.00
Sep 02 2022,DYDX,$1.53,0,124515974.00,0,0,0,752000.00,123763974.00
Aug 31 2022,DYDX,$1.53,0,124515974.00,0,0,0,752000.00,123763974.00
Aug 28 2022,DYDX,$1.64,0,124515974.00,0,0,0,752000.00,123763974.00
Aug 26 2022,DYDX,$1.81,0,124515974.00,0,0,0,752000.00,123763974.00
Aug 24 2022,DYDX,$1.83,0,124515974.00,0,0,0,752000.00,123763974.00
Aug 22 2022,DYDX,$1.71,0,124515974.00,0,0,0,752000.00,123763974.00
Aug 19 2022,DYDX,$1.76,0,124515974.00,0,0,0,752000.00,123763974.00
Aug 17 2022,DYDX,$2.01,0,124515974.00,0,0,0,752000.00,123763974.00
Aug 15 2022,DYDX,$2.19,0,124515974.00,0,0,0,752000.00,123763974.00
Aug 13 2022,DYDX,$2.34,0,124515974.00,0,0,0,752000.00,123763974.00
Aug 10 2022,DYDX,$2.35,0,124515974.00,0,0,0,752000.00,123763974.00
Aug 08 2022,DYDX,$2.38,0,118865607.00,0,0,0,752000.00,118113607.00
Aug 06 2022,DYDX,$2.33,0,118865607.00,0,0,0,752000.00,118113607.00
Aug 04 2022,DYDX,$2.27,0,118865607.00,0,0,0,752000.00,118113607.00
Aug 02 2022,DYDX,$2.43,0,118865607.00,0,0,0,752000.00,118113607.00
Jul 30 2022,DYDX,$2.38,0,118865607.00,0,0,0,752000.00,118113607.00
Jul 28 2022,DYDX,$2.27,0,118865607.00,0,0,0,752000.00,118113607.00
Jul 26 2022,DYDX,$1.92,0,118865607.00,0,0,0,752000.00,118113607.00
Jul 24 2022,DYDX,$2.17,0,118865607.00,0,0,0,752000.00,118113607.00
Jul 21 2022,DYDX,$2.41,0,118865607.00,0,0,0,752000.00,118113607.00
Jul 19 2022,DYDX,$2.09,0,118865607.00,0,0,0,752000.00,118113607.00
Jul 17 2022,DYDX,$2.13,0,118865607.00,0,0,0,752000.00,118113607.00
Jul 15 2022,DYDX,$2.04,0,118865607.00,0,0,0,752000.00,118113607.00
Jul 12 2022,DYDX,$1.72,0,118865607.00,0,0,0,752000.00,118113607.00
Jul 10 2022,DYDX,$2.12,0,113215239.00,0,0,0,752000.00,112463239.00
Jul 08 2022,DYDX,$1.96,0,113215239.00,0,0,0,752000.00,112463239.00
Jul 06 2022,DYDX,$1.85,0,113215239.00,0,0,0,752000.00,112463239.00
Jul 03 2022,DYDX,$1.44,0,113215239.00,0,0,0,752000.00,112463239.00
Jul 01 2022,DYDX,$1.35,0,113215239.00,0,0,0,752000.00,112463239.00
Jun 29 2022,DYDX,$1.37,0,113215239.00,0,0,0,752000.00,112463239.00
Jun 27 2022,DYDX,$1.39,0,113215239.00,0,0,0,752000.00,112463239.00
Jun 25 2022,DYDX,$1.54,0,113215239.00,0,0,0,752000.00,112463239.00
Jun 22 2022,DYDX,$1.33,0,113215239.00,0,0,0,752000.00,112463239.00
Jun 20 2022,DYDX,$1.27,0,113215239.00,0,0,0,752000.00,112463239.00
Jun 18 2022,DYDX,$1.16,0,113215239.00,0,0,0,752000.00,112463239.00
Jun 16 2022,DYDX,$1.28,0,113215239.00,0,0,0,752000.00,112463239.00
Jun 13 2022,DYDX,$1.26,0,107564872.00,0,0,0,752000.00,106812872.00
Jun 11 2022,DYDX,$1.60,0,107564872.00,0,0,0,752000.00,106812872.00
Jun 09 2022,DYDX,$1.64,0,107564872.00,0,0,0,752000.00,106812872.00
Jun 07 2022,DYDX,$1.79,0,107564872.00,0,0,0,752000.00,106812872.00
Jun 04 2022,DYDX,$1.71,0,107564872.00,0,0,0,752000.00,106812872.00
Jun 02 2022,DYDX,$1.83,0,107564872.00,0,0,0,752000.00,106812872.00
May 31 2022,DYDX,$1.99,0,107564872.00,0,0,0,752000.00,106812872.00
May 29 2022,DYDX,$1.73,0,107564872.00,0,0,0,752000.00,106812872.00
May 26 2022,DYDX,$2.08,0,107564872.00,0,0,0,752000.00,106812872.00
May 24 2022,DYDX,$2.03,0,107564872.00,0,0,0,752000.00,106812872.00
May 22 2022,DYDX,$2.20,0,107564872.00,0,0,0,752000.00,106812872.00
May 20 2022,DYDX,$2.02,0,107564872.00,0,0,0,752000.00,106812872.00
May 18 2022,DYDX,$2.04,0,107564872.00,0,0,0,752000.00,106812872.00
May 15 2022,DYDX,$2.00,0,101914505.00,0,0,0,752000.00,101162505.00
May 13 2022,DYDX,$1.73,0,101914505.00,0,0,0,752000.00,101162505.00
May 11 2022,DYDX,$2.68,0,101914505.00,0,0,0,752000.00,101162505.00
May 09 2022,DYDX,$3.90,0,101914505.00,0,0,0,752000.00,101162505.00
May 06 2022,DYDX,$3.30,0,101914505.00,0,0,0,752000.00,101162505.00
May 04 2022,DYDX,$3.40,0,101914505.00,0,0,0,752000.00,101162505.00
May 02 2022,DYDX,$3.62,0,101914505.00,0,0,0,752000.00,101162505.00
Apr 30 2022,DYDX,$4.06,0,101914505.00,0,0,0,752000.00,101162505.00
Apr 27 2022,DYDX,$4.07,0,101914505.00,0,0,0,752000.00,101162505.00
Apr 25 2022,DYDX,$4.52,0,101914505.00,0,0,0,752000.00,101162505.00
Apr 23 2022,DYDX,$4.69,0,101914505.00,0,0,0,752000.00,101162505.00
Apr 21 2022,DYDX,$4.85,0,101914505.00,0,0,0,752000.00,101162505.00
Apr 18 2022,DYDX,$4.52,0,96264137.00,0,0,0,752000.00,95512137.00
Apr 16 2022,DYDX,$4.67,0,96264137.00,0,0,0,752000.00,95512137.00
Apr 14 2022,DYDX,$4.82,0,96264137.00,0,0,0,752000.00,95512137.00
Apr 12 2022,DYDX,$4.56,0,96264137.00,0,0,0,752000.00,95512137.00
Apr 10 2022,DYDX,$5.23,0,96264137.00,0,0,0,752000.00,95512137.00
Apr 07 2022,DYDX,$5.36,0,96264137.00,0,0,0,752000.00,95512137.00
Apr 05 2022,DYDX,$6.77,0,96264137.00,0,0,0,752000.00,95512137.00
Apr 03 2022,DYDX,$6.82,0,96264137.00,0,0,0,752000.00,95512137.00
Apr 01 2022,DYDX,$5.97,0,96264137.00,0,0,0,752000.00,95512137.00
Mar 29 2022,DYDX,$5.63,0,96264137.00,0,0,0,752000.00,95512137.00
Mar 27 2022,DYDX,$5.40,0,96264137.00,0,0,0,752000.00,95512137.00
Mar 25 2022,DYDX,$5.27,0,96264137.00,0,0,0,752000.00,95512137.00
Mar 23 2022,DYDX,$5.09,0,96264137.00,0,0,0,752000.00,95512137.00
Mar 20 2022,DYDX,$5.23,0,90613770.00,0,0,0,752000.00,89861770.00
Mar 18 2022,DYDX,$4.73,0,90613770.00,0,0,0,752000.00,89861770.00
Mar 16 2022,DYDX,$4.50,0,90613770.00,0,0,0,752000.00,89861770.00
Mar 14 2022,DYDX,$4.39,0,90613770.00,0,0,0,752000.00,89861770.00
Mar 11 2022,DYDX,$4.76,0,90613770.00,0,0,0,752000.00,89861770.00
Mar 09 2022,DYDX,$4.81,0,90613770.00,0,0,0,752000.00,89861770.00
Mar 07 2022,DYDX,$4.84,0,90613770.00,0,0,0,752000.00,89861770.00
Mar 05 2022,DYDX,$5.01,0,90613770.00,0,0,0,752000.00,89861770.00
Mar 03 2022,DYDX,$6.00,0,90613770.00,0,0,0,752000.00,89861770.00
Feb 28 2022,DYDX,$5.08,0,90613770.00,0,0,0,752000.00,89861770.00
Feb 26 2022,DYDX,$5.63,0,90613770.00,0,0,0,752000.00,89861770.00
Feb 24 2022,DYDX,$5.28,0,90613770.00,0,0,0,752000.00,89861770.00
Feb 22 2022,DYDX,$5.33,0,90613770.00,0,0,0,752000.00,89861770.00
Feb 19 2022,DYDX,$6.42,0,84963402.00,0,0,0,752000.00,84211402.00
Feb 17 2022,DYDX,$7.41,0,84963402.00,0,0,0,752000.00,84211402.00
Feb 15 2022,DYDX,$7.41,0,84963402.00,0,0,0,752000.00,84211402.00
Feb 13 2022,DYDX,$6.97,0,84963402.00,0,0,0,752000.00,84211402.00
Feb 10 2022,DYDX,$8.23,0,84963402.00,0,0,0,752000.00,84211402.00
Feb 08 2022,DYDX,$7.78,0,84963402.00,0,0,0,752000.00,84211402.00
Feb 06 2022,DYDX,$6.50,0,84963402.00,0,0,0,752000.00,84211402.00
Feb 04 2022,DYDX,$6.06,0,84963402.00,0,0,0,752000.00,84211402.00
Feb 02 2022,DYDX,$5.96,0,84963402.00,0,0,0,752000.00,84211402.00
Jan 30 2022,DYDX,$6.13,0,84963402.00,0,0,0,752000.00,84211402.00
Jan 28 2022,DYDX,$5.72,0,84963402.00,0,0,0,752000.00,84211402.00
Jan 26 2022,DYDX,$5.90,0,84963402.00,0,0,0,752000.00,84211402.00
Jan 24 2022,DYDX,$6.04,0,79313035.00,0,0,0,752000.00,78561035.00
Jan 21 2022,DYDX,$7.53,0,78561035.00,0,0,0,0,78561035.00
Jan 19 2022,DYDX,$7.02,0,78561035.00,0,0,0,0,78561035.00
Jan 17 2022,DYDX,$7.62,0,78561035.00,0,0,0,0,78561035.00
Jan 15 2022,DYDX,$7.68,0,78561035.00,0,0,0,0,78561035.00
Jan 12 2022,DYDX,$7.08,0,78561035.00,0,0,0,0,78561035.00
Jan 10 2022,DYDX,$6.74,0,78561035.00,0,0,0,0,78561035.00
Jan 08 2022,DYDX,$7.09,0,78561035.00,0,0,0,0,78561035.00
Jan 06 2022,DYDX,$7.87,0,78561035.00,0,0,0,0,78561035.00
Jan 03 2022,DYDX,$8.72,0,78561035.00,0,0,0,0,78561035.00
Jan 01 2022,DYDX,$8.13,0,78561035.00,0,0,0,0,78561035.00
Dec 30 2021,DYDX,$8.73,0,78561035.00,0,0,0,0,78561035.00
Dec 28 2021,DYDX,$10.04,0,78561035.00,0,0,0,0,78561035.00
Dec 26 2021,DYDX,$9.10,0,72910668.00,0,0,0,0,72910668.00
Dec 23 2021,DYDX,$8.29,0,72910668.00,0,0,0,0,72910668.00
Dec 21 2021,DYDX,$7.43,0,72910668.00,0,0,0,0,72910668.00
Dec 19 2021,DYDX,$8.14,0,72910668.00,0,0,0,0,72910668.00
Dec 17 2021,DYDX,$8.03,0,72910668.00,0,0,0,0,72910668.00
Dec 14 2021,DYDX,$8.03,0,72910668.00,0,0,0,0,72910668.00
Dec 12 2021,DYDX,$9.19,0,72910668.00,0,0,0,0,72910668.00
Dec 10 2021,DYDX,$8.64,0,72910668.00,0,0,0,0,72910668.00
Dec 08 2021,DYDX,$8.94,0,72910668.00,0,0,0,0,72910668.00
Dec 05 2021,DYDX,$9.77,0,72910668.00,0,0,0,0,72910668.00
Dec 03 2021,DYDX,$13.23,0,72910668.00,0,0,0,0,72910668.00
Dec 01 2021,DYDX,$12.55,0,72910668.00,0,0,0,0,72910668.00
Nov 29 2021,DYDX,$12.60,0,67260300.00,0,0,0,0,67260300.00
Nov 26 2021,DYDX,$14.89,0,67260300.00,0,0,0,0,67260300.00
Nov 24 2021,DYDX,$15.73,0,67260300.00,0,0,0,0,67260300.00
Nov 22 2021,DYDX,$13.36,0,67260300.00,0,0,0,0,67260300.00
Nov 20 2021,DYDX,$14.04,0,67260300.00,0,0,0,0,67260300.00
Nov 18 2021,DYDX,$13.53,0,67260300.00,0,0,0,0,67260300.00
Nov 15 2021,DYDX,$14.82,0,67260300.00,0,0,0,0,67260300.00
Nov 13 2021,DYDX,$14.45,0,67260300.00,0,0,0,0,67260300.00
Nov 11 2021,DYDX,$14.79,0,67260300.00,0,0,0,0,67260300.00
Nov 09 2021,DYDX,$17.46,0,67260300.00,0,0,0,0,67260300.00
Nov 06 2021,DYDX,$16.03,0,67260300.00,0,0,0,0,67260300.00
Nov 04 2021,DYDX,$16.28,0,67260300.00,0,0,0,0,67260300.00
Nov 02 2021,DYDX,$17.51,0,67260300.00,0,0,0,0,67260300.00
Oct 31 2021,DYDX,$15.62,0,61609933.00,0,0,0,0,61609933.00
Oct 28 2021,DYDX,$15.09,0,61609933.00,0,0,0,0,61609933.00
Oct 26 2021,DYDX,$18.93,0,61609933.00,0,0,0,0,61609933.00
Oct 24 2021,DYDX,$19.49,0,61609933.00,0,0,0,0,61609933.00
Oct 22 2021,DYDX,$19.41,0,61609933.00,0,0,0,0,61609933.00
Oct 19 2021,DYDX,$20.13,0,61609933.00,0,0,0,0,61609933.00
Oct 17 2021,DYDX,$22.45,0,61609933.00,0,0,0,0,61609933.00
Oct 15 2021,DYDX,$23.59,0,61609933.00,0,0,0,0,61609933.00
Oct 13 2021,DYDX,$22.38,0,61609933.00,0,0,0,0,61609933.00
Oct 11 2021,DYDX,$22.70,0,61609933.00,0,0,0,0,61609933.00
Oct 08 2021,DYDX,$21.75,0,61609933.00,0,0,0,0,61609933.00
Oct 06 2021,DYDX,$22.58,0,61609933.00,0,0,0,0,61609933.00
Oct 04 2021,DYDX,$23.59,0,55959565.00,0,0,0,0,55959565.00
Oct 02 2021,DYDX,$22.31,0,55959565.00,0,0,0,0,55959565.00
Sep 29 2021,DYDX,$22.40,0,55959565.00,0,0,0,0,55959565.00
Sep 27 2021,DYDX,$19.17,0,55959565.00,0,0,0,0,55959565.00
Sep 25 2021,DYDX,$12.06,0,55959565.00,0,0,0,0,55959565.00
Sep 23 2021,DYDX,$14.66,0,55959565.00,0,0,0,0,55959565.00
Sep 20 2021,DYDX,$14.27,0,55959565.00,0,0,0,0,55959565.00
Sep 18 2021,DYDX,$16.13,0,55959565.00,0,0,0,0,55959565.00
Sep 16 2021,DYDX,$11.53,0,55959565.00,0,0,0,0,55959565.00
Sep 14 2021,DYDX,$10.49,0,55959565.00,0,0,0,0,55959565.00
Sep 11 2021,DYDX,$10.33,0,55959565.00,0,0,0,0,55959565.00
Sep 09 2021,DYDX,$12.61,0,55959565.00,0,0,0,0,55959565.00
Sep 07 2021,DYDX,0,0,5650367.00,0,0,0,0,5650367.00
