Date,Symbol,Price,Available Supply,Unlocked Supply,Community & Other (TBD),Reserved (TBD),Founder / Team,Public Investors,Reserved
May 06 2029,DYM,0,1000000000.00,620000000.00,50000000.00,330000000.00,200000000.00,80000000.00,340000000.00
May 04 2029,DYM,0,1000000000.00,620000000.00,50000000.00,330000000.00,200000000.00,80000000.00,340000000.00
May 01 2029,DYM,0,1000000000.00,620000000.00,50000000.00,330000000.00,200000000.00,80000000.00,340000000.00
Apr 29 2029,DYM,0,1000000000.00,620000000.00,50000000.00,330000000.00,200000000.00,80000000.00,340000000.00
Apr 27 2029,DYM,0,1000000000.00,620000000.00,50000000.00,330000000.00,200000000.00,80000000.00,340000000.00
Apr 25 2029,DYM,0,1000000000.00,620000000.00,50000000.00,330000000.00,200000000.00,80000000.00,340000000.00
Apr 22 2029,DYM,0,1000000000.00,620000000.00,50000000.00,330000000.00,200000000.00,80000000.00,340000000.00
Apr 20 2029,DYM,0,1000000000.00,620000000.00,50000000.00,330000000.00,200000000.00,80000000.00,340000000.00
Apr 18 2029,DYM,0,1000000000.00,620000000.00,50000000.00,330000000.00,200000000.00,80000000.00,340000000.00
Apr 16 2029,DYM,0,1000000000.00,620000000.00,50000000.00,330000000.00,200000000.00,80000000.00,340000000.00
Apr 13 2029,DYM,0,1000000000.00,620000000.00,50000000.00,330000000.00,200000000.00,80000000.00,340000000.00
Apr 11 2029,DYM,0,1000000000.00,620000000.00,50000000.00,330000000.00,200000000.00,80000000.00,340000000.00
Apr 09 2029,DYM,0,1000000000.00,620000000.00,50000000.00,330000000.00,200000000.00,80000000.00,340000000.00
Apr 06 2029,DYM,0,1000000000.00,620000000.00,50000000.00,330000000.00,200000000.00,80000000.00,340000000.00
Apr 04 2029,DYM,0,1000000000.00,620000000.00,50000000.00,330000000.00,200000000.00,80000000.00,340000000.00
Apr 02 2029,DYM,0,1000000000.00,620000000.00,50000000.00,330000000.00,200000000.00,80000000.00,340000000.00
Mar 31 2029,DYM,0,1000000000.00,620000000.00,50000000.00,330000000.00,200000000.00,80000000.00,340000000.00
Mar 28 2029,DYM,0,1000000000.00,620000000.00,50000000.00,330000000.00,200000000.00,80000000.00,340000000.00
Mar 26 2029,DYM,0,1000000000.00,620000000.00,50000000.00,330000000.00,200000000.00,80000000.00,340000000.00
Mar 24 2029,DYM,0,1000000000.00,620000000.00,50000000.00,330000000.00,200000000.00,80000000.00,340000000.00
Mar 22 2029,DYM,0,1000000000.00,620000000.00,50000000.00,330000000.00,200000000.00,80000000.00,340000000.00
Mar 19 2029,DYM,0,1000000000.00,620000000.00,50000000.00,330000000.00,200000000.00,80000000.00,340000000.00
Mar 17 2029,DYM,0,1000000000.00,620000000.00,50000000.00,330000000.00,200000000.00,80000000.00,340000000.00
Mar 15 2029,DYM,0,1000000000.00,620000000.00,50000000.00,330000000.00,200000000.00,80000000.00,340000000.00
Mar 12 2029,DYM,0,1000000000.00,620000000.00,50000000.00,330000000.00,200000000.00,80000000.00,340000000.00
Mar 10 2029,DYM,0,1000000000.00,620000000.00,50000000.00,330000000.00,200000000.00,80000000.00,340000000.00
Mar 08 2029,DYM,0,1000000000.00,620000000.00,50000000.00,330000000.00,200000000.00,80000000.00,340000000.00
Mar 06 2029,DYM,0,1000000000.00,620000000.00,50000000.00,330000000.00,200000000.00,80000000.00,340000000.00
Mar 03 2029,DYM,0,1000000000.00,620000000.00,50000000.00,330000000.00,200000000.00,80000000.00,340000000.00
Mar 01 2029,DYM,0,1000000000.00,620000000.00,50000000.00,330000000.00,200000000.00,80000000.00,340000000.00
Feb 27 2029,DYM,0,1000000000.00,620000000.00,50000000.00,330000000.00,200000000.00,80000000.00,340000000.00
Feb 25 2029,DYM,0,1000000000.00,620000000.00,50000000.00,330000000.00,200000000.00,80000000.00,340000000.00
Feb 22 2029,DYM,0,1000000000.00,620000000.00,50000000.00,330000000.00,200000000.00,80000000.00,340000000.00
Feb 20 2029,DYM,0,1000000000.00,620000000.00,50000000.00,330000000.00,200000000.00,80000000.00,340000000.00
Feb 18 2029,DYM,0,1000000000.00,620000000.00,50000000.00,330000000.00,200000000.00,80000000.00,340000000.00
Feb 15 2029,DYM,0,1000000000.00,620000000.00,50000000.00,330000000.00,200000000.00,80000000.00,340000000.00
Feb 13 2029,DYM,0,1000000000.00,620000000.00,50000000.00,330000000.00,200000000.00,80000000.00,340000000.00
Feb 11 2029,DYM,0,1000000000.00,620000000.00,50000000.00,330000000.00,200000000.00,80000000.00,340000000.00
Feb 09 2029,DYM,0,1000000000.00,620000000.00,50000000.00,330000000.00,200000000.00,80000000.00,340000000.00
Feb 06 2029,DYM,0,999909688.01,620000000.00,50000000.00,329909688.01,200000000.00,80000000.00,340000000.00
Feb 04 2029,DYM,0,999548440.07,620000000.00,50000000.00,329548440.07,200000000.00,80000000.00,340000000.00
Feb 02 2029,DYM,0,999187192.12,620000000.00,50000000.00,329187192.12,200000000.00,80000000.00,340000000.00
Jan 31 2029,DYM,0,998825944.17,620000000.00,50000000.00,328825944.17,200000000.00,80000000.00,340000000.00
Jan 28 2029,DYM,0,998284072.25,620000000.00,50000000.00,328284072.25,200000000.00,80000000.00,340000000.00
Jan 26 2029,DYM,0,997922824.30,620000000.00,50000000.00,327922824.30,200000000.00,80000000.00,340000000.00
Jan 24 2029,DYM,0,997561576.35,620000000.00,50000000.00,327561576.35,200000000.00,80000000.00,340000000.00
Jan 21 2029,DYM,0,997019704.43,620000000.00,50000000.00,327019704.43,200000000.00,80000000.00,340000000.00
Jan 19 2029,DYM,0,996658456.49,620000000.00,50000000.00,326658456.49,200000000.00,80000000.00,340000000.00
Jan 17 2029,DYM,0,996297208.54,620000000.00,50000000.00,326297208.54,200000000.00,80000000.00,340000000.00
Jan 15 2029,DYM,0,995935960.59,620000000.00,50000000.00,325935960.59,200000000.00,80000000.00,340000000.00
Jan 12 2029,DYM,0,995394088.67,620000000.00,50000000.00,325394088.67,200000000.00,80000000.00,340000000.00
Jan 10 2029,DYM,0,995032840.72,620000000.00,50000000.00,325032840.72,200000000.00,80000000.00,340000000.00
Jan 08 2029,DYM,0,994671592.78,620000000.00,50000000.00,324671592.78,200000000.00,80000000.00,340000000.00
Jan 06 2029,DYM,0,994310344.83,620000000.00,50000000.00,324310344.83,200000000.00,80000000.00,340000000.00
Jan 03 2029,DYM,0,993768472.91,620000000.00,50000000.00,323768472.91,200000000.00,80000000.00,340000000.00
Jan 01 2029,DYM,0,993407224.96,620000000.00,50000000.00,323407224.96,200000000.00,80000000.00,340000000.00
Dec 30 2028,DYM,0,993045977.01,620000000.00,50000000.00,323045977.01,200000000.00,80000000.00,340000000.00
Dec 27 2028,DYM,0,992504105.09,620000000.00,50000000.00,322504105.09,200000000.00,80000000.00,340000000.00
Dec 25 2028,DYM,0,992142857.14,620000000.00,50000000.00,322142857.14,200000000.00,80000000.00,340000000.00
Dec 23 2028,DYM,0,991781609.20,620000000.00,50000000.00,321781609.20,200000000.00,80000000.00,340000000.00
Dec 21 2028,DYM,0,991420361.25,620000000.00,50000000.00,321420361.25,200000000.00,80000000.00,340000000.00
Dec 18 2028,DYM,0,990878489.33,620000000.00,50000000.00,320878489.33,200000000.00,80000000.00,340000000.00
Dec 16 2028,DYM,0,990517241.38,620000000.00,50000000.00,320517241.38,200000000.00,80000000.00,340000000.00
Dec 14 2028,DYM,0,990155993.43,620000000.00,50000000.00,320155993.43,200000000.00,80000000.00,340000000.00
Dec 12 2028,DYM,0,989794745.48,620000000.00,50000000.00,319794745.48,200000000.00,80000000.00,340000000.00
Dec 09 2028,DYM,0,989252873.56,620000000.00,50000000.00,319252873.56,200000000.00,80000000.00,340000000.00
Dec 07 2028,DYM,0,988891625.62,620000000.00,50000000.00,318891625.62,200000000.00,80000000.00,340000000.00
Dec 05 2028,DYM,0,988530377.67,620000000.00,50000000.00,318530377.67,200000000.00,80000000.00,340000000.00
Dec 02 2028,DYM,0,987988505.75,620000000.00,50000000.00,317988505.75,200000000.00,80000000.00,340000000.00
Nov 30 2028,DYM,0,987627257.80,620000000.00,50000000.00,317627257.80,200000000.00,80000000.00,340000000.00
Nov 28 2028,DYM,0,987266009.85,620000000.00,50000000.00,317266009.85,200000000.00,80000000.00,340000000.00
Nov 26 2028,DYM,0,986904761.90,620000000.00,50000000.00,316904761.90,200000000.00,80000000.00,340000000.00
Nov 23 2028,DYM,0,986362889.98,620000000.00,50000000.00,316362889.98,200000000.00,80000000.00,340000000.00
Nov 21 2028,DYM,0,986001642.04,620000000.00,50000000.00,316001642.04,200000000.00,80000000.00,340000000.00
Nov 19 2028,DYM,0,985640394.09,620000000.00,50000000.00,315640394.09,200000000.00,80000000.00,340000000.00
Nov 17 2028,DYM,0,985279146.14,620000000.00,50000000.00,315279146.14,200000000.00,80000000.00,340000000.00
Nov 14 2028,DYM,0,984737274.22,620000000.00,50000000.00,314737274.22,200000000.00,80000000.00,340000000.00
Nov 12 2028,DYM,0,984376026.27,620000000.00,50000000.00,314376026.27,200000000.00,80000000.00,340000000.00
Nov 10 2028,DYM,0,984014778.33,620000000.00,50000000.00,314014778.33,200000000.00,80000000.00,340000000.00
Nov 07 2028,DYM,0,983472906.40,620000000.00,50000000.00,313472906.40,200000000.00,80000000.00,340000000.00
Nov 05 2028,DYM,0,983111658.46,620000000.00,50000000.00,313111658.46,200000000.00,80000000.00,340000000.00
Nov 03 2028,DYM,0,982750410.51,620000000.00,50000000.00,312750410.51,200000000.00,80000000.00,340000000.00
Nov 01 2028,DYM,0,982389162.56,620000000.00,50000000.00,312389162.56,200000000.00,80000000.00,340000000.00
Oct 29 2028,DYM,0,981847290.64,620000000.00,50000000.00,311847290.64,200000000.00,80000000.00,340000000.00
Oct 27 2028,DYM,0,981486042.69,620000000.00,50000000.00,311486042.69,200000000.00,80000000.00,340000000.00
Oct 25 2028,DYM,0,981124794.75,620000000.00,50000000.00,311124794.75,200000000.00,80000000.00,340000000.00
Oct 23 2028,DYM,0,980763546.80,620000000.00,50000000.00,310763546.80,200000000.00,80000000.00,340000000.00
Oct 20 2028,DYM,0,980221674.88,620000000.00,50000000.00,310221674.88,200000000.00,80000000.00,340000000.00
Oct 18 2028,DYM,0,979860426.93,620000000.00,50000000.00,309860426.93,200000000.00,80000000.00,340000000.00
Oct 16 2028,DYM,0,979499178.98,620000000.00,50000000.00,309499178.98,200000000.00,80000000.00,340000000.00
Oct 13 2028,DYM,0,978957307.06,620000000.00,50000000.00,308957307.06,200000000.00,80000000.00,340000000.00
Oct 11 2028,DYM,0,978596059.11,620000000.00,50000000.00,308596059.11,200000000.00,80000000.00,340000000.00
Oct 09 2028,DYM,0,978234811.17,620000000.00,50000000.00,308234811.17,200000000.00,80000000.00,340000000.00
Oct 07 2028,DYM,0,977873563.22,620000000.00,50000000.00,307873563.22,200000000.00,80000000.00,340000000.00
Oct 04 2028,DYM,0,977331691.30,620000000.00,50000000.00,307331691.30,200000000.00,80000000.00,340000000.00
Oct 02 2028,DYM,0,976970443.35,620000000.00,50000000.00,306970443.35,200000000.00,80000000.00,340000000.00
Sep 30 2028,DYM,0,976609195.40,620000000.00,50000000.00,306609195.40,200000000.00,80000000.00,340000000.00
Sep 28 2028,DYM,0,976247947.45,620000000.00,50000000.00,306247947.45,200000000.00,80000000.00,340000000.00
Sep 25 2028,DYM,0,975706075.53,620000000.00,50000000.00,305706075.53,200000000.00,80000000.00,340000000.00
Sep 23 2028,DYM,0,975344827.59,620000000.00,50000000.00,305344827.59,200000000.00,80000000.00,340000000.00
Sep 21 2028,DYM,0,974983579.64,620000000.00,50000000.00,304983579.64,200000000.00,80000000.00,340000000.00
Sep 18 2028,DYM,0,974441707.72,620000000.00,50000000.00,304441707.72,200000000.00,80000000.00,340000000.00
Sep 16 2028,DYM,0,974080459.77,620000000.00,50000000.00,304080459.77,200000000.00,80000000.00,340000000.00
Sep 14 2028,DYM,0,973719211.82,620000000.00,50000000.00,303719211.82,200000000.00,80000000.00,340000000.00
Sep 12 2028,DYM,0,973357963.88,620000000.00,50000000.00,303357963.88,200000000.00,80000000.00,340000000.00
Sep 09 2028,DYM,0,972816091.95,620000000.00,50000000.00,302816091.95,200000000.00,80000000.00,340000000.00
Sep 07 2028,DYM,0,972454844.01,620000000.00,50000000.00,302454844.01,200000000.00,80000000.00,340000000.00
Sep 05 2028,DYM,0,972093596.06,620000000.00,50000000.00,302093596.06,200000000.00,80000000.00,340000000.00
Sep 03 2028,DYM,0,971732348.11,620000000.00,50000000.00,301732348.11,200000000.00,80000000.00,340000000.00
Aug 31 2028,DYM,0,971190476.19,620000000.00,50000000.00,301190476.19,200000000.00,80000000.00,340000000.00
Aug 29 2028,DYM,0,970829228.24,620000000.00,50000000.00,300829228.24,200000000.00,80000000.00,340000000.00
Aug 27 2028,DYM,0,970467980.30,620000000.00,50000000.00,300467980.30,200000000.00,80000000.00,340000000.00
Aug 24 2028,DYM,0,969926108.37,620000000.00,50000000.00,299926108.37,200000000.00,80000000.00,340000000.00
Aug 22 2028,DYM,0,969564860.43,620000000.00,50000000.00,299564860.43,200000000.00,80000000.00,340000000.00
Aug 20 2028,DYM,0,969203612.48,620000000.00,50000000.00,299203612.48,200000000.00,80000000.00,340000000.00
Aug 18 2028,DYM,0,968842364.53,620000000.00,50000000.00,298842364.53,200000000.00,80000000.00,340000000.00
Aug 15 2028,DYM,0,968300492.61,620000000.00,50000000.00,298300492.61,200000000.00,80000000.00,340000000.00
Aug 13 2028,DYM,0,967939244.66,620000000.00,50000000.00,297939244.66,200000000.00,80000000.00,340000000.00
Aug 11 2028,DYM,0,967577996.72,620000000.00,50000000.00,297577996.72,200000000.00,80000000.00,340000000.00
Aug 09 2028,DYM,0,967216748.77,620000000.00,50000000.00,297216748.77,200000000.00,80000000.00,340000000.00
Aug 06 2028,DYM,0,966674876.85,620000000.00,50000000.00,296674876.85,200000000.00,80000000.00,340000000.00
Aug 04 2028,DYM,0,966313628.90,620000000.00,50000000.00,296313628.90,200000000.00,80000000.00,340000000.00
Aug 02 2028,DYM,0,965952380.95,620000000.00,50000000.00,295952380.95,200000000.00,80000000.00,340000000.00
Jul 30 2028,DYM,0,965410509.03,620000000.00,50000000.00,295410509.03,200000000.00,80000000.00,340000000.00
Jul 28 2028,DYM,0,965049261.08,620000000.00,50000000.00,295049261.08,200000000.00,80000000.00,340000000.00
Jul 26 2028,DYM,0,964688013.14,620000000.00,50000000.00,294688013.14,200000000.00,80000000.00,340000000.00
Jul 24 2028,DYM,0,964326765.19,620000000.00,50000000.00,294326765.19,200000000.00,80000000.00,340000000.00
Jul 21 2028,DYM,0,963784893.27,620000000.00,50000000.00,293784893.27,200000000.00,80000000.00,340000000.00
Jul 19 2028,DYM,0,963423645.32,620000000.00,50000000.00,293423645.32,200000000.00,80000000.00,340000000.00
Jul 17 2028,DYM,0,963062397.37,620000000.00,50000000.00,293062397.37,200000000.00,80000000.00,340000000.00
Jul 15 2028,DYM,0,962701149.43,620000000.00,50000000.00,292701149.43,200000000.00,80000000.00,340000000.00
Jul 12 2028,DYM,0,962159277.50,620000000.00,50000000.00,292159277.50,200000000.00,80000000.00,340000000.00
Jul 10 2028,DYM,0,961798029.56,620000000.00,50000000.00,291798029.56,200000000.00,80000000.00,340000000.00
Jul 08 2028,DYM,0,961436781.61,620000000.00,50000000.00,291436781.61,200000000.00,80000000.00,340000000.00
Jul 05 2028,DYM,0,960894909.69,620000000.00,50000000.00,290894909.69,200000000.00,80000000.00,340000000.00
Jul 03 2028,DYM,0,960533661.74,620000000.00,50000000.00,290533661.74,200000000.00,80000000.00,340000000.00
Jul 01 2028,DYM,0,960172413.79,620000000.00,50000000.00,290172413.79,200000000.00,80000000.00,340000000.00
Jun 29 2028,DYM,0,959811165.85,620000000.00,50000000.00,289811165.85,200000000.00,80000000.00,340000000.00
Jun 26 2028,DYM,0,959269293.92,620000000.00,50000000.00,289269293.92,200000000.00,80000000.00,340000000.00
Jun 24 2028,DYM,0,958908045.98,620000000.00,50000000.00,288908045.98,200000000.00,80000000.00,340000000.00
Jun 22 2028,DYM,0,958546798.03,620000000.00,50000000.00,288546798.03,200000000.00,80000000.00,340000000.00
Jun 20 2028,DYM,0,958185550.08,620000000.00,50000000.00,288185550.08,200000000.00,80000000.00,340000000.00
Jun 17 2028,DYM,0,957643678.16,620000000.00,50000000.00,287643678.16,200000000.00,80000000.00,340000000.00
Jun 15 2028,DYM,0,957282430.21,620000000.00,50000000.00,287282430.21,200000000.00,80000000.00,340000000.00
Jun 13 2028,DYM,0,956921182.27,620000000.00,50000000.00,286921182.27,200000000.00,80000000.00,340000000.00
Jun 10 2028,DYM,0,956379310.34,620000000.00,50000000.00,286379310.34,200000000.00,80000000.00,340000000.00
Jun 08 2028,DYM,0,956018062.40,620000000.00,50000000.00,286018062.40,200000000.00,80000000.00,340000000.00
Jun 06 2028,DYM,0,955656814.45,620000000.00,50000000.00,285656814.45,200000000.00,80000000.00,340000000.00
Jun 04 2028,DYM,0,955295566.50,620000000.00,50000000.00,285295566.50,200000000.00,80000000.00,340000000.00
Jun 01 2028,DYM,0,954753694.58,620000000.00,50000000.00,284753694.58,200000000.00,80000000.00,340000000.00
May 30 2028,DYM,0,954392446.63,620000000.00,50000000.00,284392446.63,200000000.00,80000000.00,340000000.00
May 28 2028,DYM,0,954031198.69,620000000.00,50000000.00,284031198.69,200000000.00,80000000.00,340000000.00
May 26 2028,DYM,0,953669950.74,620000000.00,50000000.00,283669950.74,200000000.00,80000000.00,340000000.00
May 23 2028,DYM,0,953128078.82,620000000.00,50000000.00,283128078.82,200000000.00,80000000.00,340000000.00
May 21 2028,DYM,0,952766830.87,620000000.00,50000000.00,282766830.87,200000000.00,80000000.00,340000000.00
May 19 2028,DYM,0,952405582.92,620000000.00,50000000.00,282405582.92,200000000.00,80000000.00,340000000.00
May 16 2028,DYM,0,951863711.00,620000000.00,50000000.00,281863711.00,200000000.00,80000000.00,340000000.00
May 14 2028,DYM,0,951502463.05,620000000.00,50000000.00,281502463.05,200000000.00,80000000.00,340000000.00
May 12 2028,DYM,0,951141215.11,620000000.00,50000000.00,281141215.11,200000000.00,80000000.00,340000000.00
May 10 2028,DYM,0,950779967.16,620000000.00,50000000.00,280779967.16,200000000.00,80000000.00,340000000.00
May 07 2028,DYM,0,950238095.24,620000000.00,50000000.00,280238095.24,200000000.00,80000000.00,340000000.00
May 05 2028,DYM,0,949876847.29,620000000.00,50000000.00,279876847.29,200000000.00,80000000.00,340000000.00
May 03 2028,DYM,0,949515599.34,620000000.00,50000000.00,279515599.34,200000000.00,80000000.00,340000000.00
May 01 2028,DYM,0,949154351.40,620000000.00,50000000.00,279154351.40,200000000.00,80000000.00,340000000.00
Apr 28 2028,DYM,0,948612479.47,620000000.00,50000000.00,278612479.47,200000000.00,80000000.00,340000000.00
Apr 26 2028,DYM,0,948251231.53,620000000.00,50000000.00,278251231.53,200000000.00,80000000.00,340000000.00
Apr 24 2028,DYM,0,947889983.58,620000000.00,50000000.00,277889983.58,200000000.00,80000000.00,340000000.00
Apr 21 2028,DYM,0,947348111.66,620000000.00,50000000.00,277348111.66,200000000.00,80000000.00,340000000.00
Apr 19 2028,DYM,0,946986863.71,620000000.00,50000000.00,276986863.71,200000000.00,80000000.00,340000000.00
Apr 17 2028,DYM,0,946625615.76,620000000.00,50000000.00,276625615.76,200000000.00,80000000.00,340000000.00
Apr 15 2028,DYM,0,946264367.82,620000000.00,50000000.00,276264367.82,200000000.00,80000000.00,340000000.00
Apr 12 2028,DYM,0,945722495.89,620000000.00,50000000.00,275722495.89,200000000.00,80000000.00,340000000.00
Apr 10 2028,DYM,0,945361247.95,620000000.00,50000000.00,275361247.95,200000000.00,80000000.00,340000000.00
Apr 08 2028,DYM,0,945000000.00,620000000.00,50000000.00,275000000.00,200000000.00,80000000.00,340000000.00
Apr 06 2028,DYM,0,944638752.05,620000000.00,50000000.00,274638752.05,200000000.00,80000000.00,340000000.00
Apr 03 2028,DYM,0,944096880.13,620000000.00,50000000.00,274096880.13,200000000.00,80000000.00,340000000.00
Apr 01 2028,DYM,0,943735632.18,620000000.00,50000000.00,273735632.18,200000000.00,80000000.00,340000000.00
Mar 30 2028,DYM,0,943374384.24,620000000.00,50000000.00,273374384.24,200000000.00,80000000.00,340000000.00
Mar 27 2028,DYM,0,942832512.32,620000000.00,50000000.00,272832512.32,200000000.00,80000000.00,340000000.00
Mar 25 2028,DYM,0,942471264.37,620000000.00,50000000.00,272471264.37,200000000.00,80000000.00,340000000.00
Mar 23 2028,DYM,0,942110016.42,620000000.00,50000000.00,272110016.42,200000000.00,80000000.00,340000000.00
Mar 21 2028,DYM,0,941748768.47,620000000.00,50000000.00,271748768.47,200000000.00,80000000.00,340000000.00
Mar 18 2028,DYM,0,941206896.55,620000000.00,50000000.00,271206896.55,200000000.00,80000000.00,340000000.00
Mar 16 2028,DYM,0,940845648.60,620000000.00,50000000.00,270845648.60,200000000.00,80000000.00,340000000.00
Mar 14 2028,DYM,0,940484400.66,620000000.00,50000000.00,270484400.66,200000000.00,80000000.00,340000000.00
Mar 12 2028,DYM,0,940123152.71,620000000.00,50000000.00,270123152.71,200000000.00,80000000.00,340000000.00
Mar 09 2028,DYM,0,939581280.79,620000000.00,50000000.00,269581280.79,200000000.00,80000000.00,340000000.00
Mar 07 2028,DYM,0,939220032.84,620000000.00,50000000.00,269220032.84,200000000.00,80000000.00,340000000.00
Mar 05 2028,DYM,0,938858784.89,620000000.00,50000000.00,268858784.89,200000000.00,80000000.00,340000000.00
Mar 02 2028,DYM,0,938316912.97,620000000.00,50000000.00,268316912.97,200000000.00,80000000.00,340000000.00
Feb 29 2028,DYM,0,937955665.02,620000000.00,50000000.00,267955665.02,200000000.00,80000000.00,340000000.00
Feb 27 2028,DYM,0,937594417.08,620000000.00,50000000.00,267594417.08,200000000.00,80000000.00,340000000.00
Feb 25 2028,DYM,0,937233169.13,620000000.00,50000000.00,267233169.13,200000000.00,80000000.00,340000000.00
Feb 22 2028,DYM,0,936691297.21,620000000.00,50000000.00,266691297.21,200000000.00,80000000.00,340000000.00
Feb 20 2028,DYM,0,936330049.26,620000000.00,50000000.00,266330049.26,200000000.00,80000000.00,340000000.00
Feb 18 2028,DYM,0,935968801.31,620000000.00,50000000.00,265968801.31,200000000.00,80000000.00,340000000.00
Feb 16 2028,DYM,0,935607553.37,620000000.00,50000000.00,265607553.37,200000000.00,80000000.00,340000000.00
Feb 13 2028,DYM,0,935065681.45,620000000.00,50000000.00,265065681.45,200000000.00,80000000.00,340000000.00
Feb 11 2028,DYM,0,934704433.50,620000000.00,50000000.00,264704433.50,200000000.00,80000000.00,340000000.00
Feb 09 2028,DYM,0,934343185.55,620000000.00,50000000.00,264343185.55,200000000.00,80000000.00,340000000.00
Feb 06 2028,DYM,0,933801313.63,620000000.00,50000000.00,263801313.63,200000000.00,80000000.00,340000000.00
Feb 04 2028,DYM,0,933440065.68,620000000.00,50000000.00,263440065.68,200000000.00,80000000.00,340000000.00
Feb 02 2028,DYM,0,933078817.73,620000000.00,50000000.00,263078817.73,200000000.00,80000000.00,340000000.00
Jan 31 2028,DYM,0,932717569.79,620000000.00,50000000.00,262717569.79,200000000.00,80000000.00,340000000.00
Jan 28 2028,DYM,0,932175697.87,620000000.00,50000000.00,262175697.87,200000000.00,80000000.00,340000000.00
Jan 26 2028,DYM,0,931814449.92,620000000.00,50000000.00,261814449.92,200000000.00,80000000.00,340000000.00
Jan 24 2028,DYM,0,931453201.97,620000000.00,50000000.00,261453201.97,200000000.00,80000000.00,340000000.00
Jan 22 2028,DYM,0,931091954.02,620000000.00,50000000.00,261091954.02,200000000.00,80000000.00,340000000.00
Jan 19 2028,DYM,0,930550082.10,620000000.00,50000000.00,260550082.10,200000000.00,80000000.00,340000000.00
Jan 17 2028,DYM,0,930188834.15,620000000.00,50000000.00,260188834.15,200000000.00,80000000.00,340000000.00
Jan 15 2028,DYM,0,929827586.21,620000000.00,50000000.00,259827586.21,200000000.00,80000000.00,340000000.00
Jan 12 2028,DYM,0,929285714.29,620000000.00,50000000.00,259285714.29,200000000.00,80000000.00,340000000.00
Jan 10 2028,DYM,0,928924466.34,620000000.00,50000000.00,258924466.34,200000000.00,80000000.00,340000000.00
Jan 08 2028,DYM,0,928563218.39,620000000.00,50000000.00,258563218.39,200000000.00,80000000.00,340000000.00
Jan 06 2028,DYM,0,928201970.44,620000000.00,50000000.00,258201970.44,200000000.00,80000000.00,340000000.00
Jan 03 2028,DYM,0,927660098.52,620000000.00,50000000.00,257660098.52,200000000.00,80000000.00,340000000.00
Jan 01 2028,DYM,0,927298850.57,620000000.00,50000000.00,257298850.57,200000000.00,80000000.00,340000000.00
Dec 30 2027,DYM,0,926937602.63,620000000.00,50000000.00,256937602.63,200000000.00,80000000.00,340000000.00
Dec 28 2027,DYM,0,926576354.68,620000000.00,50000000.00,256576354.68,200000000.00,80000000.00,340000000.00
Dec 25 2027,DYM,0,926034482.76,620000000.00,50000000.00,256034482.76,200000000.00,80000000.00,340000000.00
Dec 23 2027,DYM,0,925673234.81,620000000.00,50000000.00,255673234.81,200000000.00,80000000.00,340000000.00
Dec 21 2027,DYM,0,925311986.86,620000000.00,50000000.00,255311986.86,200000000.00,80000000.00,340000000.00
Dec 18 2027,DYM,0,924770114.94,620000000.00,50000000.00,254770114.94,200000000.00,80000000.00,340000000.00
Dec 16 2027,DYM,0,924408867.00,620000000.00,50000000.00,254408867.00,200000000.00,80000000.00,340000000.00
Dec 14 2027,DYM,0,924047619.05,620000000.00,50000000.00,254047619.05,200000000.00,80000000.00,340000000.00
Dec 12 2027,DYM,0,923686371.10,620000000.00,50000000.00,253686371.10,200000000.00,80000000.00,340000000.00
Dec 09 2027,DYM,0,923144499.18,620000000.00,50000000.00,253144499.18,200000000.00,80000000.00,340000000.00
Dec 07 2027,DYM,0,922783251.23,620000000.00,50000000.00,252783251.23,200000000.00,80000000.00,340000000.00
Dec 05 2027,DYM,0,922422003.28,620000000.00,50000000.00,252422003.28,200000000.00,80000000.00,340000000.00
Dec 03 2027,DYM,0,922060755.34,620000000.00,50000000.00,252060755.34,200000000.00,80000000.00,340000000.00
Nov 30 2027,DYM,0,921518883.42,620000000.00,50000000.00,251518883.42,200000000.00,80000000.00,340000000.00
Nov 28 2027,DYM,0,921157635.47,620000000.00,50000000.00,251157635.47,200000000.00,80000000.00,340000000.00
Nov 26 2027,DYM,0,920796387.52,620000000.00,50000000.00,250796387.52,200000000.00,80000000.00,340000000.00
Nov 23 2027,DYM,0,920254515.60,620000000.00,50000000.00,250254515.60,200000000.00,80000000.00,340000000.00
Nov 21 2027,DYM,0,919893267.65,620000000.00,50000000.00,249893267.65,200000000.00,80000000.00,340000000.00
Nov 19 2027,DYM,0,919532019.70,620000000.00,50000000.00,249532019.70,200000000.00,80000000.00,340000000.00
Nov 17 2027,DYM,0,919170771.76,620000000.00,50000000.00,249170771.76,200000000.00,80000000.00,340000000.00
Nov 14 2027,DYM,0,918628899.84,620000000.00,50000000.00,248628899.84,200000000.00,80000000.00,340000000.00
Nov 12 2027,DYM,0,918267651.89,620000000.00,50000000.00,248267651.89,200000000.00,80000000.00,340000000.00
Nov 10 2027,DYM,0,917906403.94,620000000.00,50000000.00,247906403.94,200000000.00,80000000.00,340000000.00
Nov 08 2027,DYM,0,917545155.99,620000000.00,50000000.00,247545155.99,200000000.00,80000000.00,340000000.00
Nov 05 2027,DYM,0,917003284.07,620000000.00,50000000.00,247003284.07,200000000.00,80000000.00,340000000.00
Nov 03 2027,DYM,0,916642036.12,620000000.00,50000000.00,246642036.12,200000000.00,80000000.00,340000000.00
Nov 01 2027,DYM,0,916280788.18,620000000.00,50000000.00,246280788.18,200000000.00,80000000.00,340000000.00
Oct 29 2027,DYM,0,915738916.26,620000000.00,50000000.00,245738916.26,200000000.00,80000000.00,340000000.00
Oct 27 2027,DYM,0,915377668.31,620000000.00,50000000.00,245377668.31,200000000.00,80000000.00,340000000.00
Oct 25 2027,DYM,0,915016420.36,620000000.00,50000000.00,245016420.36,200000000.00,80000000.00,340000000.00
Oct 23 2027,DYM,0,914655172.41,620000000.00,50000000.00,244655172.41,200000000.00,80000000.00,340000000.00
Oct 20 2027,DYM,0,914113300.49,620000000.00,50000000.00,244113300.49,200000000.00,80000000.00,340000000.00
Oct 18 2027,DYM,0,913752052.55,620000000.00,50000000.00,243752052.55,200000000.00,80000000.00,340000000.00
Oct 16 2027,DYM,0,913390804.60,620000000.00,50000000.00,243390804.60,200000000.00,80000000.00,340000000.00
Oct 14 2027,DYM,0,913029556.65,620000000.00,50000000.00,243029556.65,200000000.00,80000000.00,340000000.00
Oct 11 2027,DYM,0,912487684.73,620000000.00,50000000.00,242487684.73,200000000.00,80000000.00,340000000.00
Oct 09 2027,DYM,0,912126436.78,620000000.00,50000000.00,242126436.78,200000000.00,80000000.00,340000000.00
Oct 07 2027,DYM,0,911765188.83,620000000.00,50000000.00,241765188.83,200000000.00,80000000.00,340000000.00
Oct 04 2027,DYM,0,911223316.91,620000000.00,50000000.00,241223316.91,200000000.00,80000000.00,340000000.00
Oct 02 2027,DYM,0,910862068.97,620000000.00,50000000.00,240862068.97,200000000.00,80000000.00,340000000.00
Sep 30 2027,DYM,0,910500821.02,620000000.00,50000000.00,240500821.02,200000000.00,80000000.00,340000000.00
Sep 28 2027,DYM,0,910139573.07,620000000.00,50000000.00,240139573.07,200000000.00,80000000.00,340000000.00
Sep 25 2027,DYM,0,909597701.15,620000000.00,50000000.00,239597701.15,200000000.00,80000000.00,340000000.00
Sep 23 2027,DYM,0,909236453.20,620000000.00,50000000.00,239236453.20,200000000.00,80000000.00,340000000.00
Sep 21 2027,DYM,0,908875205.25,620000000.00,50000000.00,238875205.25,200000000.00,80000000.00,340000000.00
Sep 19 2027,DYM,0,908513957.31,620000000.00,50000000.00,238513957.31,200000000.00,80000000.00,340000000.00
Sep 16 2027,DYM,0,907972085.39,620000000.00,50000000.00,237972085.39,200000000.00,80000000.00,340000000.00
Sep 14 2027,DYM,0,907610837.44,620000000.00,50000000.00,237610837.44,200000000.00,80000000.00,340000000.00
Sep 12 2027,DYM,0,907249589.49,620000000.00,50000000.00,237249589.49,200000000.00,80000000.00,340000000.00
Sep 09 2027,DYM,0,906707717.57,620000000.00,50000000.00,236707717.57,200000000.00,80000000.00,340000000.00
Sep 07 2027,DYM,0,906346469.62,620000000.00,50000000.00,236346469.62,200000000.00,80000000.00,340000000.00
Sep 05 2027,DYM,0,905985221.67,620000000.00,50000000.00,235985221.67,200000000.00,80000000.00,340000000.00
Sep 03 2027,DYM,0,905623973.73,620000000.00,50000000.00,235623973.73,200000000.00,80000000.00,340000000.00
Aug 31 2027,DYM,0,905082101.81,620000000.00,50000000.00,235082101.81,200000000.00,80000000.00,340000000.00
Aug 29 2027,DYM,0,904720853.86,620000000.00,50000000.00,234720853.86,200000000.00,80000000.00,340000000.00
Aug 27 2027,DYM,0,904359605.91,620000000.00,50000000.00,234359605.91,200000000.00,80000000.00,340000000.00
Aug 25 2027,DYM,0,903998357.96,620000000.00,50000000.00,233998357.96,200000000.00,80000000.00,340000000.00
Aug 22 2027,DYM,0,903456486.04,620000000.00,50000000.00,233456486.04,200000000.00,80000000.00,340000000.00
Aug 20 2027,DYM,0,903095238.10,620000000.00,50000000.00,233095238.10,200000000.00,80000000.00,340000000.00
Aug 18 2027,DYM,0,902733990.15,620000000.00,50000000.00,232733990.15,200000000.00,80000000.00,340000000.00
Aug 15 2027,DYM,0,902192118.23,620000000.00,50000000.00,232192118.23,200000000.00,80000000.00,340000000.00
Aug 13 2027,DYM,0,901830870.28,620000000.00,50000000.00,231830870.28,200000000.00,80000000.00,340000000.00
Aug 11 2027,DYM,0,901469622.33,620000000.00,50000000.00,231469622.33,200000000.00,80000000.00,340000000.00
Aug 09 2027,DYM,0,901108374.38,620000000.00,50000000.00,231108374.38,200000000.00,80000000.00,340000000.00
Aug 06 2027,DYM,0,900566502.46,620000000.00,50000000.00,230566502.46,200000000.00,80000000.00,340000000.00
Aug 04 2027,DYM,0,900205254.52,620000000.00,50000000.00,230205254.52,200000000.00,80000000.00,340000000.00
Aug 02 2027,DYM,0,899844006.57,620000000.00,50000000.00,229844006.57,200000000.00,80000000.00,340000000.00
Jul 31 2027,DYM,0,899482758.62,620000000.00,50000000.00,229482758.62,200000000.00,80000000.00,340000000.00
Jul 28 2027,DYM,0,898940886.70,620000000.00,50000000.00,228940886.70,200000000.00,80000000.00,340000000.00
Jul 26 2027,DYM,0,898579638.75,620000000.00,50000000.00,228579638.75,200000000.00,80000000.00,340000000.00
Jul 24 2027,DYM,0,898218390.80,620000000.00,50000000.00,228218390.80,200000000.00,80000000.00,340000000.00
Jul 21 2027,DYM,0,897676518.88,620000000.00,50000000.00,227676518.88,200000000.00,80000000.00,340000000.00
Jul 19 2027,DYM,0,897315270.94,620000000.00,50000000.00,227315270.94,200000000.00,80000000.00,340000000.00
Jul 17 2027,DYM,0,896954022.99,620000000.00,50000000.00,226954022.99,200000000.00,80000000.00,340000000.00
Jul 15 2027,DYM,0,896592775.04,620000000.00,50000000.00,226592775.04,200000000.00,80000000.00,340000000.00
Jul 12 2027,DYM,0,896050903.12,620000000.00,50000000.00,226050903.12,200000000.00,80000000.00,340000000.00
Jul 10 2027,DYM,0,895689655.17,620000000.00,50000000.00,225689655.17,200000000.00,80000000.00,340000000.00
Jul 08 2027,DYM,0,895328407.22,620000000.00,50000000.00,225328407.22,200000000.00,80000000.00,340000000.00
Jul 06 2027,DYM,0,894967159.28,620000000.00,50000000.00,224967159.28,200000000.00,80000000.00,340000000.00
Jul 03 2027,DYM,0,894425287.36,620000000.00,50000000.00,224425287.36,200000000.00,80000000.00,340000000.00
Jul 01 2027,DYM,0,894064039.41,620000000.00,50000000.00,224064039.41,200000000.00,80000000.00,340000000.00
Jun 29 2027,DYM,0,893702791.46,620000000.00,50000000.00,223702791.46,200000000.00,80000000.00,340000000.00
Jun 26 2027,DYM,0,893160919.54,620000000.00,50000000.00,223160919.54,200000000.00,80000000.00,340000000.00
Jun 24 2027,DYM,0,892799671.59,620000000.00,50000000.00,222799671.59,200000000.00,80000000.00,340000000.00
Jun 22 2027,DYM,0,892438423.65,620000000.00,50000000.00,222438423.65,200000000.00,80000000.00,340000000.00
Jun 20 2027,DYM,0,892077175.70,620000000.00,50000000.00,222077175.70,200000000.00,80000000.00,340000000.00
Jun 17 2027,DYM,0,891535303.78,620000000.00,50000000.00,221535303.78,200000000.00,80000000.00,340000000.00
Jun 15 2027,DYM,0,891174055.83,620000000.00,50000000.00,221174055.83,200000000.00,80000000.00,340000000.00
Jun 13 2027,DYM,0,890812807.88,620000000.00,50000000.00,220812807.88,200000000.00,80000000.00,340000000.00
Jun 11 2027,DYM,0,890451559.93,620000000.00,50000000.00,220451559.93,200000000.00,80000000.00,340000000.00
Jun 08 2027,DYM,0,889909688.01,620000000.00,50000000.00,219909688.01,200000000.00,80000000.00,340000000.00
Jun 06 2027,DYM,0,889548440.07,620000000.00,50000000.00,219548440.07,200000000.00,80000000.00,340000000.00
Jun 04 2027,DYM,0,889187192.12,620000000.00,50000000.00,219187192.12,200000000.00,80000000.00,340000000.00
Jun 01 2027,DYM,0,888645320.20,620000000.00,50000000.00,218645320.20,200000000.00,80000000.00,340000000.00
May 30 2027,DYM,0,888284072.25,620000000.00,50000000.00,218284072.25,200000000.00,80000000.00,340000000.00
May 28 2027,DYM,0,887922824.30,620000000.00,50000000.00,217922824.30,200000000.00,80000000.00,340000000.00
May 26 2027,DYM,0,887561576.35,620000000.00,50000000.00,217561576.35,200000000.00,80000000.00,340000000.00
May 23 2027,DYM,0,887019704.43,620000000.00,50000000.00,217019704.43,200000000.00,80000000.00,340000000.00
May 21 2027,DYM,0,886658456.49,620000000.00,50000000.00,216658456.49,200000000.00,80000000.00,340000000.00
May 19 2027,DYM,0,886297208.54,620000000.00,50000000.00,216297208.54,200000000.00,80000000.00,340000000.00
May 17 2027,DYM,0,885935960.59,620000000.00,50000000.00,215935960.59,200000000.00,80000000.00,340000000.00
May 14 2027,DYM,0,885394088.67,620000000.00,50000000.00,215394088.67,200000000.00,80000000.00,340000000.00
May 12 2027,DYM,0,885032840.72,620000000.00,50000000.00,215032840.72,200000000.00,80000000.00,340000000.00
May 10 2027,DYM,0,884671592.78,620000000.00,50000000.00,214671592.78,200000000.00,80000000.00,340000000.00
May 07 2027,DYM,0,884129720.85,620000000.00,50000000.00,214129720.85,200000000.00,80000000.00,340000000.00
May 05 2027,DYM,0,883768472.91,620000000.00,50000000.00,213768472.91,200000000.00,80000000.00,340000000.00
May 03 2027,DYM,0,883407224.96,620000000.00,50000000.00,213407224.96,200000000.00,80000000.00,340000000.00
May 01 2027,DYM,0,883045977.01,620000000.00,50000000.00,213045977.01,200000000.00,80000000.00,340000000.00
Apr 28 2027,DYM,0,882504105.09,620000000.00,50000000.00,212504105.09,200000000.00,80000000.00,340000000.00
Apr 26 2027,DYM,0,882142857.14,620000000.00,50000000.00,212142857.14,200000000.00,80000000.00,340000000.00
Apr 24 2027,DYM,0,881781609.20,620000000.00,50000000.00,211781609.20,200000000.00,80000000.00,340000000.00
Apr 22 2027,DYM,0,881420361.25,620000000.00,50000000.00,211420361.25,200000000.00,80000000.00,340000000.00
Apr 19 2027,DYM,0,880878489.33,620000000.00,50000000.00,210878489.33,200000000.00,80000000.00,340000000.00
Apr 17 2027,DYM,0,880517241.38,620000000.00,50000000.00,210517241.38,200000000.00,80000000.00,340000000.00
Apr 15 2027,DYM,0,880155993.43,620000000.00,50000000.00,210155993.43,200000000.00,80000000.00,340000000.00
Apr 12 2027,DYM,0,879614121.51,620000000.00,50000000.00,209614121.51,200000000.00,80000000.00,340000000.00
Apr 10 2027,DYM,0,879252873.56,620000000.00,50000000.00,209252873.56,200000000.00,80000000.00,340000000.00
Apr 08 2027,DYM,0,878891625.62,620000000.00,50000000.00,208891625.62,200000000.00,80000000.00,340000000.00
Apr 06 2027,DYM,0,878530377.67,620000000.00,50000000.00,208530377.67,200000000.00,80000000.00,340000000.00
Apr 03 2027,DYM,0,877988505.75,620000000.00,50000000.00,207988505.75,200000000.00,80000000.00,340000000.00
Apr 01 2027,DYM,0,877627257.80,620000000.00,50000000.00,207627257.80,200000000.00,80000000.00,340000000.00
Mar 30 2027,DYM,0,877266009.85,620000000.00,50000000.00,207266009.85,200000000.00,80000000.00,340000000.00
Mar 28 2027,DYM,0,876904761.90,620000000.00,50000000.00,206904761.90,200000000.00,80000000.00,340000000.00
Mar 25 2027,DYM,0,876362889.98,620000000.00,50000000.00,206362889.98,200000000.00,80000000.00,340000000.00
Mar 23 2027,DYM,0,876001642.04,620000000.00,50000000.00,206001642.04,200000000.00,80000000.00,340000000.00
Mar 21 2027,DYM,0,875640394.09,620000000.00,50000000.00,205640394.09,200000000.00,80000000.00,340000000.00
Mar 18 2027,DYM,0,875098522.17,620000000.00,50000000.00,205098522.17,200000000.00,80000000.00,340000000.00
Mar 16 2027,DYM,0,874737274.22,620000000.00,50000000.00,204737274.22,200000000.00,80000000.00,340000000.00
Mar 14 2027,DYM,0,874376026.27,620000000.00,50000000.00,204376026.27,200000000.00,80000000.00,340000000.00
Mar 12 2027,DYM,0,874014778.33,620000000.00,50000000.00,204014778.33,200000000.00,80000000.00,340000000.00
Mar 09 2027,DYM,0,873472906.40,620000000.00,50000000.00,203472906.40,200000000.00,80000000.00,340000000.00
Mar 07 2027,DYM,0,873111658.46,620000000.00,50000000.00,203111658.46,200000000.00,80000000.00,340000000.00
Mar 05 2027,DYM,0,872750410.51,620000000.00,50000000.00,202750410.51,200000000.00,80000000.00,340000000.00
Mar 03 2027,DYM,0,872389162.56,620000000.00,50000000.00,202389162.56,200000000.00,80000000.00,340000000.00
Feb 28 2027,DYM,0,871847290.64,620000000.00,50000000.00,201847290.64,200000000.00,80000000.00,340000000.00
Feb 26 2027,DYM,0,871486042.69,620000000.00,50000000.00,201486042.69,200000000.00,80000000.00,340000000.00
Feb 24 2027,DYM,0,871124794.75,620000000.00,50000000.00,201124794.75,200000000.00,80000000.00,340000000.00
Feb 21 2027,DYM,0,870582922.82,620000000.00,50000000.00,200582922.82,200000000.00,80000000.00,340000000.00
Feb 19 2027,DYM,0,870221674.88,620000000.00,50000000.00,200221674.88,200000000.00,80000000.00,340000000.00
Feb 17 2027,DYM,0,869860426.93,620000000.00,50000000.00,199860426.93,200000000.00,80000000.00,340000000.00
Feb 15 2027,DYM,0,869499178.98,620000000.00,50000000.00,199499178.98,200000000.00,80000000.00,340000000.00
Feb 12 2027,DYM,0,868957307.06,620000000.00,50000000.00,198957307.06,200000000.00,80000000.00,340000000.00
Feb 10 2027,DYM,0,868596059.11,620000000.00,50000000.00,198596059.11,200000000.00,80000000.00,340000000.00
Feb 08 2027,DYM,0,868234811.17,620000000.00,50000000.00,198234811.17,200000000.00,80000000.00,340000000.00
Feb 06 2027,DYM,0,867873563.22,620000000.00,50000000.00,197873563.22,200000000.00,80000000.00,340000000.00
Feb 03 2027,DYM,0,865273634.60,617941943.31,50000000.00,197331691.30,199041095.89,80000000.00,338900847.42
Feb 01 2027,DYM,0,863736354.26,616765910.91,50000000.00,196970443.35,198493150.68,80000000.00,338272760.22
Jan 30 2027,DYM,0,862199073.91,615589878.51,50000000.00,196609195.40,197945205.48,80000000.00,337644673.03
Jan 27 2027,DYM,0,859893153.40,613825829.92,50000000.00,196067323.48,197123287.67,80000000.00,336702542.25
Jan 25 2027,DYM,0,858355873.05,612649797.52,50000000.00,195706075.53,196575342.47,80000000.00,336074455.05
Jan 23 2027,DYM,0,856818592.71,611473765.12,50000000.00,195344827.59,196027397.26,80000000.00,335446367.86
Jan 21 2027,DYM,0,855281312.37,610297732.73,50000000.00,194983579.64,195479452.05,80000000.00,334818280.67
Jan 18 2027,DYM,0,852975391.85,608533684.13,50000000.00,194441707.72,194657534.25,80000000.00,333876149.89
Jan 16 2027,DYM,0,851438111.50,607357651.73,50000000.00,194080459.77,194109589.04,80000000.00,333248062.69
Jan 14 2027,DYM,0,849900831.16,606181619.34,50000000.00,193719211.82,193561643.84,80000000.00,332619975.50
Jan 12 2027,DYM,0,848363550.82,605005586.94,50000000.00,193357963.88,193013698.63,80000000.00,331991888.31
Jan 09 2027,DYM,0,846057630.30,603241538.35,50000000.00,192816091.95,192191780.82,80000000.00,331049757.52
Jan 07 2027,DYM,0,844520349.96,602065505.95,50000000.00,192454844.01,191643835.62,80000000.00,330421670.33
Jan 05 2027,DYM,0,842983069.61,600889473.55,50000000.00,192093596.06,191095890.41,80000000.00,329793583.14
Jan 02 2027,DYM,0,840677149.10,599125424.96,50000000.00,191551724.14,190273972.60,80000000.00,328851452.35
Dec 31 2026,DYM,0,839139868.75,597949392.56,50000000.00,191190476.19,189726027.40,80000000.00,328223365.16
Dec 29 2026,DYM,0,837602588.41,596773360.16,50000000.00,190829228.24,189178082.19,80000000.00,327595277.97
Dec 27 2026,DYM,0,836065308.06,595597327.77,50000000.00,190467980.30,188630136.99,80000000.00,326967190.78
Dec 24 2026,DYM,0,833759387.55,593833279.17,50000000.00,189926108.37,187808219.18,80000000.00,326025059.99
Dec 22 2026,DYM,0,832222107.20,592657246.78,50000000.00,189564860.43,187260273.97,80000000.00,325396972.80
Dec 20 2026,DYM,0,830684826.86,591481214.38,50000000.00,189203612.48,186712328.77,80000000.00,324768885.61
Dec 18 2026,DYM,0,829147546.51,590305181.98,50000000.00,188842364.53,186164383.56,80000000.00,324140798.42
Dec 15 2026,DYM,0,826841626.00,588541133.39,50000000.00,188300492.61,185342465.75,80000000.00,323198667.63
Dec 13 2026,DYM,0,825304345.65,587365100.99,50000000.00,187939244.66,184794520.55,80000000.00,322570580.44
Dec 11 2026,DYM,0,823767065.31,586189068.59,50000000.00,187577996.72,184246575.34,80000000.00,321942493.25
Dec 08 2026,DYM,0,821461144.79,584425020.00,50000000.00,187036124.79,183424657.53,80000000.00,321000362.46
Dec 06 2026,DYM,0,819923864.45,583248987.60,50000000.00,186674876.85,182876712.33,80000000.00,320372275.27
Dec 04 2026,DYM,0,818386584.10,582072955.20,50000000.00,186313628.90,182328767.12,80000000.00,319744188.08
Dec 02 2026,DYM,0,816849303.76,580896922.81,50000000.00,185952380.95,181780821.92,80000000.00,319116100.89
Nov 29 2026,DYM,0,814543383.24,579132874.21,50000000.00,185410509.03,180958904.11,80000000.00,318173970.10
Nov 27 2026,DYM,0,813006102.90,577956841.82,50000000.00,185049261.08,180410958.90,80000000.00,317545882.91
Nov 25 2026,DYM,0,811468822.56,576780809.42,50000000.00,184688013.14,179863013.70,80000000.00,316917795.72
Nov 23 2026,DYM,0,809931542.21,575604777.02,50000000.00,184326765.19,179315068.49,80000000.00,316289708.53
Nov 20 2026,DYM,0,807625621.69,573840728.43,50000000.00,183784893.27,178493150.68,80000000.00,315347577.74
Nov 18 2026,DYM,0,806088341.35,572664696.03,50000000.00,183423645.32,177945205.48,80000000.00,314719490.55
Nov 16 2026,DYM,0,804551061.01,571488663.63,50000000.00,183062397.37,177397260.27,80000000.00,314091403.36
Nov 13 2026,DYM,0,802245140.49,569724615.04,50000000.00,182520525.45,176575342.47,80000000.00,313149272.57
Nov 11 2026,DYM,0,800707860.15,568548582.64,50000000.00,182159277.50,176027397.26,80000000.00,312521185.38
Nov 09 2026,DYM,0,799170579.80,567372550.24,50000000.00,181798029.56,175479452.05,80000000.00,311893098.19
Nov 07 2026,DYM,0,797633299.46,566196517.85,50000000.00,181436781.61,174931506.85,80000000.00,311265011.00
Nov 04 2026,DYM,0,795327378.94,564432469.25,50000000.00,180894909.69,174109589.04,80000000.00,310322880.21
Nov 02 2026,DYM,0,793790098.60,563256436.86,50000000.00,180533661.74,173561643.84,80000000.00,309694793.02
Oct 31 2026,DYM,0,792252818.25,562080404.46,50000000.00,180172413.79,173013698.63,80000000.00,309066705.83
Oct 29 2026,DYM,0,790715537.91,560904372.06,50000000.00,179811165.85,172465753.42,80000000.00,308438618.64
Oct 26 2026,DYM,0,788409617.39,559140323.47,50000000.00,179269293.92,171643835.62,80000000.00,307496487.85
Oct 24 2026,DYM,0,786872337.05,557964291.07,50000000.00,178908045.98,171095890.41,80000000.00,306868400.66
Oct 22 2026,DYM,0,785335056.70,556788258.67,50000000.00,178546798.03,170547945.21,80000000.00,306240313.47
Oct 19 2026,DYM,0,783029136.19,555024210.08,50000000.00,178004926.11,169726027.40,80000000.00,305298182.68
Oct 17 2026,DYM,0,781491855.84,553848177.68,50000000.00,177643678.16,169178082.19,80000000.00,304670095.49
Oct 15 2026,DYM,0,779954575.50,552672145.29,50000000.00,177282430.21,168630136.99,80000000.00,304042008.30
Oct 13 2026,DYM,0,778417295.15,551496112.89,50000000.00,176921182.27,168082191.78,80000000.00,303413921.11
Oct 10 2026,DYM,0,776111374.64,549732064.29,50000000.00,176379310.34,167260273.97,80000000.00,302471790.32
Oct 08 2026,DYM,0,774574094.29,548556031.90,50000000.00,176018062.40,166712328.77,80000000.00,301843703.13
Oct 06 2026,DYM,0,773036813.95,547379999.50,50000000.00,175656814.45,166164383.56,80000000.00,301215615.94
Oct 04 2026,DYM,0,771499533.61,546203967.10,50000000.00,175295566.50,165616438.36,80000000.00,300587528.75
Oct 01 2026,DYM,0,769193613.09,544439918.51,50000000.00,174753694.58,164794520.55,80000000.00,299645397.96
Sep 29 2026,DYM,0,767656332.75,543263886.11,50000000.00,174392446.63,164246575.34,80000000.00,299017310.77
Sep 27 2026,DYM,0,766119052.40,542087853.71,50000000.00,174031198.69,163698630.14,80000000.00,298389223.58
Sep 24 2026,DYM,0,763813131.88,540323805.12,50000000.00,173489326.77,162876712.33,80000000.00,297447092.79
Sep 22 2026,DYM,0,762275851.54,539147772.72,50000000.00,173128078.82,162328767.12,80000000.00,296819005.60
Sep 22 2026,DYM,0,762275851.54,539147772.72,50000000.00,173128078.82,162328767.12,80000000.00,296819005.60
Sep 20 2026,DYM,0,760738571.20,537971740.33,50000000.00,172766830.87,161780821.92,80000000.00,296190918.41
Sep 18 2026,DYM,0,759201290.85,536795707.93,50000000.00,172405582.92,161232876.71,80000000.00,295562831.22
Sep 15 2026,DYM,0,756895370.34,535031659.33,50000000.00,171863711.00,160410958.90,80000000.00,294620700.43
Sep 13 2026,DYM,0,755358089.99,533855626.94,50000000.00,171502463.05,159863013.70,80000000.00,293992613.24
Sep 11 2026,DYM,0,753820809.65,532679594.54,50000000.00,171141215.11,159315068.49,80000000.00,293364526.05
Sep 08 2026,DYM,0,751514889.13,530915545.95,50000000.00,170599343.19,158493150.68,80000000.00,292422395.26
Sep 06 2026,DYM,0,749977608.79,529739513.55,50000000.00,170238095.24,157945205.48,80000000.00,291794308.07
Sep 04 2026,DYM,0,748440328.44,528563481.15,50000000.00,169876847.29,157397260.27,80000000.00,291166220.88
Sep 02 2026,DYM,0,746903048.10,527387448.76,50000000.00,169515599.34,156849315.07,80000000.00,290538133.69
Aug 30 2026,DYM,0,744597127.58,525623400.16,50000000.00,168973727.42,156027397.26,80000000.00,289596002.90
Aug 28 2026,DYM,0,743059847.24,524447367.76,50000000.00,168612479.47,155479452.05,80000000.00,288967915.71
Aug 26 2026,DYM,0,741522566.89,523271335.37,50000000.00,168251231.53,154931506.85,80000000.00,288339828.52
Aug 24 2026,DYM,0,739985286.55,522095302.97,50000000.00,167889983.58,154383561.64,80000000.00,287711741.33
Aug 21 2026,DYM,0,737679366.03,520331254.37,50000000.00,167348111.66,153561643.84,80000000.00,286769610.54
Aug 19 2026,DYM,0,736142085.69,519155221.98,50000000.00,166986863.71,153013698.63,80000000.00,286141523.35
Aug 17 2026,DYM,0,734604805.34,517979189.58,50000000.00,166625615.76,152465753.42,80000000.00,285513436.16
Aug 14 2026,DYM,0,732298884.83,516215140.99,50000000.00,166083743.84,151643835.62,80000000.00,284571305.37
Aug 12 2026,DYM,0,730761604.48,515039108.59,50000000.00,165722495.89,151095890.41,80000000.00,283943218.18
Aug 10 2026,DYM,0,729224324.14,513863076.19,50000000.00,165361247.95,150547945.21,80000000.00,283315130.99
Aug 08 2026,DYM,0,727687043.80,512687043.80,50000000.00,165000000.00,150000000.00,80000000.00,282687043.80
Aug 05 2026,DYM,0,725381123.28,510922995.20,50000000.00,164458128.08,149178082.19,80000000.00,281744913.01
Aug 03 2026,DYM,0,723843842.94,509746962.80,50000000.00,164096880.13,148630136.99,80000000.00,281116825.82
Aug 01 2026,DYM,0,722306562.59,508570930.41,50000000.00,163735632.18,148082191.78,80000000.00,280488738.63
Jul 30 2026,DYM,0,720769282.25,507394898.01,50000000.00,163374384.24,147534246.58,80000000.00,279860651.43
Jul 27 2026,DYM,0,718463361.73,505630849.42,50000000.00,162832512.32,146712328.77,80000000.00,278918520.65
Jul 25 2026,DYM,0,716926081.39,504454817.02,50000000.00,162471264.37,146164383.56,80000000.00,278290433.46
Jul 23 2026,DYM,0,715388801.04,503278784.62,50000000.00,162110016.42,145616438.36,80000000.00,277662346.27
Jul 20 2026,DYM,0,713082880.53,501514736.03,50000000.00,161568144.50,144794520.55,80000000.00,276720215.48
Jul 18 2026,DYM,0,711545600.18,500338703.63,50000000.00,161206896.55,144246575.34,80000000.00,276092128.29
Jul 16 2026,DYM,0,710008319.84,499162671.23,50000000.00,160845648.60,143698630.14,80000000.00,275464041.10
Jul 14 2026,DYM,0,708471039.49,497986638.84,50000000.00,160484400.66,143150684.93,80000000.00,274835953.90
Jul 11 2026,DYM,0,706165118.98,496222590.24,50000000.00,159942528.74,142328767.12,80000000.00,273893823.12
Jul 09 2026,DYM,0,704627838.63,495046557.84,50000000.00,159581280.79,141780821.92,80000000.00,273265735.93
Jul 07 2026,DYM,0,703090558.29,493870525.45,50000000.00,159220032.84,141232876.71,80000000.00,272637648.74
Jul 05 2026,DYM,0,701553277.94,492694493.05,50000000.00,158858784.89,140684931.51,80000000.00,272009561.54
Jul 02 2026,DYM,0,699247357.43,490930444.46,50000000.00,158316912.97,139863013.70,80000000.00,271067430.76
Jun 30 2026,DYM,0,697710077.08,489754412.06,50000000.00,157955665.02,139315068.49,80000000.00,270439343.57
Jun 28 2026,DYM,0,696172796.74,488578379.66,50000000.00,157594417.08,138767123.29,80000000.00,269811256.37
Jun 25 2026,DYM,0,693866876.22,486814331.07,50000000.00,157052545.16,137945205.48,80000000.00,268869125.59
Jun 23 2026,DYM,0,692329595.88,485638298.67,50000000.00,156691297.21,137397260.27,80000000.00,268241038.40
Jun 21 2026,DYM,0,690792315.53,484462266.27,50000000.00,156330049.26,136849315.07,80000000.00,267612951.20
Jun 19 2026,DYM,0,689255035.19,483286233.88,50000000.00,155968801.31,136301369.86,80000000.00,266984864.01
Jun 16 2026,DYM,0,686949114.67,481522185.28,50000000.00,155426929.39,135479452.05,80000000.00,266042733.23
Jun 14 2026,DYM,0,685411834.33,480346152.88,50000000.00,155065681.44,134931506.85,80000000.00,265414646.04
Jun 12 2026,DYM,0,683874553.99,479170120.49,50000000.00,154704433.50,134383561.64,80000000.00,264786558.84
Jun 10 2026,DYM,0,682337273.64,477994088.09,50000000.00,154343185.55,133835616.44,80000000.00,264158471.65
Jun 07 2026,DYM,0,680031353.12,476230039.50,50000000.00,153801313.63,133013698.63,80000000.00,263216340.87
Jun 05 2026,DYM,0,678494072.78,475054007.10,50000000.00,153440065.68,132465753.42,80000000.00,262588253.67
Jun 03 2026,DYM,0,676956792.44,473877974.70,50000000.00,153078817.73,131917808.22,80000000.00,261960166.48
May 31 2026,DYM,0,674650871.92,472113926.11,50000000.00,152536945.81,131095890.41,80000000.00,261018035.70
May 29 2026,DYM,0,673113591.58,470937893.71,50000000.00,152175697.87,130547945.21,80000000.00,260389948.51
May 27 2026,DYM,0,671576311.23,469761861.31,50000000.00,151814449.92,130000000.00,80000000.00,259761861.31
May 25 2026,DYM,0,670039030.89,468585828.92,50000000.00,151453201.97,129452054.79,80000000.00,259133774.12
May 22 2026,DYM,0,667733110.37,466821780.32,50000000.00,150911330.05,128630136.99,80000000.00,258191643.34
May 20 2026,DYM,0,666195830.03,465645747.93,50000000.00,150550082.10,128082191.78,80000000.00,257563556.14
May 18 2026,DYM,0,664658549.68,464469715.53,50000000.00,150188834.15,127534246.58,80000000.00,256935468.95
May 16 2026,DYM,0,663121269.34,463293683.13,50000000.00,149827586.21,126986301.37,80000000.00,256307381.76
May 13 2026,DYM,0,660815348.82,461529634.54,50000000.00,149285714.29,126164383.56,80000000.00,255365250.97
May 11 2026,DYM,0,659278068.48,460353602.14,50000000.00,148924466.34,125616438.36,80000000.00,254737163.78
May 09 2026,DYM,0,657740788.13,459177569.74,50000000.00,148563218.39,125068493.15,80000000.00,254109076.59
May 06 2026,DYM,0,655434867.62,457413521.15,50000000.00,148021346.47,124246575.34,80000000.00,253166945.81
May 04 2026,DYM,0,653897587.27,456237488.75,50000000.00,147660098.52,123698630.14,80000000.00,252538858.61
May 02 2026,DYM,0,652360306.93,455061456.35,50000000.00,147298850.57,123150684.93,80000000.00,251910771.42
Apr 30 2026,DYM,0,650823026.58,453885423.96,50000000.00,146937602.63,122602739.73,80000000.00,251282684.23
Apr 27 2026,DYM,0,648517106.07,452121375.36,50000000.00,146395730.71,121780821.92,80000000.00,250340553.44
Apr 25 2026,DYM,0,646979825.72,450945342.97,50000000.00,146034482.76,121232876.71,80000000.00,249712466.25
Apr 23 2026,DYM,0,645442545.38,449769310.57,50000000.00,145673234.81,120684931.51,80000000.00,249084379.06
Apr 21 2026,DYM,0,643905265.04,448593278.17,50000000.00,145311986.86,120136986.30,80000000.00,248456291.87
Apr 18 2026,DYM,0,641599344.52,446829229.58,50000000.00,144770114.94,119315068.49,80000000.00,247514161.08
Apr 16 2026,DYM,0,640062064.18,445653197.18,50000000.00,144408867.00,118767123.29,80000000.00,246886073.89
Apr 14 2026,DYM,0,638524783.83,444477164.78,50000000.00,144047619.05,118219178.08,80000000.00,246257986.70
Apr 11 2026,DYM,0,636218863.31,442713116.19,50000000.00,143505747.13,117397260.27,80000000.00,245315855.91
Apr 09 2026,DYM,0,634681582.97,441537083.79,50000000.00,143144499.18,116849315.07,80000000.00,244687768.72
Apr 07 2026,DYM,0,633144302.63,440361051.39,50000000.00,142783251.23,116301369.86,80000000.00,244059681.53
Apr 05 2026,DYM,0,631607022.28,439185019.00,50000000.00,142422003.28,115753424.66,80000000.00,243431594.34
Apr 02 2026,DYM,0,629301101.77,437420970.40,50000000.00,141880131.36,114931506.85,80000000.00,242489463.55
Mar 31 2026,DYM,0,627763821.42,436244938.01,50000000.00,141518883.42,114383561.64,80000000.00,241861376.36
Mar 29 2026,DYM,0,626226541.08,435068905.61,50000000.00,141157635.47,113835616.44,80000000.00,241233289.17
Mar 27 2026,DYM,0,624689260.73,433892873.21,50000000.00,140796387.52,113287671.23,80000000.00,240605201.98
Mar 24 2026,DYM,0,622383340.22,432128824.62,50000000.00,140254515.60,112465753.42,80000000.00,239663071.19
Mar 22 2026,DYM,0,620846059.87,430952792.22,50000000.00,139893267.65,111917808.22,80000000.00,239034984.00
Mar 20 2026,DYM,0,619308779.53,429776759.82,50000000.00,139532019.70,111369863.01,80000000.00,238406896.81
Mar 17 2026,DYM,0,617002859.01,428012711.23,50000000.00,138990147.78,110547945.21,80000000.00,237464766.02
Mar 15 2026,DYM,0,615465578.67,426836678.83,50000000.00,138628899.84,110000000.00,80000000.00,236836678.83
Mar 13 2026,DYM,0,613928298.32,425660646.44,50000000.00,138267651.89,109452054.79,80000000.00,236208591.64
Mar 11 2026,DYM,0,612391017.98,424484614.04,50000000.00,137906403.94,108904109.59,80000000.00,235580504.45
Mar 08 2026,DYM,0,610085097.46,422720565.44,50000000.00,137364532.02,108082191.78,80000000.00,234638373.66
Mar 06 2026,DYM,0,608547817.12,421544533.05,50000000.00,137003284.07,107534246.58,80000000.00,234010286.47
Mar 04 2026,DYM,0,607010536.77,420368500.65,50000000.00,136642036.12,106986301.37,80000000.00,233382199.28
Mar 02 2026,DYM,0,605473256.43,419192468.25,50000000.00,136280788.18,106438356.16,80000000.00,232754112.09
Feb 27 2026,DYM,0,603167335.91,417428419.66,50000000.00,135738916.26,105616438.36,80000000.00,231811981.30
Feb 25 2026,DYM,0,601630055.57,416252387.26,50000000.00,135377668.31,105068493.15,80000000.00,231183894.11
Feb 23 2026,DYM,0,600092775.23,415076354.86,50000000.00,135016420.36,104520547.95,80000000.00,230555806.92
Feb 20 2026,DYM,0,597786854.71,413312306.27,50000000.00,134474548.44,103698630.14,80000000.00,229613676.13
Feb 18 2026,DYM,0,596249574.37,412136273.87,50000000.00,134113300.49,103150684.93,80000000.00,228985588.94
Feb 16 2026,DYM,0,594712294.02,410960241.48,50000000.00,133752052.55,102602739.73,80000000.00,228357501.75
Feb 14 2026,DYM,0,593175013.68,409784209.08,50000000.00,133390804.60,102054794.52,80000000.00,227729414.56
Feb 11 2026,DYM,0,590869093.16,408020160.48,50000000.00,132848932.68,101232876.71,80000000.00,226787283.77
Feb 09 2026,DYM,0,589331812.82,406844128.09,50000000.00,132487684.73,100684931.51,80000000.00,226159196.58
Feb 07 2026,DYM,0,587794532.47,405668095.69,50000000.00,132126436.78,100136986.30,80000000.00,225531109.39
Feb 05 2026,DYM,0,586257252.13,404492063.29,50000000.00,131765188.83,99589041.10,80000000.00,224903022.20
Feb 02 2026,DYM,0,583951331.61,402728014.70,50000000.00,131223316.91,98767123.29,80000000.00,223960891.41
Jan 31 2026,DYM,0,582414051.27,401551982.30,50000000.00,130862068.97,98219178.08,80000000.00,223332804.22
Jan 29 2026,DYM,0,580876770.92,400375949.91,50000000.00,130500821.02,97671232.88,80000000.00,222704717.03
Jan 26 2026,DYM,0,578570850.41,398611901.31,50000000.00,129958949.10,96849315.07,80000000.00,221762586.24
Jan 24 2026,DYM,0,577033570.06,397435868.91,50000000.00,129597701.15,96301369.86,80000000.00,221134499.05
Jan 22 2026,DYM,0,575496289.72,396259836.52,50000000.00,129236453.20,95753424.66,80000000.00,220506411.86
Jan 20 2026,DYM,0,573959009.37,395083804.12,50000000.00,128875205.25,95205479.45,80000000.00,219878324.67
Jan 17 2026,DYM,0,571653088.86,393319755.52,50000000.00,128333333.33,94383561.64,80000000.00,218936193.88
Jan 15 2026,DYM,0,570115808.51,392143723.13,50000000.00,127972085.39,93835616.44,80000000.00,218308106.69
Jan 13 2026,DYM,0,568578528.17,390967690.73,50000000.00,127610837.44,93287671.23,80000000.00,217680019.50
Jan 11 2026,DYM,0,567041247.83,389791658.33,50000000.00,127249589.49,92739726.03,80000000.00,217051932.31
Jan 08 2026,DYM,0,564735327.31,388027609.74,50000000.00,126707717.57,91917808.22,80000000.00,216109801.52
Jan 06 2026,DYM,0,563198046.96,386851577.34,50000000.00,126346469.62,91369863.01,80000000.00,215481714.33
Jan 04 2026,DYM,0,561660766.62,385675544.95,50000000.00,125985221.67,90821917.81,80000000.00,214853627.14
Jan 01 2026,DYM,0,559354846.10,383911496.35,50000000.00,125443349.75,90000000.00,80000000.00,213911496.35
Dec 30 2025,DYM,0,557817565.76,382735463.95,50000000.00,125082101.81,89452054.79,80000000.00,213283409.16
Dec 28 2025,DYM,0,556280285.42,381559431.56,50000000.00,124720853.86,88904109.59,80000000.00,212655321.97
Dec 26 2025,DYM,0,554743005.07,380383399.16,50000000.00,124359605.91,88356164.38,80000000.00,212027234.78
Dec 23 2025,DYM,0,552437084.56,378619350.56,50000000.00,123817733.99,87534246.58,80000000.00,211085103.99
Dec 21 2025,DYM,0,550899804.21,377443318.17,50000000.00,123456486.04,86986301.37,80000000.00,210457016.80
Dec 19 2025,DYM,0,549362523.87,376267285.77,50000000.00,123095238.10,86438356.16,80000000.00,209828929.61
Dec 17 2025,DYM,0,547825243.52,375091253.37,50000000.00,122733990.15,85890410.96,80000000.00,209200842.42
Dec 14 2025,DYM,0,545519323.01,373327204.78,50000000.00,122192118.23,85068493.15,80000000.00,208258711.63
Dec 12 2025,DYM,0,543982042.66,372151172.38,50000000.00,121830870.28,84520547.95,80000000.00,207630624.44
Dec 10 2025,DYM,0,542444762.32,370975139.99,50000000.00,121469622.33,83972602.74,80000000.00,207002537.25
Dec 07 2025,DYM,0,540138841.80,369211091.39,50000000.00,120927750.41,83150684.93,80000000.00,206060406.46
Dec 05 2025,DYM,0,538601561.46,368035058.99,50000000.00,120566502.46,82602739.73,80000000.00,205432319.27
Dec 03 2025,DYM,0,537064281.11,366859026.60,50000000.00,120205254.52,82054794.52,80000000.00,204804232.08
Dec 01 2025,DYM,0,535527000.77,365682994.20,50000000.00,119844006.57,81506849.32,80000000.00,204176144.89
Nov 28 2025,DYM,0,533221080.25,363918945.61,50000000.00,119302134.65,80684931.51,80000000.00,203234014.10
Nov 26 2025,DYM,0,531683799.91,362742913.21,50000000.00,118940886.70,80136986.30,80000000.00,202605926.91
Nov 24 2025,DYM,0,530146519.56,361566880.81,50000000.00,118579638.75,79589041.10,80000000.00,201977839.72
Nov 22 2025,DYM,0,528609239.22,360390848.42,50000000.00,118218390.80,79041095.89,80000000.00,201349752.52
Nov 19 2025,DYM,0,526303318.70,358626799.82,50000000.00,117676518.88,78219178.08,80000000.00,200407621.74
Nov 17 2025,DYM,0,524766038.36,357450767.42,50000000.00,117315270.94,77671232.88,80000000.00,199779534.55
Nov 15 2025,DYM,0,523228758.02,356274735.03,50000000.00,116954022.99,77123287.67,80000000.00,199151447.36
Nov 12 2025,DYM,0,520922837.50,354510686.43,50000000.00,116412151.07,76301369.86,80000000.00,198209316.57
Nov 10 2025,DYM,0,519385557.15,353334654.03,50000000.00,116050903.12,75753424.66,80000000.00,197581229.38
Nov 08 2025,DYM,0,517848276.81,352158621.64,50000000.00,115689655.17,75205479.45,80000000.00,196953142.19
Nov 06 2025,DYM,0,516310996.47,350982589.24,50000000.00,115328407.22,74657534.25,80000000.00,196325054.99
Nov 03 2025,DYM,0,514005075.95,349218540.65,50000000.00,114786535.30,73835616.44,80000000.00,195382924.21
Nov 01 2025,DYM,0,512467795.61,348042508.25,50000000.00,114425287.36,73287671.23,80000000.00,194754837.02
Oct 30 2025,DYM,0,510930515.26,346866475.85,50000000.00,114064039.41,72739726.03,80000000.00,194126749.83
Oct 28 2025,DYM,0,509393234.92,345690443.46,50000000.00,113702791.46,72191780.82,80000000.00,193498662.63
Oct 25 2025,DYM,0,507087314.40,343926394.86,50000000.00,113160919.54,71369863.01,80000000.00,192556531.85
Oct 23 2025,DYM,0,505550034.06,342750362.46,50000000.00,112799671.59,70821917.81,80000000.00,191928444.66
Oct 21 2025,DYM,0,504012753.71,341574330.07,50000000.00,112438423.65,70273972.60,80000000.00,191300357.46
Oct 18 2025,DYM,0,501706833.20,339810281.47,50000000.00,111896551.72,69452054.79,80000000.00,190358226.68
Oct 16 2025,DYM,0,500169552.85,338634249.08,50000000.00,111535303.78,68904109.59,80000000.00,189730139.49
Oct 14 2025,DYM,0,498632272.51,337458216.68,50000000.00,111174055.83,68356164.38,80000000.00,189102052.29
Oct 12 2025,DYM,0,497094992.16,336282184.28,50000000.00,110812807.88,67808219.18,80000000.00,188473965.10
Oct 09 2025,DYM,0,494789071.65,334518135.69,50000000.00,110270935.96,66986301.37,80000000.00,187531834.32
Oct 07 2025,DYM,0,493251791.30,333342103.29,50000000.00,109909688.01,66438356.16,80000000.00,186903747.13
Oct 05 2025,DYM,0,491714510.96,332166070.89,50000000.00,109548440.07,65890410.96,80000000.00,186275659.93
Oct 03 2025,DYM,0,490177230.61,330990038.50,50000000.00,109187192.12,65342465.75,80000000.00,185647572.74
Sep 30 2025,DYM,0,487871310.10,329225989.90,50000000.00,108645320.20,64520547.95,80000000.00,184705441.96
Sep 28 2025,DYM,0,486334029.75,328049957.50,50000000.00,108284072.25,63972602.74,80000000.00,184077354.76
Sep 26 2025,DYM,0,484796749.41,326873925.11,50000000.00,107922824.30,63424657.53,80000000.00,183449267.57
Sep 23 2025,DYM,0,482490828.89,325109876.51,50000000.00,107380952.38,62602739.73,80000000.00,182507136.79
Sep 21 2025,DYM,0,480953548.55,323933844.12,50000000.00,107019704.43,62054794.52,80000000.00,181879049.60
Sep 19 2025,DYM,0,479416268.20,322757811.72,50000000.00,106658456.49,61506849.32,80000000.00,181250962.40
Sep 17 2025,DYM,0,477878987.86,321581779.32,50000000.00,106297208.54,60958904.11,80000000.00,180622875.21
Sep 14 2025,DYM,0,475573067.34,319817730.73,50000000.00,105755336.62,60136986.30,80000000.00,179680744.43
Sep 12 2025,DYM,0,474035787.00,318641698.33,50000000.00,105394088.67,59589041.10,80000000.00,179052657.23
Sep 10 2025,DYM,0,472498506.66,317465665.93,50000000.00,105032840.72,59041095.89,80000000.00,178424570.04
Sep 08 2025,DYM,0,470961226.31,316289633.54,50000000.00,104671592.78,58493150.68,80000000.00,177796482.85
Sep 05 2025,DYM,0,468655305.80,314525584.94,50000000.00,104129720.85,57671232.88,80000000.00,176854352.06
Sep 03 2025,DYM,0,467118025.45,313349552.54,50000000.00,103768472.91,57123287.67,80000000.00,176226264.87
Sep 01 2025,DYM,0,465580745.11,312173520.15,50000000.00,103407224.96,56575342.47,80000000.00,175598177.68
Aug 29 2025,DYM,0,463274824.59,310409471.55,50000000.00,102865353.04,55753424.66,80000000.00,174656046.90
Aug 27 2025,DYM,0,461737544.25,309233439.16,50000000.00,102504105.09,55205479.45,80000000.00,174027959.70
Aug 25 2025,DYM,0,460200263.90,308057406.76,50000000.00,102142857.14,54657534.25,80000000.00,173399872.51
Aug 23 2025,DYM,0,458662983.56,306881374.36,50000000.00,101781609.20,54109589.04,80000000.00,172771785.32
Aug 20 2025,DYM,0,456357063.04,305117325.77,50000000.00,101239737.27,53287671.23,80000000.00,171829654.53
Aug 18 2025,DYM,0,454819782.70,303941293.37,50000000.00,100878489.33,52739726.03,80000000.00,171201567.34
Aug 16 2025,DYM,0,453282502.35,302765260.97,50000000.00,100517241.38,52191780.82,80000000.00,170573480.15
Aug 14 2025,DYM,0,451745222.01,301589228.58,50000000.00,100155993.43,51643835.62,80000000.00,169945392.96
Aug 11 2025,DYM,0,449439301.49,299825179.98,50000000.00,99614121.51,50821917.81,80000000.00,169003262.17
Aug 09 2025,DYM,0,447902021.15,298649147.59,50000000.00,99252873.56,50273972.60,80000000.00,168375174.98
Aug 07 2025,DYM,0,446364740.80,297473115.19,50000000.00,98891625.62,49726027.40,80000000.00,167747087.79
Aug 04 2025,DYM,0,444058820.29,295709066.59,50000000.00,98349753.69,48904109.59,80000000.00,166804957.00
Aug 02 2025,DYM,0,442521539.94,294533034.20,50000000.00,97988505.75,48356164.38,80000000.00,166176869.81
Jul 31 2025,DYM,0,440984259.60,293357001.80,50000000.00,97627257.80,47808219.18,80000000.00,165548782.62
Jul 29 2025,DYM,0,439446979.26,292180969.40,50000000.00,97266009.85,47260273.97,80000000.00,164920695.43
Jul 26 2025,DYM,0,437141058.74,290416920.81,50000000.00,96724137.93,46438356.16,80000000.00,163978564.64
Jul 24 2025,DYM,0,435603778.39,289240888.41,50000000.00,96362889.98,45890410.96,80000000.00,163350477.45
Jul 22 2025,DYM,0,434066498.05,288064856.01,50000000.00,96001642.04,45342465.75,80000000.00,162722390.26
Jul 20 2025,DYM,0,432529217.71,286888823.62,50000000.00,95640394.09,44794520.55,80000000.00,162094303.07
Jul 17 2025,DYM,0,430223297.19,285124775.02,50000000.00,95098522.17,43972602.74,80000000.00,161152172.28
Jul 15 2025,DYM,0,428686016.85,283948742.63,50000000.00,94737274.22,43424657.53,80000000.00,160524085.09
Jul 13 2025,DYM,0,427148736.50,282772710.23,50000000.00,94376026.27,42876712.33,80000000.00,159895997.90
Jul 10 2025,DYM,0,424842815.99,281008661.63,50000000.00,93834154.35,42054794.52,80000000.00,158953867.11
Jul 08 2025,DYM,0,423305535.64,279832629.24,50000000.00,93472906.40,41506849.32,80000000.00,158325779.92
Jul 06 2025,DYM,0,421768255.30,278656596.84,50000000.00,93111658.46,40958904.11,80000000.00,157697692.73
Jul 04 2025,DYM,0,420230974.95,277480564.44,50000000.00,92750410.51,40410958.90,80000000.00,157069605.54
Jul 01 2025,DYM,0,417925054.44,275716515.85,50000000.00,92208538.59,39589041.10,80000000.00,156127474.75
Jun 29 2025,DYM,0,416387774.09,274540483.45,50000000.00,91847290.64,39041095.89,80000000.00,155499387.56
Jun 27 2025,DYM,0,414850493.75,273364451.05,50000000.00,91486042.69,38493150.68,80000000.00,154871300.37
Jun 25 2025,DYM,0,413313213.40,272188418.66,50000000.00,91124794.75,37945205.48,80000000.00,154243213.18
Jun 22 2025,DYM,0,411007292.89,270424370.06,50000000.00,90582922.82,37123287.67,80000000.00,153301082.39
Jun 20 2025,DYM,0,409470012.54,269248337.67,50000000.00,90221674.88,36575342.47,80000000.00,152672995.20
Jun 18 2025,DYM,0,407932732.20,268072305.27,50000000.00,89860426.93,36027397.26,80000000.00,152044908.01
Jun 15 2025,DYM,0,405626811.68,266308256.67,50000000.00,89318555.01,35205479.45,80000000.00,151102777.22
Jun 13 2025,DYM,0,404089531.34,265132224.28,50000000.00,88957307.06,34657534.25,80000000.00,150474690.03
Jun 11 2025,DYM,0,402552250.99,263956191.88,50000000.00,88596059.11,34109589.04,80000000.00,149846602.84
Jun 09 2025,DYM,0,401014970.65,262780159.48,50000000.00,88234811.17,33561643.84,80000000.00,149218515.65
Jun 06 2025,DYM,0,398709050.13,261016110.89,50000000.00,87692939.24,32739726.03,80000000.00,148276384.86
Jun 04 2025,DYM,0,397171769.79,259840078.49,50000000.00,87331691.30,32191780.82,80000000.00,147648297.67
Jun 02 2025,DYM,0,395634489.45,258664046.10,50000000.00,86970443.35,31643835.62,80000000.00,147020210.48
May 31 2025,DYM,0,394097209.10,257488013.70,50000000.00,86609195.40,31095890.41,80000000.00,146392123.29
May 28 2025,DYM,0,391791288.58,255723965.10,50000000.00,86067323.48,30273972.60,80000000.00,145449992.50
May 26 2025,DYM,0,390254008.24,254547932.71,50000000.00,85706075.53,29726027.40,80000000.00,144821905.31
May 24 2025,DYM,0,388716727.90,253371900.31,50000000.00,85344827.59,29178082.19,80000000.00,144193818.12
May 21 2025,DYM,0,386410807.38,251607851.71,50000000.00,84802955.67,28356164.38,80000000.00,143251687.33
May 19 2025,DYM,0,384873527.04,250431819.32,50000000.00,84441707.72,27808219.18,80000000.00,142623600.14
May 17 2025,DYM,0,383336246.69,249255786.92,50000000.00,84080459.77,27260273.97,80000000.00,141995512.95
May 15 2025,DYM,0,381798966.35,248079754.52,50000000.00,83719211.82,26712328.77,80000000.00,141367425.76
May 12 2025,DYM,0,379493045.83,246315705.93,50000000.00,83177339.90,25890410.96,80000000.00,140425294.97
May 10 2025,DYM,0,377955765.49,245139673.53,50000000.00,82816091.95,25342465.75,80000000.00,139797207.78
May 08 2025,DYM,0,376418485.14,243963641.14,50000000.00,82454844.01,24794520.55,80000000.00,139169120.59
May 06 2025,DYM,0,374881204.80,242787608.74,50000000.00,82093596.06,24246575.34,80000000.00,138541033.40
May 03 2025,DYM,0,372575284.28,241023560.14,50000000.00,81551724.14,23424657.53,80000000.00,137598902.61
May 01 2025,DYM,0,371038003.94,239847527.75,50000000.00,81190476.19,22876712.33,80000000.00,136970815.42
Apr 29 2025,DYM,0,369500723.59,238671495.35,50000000.00,80829228.24,22328767.12,80000000.00,136342728.23
Apr 26 2025,DYM,0,367194803.08,236907446.76,50000000.00,80287356.32,21506849.32,80000000.00,135400597.44
Apr 24 2025,DYM,0,365657522.73,235731414.36,50000000.00,79926108.37,20958904.11,80000000.00,134772510.25
Apr 22 2025,DYM,0,364120242.39,234555381.96,50000000.00,79564860.43,20410958.90,80000000.00,134144423.06
Apr 20 2025,DYM,0,362582962.04,233379349.57,50000000.00,79203612.48,19863013.70,80000000.00,133516335.87
Apr 17 2025,DYM,0,360277041.53,231615300.97,50000000.00,78661740.56,19041095.89,80000000.00,132574205.08
Apr 15 2025,DYM,0,358739761.18,230439268.57,50000000.00,78300492.61,18493150.68,80000000.00,131946117.89
Apr 13 2025,DYM,0,357202480.84,229263236.18,50000000.00,77939244.66,17945205.48,80000000.00,131318030.70
Apr 11 2025,DYM,0,355665200.50,228087203.78,50000000.00,77577996.72,17397260.27,80000000.00,130689943.51
Apr 08 2025,DYM,0,353359279.98,226323155.18,50000000.00,77036124.79,16575342.47,80000000.00,129747812.72
Apr 06 2025,DYM,0,351821999.64,225147122.79,50000000.00,76674876.85,16027397.26,80000000.00,129119725.53
Apr 04 2025,DYM,0,350284719.29,223971090.39,50000000.00,76313628.90,15479452.05,80000000.00,128491638.34
Apr 01 2025,DYM,0,347978798.77,222207041.80,50000000.00,75771756.98,14657534.25,80000000.00,127549507.55
Mar 30 2025,DYM,0,346441518.43,221031009.40,50000000.00,75410509.03,14109589.04,80000000.00,126921420.36
Mar 28 2025,DYM,0,344904238.09,219854977.00,50000000.00,75049261.08,13561643.84,80000000.00,126293333.17
Mar 26 2025,DYM,0,343366957.74,218678944.61,50000000.00,74688013.14,13013698.63,80000000.00,125665245.98
Mar 23 2025,DYM,0,341061037.23,216914896.01,50000000.00,74146141.22,12191780.82,80000000.00,124723115.19
Mar 21 2025,DYM,0,339523756.88,215738863.61,50000000.00,73784893.27,11643835.62,80000000.00,124095028.00
Mar 19 2025,DYM,0,337986476.54,214562831.22,50000000.00,73423645.32,11095890.41,80000000.00,123466940.81
Mar 17 2025,DYM,0,336449196.19,213386798.82,50000000.00,73062397.37,10547945.21,80000000.00,122838853.61
Mar 14 2025,DYM,0,334143275.68,211622750.22,50000000.00,72520525.45,9726027.40,80000000.00,121896722.83
Mar 12 2025,DYM,0,332605995.33,210446717.83,50000000.00,72159277.50,9178082.19,80000000.00,121268635.64
Mar 10 2025,DYM,0,331068714.99,209270685.43,50000000.00,71798029.56,8630136.99,80000000.00,120640548.45
Mar 07 2025,DYM,0,328762794.47,207506636.84,50000000.00,71256157.64,7808219.18,80000000.00,119698417.66
Mar 05 2025,DYM,0,327225514.13,206330604.44,50000000.00,70894909.69,7260273.97,80000000.00,119070330.47
Mar 03 2025,DYM,0,325688233.78,205154572.04,50000000.00,70533661.74,6712328.77,80000000.00,118442243.28
Mar 01 2025,DYM,0,324150953.44,203978539.65,50000000.00,70172413.79,6164383.56,80000000.00,117814156.08
Feb 26 2025,DYM,0,321845032.92,202214491.05,50000000.00,69630541.87,5342465.75,80000000.00,116872025.30
Feb 24 2025,DYM,0,320307752.58,201038458.65,50000000.00,69269293.92,4794520.55,80000000.00,116243938.11
Feb 22 2025,DYM,0,318770472.23,199862426.26,50000000.00,68908045.98,4246575.34,80000000.00,115615850.91
Feb 20 2025,DYM,0,317233191.89,198686393.86,50000000.00,68546798.03,3698630.14,80000000.00,114987763.72
Feb 17 2025,DYM,0,314927271.37,196922345.27,50000000.00,68004926.11,2876712.33,80000000.00,114045632.94
Feb 15 2025,DYM,0,313389991.03,195746312.87,50000000.00,67643678.16,2328767.12,80000000.00,113417545.75
Feb 13 2025,DYM,0,311852710.69,194570280.47,50000000.00,67282430.21,1780821.92,80000000.00,112789458.55
Feb 10 2025,DYM,0,309546790.17,192806231.88,50000000.00,66740558.29,958904.11,80000000.00,111847327.77
Feb 08 2025,DYM,0,308009509.82,191630199.48,50000000.00,66379310.34,410958.90,80000000.00,111219240.58
Feb 06 2025,DYM,0,306705106.19,190687043.80,50000000.00,66018062.40,0,80000000.00,110687043.80
Feb 04 2025,DYM,0,306099332.70,190442518.25,50000000.00,65656814.45,0,80000000.00,110442518.25
Feb 01 2025,DYM,0,305190672.46,190075729.93,50000000.00,65114942.53,0,80000000.00,110075729.93
Jan 30 2025,DYM,0,304584898.96,189831204.38,50000000.00,64753694.58,0,80000000.00,109831204.38
Jan 28 2025,DYM,0,303979125.47,189586678.83,50000000.00,64392446.63,0,80000000.00,109586678.83
Jan 26 2025,DYM,0,303373351.97,189342153.28,50000000.00,64031198.69,0,80000000.00,109342153.28
Jan 23 2025,DYM,0,302464691.73,188975364.96,50000000.00,63489326.77,0,80000000.00,108975364.96
Jan 21 2025,DYM,0,301858918.23,188730839.42,50000000.00,63128078.82,0,80000000.00,108730839.42
Jan 19 2025,DYM,0,301253144.74,188486313.87,50000000.00,62766830.87,0,80000000.00,108486313.87
Jan 16 2025,DYM,0,300344484.50,188119525.55,50000000.00,62224958.95,0,80000000.00,108119525.55
Jan 14 2025,DYM,0,299738711.00,187875000.00,50000000.00,61863711.00,0,80000000.00,107875000.00
Jan 12 2025,DYM,0,299132937.51,187630474.45,50000000.00,61502463.05,0,80000000.00,107630474.45
Jan 10 2025,DYM,0,298527164.01,187385948.91,50000000.00,61141215.11,0,80000000.00,107385948.91
Jan 07 2025,DYM,0,297618503.77,187019160.58,50000000.00,60599343.19,0,80000000.00,107019160.58
Jan 05 2025,DYM,0,297012730.27,186774635.04,50000000.00,60238095.24,0,80000000.00,106774635.04
Jan 03 2025,DYM,0,296406956.78,186530109.49,50000000.00,59876847.29,0,80000000.00,106530109.49
Jan 01 2025,DYM,0,295801183.28,186285583.94,50000000.00,59515599.34,0,80000000.00,106285583.94
Dec 29 2024,DYM,0,294892523.04,185918795.62,50000000.00,58973727.42,0,80000000.00,105918795.62
Dec 27 2024,DYM,0,294286749.55,185674270.07,50000000.00,58612479.47,0,80000000.00,105674270.07
Dec 25 2024,DYM,0,293680976.05,185429744.53,50000000.00,58251231.53,0,80000000.00,105429744.53
Dec 22 2024,DYM,0,292772315.81,185062956.20,50000000.00,57709359.61,0,80000000.00,105062956.20
Dec 20 2024,DYM,0,292166542.32,184818430.66,50000000.00,57348111.66,0,80000000.00,104818430.66
Dec 18 2024,DYM,0,291560768.82,184573905.11,50000000.00,56986863.71,0,80000000.00,104573905.11
Dec 16 2024,DYM,0,290954995.33,184329379.56,50000000.00,56625615.76,0,80000000.00,104329379.56
Dec 13 2024,DYM,0,290046335.08,183962591.24,50000000.00,56083743.84,0,80000000.00,103962591.24
Dec 11 2024,DYM,0,289440561.59,183718065.69,50000000.00,55722495.89,0,80000000.00,103718065.69
Dec 09 2024,DYM,0,288834788.09,183473540.15,50000000.00,55361247.95,0,80000000.00,103473540.15
Dec 07 2024,DYM,0,288229014.60,183229014.60,50000000.00,55000000.00,0,80000000.00,103229014.60
Dec 04 2024,DYM,0,287320354.36,182862226.28,50000000.00,54458128.08,0,80000000.00,102862226.28
Dec 02 2024,DYM,0,286714580.86,182617700.73,50000000.00,54096880.13,0,80000000.00,102617700.73
Nov 30 2024,DYM,0,286108807.37,182373175.18,50000000.00,53735632.18,0,80000000.00,102373175.18
Nov 27 2024,DYM,0,285200147.12,182006386.86,50000000.00,53193760.26,0,80000000.00,102006386.86
Nov 25 2024,DYM,0,284594373.63,181761861.31,50000000.00,52832512.32,0,80000000.00,101761861.31
Nov 23 2024,DYM,0,283988600.13,181517335.77,50000000.00,52471264.37,0,80000000.00,101517335.77
Nov 21 2024,DYM,0,283382826.64,181272810.22,50000000.00,52110016.42,0,80000000.00,101272810.22
Nov 18 2024,DYM,0,282474166.40,180906021.90,50000000.00,51568144.50,0,80000000.00,100906021.90
Nov 16 2024,DYM,0,281868392.90,180661496.35,50000000.00,51206896.55,0,80000000.00,100661496.35
Nov 14 2024,DYM,0,281262619.41,180416970.80,50000000.00,50845648.60,0,80000000.00,100416970.80
Nov 12 2024,DYM,0,280656845.91,180172445.26,50000000.00,50484400.66,0,80000000.00,100172445.26
Nov 09 2024,DYM,0,279748185.67,179805656.93,50000000.00,49942528.74,0,80000000.00,99805656.93
Nov 07 2024,DYM,0,279142412.18,179561131.39,50000000.00,49581280.79,0,80000000.00,99561131.39
Nov 05 2024,DYM,0,278536638.68,179316605.84,50000000.00,49220032.84,0,80000000.00,99316605.84
Nov 02 2024,DYM,0,277627978.44,178949817.52,50000000.00,48678160.92,0,80000000.00,98949817.52
Oct 31 2024,DYM,0,277022204.94,178705291.97,50000000.00,48316912.97,0,80000000.00,98705291.97
Oct 29 2024,DYM,0,276416431.45,178460766.42,50000000.00,47955665.02,0,80000000.00,98460766.42
Oct 27 2024,DYM,0,275810657.95,178216240.88,50000000.00,47594417.08,0,80000000.00,98216240.88
Oct 24 2024,DYM,0,274901997.71,177849452.55,50000000.00,47052545.16,0,80000000.00,97849452.55
Oct 22 2024,DYM,0,274296224.22,177604927.01,50000000.00,46691297.21,0,80000000.00,97604927.01
Oct 20 2024,DYM,0,273690450.72,177360401.46,50000000.00,46330049.26,0,80000000.00,97360401.46
Oct 18 2024,DYM,0,273084677.23,177115875.91,50000000.00,45968801.31,0,80000000.00,97115875.91
Oct 15 2024,DYM,0,272176016.98,176749087.59,50000000.00,45426929.39,0,80000000.00,96749087.59
Oct 13 2024,DYM,0,271570243.49,176504562.04,50000000.00,45065681.44,0,80000000.00,96504562.04
Oct 11 2024,DYM,0,270964469.99,176260036.50,50000000.00,44704433.50,0,80000000.00,96260036.50
Oct 08 2024,DYM,0,270055809.75,175893248.18,50000000.00,44162561.58,0,80000000.00,95893248.18
Oct 06 2024,DYM,0,269450036.26,175648722.63,50000000.00,43801313.63,0,80000000.00,95648722.63
Oct 04 2024,DYM,0,268844262.76,175404197.08,50000000.00,43440065.68,0,80000000.00,95404197.08
Oct 02 2024,DYM,0,268238489.27,175159671.53,50000000.00,43078817.73,0,80000000.00,95159671.53
Sep 29 2024,DYM,0,267329829.02,174792883.21,50000000.00,42536945.81,0,80000000.00,94792883.21
Sep 27 2024,DYM,0,266724055.53,174548357.66,50000000.00,42175697.87,0,80000000.00,94548357.66
Sep 25 2024,DYM,0,266118282.03,174303832.12,50000000.00,41814449.92,0,80000000.00,94303832.12
Sep 23 2024,DYM,0,265512508.54,174059306.57,50000000.00,41453201.97,0,80000000.00,94059306.57
Sep 20 2024,DYM,0,264603848.30,173692518.25,50000000.00,40911330.05,0,80000000.00,93692518.25
Sep 18 2024,DYM,0,263998074.80,173447992.70,50000000.00,40550082.10,0,80000000.00,93447992.70
Sep 16 2024,DYM,0,263392301.31,173203467.15,50000000.00,40188834.15,0,80000000.00,93203467.15
Sep 13 2024,DYM,0,262483641.07,172836678.83,50000000.00,39646962.23,0,80000000.00,92836678.83
Sep 11 2024,DYM,0,261877867.57,172592153.28,50000000.00,39285714.29,0,80000000.00,92592153.28
Sep 09 2024,DYM,0,261272094.08,172347627.74,50000000.00,38924466.34,0,80000000.00,92347627.74
Sep 07 2024,DYM,0,260666320.58,172103102.19,50000000.00,38563218.39,0,80000000.00,92103102.19
Sep 04 2024,DYM,0,259757660.34,171736313.87,50000000.00,38021346.47,0,80000000.00,91736313.87
Sep 02 2024,DYM,0,259151886.84,171491788.32,50000000.00,37660098.52,0,80000000.00,91491788.32
Aug 31 2024,DYM,0,258546113.35,171247262.77,50000000.00,37298850.57,0,80000000.00,91247262.77
Aug 29 2024,DYM,0,257940339.85,171002737.23,50000000.00,36937602.63,0,80000000.00,91002737.23
Aug 26 2024,DYM,0,257031679.61,170635948.91,50000000.00,36395730.71,0,80000000.00,90635948.91
Aug 24 2024,DYM,0,256425906.12,170391423.36,50000000.00,36034482.76,0,80000000.00,90391423.36
Aug 22 2024,DYM,0,255820132.62,170146897.81,50000000.00,35673234.81,0,80000000.00,90146897.81
Aug 19 2024,DYM,0,254911472.38,169780109.49,50000000.00,35131362.89,0,80000000.00,89780109.49
Aug 17 2024,DYM,0,254305698.88,169535583.94,50000000.00,34770114.94,0,80000000.00,89535583.94
Aug 15 2024,DYM,0,253699925.39,169291058.39,50000000.00,34408867.00,0,80000000.00,89291058.39
Aug 13 2024,DYM,0,253094151.89,169046532.85,50000000.00,34047619.05,0,80000000.00,89046532.85
Aug 10 2024,DYM,0,252185491.65,168679744.53,50000000.00,33505747.13,0,80000000.00,88679744.53
Aug 08 2024,DYM,0,251579718.16,168435218.98,50000000.00,33144499.18,0,80000000.00,88435218.98
Aug 06 2024,DYM,0,250973944.66,168190693.43,50000000.00,32783251.23,0,80000000.00,88190693.43
Aug 04 2024,DYM,0,250368171.17,167946167.88,50000000.00,32422003.28,0,80000000.00,87946167.88
Aug 01 2024,DYM,0,249459510.92,167579379.56,50000000.00,31880131.36,0,80000000.00,87579379.56
Jul 30 2024,DYM,0,248853737.43,167334854.01,50000000.00,31518883.42,0,80000000.00,87334854.01
Jul 28 2024,DYM,0,248247963.94,167090328.47,50000000.00,31157635.47,0,80000000.00,87090328.47
Jul 25 2024,DYM,0,247339303.69,166723540.15,50000000.00,30615763.55,0,80000000.00,86723540.15
Jul 23 2024,DYM,0,246733530.20,166479014.60,50000000.00,30254515.60,0,80000000.00,86479014.60
Jul 21 2024,DYM,0,246127756.70,166234489.05,50000000.00,29893267.65,0,80000000.00,86234489.05
Jul 19 2024,DYM,0,245521983.21,165989963.50,50000000.00,29532019.70,0,80000000.00,85989963.50
Jul 16 2024,DYM,0,244613322.97,165623175.18,50000000.00,28990147.78,0,80000000.00,85623175.18
Jul 14 2024,DYM,0,244007549.47,165378649.64,50000000.00,28628899.84,0,80000000.00,85378649.64
Jul 12 2024,DYM,0,243401775.98,165134124.09,50000000.00,28267651.89,0,80000000.00,85134124.09
Jul 10 2024,DYM,0,242796002.48,164889598.54,50000000.00,27906403.94,0,80000000.00,84889598.54
Jul 07 2024,DYM,0,241887342.24,164522810.22,50000000.00,27364532.02,0,80000000.00,84522810.22
Jul 05 2024,DYM,0,241281568.74,164278284.67,50000000.00,27003284.07,0,80000000.00,84278284.67
Jul 03 2024,DYM,0,240675795.25,164033759.12,50000000.00,26642036.12,0,80000000.00,84033759.12
Jun 30 2024,DYM,0,239767135.01,163666970.80,50000000.00,26100164.20,0,80000000.00,83666970.80
Jun 28 2024,DYM,0,239161361.51,163422445.26,50000000.00,25738916.26,0,80000000.00,83422445.26
Jun 26 2024,DYM,0,238555588.02,163177919.71,50000000.00,25377668.31,0,80000000.00,83177919.71
Jun 24 2024,DYM,0,237949814.52,162933394.16,50000000.00,25016420.36,0,80000000.00,82933394.16
Jun 21 2024,DYM,0,237041154.28,162566605.84,50000000.00,24474548.44,0,80000000.00,82566605.84
Jun 19 2024,DYM,0,236435380.78,162322080.29,50000000.00,24113300.49,0,80000000.00,82322080.29
Jun 17 2024,DYM,0,235829607.29,162077554.74,50000000.00,23752052.55,0,80000000.00,82077554.74
Jun 15 2024,DYM,0,235223833.79,161833029.20,50000000.00,23390804.60,0,80000000.00,81833029.20
Jun 12 2024,DYM,0,234315173.55,161466240.88,50000000.00,22848932.68,0,80000000.00,81466240.88
Jun 10 2024,DYM,0,233709400.06,161221715.33,50000000.00,22487684.73,0,80000000.00,81221715.33
Jun 08 2024,DYM,0,233103626.56,160977189.78,50000000.00,22126436.78,0,80000000.00,80977189.78
Jun 05 2024,DYM,0,232194966.32,160610401.46,50000000.00,21584564.86,0,80000000.00,80610401.46
Jun 03 2024,DYM,0,231589192.83,160365875.91,50000000.00,21223316.91,0,80000000.00,80365875.91
Jun 01 2024,DYM,0,230983419.33,160121350.36,50000000.00,20862068.97,0,80000000.00,80121350.36
May 30 2024,DYM,0,230377645.84,159876824.82,50000000.00,20500821.02,0,80000000.00,79876824.82
May 27 2024,DYM,0,229468985.59,159510036.50,50000000.00,19958949.10,0,80000000.00,79510036.50
May 25 2024,DYM,0,228863212.10,159265510.95,50000000.00,19597701.15,0,80000000.00,79265510.95
May 23 2024,DYM,0,228257438.60,159020985.40,50000000.00,19236453.20,0,80000000.00,79020985.40
May 21 2024,DYM,0,227651665.11,158776459.85,50000000.00,18875205.25,0,80000000.00,78776459.85
May 18 2024,DYM,0,226743004.87,158409671.53,50000000.00,18333333.33,0,80000000.00,78409671.53
May 16 2024,DYM,0,226137231.37,158165145.99,50000000.00,17972085.39,0,80000000.00,78165145.99
May 14 2024,DYM,0,225531457.88,157920620.44,50000000.00,17610837.44,0,80000000.00,77920620.44
May 11 2024,DYM,0,224622797.63,157553832.12,50000000.00,17068965.52,0,80000000.00,77553832.12
May 09 2024,DYM,0,224017024.14,157309306.57,50000000.00,16707717.57,0,80000000.00,77309306.57
May 07 2024,DYM,0,223411250.64,157064781.02,50000000.00,16346469.62,0,80000000.00,77064781.02
May 05 2024,DYM,0,222805477.15,156820255.47,50000000.00,15985221.67,0,80000000.00,76820255.47
May 02 2024,DYM,0,221896816.91,156453467.15,50000000.00,15443349.75,0,80000000.00,76453467.15
Apr 30 2024,DYM,0,221291043.41,156208941.61,50000000.00,15082101.81,0,80000000.00,76208941.61
Apr 28 2024,DYM,0,220685269.92,155964416.06,50000000.00,14720853.86,0,80000000.00,75964416.06
Apr 26 2024,DYM,0,220079496.42,155719890.51,50000000.00,14359605.91,0,80000000.00,75719890.51
Apr 23 2024,DYM,0,219170836.18,155353102.19,50000000.00,13817733.99,0,80000000.00,75353102.19
Apr 21 2024,DYM,0,218565062.69,155108576.64,50000000.00,13456486.04,0,80000000.00,75108576.64
Apr 19 2024,DYM,0,217959289.19,154864051.09,50000000.00,13095238.10,0,80000000.00,74864051.09
Apr 16 2024,DYM,0,217050628.95,154497262.77,50000000.00,12553366.17,0,80000000.00,74497262.77
Apr 14 2024,DYM,0,216444855.45,154252737.23,50000000.00,12192118.23,0,80000000.00,74252737.23
Apr 12 2024,DYM,0,215839081.96,154008211.68,50000000.00,11830870.28,0,80000000.00,74008211.68
Apr 10 2024,DYM,0,215233308.46,153763686.13,50000000.00,11469622.33,0,80000000.00,73763686.13
Apr 07 2024,DYM,0,214324648.22,153396897.81,50000000.00,10927750.41,0,80000000.00,73396897.81
Apr 05 2024,DYM,0,213718874.73,153152372.26,50000000.00,10566502.46,0,80000000.00,73152372.26
Apr 03 2024,DYM,0,213113101.23,152907846.72,50000000.00,10205254.52,0,80000000.00,72907846.72
Apr 01 2024,DYM,0,212507327.74,152663321.17,50000000.00,9844006.57,0,80000000.00,72663321.17
Mar 29 2024,DYM,$6.43,0,152296532.85,0,0,0,80000000.00,72296532.85
Mar 27 2024,DYM,$5.85,0,152052007.30,0,0,0,80000000.00,72052007.30
Mar 25 2024,DYM,$5.67,0,151807481.75,0,0,0,80000000.00,71807481.75
Mar 22 2024,DYM,$6.02,0,151440693.43,0,0,0,80000000.00,71440693.43
Mar 20 2024,DYM,$5.42,0,151196167.88,0,0,0,80000000.00,71196167.88
Mar 18 2024,DYM,$6.14,0,150951642.34,0,0,0,80000000.00,70951642.34
Mar 16 2024,DYM,$6.12,0,150707116.79,0,0,0,80000000.00,70707116.79
Mar 13 2024,DYM,$7.25,0,150340328.47,0,0,0,80000000.00,70340328.47
Mar 11 2024,DYM,$7.48,0,150095802.92,0,0,0,80000000.00,70095802.92
Mar 09 2024,DYM,$6.46,0,149851277.37,0,0,0,80000000.00,69851277.37
Mar 07 2024,DYM,$6.44,0,149606751.82,0,0,0,80000000.00,69606751.82
Mar 04 2024,DYM,$5.96,0,149239963.50,0,0,0,80000000.00,69239963.50
Mar 02 2024,DYM,$5.86,0,148995437.96,0,0,0,80000000.00,68995437.96
Feb 29 2024,DYM,$5.96,0,148750912.41,0,0,0,80000000.00,68750912.41
Feb 26 2024,DYM,$6.40,0,148384124.09,0,0,0,80000000.00,68384124.09
Feb 24 2024,DYM,$6.28,0,148139598.54,0,0,0,80000000.00,68139598.54
Feb 22 2024,DYM,$7.23,0,147895072.99,0,0,0,80000000.00,67895072.99
Feb 20 2024,DYM,$7.65,0,147650547.45,0,0,0,80000000.00,67650547.45
Feb 17 2024,DYM,$7.61,0,147283759.12,0,0,0,80000000.00,67283759.12
Feb 15 2024,DYM,$8.16,0,147039233.58,0,0,0,80000000.00,67039233.58
Feb 13 2024,DYM,$7.30,0,146794708.03,0,0,0,80000000.00,66794708.03
Feb 11 2024,DYM,$7.52,0,146550182.48,0,0,0,80000000.00,66550182.48
Feb 08 2024,DYM,$5.59,0,146183394.16,0,0,0,80000000.00,66183394.16
Feb 06 2024,DYM,0,0,146000000.00,0,0,0,80000000.00,66000000.00
