Date,Symbol,Price,Available Supply,Unlocked Supply,Founder / Team,Reserved,Community & Other
Mar 20 2026,EUL,0,27182818.00,27182818.00,12640011.00,6387961.00,8154846.00
Mar 18 2026,EUL,0,27182818.00,27182818.00,12640011.00,6387961.00,8154846.00
Mar 16 2026,EUL,0,27182818.00,27182818.00,12640011.00,6387961.00,8154846.00
Mar 15 2026,EUL,0,27182818.00,27182818.00,12640011.00,6387961.00,8154846.00
Mar 13 2026,EUL,0,27182818.00,27182818.00,12640011.00,6387961.00,8154846.00
Mar 11 2026,EUL,0,27182818.00,27182818.00,12640011.00,6387961.00,8154846.00
Mar 09 2026,EUL,0,27182818.00,27182818.00,12640011.00,6387961.00,8154846.00
Mar 07 2026,EUL,0,27182818.00,27182818.00,12640011.00,6387961.00,8154846.00
Mar 05 2026,EUL,0,27182818.00,27182818.00,12640011.00,6387961.00,8154846.00
Mar 04 2026,EUL,0,27182818.00,27182818.00,12640011.00,6387961.00,8154846.00
Mar 02 2026,EUL,0,27182818.00,27182818.00,12640011.00,6387961.00,8154846.00
Feb 28 2026,EUL,0,27182818.00,27182818.00,12640011.00,6387961.00,8154846.00
Feb 26 2026,EUL,0,27182818.00,27182818.00,12640011.00,6387961.00,8154846.00
Feb 24 2026,EUL,0,27182818.00,27182818.00,12640011.00,6387961.00,8154846.00
Feb 22 2026,EUL,0,27182818.00,27182818.00,12640011.00,6387961.00,8154846.00
Feb 21 2026,EUL,0,27182818.00,27182818.00,12640011.00,6387961.00,8154846.00
Feb 19 2026,EUL,0,27182818.00,27182818.00,12640011.00,6387961.00,8154846.00
Feb 17 2026,EUL,0,27182818.00,27182818.00,12640011.00,6387961.00,8154846.00
Feb 15 2026,EUL,0,27182818.00,27182818.00,12640011.00,6387961.00,8154846.00
Feb 13 2026,EUL,0,27182818.00,27182818.00,12640011.00,6387961.00,8154846.00
Feb 11 2026,EUL,0,27182818.00,27182818.00,12640011.00,6387961.00,8154846.00
Feb 10 2026,EUL,0,27182818.00,27182818.00,12640011.00,6387961.00,8154846.00
Feb 08 2026,EUL,0,27182818.00,27182818.00,12640011.00,6387961.00,8154846.00
Feb 06 2026,EUL,0,27182818.00,27182818.00,12640011.00,6387961.00,8154846.00
Feb 04 2026,EUL,0,27182818.00,27182818.00,12640011.00,6387961.00,8154846.00
Feb 02 2026,EUL,0,27182818.00,27182818.00,12640011.00,6387961.00,8154846.00
Feb 01 2026,EUL,0,27182818.00,27182818.00,12640011.00,6387961.00,8154846.00
Jan 30 2026,EUL,0,27182818.00,27182818.00,12640011.00,6387961.00,8154846.00
Jan 28 2026,EUL,0,27182818.00,27182818.00,12640011.00,6387961.00,8154846.00
Jan 26 2026,EUL,0,27182818.00,27182818.00,12640011.00,6387961.00,8154846.00
Jan 24 2026,EUL,0,27182818.00,27182818.00,12640011.00,6387961.00,8154846.00
Jan 22 2026,EUL,0,27182818.00,27182818.00,12640011.00,6387961.00,8154846.00
Jan 21 2026,EUL,0,27182818.00,27182818.00,12640011.00,6387961.00,8154846.00
Jan 19 2026,EUL,0,27182818.00,27182818.00,12640011.00,6387961.00,8154846.00
Jan 17 2026,EUL,0,27182818.00,27182818.00,12640011.00,6387961.00,8154846.00
Jan 15 2026,EUL,0,27182818.00,27182818.00,12640011.00,6387961.00,8154846.00
Jan 13 2026,EUL,0,27182818.00,27182818.00,12640011.00,6387961.00,8154846.00
Jan 11 2026,EUL,0,27182818.00,27182818.00,12640011.00,6387961.00,8154846.00
Jan 10 2026,EUL,0,27182818.00,27182818.00,12640011.00,6387961.00,8154846.00
Jan 08 2026,EUL,0,27182818.00,27182818.00,12640011.00,6387961.00,8154846.00
Jan 06 2026,EUL,0,27182818.00,27182818.00,12640011.00,6387961.00,8154846.00
Jan 04 2026,EUL,0,27182818.00,27182818.00,12640011.00,6387961.00,8154846.00
Jan 02 2026,EUL,0,27182818.00,27182818.00,12640011.00,6387961.00,8154846.00
Dec 31 2025,EUL,0,27182818.00,27182818.00,12640011.00,6387961.00,8154846.00
Dec 30 2025,EUL,0,27182818.00,27182818.00,12640011.00,6387961.00,8154846.00
Dec 28 2025,EUL,0,27182818.00,27182818.00,12640011.00,6387961.00,8154846.00
Dec 26 2025,EUL,0,27182818.00,27182818.00,12640011.00,6387961.00,8154846.00
Dec 24 2025,EUL,0,27182818.00,27182818.00,12640011.00,6387961.00,8154846.00
Dec 22 2025,EUL,0,27182818.00,27182818.00,12640011.00,6387961.00,8154846.00
Dec 21 2025,EUL,0,27182818.00,27182818.00,12640011.00,6387961.00,8154846.00
Dec 19 2025,EUL,0,27164953.00,27164953.00,12640011.00,6387961.00,8136981.00
Dec 17 2025,EUL,0,27164953.00,27164953.00,12640011.00,6387961.00,8136981.00
Dec 15 2025,EUL,0,27164953.00,27164953.00,12640011.00,6387961.00,8136981.00
Dec 13 2025,EUL,0,27164953.00,27164953.00,12640011.00,6387961.00,8136981.00
Dec 11 2025,EUL,0,27164953.00,27164953.00,12640011.00,6387961.00,8136981.00
Dec 10 2025,EUL,0,27161054.91,27161054.91,12636112.91,6387961.00,8136981.00
Dec 08 2025,EUL,0,27153258.73,27153258.73,12628316.73,6387961.00,8136981.00
Dec 06 2025,EUL,0,27145462.54,27145462.54,12620520.54,6387961.00,8136981.00
Dec 04 2025,EUL,0,27106107.36,27106107.36,12612724.36,6387961.00,8105422.00
Dec 02 2025,EUL,0,27098311.18,27098311.18,12604928.18,6387961.00,8105422.00
Nov 30 2025,EUL,0,27090514.99,27090514.99,12597131.99,6387961.00,8105422.00
Nov 29 2025,EUL,0,27086616.90,27086616.90,12593233.90,6387961.00,8105422.00
Nov 27 2025,EUL,0,27078820.72,27078820.72,12585437.72,6387961.00,8105422.00
Nov 25 2025,EUL,0,27071024.53,27071024.53,12577641.53,6387961.00,8105422.00
Nov 23 2025,EUL,0,27063228.35,27063228.35,12569845.35,6387961.00,8105422.00
Nov 21 2025,EUL,0,27023844.17,27023844.17,12562049.17,6387961.00,8073834.00
Nov 20 2025,EUL,0,27019946.08,27019946.08,12558151.08,6387961.00,8073834.00
Nov 18 2025,EUL,0,27012149.89,27012149.89,12550354.89,6387961.00,8073834.00
Nov 16 2025,EUL,0,27004353.71,27004353.71,12542558.71,6387961.00,8073834.00
Nov 14 2025,EUL,0,26996557.53,26996557.53,12534762.53,6387961.00,8073834.00
Nov 12 2025,EUL,0,26988761.34,26988761.34,12526966.34,6387961.00,8073834.00
Nov 10 2025,EUL,0,26980965.16,26980965.16,12519170.16,6387961.00,8073834.00
Nov 09 2025,EUL,0,26977067.07,26977067.07,12515272.07,6387961.00,8073834.00
Nov 07 2025,EUL,0,26937651.88,26937651.88,12507475.88,6387961.00,8042215.00
Nov 05 2025,EUL,0,26929855.70,26929855.70,12499679.70,6387961.00,8042215.00
Nov 03 2025,EUL,0,26922059.52,26922059.52,12491883.52,6387961.00,8042215.00
Nov 01 2025,EUL,0,26914263.33,26914263.33,12484087.33,6387961.00,8042215.00
Oct 30 2025,EUL,0,26906467.15,26906467.15,12476291.15,6387961.00,8042215.00
Oct 29 2025,EUL,0,26902569.06,26902569.06,12472393.06,6387961.00,8042215.00
Oct 27 2025,EUL,0,26894772.88,26894772.88,12464596.88,6387961.00,8042215.00
Oct 25 2025,EUL,0,26886976.69,26886976.69,12456800.69,6387961.00,8042215.00
Oct 23 2025,EUL,0,26847524.51,26847524.51,12449004.51,6387961.00,8010559.00
Oct 21 2025,EUL,0,26839728.33,26839728.33,12441208.33,6387961.00,8010559.00
Oct 19 2025,EUL,0,26831932.14,26831932.14,12433412.14,6387961.00,8010559.00
Oct 18 2025,EUL,0,26828034.05,26828034.05,12429514.05,6387961.00,8010559.00
Oct 16 2025,EUL,0,26820237.87,26820237.87,12421717.87,6387961.00,8010559.00
Oct 14 2025,EUL,0,26812441.68,26812441.68,12413921.68,6387961.00,8010559.00
Oct 12 2025,EUL,0,26804645.50,26804645.50,12406125.50,6387961.00,8010559.00
Oct 10 2025,EUL,0,26765151.32,26765151.32,12398329.32,6387961.00,7978861.00
Oct 09 2025,EUL,0,26761253.23,26761253.23,12394431.23,6387961.00,7978861.00
Oct 07 2025,EUL,0,26753457.04,26753457.04,12386635.04,6387961.00,7978861.00
Oct 05 2025,EUL,0,26745660.86,26745660.86,12378838.86,6387961.00,7978861.00
Oct 03 2025,EUL,0,26737864.68,26737864.68,12371042.68,6387961.00,7978861.00
Oct 01 2025,EUL,0,26730068.49,26730068.49,12363246.49,6387961.00,7978861.00
Sep 29 2025,EUL,0,26722272.31,26722272.31,12355450.31,6387961.00,7978861.00
Sep 28 2025,EUL,0,26718374.22,26718374.22,12351552.22,6387961.00,7978861.00
Sep 26 2025,EUL,0,26678833.03,26678833.03,12343756.03,6387961.00,7947116.00
Sep 24 2025,EUL,0,26671036.85,26671036.85,12335959.85,6387961.00,7947116.00
Sep 22 2025,EUL,0,26663240.67,26663240.67,12328163.67,6387961.00,7947116.00
Sep 20 2025,EUL,0,26655444.48,26655444.48,12320367.48,6387961.00,7947116.00
Sep 18 2025,EUL,0,26647648.30,26647648.30,12312571.30,6387961.00,7947116.00
Sep 17 2025,EUL,0,26643750.21,26643750.21,12308673.21,6387961.00,7947116.00
Sep 15 2025,EUL,0,26635954.03,26635954.03,12300877.03,6387961.00,7947116.00
Sep 13 2025,EUL,0,26628157.84,26628157.84,12293080.84,6387961.00,7947116.00
Sep 11 2025,EUL,0,26588562.66,26588562.66,12285284.66,6387961.00,7915317.00
Sep 09 2025,EUL,0,26580766.48,26580766.48,12277488.48,6387961.00,7915317.00
Sep 07 2025,EUL,0,26572970.29,26572970.29,12269692.29,6387961.00,7915317.00
Sep 06 2025,EUL,0,26569072.20,26569072.20,12265794.20,6387961.00,7915317.00
Sep 04 2025,EUL,0,26561276.02,26561276.02,12257998.02,6387961.00,7915317.00
Sep 02 2025,EUL,0,26553479.83,26553479.83,12250201.83,6387961.00,7915317.00
Aug 31 2025,EUL,0,26545683.65,26545683.65,12242405.65,6387961.00,7915317.00
Aug 29 2025,EUL,0,26537887.47,26537887.47,12234609.47,6387961.00,7915317.00
Aug 28 2025,EUL,0,26502129.38,26502129.38,12230711.38,6387961.00,7883457.00
Aug 26 2025,EUL,0,26494333.19,26494333.19,12222915.19,6387961.00,7883457.00
Aug 24 2025,EUL,0,26486537.01,26486537.01,12215119.01,6387961.00,7883457.00
Aug 22 2025,EUL,0,26478740.83,26478740.83,12207322.83,6387961.00,7883457.00
Aug 20 2025,EUL,0,26470944.64,26470944.64,12199526.64,6387961.00,7883457.00
Aug 18 2025,EUL,0,26463148.46,26463148.46,12191730.46,6387961.00,7883457.00
Aug 17 2025,EUL,0,26459250.37,26459250.37,12187832.37,6387961.00,7883457.00
Aug 15 2025,EUL,0,26451454.18,26451454.18,12180036.18,6387961.00,7883457.00
Aug 13 2025,EUL,0,26411728.00,26411728.00,12172240.00,6387961.00,7851527.00
Aug 11 2025,EUL,0,26403931.82,26403931.82,12164443.82,6387961.00,7851527.00
Aug 09 2025,EUL,0,26396135.63,26396135.63,12156647.63,6387961.00,7851527.00
Aug 07 2025,EUL,0,26388339.45,26388339.45,12148851.45,6387961.00,7851527.00
Aug 06 2025,EUL,0,26384441.36,26384441.36,12144953.36,6387961.00,7851527.00
Aug 04 2025,EUL,0,26376645.18,26376645.18,12137157.18,6387961.00,7851527.00
Aug 02 2025,EUL,0,26368848.99,26368848.99,12129360.99,6387961.00,7851527.00
Jul 31 2025,EUL,0,26329042.81,26329042.81,12121564.81,6387961.00,7819517.00
Jul 29 2025,EUL,0,26321246.63,26321246.63,12113768.63,6387961.00,7819517.00
Jul 27 2025,EUL,0,26313450.44,26313450.44,12105972.44,6387961.00,7819517.00
Jul 26 2025,EUL,0,26309552.35,26309552.35,12102074.35,6387961.00,7819517.00
Jul 24 2025,EUL,0,26301756.17,26301756.17,12094278.17,6387961.00,7819517.00
Jul 22 2025,EUL,0,26293959.98,26293959.98,12086481.98,6387961.00,7819517.00
Jul 20 2025,EUL,0,26286163.80,26286163.80,12078685.80,6387961.00,7819517.00
Jul 18 2025,EUL,0,26278367.62,26278367.62,12070889.62,6387961.00,7819517.00
Jul 17 2025,EUL,0,26242368.53,26242368.53,12066991.53,6387961.00,7787416.00
Jul 15 2025,EUL,0,26234572.34,26234572.34,12059195.34,6387961.00,7787416.00
Jul 13 2025,EUL,0,26226776.16,26226776.16,12051399.16,6387961.00,7787416.00
Jul 11 2025,EUL,0,26218979.98,26218979.98,12043602.98,6387961.00,7787416.00
Jul 09 2025,EUL,0,26211183.79,26211183.79,12035806.79,6387961.00,7787416.00
Jul 07 2025,EUL,0,26203387.61,26203387.61,12028010.61,6387961.00,7787416.00
Jul 06 2025,EUL,0,26199489.52,26199489.52,12024112.52,6387961.00,7787416.00
Jul 04 2025,EUL,0,26191693.33,26191693.33,12016316.33,6387961.00,7787416.00
Jul 02 2025,EUL,0,26151693.15,26151693.15,12008520.15,6387961.00,7755212.00
Jun 30 2025,EUL,0,26143896.97,26143896.97,12000723.97,6387961.00,7755212.00
Jun 28 2025,EUL,0,26136100.78,26136100.78,11992927.78,6387961.00,7755212.00
Jun 26 2025,EUL,0,26128304.60,26128304.60,11985131.60,6387961.00,7755212.00
Jun 25 2025,EUL,0,26124406.51,26124406.51,11981233.51,6387961.00,7755212.00
Jun 23 2025,EUL,0,26116610.33,26116610.33,11973437.33,6387961.00,7755212.00
Jun 21 2025,EUL,0,26108814.14,26108814.14,11965641.14,6387961.00,7755212.00
Jun 19 2025,EUL,0,26068694.96,26068694.96,11957844.96,6387961.00,7722889.00
Jun 17 2025,EUL,0,26060898.78,26060898.78,11950048.78,6387961.00,7722889.00
Jun 16 2025,EUL,0,26057000.68,26057000.68,11946150.68,6387961.00,7722889.00
Jun 14 2025,EUL,0,26049204.50,26049204.50,11938354.50,6387961.00,7722889.00
Jun 12 2025,EUL,0,26041408.32,26041408.32,11930558.32,6387961.00,7722889.00
Jun 10 2025,EUL,0,26033612.13,26033612.13,11922762.13,6387961.00,7722889.00
Jun 08 2025,EUL,0,26025815.95,26025815.95,11914965.95,6387961.00,7722889.00
Jun 06 2025,EUL,0,26018019.77,26018019.77,11907169.77,6387961.00,7722889.00
Jun 05 2025,EUL,0,25981665.68,25981665.68,11903271.68,6387961.00,7690433.00
Jun 03 2025,EUL,0,25973869.49,25973869.49,11895475.49,6387961.00,7690433.00
Jun 01 2025,EUL,0,25966073.31,25966073.31,11887679.31,6387961.00,7690433.00
May 30 2025,EUL,0,25958277.13,25958277.13,11879883.13,6387961.00,7690433.00
May 28 2025,EUL,0,25950480.94,25950480.94,11872086.94,6387961.00,7690433.00
May 26 2025,EUL,0,25942684.76,25942684.76,11864290.76,6387961.00,7690433.00
May 25 2025,EUL,0,25938786.67,25938786.67,11860392.67,6387961.00,7690433.00
May 23 2025,EUL,0,25930990.48,25930990.48,11852596.48,6387961.00,7690433.00
May 21 2025,EUL,0,25890585.30,25890585.30,11844800.30,6387961.00,7657824.00
May 19 2025,EUL,0,25882789.12,25882789.12,11837004.12,6387961.00,7657824.00
May 17 2025,EUL,0,25874992.93,25874992.93,11829207.93,6387961.00,7657824.00
May 15 2025,EUL,0,25867196.75,25867196.75,11821411.75,6387961.00,7657824.00
May 14 2025,EUL,0,25863298.66,25863298.66,11817513.66,6387961.00,7657824.00
May 12 2025,EUL,0,25855502.48,25855502.48,11809717.48,6387961.00,7657824.00
May 10 2025,EUL,0,25847706.29,25847706.29,11801921.29,6387961.00,7657824.00
May 08 2025,EUL,0,25807127.11,25807127.11,11794125.11,6387961.00,7625041.00
May 06 2025,EUL,0,25799330.93,25799330.93,11786328.93,6387961.00,7625041.00
May 05 2025,EUL,0,25795432.83,25795432.83,11782430.83,6387961.00,7625041.00
May 03 2025,EUL,0,25787636.65,25787636.65,11774634.65,6387961.00,7625041.00
May 01 2025,EUL,0,25779840.47,25779840.47,11766838.47,6387961.00,7625041.00
Apr 29 2025,EUL,0,25772044.28,25772044.28,11759042.28,6387961.00,7625041.00
Apr 27 2025,EUL,0,25764248.10,25764248.10,11751246.10,6387961.00,7625041.00
Apr 25 2025,EUL,0,25756451.92,25756451.92,11743449.92,6387961.00,7625041.00
Apr 24 2025,EUL,0,25719571.83,25719571.83,11739551.83,6387961.00,7592059.00
Apr 22 2025,EUL,0,25711775.64,25711775.64,11731755.64,6387961.00,7592059.00
Apr 20 2025,EUL,0,25703979.46,25703979.46,11723959.46,6387961.00,7592059.00
Apr 18 2025,EUL,0,25696183.28,25696183.28,11716163.28,6387961.00,7592059.00
Apr 16 2025,EUL,0,25688387.09,25688387.09,11708367.09,6387961.00,7592059.00
Apr 14 2025,EUL,0,25680590.91,25680590.91,11700570.91,6387961.00,7592059.00
Apr 13 2025,EUL,0,25676692.82,25676692.82,11696672.82,6387961.00,7592059.00
Apr 11 2025,EUL,0,25668896.63,25668896.63,11688876.63,6387961.00,7592059.00
Apr 09 2025,EUL,0,25627894.45,25627894.45,11681080.45,6387961.00,7558853.00
Apr 07 2025,EUL,0,25620098.27,25620098.27,11673284.27,6387961.00,7558853.00
Apr 05 2025,EUL,0,25612302.08,25612302.08,11665488.08,6387961.00,7558853.00
Apr 03 2025,EUL,0,25604505.90,25604505.90,11657691.90,6387961.00,7558853.00
Apr 02 2025,EUL,0,25600607.81,25600607.81,11653793.81,6387961.00,7558853.00
Mar 31 2025,EUL,0,25592811.63,25592811.63,11645997.63,6387961.00,7558853.00
Mar 29 2025,EUL,0,25585015.44,25585015.44,11638201.44,6387961.00,7558853.00
Mar 27 2025,EUL,0,25543756.26,25543756.26,11630405.26,6387961.00,7525390.00
Mar 25 2025,EUL,0,25535960.08,25535960.08,11622609.08,6387961.00,7525390.00
Mar 24 2025,EUL,0,25532061.98,25532061.98,11618710.98,6387961.00,7525390.00
Mar 22 2025,EUL,0,25524265.80,25524265.80,11610914.80,6387961.00,7525390.00
Mar 20 2025,EUL,0,25516469.62,25516469.62,11603118.62,6387961.00,7525390.00
Mar 18 2025,EUL,0,25508673.43,25508673.43,11595322.43,6387961.00,7525390.00
Mar 16 2025,EUL,0,25500877.25,25500877.25,11587526.25,6387961.00,7525390.00
Mar 14 2025,EUL,0,25493081.07,25493081.07,11579730.07,6387961.00,7525390.00
Mar 13 2025,EUL,0,25455428.98,25455428.98,11575831.98,6387961.00,7491636.00
Mar 11 2025,EUL,0,25447632.79,25447632.79,11568035.79,6387961.00,7491636.00
Mar 09 2025,EUL,0,25439836.61,25439836.61,11560239.61,6387961.00,7491636.00
Mar 07 2025,EUL,0,25432040.43,25432040.43,11552443.43,6387961.00,7491636.00
Mar 05 2025,EUL,0,25424244.24,25424244.24,11544647.24,6387961.00,7491636.00
Mar 03 2025,EUL,0,25416448.06,25416448.06,11536851.06,6387961.00,7491636.00
Mar 02 2025,EUL,0,25412549.97,25412549.97,11532952.97,6387961.00,7491636.00
Feb 28 2025,EUL,0,25404753.78,25404753.78,11525156.78,6387961.00,7491636.00
Feb 26 2025,EUL,0,25362871.60,25362871.60,11517360.60,6387961.00,7457550.00
Feb 24 2025,EUL,0,25355075.42,25355075.42,11509564.42,6387961.00,7457550.00
Feb 22 2025,EUL,0,25347279.23,25347279.23,11501768.23,6387961.00,7457550.00
Feb 20 2025,EUL,0,25339483.05,25339483.05,11493972.05,6387961.00,7457550.00
Feb 19 2025,EUL,0,25335584.96,25335584.96,11490073.96,6387961.00,7457550.00
Feb 17 2025,EUL,0,25327788.78,25327788.78,11482277.78,6387961.00,7457550.00
Feb 15 2025,EUL,0,25319992.59,25319992.59,11474481.59,6387961.00,7457550.00
Feb 13 2025,EUL,0,25277733.41,25277733.41,11466685.41,6387961.00,7423087.00
Feb 11 2025,EUL,0,25269937.23,25269937.23,11458889.23,6387961.00,7423087.00
Feb 10 2025,EUL,0,25266039.13,25266039.13,11454991.13,6387961.00,7423087.00
Feb 08 2025,EUL,0,25258242.95,25258242.95,11447194.95,6387961.00,7423087.00
Feb 06 2025,EUL,0,25250446.77,25250446.77,11439398.77,6387961.00,7423087.00
Feb 04 2025,EUL,0,25242650.58,25242650.58,11431602.58,6387961.00,7423087.00
Feb 02 2025,EUL,0,25234854.40,25234854.40,11423806.40,6387961.00,7423087.00
Jan 31 2025,EUL,0,25227058.22,25227058.22,11416010.22,6387961.00,7423087.00
Jan 30 2025,EUL,0,25188269.13,25188269.13,11412112.13,6387961.00,7388196.00
Jan 28 2025,EUL,0,25180472.94,25180472.94,11404315.94,6387961.00,7388196.00
Jan 26 2025,EUL,0,25172676.76,25172676.76,11396519.76,6387961.00,7388196.00
Jan 24 2025,EUL,0,25164880.58,25164880.58,11388723.58,6387961.00,7388196.00
Jan 22 2025,EUL,0,25157084.39,25157084.39,11380927.39,6387961.00,7388196.00
Jan 20 2025,EUL,0,25149288.21,25149288.21,11373131.21,6387961.00,7388196.00
Jan 19 2025,EUL,0,25145390.12,25145390.12,11369233.12,6387961.00,7388196.00
Jan 17 2025,EUL,0,25137593.93,25137593.93,11361436.93,6387961.00,7388196.00
Jan 15 2025,EUL,0,25094420.75,25094420.75,11353640.75,6387961.00,7352819.00
Jan 13 2025,EUL,0,25086624.57,25086624.57,11345844.57,6387961.00,7352819.00
Jan 11 2025,EUL,0,25078828.38,25078828.38,11338048.38,6387961.00,7352819.00
Jan 10 2025,EUL,0,25074930.29,25074930.29,11334150.29,6387961.00,7352819.00
Jan 08 2025,EUL,0,25067134.11,25067134.11,11326354.11,6387961.00,7352819.00
Jan 06 2025,EUL,0,25059337.93,25059337.93,11318557.93,6387961.00,7352819.00
Jan 04 2025,EUL,0,25051541.74,25051541.74,11310761.74,6387961.00,7352819.00
Jan 02 2025,EUL,0,25007816.56,25007816.56,11302965.56,6387961.00,7316890.00
Dec 31 2024,EUL,0,25000020.38,25000020.38,11295169.38,6387961.00,7316890.00
Dec 30 2024,EUL,0,24996122.28,24996122.28,11291271.28,6387961.00,7316890.00
Dec 28 2024,EUL,0,24988326.10,24988326.10,11283475.10,6387961.00,7316890.00
Dec 26 2024,EUL,0,24980529.92,24980529.92,11275678.92,6387961.00,7316890.00
Dec 24 2024,EUL,0,24972733.73,24972733.73,11267882.73,6387961.00,7316890.00
Dec 22 2024,EUL,0,24964937.55,24964937.55,11260086.55,6387961.00,7316890.00
Dec 20 2024,EUL,0,24957141.37,24957141.37,11252290.37,6387961.00,7316890.00
Dec 19 2024,EUL,0,24916688.28,24916688.28,11248392.28,6387961.00,7280335.00
Dec 17 2024,EUL,0,24908892.09,24908892.09,11240596.09,6387961.00,7280335.00
Dec 15 2024,EUL,0,24901095.91,24901095.91,11232799.91,6387961.00,7280335.00
Dec 13 2024,EUL,0,24893299.73,24893299.73,11225003.73,6387961.00,7280335.00
Dec 11 2024,EUL,0,24885503.54,24885503.54,11217207.54,6387961.00,7280335.00
Dec 09 2024,EUL,0,24877707.36,24877707.36,11209411.36,6387961.00,7280335.00
Dec 08 2024,EUL,0,24873809.27,24873809.27,11205513.27,6387961.00,7280335.00
Dec 06 2024,EUL,0,24866013.08,24866013.08,11197717.08,6387961.00,7280335.00
Dec 04 2024,EUL,0,24820951.90,24820951.90,11189920.90,6387961.00,7243070.00
Dec 02 2024,EUL,0,24813155.72,24813155.72,11182124.72,6387961.00,7243070.00
Nov 30 2024,EUL,0,24805359.53,24805359.53,11174328.53,6387961.00,7243070.00
Nov 29 2024,EUL,0,24801461.44,24801461.44,11170430.44,6387961.00,7243070.00
Nov 27 2024,EUL,0,24793665.26,24793665.26,11162634.26,6387961.00,7243070.00
Nov 25 2024,EUL,0,24785869.08,24785869.08,11154838.08,6387961.00,7243070.00
Nov 23 2024,EUL,0,24778072.89,24778072.89,11147041.89,6387961.00,7243070.00
Nov 21 2024,EUL,0,24732207.71,24732207.71,11139245.71,6387961.00,7205001.00
Nov 19 2024,EUL,0,24724411.53,24724411.53,11131449.53,6387961.00,7205001.00
Nov 18 2024,EUL,0,24720513.43,24720513.43,11127551.43,6387961.00,7205001.00
Nov 16 2024,EUL,0,24712717.25,24712717.25,11119755.25,6387961.00,7205001.00
Nov 14 2024,EUL,0,24704921.07,24704921.07,11111959.07,6387961.00,7205001.00
Nov 12 2024,EUL,0,24697124.88,24697124.88,11104162.88,6387961.00,7205001.00
Nov 10 2024,EUL,0,24689328.70,24689328.70,11096366.70,6387961.00,7205001.00
Nov 08 2024,EUL,0,24681532.52,24681532.52,11088570.52,6387961.00,7205001.00
Nov 07 2024,EUL,0,24638655.43,24638655.43,11084672.43,6387961.00,7166022.00
Nov 05 2024,EUL,0,24630859.24,24630859.24,11076876.24,6387961.00,7166022.00
Nov 03 2024,EUL,0,24623063.06,24623063.06,11069080.06,6387961.00,7166022.00
Nov 01 2024,EUL,0,24615266.88,24615266.88,11061283.88,6387961.00,7166022.00
Oct 30 2024,EUL,0,24607470.69,24607470.69,11053487.69,6387961.00,7166022.00
Oct 28 2024,EUL,0,24599674.51,24599674.51,11045691.51,6387961.00,7166022.00
Oct 27 2024,EUL,0,24595776.42,24595776.42,11041793.42,6387961.00,7166022.00
Oct 25 2024,EUL,0,24587980.23,24587980.23,11033997.23,6387961.00,7166022.00
Oct 23 2024,EUL,0,24540177.05,24540177.05,11026201.05,6387961.00,7126015.00
Oct 21 2024,EUL,0,24532380.87,24532380.87,11018404.87,6387961.00,7126015.00
Oct 19 2024,EUL,0,24524584.68,24524584.68,11010608.68,6387961.00,7126015.00
Oct 18 2024,EUL,0,24520686.59,24520686.59,11006710.59,6387961.00,7126015.00
Oct 16 2024,EUL,0,24512890.41,24512890.41,10998914.41,6387961.00,7126015.00
Oct 14 2024,EUL,0,24505094.23,24505094.23,10991118.23,6387961.00,7126015.00
Oct 12 2024,EUL,0,24497298.04,24497298.04,10983322.04,6387961.00,7126015.00
Oct 10 2024,EUL,0,24448331.86,24448331.86,10975525.86,6387961.00,7084845.00
Oct 08 2024,EUL,0,24440535.68,24440535.68,10967729.68,6387961.00,7084845.00
Oct 07 2024,EUL,0,24436637.58,24436637.58,10963831.58,6387961.00,7084845.00
Oct 05 2024,EUL,0,24428841.40,24428841.40,10956035.40,6387961.00,7084845.00
Oct 03 2024,EUL,0,24421045.22,24421045.22,10948239.22,6387961.00,7084845.00
Oct 01 2024,EUL,0,24413249.03,24413249.03,10940443.03,6387961.00,7084845.00
Sep 29 2024,EUL,0,24405452.85,24405452.85,10932646.85,6387961.00,7084845.00
Sep 27 2024,EUL,0,24397656.67,24397656.67,10924850.67,6387961.00,7084845.00
Sep 26 2024,EUL,0,24351278.58,24351278.58,10920952.58,6387961.00,7042365.00
Sep 24 2024,EUL,0,24343482.39,24343482.39,10913156.39,6387961.00,7042365.00
Sep 22 2024,EUL,0,24335686.21,24335686.21,10905360.21,6387961.00,7042365.00
Sep 20 2024,EUL,0,24327890.03,24327890.03,10897564.03,6387961.00,7042365.00
Sep 18 2024,EUL,0,24320093.84,24320093.84,10889767.84,6387961.00,7042365.00
Sep 16 2024,EUL,0,24312297.66,24312297.66,10881971.66,6387961.00,7042365.00
Sep 15 2024,EUL,0,24308399.57,24308399.57,10878073.57,6387961.00,7042365.00
Sep 13 2024,EUL,0,24300603.38,24300603.38,10870277.38,6387961.00,7042365.00
Sep 11 2024,EUL,0,24248851.20,24248851.20,10862481.20,6387961.00,6998409.00
Sep 09 2024,EUL,0,24241055.02,24241055.02,10854685.02,6387961.00,6998409.00
Sep 07 2024,EUL,0,24233258.83,24233258.83,10846888.83,6387961.00,6998409.00
Sep 06 2024,EUL,0,24229360.74,24229360.74,10842990.74,6387961.00,6998409.00
Sep 04 2024,EUL,0,24221564.56,24221564.56,10835194.56,6387961.00,6998409.00
Sep 02 2024,EUL,0,24213768.38,24213768.38,10827398.38,6387961.00,6998409.00
Aug 31 2024,EUL,0,24205972.19,24205972.19,10819602.19,6387961.00,6998409.00
Aug 29 2024,EUL,0,24198176.01,24198176.01,10811806.01,6387961.00,6998409.00
Aug 27 2024,EUL,0,24144764.83,24144764.83,10804009.83,6387961.00,6952794.00
Aug 26 2024,EUL,0,24140866.73,24140866.73,10800111.73,6387961.00,6952794.00
Aug 24 2024,EUL,0,24133070.55,24133070.55,10792315.55,6387961.00,6952794.00
Aug 22 2024,EUL,0,24125274.37,24125274.37,10784519.37,6387961.00,6952794.00
Aug 20 2024,EUL,0,24117478.18,24117478.18,10776723.18,6387961.00,6952794.00
Aug 18 2024,EUL,0,24109682.00,24109682.00,10768927.00,6387961.00,6952794.00
Aug 16 2024,EUL,0,24101885.82,24101885.82,10761130.82,6387961.00,6952794.00
Aug 15 2024,EUL,0,24097987.73,24097987.73,10757232.73,6387961.00,6952794.00
Aug 13 2024,EUL,0,24042712.54,24042712.54,10749436.54,6387961.00,6905315.00
Aug 11 2024,EUL,0,24034916.36,24034916.36,10741640.36,6387961.00,6905315.00
Aug 09 2024,EUL,0,24027120.18,24027120.18,10733844.18,6387961.00,6905315.00
Aug 07 2024,EUL,0,24019323.99,24019323.99,10726047.99,6387961.00,6905315.00
Aug 05 2024,EUL,0,24011527.81,24011527.81,10718251.81,6387961.00,6905315.00
Aug 04 2024,EUL,0,24007629.72,24007629.72,10714353.72,6387961.00,6905315.00
Aug 02 2024,EUL,0,23999833.53,23999833.53,10706557.53,6387961.00,6905315.00
Jul 31 2024,EUL,0,23942473.35,23942473.35,10698761.35,6387961.00,6855751.00
Jul 29 2024,EUL,0,23934677.17,23934677.17,10690965.17,6387961.00,6855751.00
Jul 27 2024,EUL,0,23926880.98,23926880.98,10683168.98,6387961.00,6855751.00
Jul 26 2024,EUL,0,23922982.89,23922982.89,10679270.89,6387961.00,6855751.00
Jul 24 2024,EUL,0,23915186.71,23915186.71,10671474.71,6387961.00,6855751.00
Jul 22 2024,EUL,0,23907390.53,23907390.53,10663678.53,6387961.00,6855751.00
Jul 20 2024,EUL,0,23899594.34,23899594.34,10655882.34,6387961.00,6855751.00
Jul 18 2024,EUL,0,23891798.16,23891798.16,10648086.16,6387961.00,6855751.00
Jul 16 2024,EUL,0,23832107.98,23832107.98,10640289.98,6387961.00,6803857.00
Jul 15 2024,EUL,0,23828209.88,23828209.88,10636391.88,6387961.00,6803857.00
Jul 13 2024,EUL,0,23820413.70,23820413.70,10628595.70,6387961.00,6803857.00
Jul 11 2024,EUL,0,23812617.52,23812617.52,10620799.52,6387961.00,6803857.00
Jul 09 2024,EUL,0,23804821.33,23804821.33,10613003.33,6387961.00,6803857.00
Jul 07 2024,EUL,0,23797025.15,23797025.15,10605207.15,6387961.00,6803857.00
Jul 05 2024,EUL,0,23789228.97,23789228.97,10597410.97,6387961.00,6803857.00
Jul 04 2024,EUL,0,23785330.88,23785330.88,10593512.88,6387961.00,6803857.00
Jul 02 2024,EUL,0,23723044.69,23723044.69,10585716.69,6387961.00,6749367.00
Jun 30 2024,EUL,0,23715248.51,23715248.51,10577920.51,6387961.00,6749367.00
Jun 28 2024,EUL,0,23707452.33,23707452.33,10570124.33,6387961.00,6749367.00
Jun 26 2024,EUL,0,23699656.14,23699656.14,10562328.14,6387961.00,6749367.00
Jun 25 2024,EUL,0,23695758.05,23695758.05,10558430.05,6387961.00,6749367.00
Jun 23 2024,EUL,0,23687961.87,23687961.87,10550633.87,6387961.00,6749367.00
Jun 21 2024,EUL,0,23680165.68,23680165.68,10542837.68,6387961.00,6749367.00
Jun 19 2024,EUL,0,23614996.50,23614996.50,10535041.50,6387961.00,6691994.00
Jun 17 2024,EUL,0,23604784.07,23604784.07,10527245.32,6387961.00,6689577.75
Jun 15 2024,EUL,0,23594571.63,23594571.63,10519449.13,6387961.00,6687161.50
Jun 14 2024,EUL,0,23589465.41,23589465.41,10515551.04,6387961.00,6685953.37
Jun 12 2024,EUL,0,23579252.98,23579252.98,10507754.86,6387961.00,6683537.12
Jun 10 2024,EUL,0,23569040.55,23569040.55,10499958.68,6387961.00,6681120.87
Jun 08 2024,EUL,0,23558828.11,23558828.11,10492162.49,6387961.00,6678704.62
Jun 06 2024,EUL,0,23548615.68,23548615.68,10484366.31,6387961.00,6676288.37
Jun 04 2024,EUL,0,23477840.24,23477840.24,10476570.13,6387961.00,6613309.12
Jun 03 2024,EUL,0,23472734.02,23472734.02,10472672.03,6387961.00,6612100.99
Jun 01 2024,EUL,0,23462521.59,23462521.59,10464875.85,6387961.00,6609684.74
May 30 2024,EUL,0,23452309.16,23452309.16,10457079.67,6387961.00,6607268.49
May 28 2024,EUL,0,23442096.72,23442096.72,10449283.48,6387961.00,6604852.24
May 26 2024,EUL,0,23431884.29,23431884.29,10441487.30,6387961.00,6602435.99
May 24 2024,EUL,0,23421671.85,23421671.85,10433691.12,6387961.00,6600019.74
May 23 2024,EUL,0,23416565.64,23416565.64,10429793.03,6387961.00,6598811.61
May 21 2024,EUL,0,23342273.20,23342273.20,10421996.84,6387961.00,6532315.36
May 19 2024,EUL,0,23332060.77,23332060.77,10414200.66,6387961.00,6529899.11
May 17 2024,EUL,0,23321848.33,23321848.33,10406404.48,6387961.00,6527482.86
May 15 2024,EUL,0,23311635.90,23311635.90,10398608.29,6387961.00,6525066.61
May 14 2024,EUL,0,23306529.68,23306529.68,10394710.20,6387961.00,6523858.48
May 12 2024,EUL,0,23296317.25,23296317.25,10386914.02,6387961.00,6521442.23
May 10 2024,EUL,0,23286104.81,23286104.81,10379117.83,6387961.00,6519025.98
May 08 2024,EUL,0,23207955.38,23207955.38,10371321.65,6387961.00,6448672.73
May 06 2024,EUL,0,23197742.94,23197742.94,10363525.47,6387961.00,6446256.48
May 04 2024,EUL,0,23187530.51,23187530.51,10355729.28,6387961.00,6443840.22
May 03 2024,EUL,0,23182424.29,23182424.29,10351831.19,6387961.00,6442632.10
May 01 2024,EUL,0,23172211.86,23172211.86,10344035.01,6387961.00,6440215.85
Apr 29 2024,EUL,0,23161999.42,23161999.42,10336238.83,6387961.00,6437799.60
Apr 27 2024,EUL,0,23151786.99,23151786.99,10328442.64,6387961.00,6435383.35
Apr 25 2024,EUL,0,23141574.55,23141574.55,10320646.46,6387961.00,6432967.09
Apr 23 2024,EUL,0,23059215.12,23059215.12,10312850.28,6387961.00,6358403.84
Apr 22 2024,EUL,0,23054108.90,23054108.90,10308952.18,6387961.00,6357195.72
Apr 20 2024,EUL,0,23043896.47,23043896.47,10301156.00,6387961.00,6354779.47
Apr 18 2024,EUL,0,23033684.03,23033684.03,10293359.82,6387961.00,6352363.22
Apr 16 2024,EUL,0,23023471.60,23023471.60,10285563.63,6387961.00,6349946.96
Apr 14 2024,EUL,0,23013259.16,23013259.16,10277767.45,6387961.00,6347530.71
Apr 12 2024,EUL,0,23003046.73,23003046.73,10269971.27,6387961.00,6345114.46
Apr 11 2024,EUL,0,22997940.51,22997940.51,10266073.18,6387961.00,6343906.34
Apr 09 2024,EUL,0,22911012.08,22911012.08,10258276.99,6387961.00,6264774.09
Apr 07 2024,EUL,0,22900799.64,22900799.64,10250480.81,6387961.00,6262357.83
Apr 05 2024,EUL,0,22890587.21,22890587.21,10242684.63,6387961.00,6259941.58
Apr 03 2024,EUL,0,22880374.77,22880374.77,10234888.44,6387961.00,6257525.33
Apr 02 2024,EUL,0,22875268.56,22875268.56,10230990.35,6387961.00,6256317.21
Mar 31 2024,EUL,$5.56,0,22865056.12,10223194.17,6387961.00,6253900.96
Mar 29 2024,EUL,$5.43,0,22854843.69,10215397.98,6387961.00,6251484.70
Mar 27 2024,EUL,$5.80,0,22762990.25,10207601.80,6387961.00,6167427.45
Mar 25 2024,EUL,$6.20,0,22752777.82,10199805.62,6387961.00,6165011.20
Mar 23 2024,EUL,$6.28,0,22742565.38,10192009.43,6387961.00,6162594.95
Mar 22 2024,EUL,$6.31,0,22737459.17,10188111.34,6387961.00,6161386.83
Mar 20 2024,EUL,$5.45,0,22727246.73,10180315.16,6387961.00,6158970.57
Mar 18 2024,EUL,$5.63,0,22717034.30,10172518.98,6387961.00,6156554.32
Mar 16 2024,EUL,$5.74,0,22706821.86,10164722.79,6387961.00,6154138.07
Mar 14 2024,EUL,$6.81,0,22696609.43,10156926.61,6387961.00,6151721.82
Mar 12 2024,EUL,$7.22,0,22599490.00,10149130.43,6387961.00,6062398.57
Mar 11 2024,EUL,$6.79,0,22594383.78,10145232.33,6387961.00,6061190.44
Mar 09 2024,EUL,$7.25,0,22584171.34,10137436.15,6387961.00,6058774.19
Mar 07 2024,EUL,$6.69,0,22573958.91,10129639.97,6387961.00,6056357.94
Mar 05 2024,EUL,$6.20,0,22563746.47,10121843.78,6387961.00,6053941.69
Mar 03 2024,EUL,$6.38,0,22553534.04,10114047.60,6387961.00,6051525.44
Mar 01 2024,EUL,$6.04,0,22543321.61,10106251.42,6387961.00,6049109.19
Feb 29 2024,EUL,$5.83,0,22538215.39,10102353.33,6387961.00,6047901.06
Feb 27 2024,EUL,$6.36,0,22435506.95,10094557.14,6387961.00,5952988.81
Feb 25 2024,EUL,$5.62,0,22425294.52,10086760.96,6387961.00,5950572.56
Feb 23 2024,EUL,$6.16,0,22415082.09,10078964.78,6387961.00,5948156.31
Feb 21 2024,EUL,$4.13,0,22404869.65,10071168.59,6387961.00,5945740.06
Feb 20 2024,EUL,$4.38,0,22399763.43,10067270.50,6387961.00,5944531.93
Feb 18 2024,EUL,$4.37,0,22389551.00,10059474.32,6387961.00,5942115.68
Feb 16 2024,EUL,$4.36,0,22379338.56,10051678.13,6387961.00,5939699.43
Feb 14 2024,EUL,$4.35,0,22270762.13,10043881.95,6387961.00,5838919.18
Feb 12 2024,EUL,$4.42,0,22260549.70,10036085.77,6387961.00,5836502.93
Feb 10 2024,EUL,$3.92,0,22250337.26,10028289.58,6387961.00,5834086.68
Feb 10 2024,EUL,$3.92,0,22250337.26,10028289.58,6387961.00,5834086.68
Feb 09 2024,EUL,$3.79,0,22245231.04,10024391.49,6387961.00,5832878.55
Feb 07 2024,EUL,$3.87,0,22235018.61,10016595.31,6387961.00,5830462.30
Feb 05 2024,EUL,$3.99,0,22224806.18,10008799.13,6387961.00,5828046.05
Feb 03 2024,EUL,$4.10,0,22214593.74,10001002.94,6387961.00,5825629.80
Feb 01 2024,EUL,$3.98,0,22204381.31,9993206.76,6387961.00,5823213.55
Jan 30 2024,EUL,$3.82,0,22089705.87,9985410.58,6387961.00,5716334.30
Jan 29 2024,EUL,$3.83,0,22084599.65,9981512.48,6387961.00,5715126.17
Jan 27 2024,EUL,$3.77,0,22074387.22,9973716.30,6387961.00,5712709.92
Jan 25 2024,EUL,$3.62,0,22064174.79,9965920.12,6387961.00,5710293.67
Jan 23 2024,EUL,$3.70,0,22053962.35,9958123.93,6387961.00,5707877.42
Jan 21 2024,EUL,$3.83,0,22043749.92,9950327.75,6387961.00,5705461.17
Jan 20 2024,EUL,$3.93,0,22038643.70,9946429.66,6387961.00,5704253.04
Jan 18 2024,EUL,$4.54,0,22028431.27,9938633.48,6387961.00,5701836.79
Jan 16 2024,EUL,$4.31,0,21907500.83,9930837.29,6387961.00,5588702.54
Jan 14 2024,EUL,$4.27,0,21897288.40,9923041.11,6387961.00,5586286.29
Jan 12 2024,EUL,$4.03,0,21887075.96,9915244.93,6387961.00,5583870.04
Jan 10 2024,EUL,$3.23,0,21876863.53,9907448.74,6387961.00,5581453.79
Jan 09 2024,EUL,$3.22,0,21871757.31,9903550.65,6387961.00,5580245.66
Jan 07 2024,EUL,$3.43,0,21861544.88,9895754.47,6387961.00,5577829.41
Jan 05 2024,EUL,$3.60,0,21851332.44,9887958.28,6387961.00,5575413.16
Jan 03 2024,EUL,$3.91,0,21724076.01,9880162.10,6387961.00,5455952.91
Jan 01 2024,EUL,$3.95,0,21713863.57,9872365.92,6387961.00,5453536.66
Dec 30 2023,EUL,$3.73,0,21703651.14,9864569.73,6387961.00,5451120.40
Dec 29 2023,EUL,$4.11,0,21698544.92,9860671.64,6387961.00,5449912.28
Dec 27 2023,EUL,$3.08,0,21688332.49,9852875.46,6387961.00,5447496.03
Dec 25 2023,EUL,$3.09,0,21678120.05,9845079.28,6387961.00,5445079.78
Dec 23 2023,EUL,$3.11,0,21667907.62,9837283.09,6387961.00,5442663.53
Dec 21 2023,EUL,$3.10,0,21657695.18,9829486.91,6387961.00,5440247.27
Dec 19 2023,EUL,$3.14,0,21524147.75,9821690.73,6387961.00,5314496.02
Dec 18 2023,EUL,$3.29,0,21519041.53,9817792.63,6387961.00,5313287.90
Dec 16 2023,EUL,$3.31,0,21508829.10,9809996.45,6387961.00,5310871.65
Dec 14 2023,EUL,$3.22,0,21498616.66,9802200.27,6387961.00,5308455.40
Dec 12 2023,EUL,$3.20,0,21488404.23,9794404.08,6387961.00,5306039.14
Dec 10 2023,EUL,$3.34,0,21478191.79,9786607.90,6387961.00,5303622.89
Dec 09 2023,EUL,$3.33,0,21473085.58,9782709.81,6387961.00,5302414.77
Dec 07 2023,EUL,$3.20,0,21462873.14,9774913.63,6387961.00,5299998.52
Dec 05 2023,EUL,$3.44,0,21323188.71,9767117.44,6387961.00,5168110.27
Dec 03 2023,EUL,$3.59,0,21312976.27,9759321.26,6387961.00,5165694.01
Dec 01 2023,EUL,$3.28,0,21302763.84,9751525.08,6387961.00,5163277.76
Nov 29 2023,EUL,$2.88,0,21292551.40,9743728.89,6387961.00,5160861.51
Nov 28 2023,EUL,$3.02,0,21287445.19,9739830.80,6387961.00,5159653.39
Nov 26 2023,EUL,$3.03,0,21277232.75,9732034.62,6387961.00,5157237.14
Nov 24 2023,EUL,$2.86,0,21267020.32,9724238.43,6387961.00,5154820.88
Nov 22 2023,EUL,$2.84,0,21121488.88,9716442.25,6387961.00,5017085.63
Nov 20 2023,EUL,$2.69,0,21111276.45,9708646.07,6387961.00,5014669.38
Nov 18 2023,EUL,$3.04,0,21101064.01,9700849.88,6387961.00,5012253.13
Nov 17 2023,EUL,$3.01,0,21095957.80,9696951.79,6387961.00,5011045.01
Nov 15 2023,EUL,$2.81,0,21085745.36,9689155.61,6387961.00,5008628.75
Nov 13 2023,EUL,$2.97,0,21075532.93,9681359.43,6387961.00,5006212.50
Nov 11 2023,EUL,$2.86,0,21065320.49,9673563.24,6387961.00,5003796.25
Nov 09 2023,EUL,$3.40,0,21055108.06,9665767.06,6387961.00,5001380.00
Nov 07 2023,EUL,$3.52,0,20904157.63,9657970.88,6387961.00,4858225.75
Nov 06 2023,EUL,$3.60,0,20899051.41,9654072.78,6387961.00,4857017.62
Nov 04 2023,EUL,$3.15,0,20888838.97,9646276.60,6387961.00,4854601.37
Nov 02 2023,EUL,$2.92,0,20878626.54,9638480.42,6387961.00,4852185.12
Oct 31 2023,EUL,$3.31,0,20868414.10,9630684.23,6387961.00,4849768.87
Oct 29 2023,EUL,$2.88,0,20858201.67,9622888.05,6387961.00,4847352.62
Oct 28 2023,EUL,$2.82,0,20853095.45,9618989.96,6387961.00,4846144.49
Oct 26 2023,EUL,$2.78,0,20842883.02,9611193.78,6387961.00,4843728.24
Oct 24 2023,EUL,$2.78,0,20687085.58,9603397.59,6387961.00,4695726.99
Oct 22 2023,EUL,$2.70,0,20676873.15,9595601.41,6387961.00,4693310.74
Oct 20 2023,EUL,$2.67,0,20666660.72,9587805.23,6387961.00,4690894.49
Oct 18 2023,EUL,$2.68,0,20656448.28,9580009.04,6387961.00,4688478.24
Oct 17 2023,EUL,$2.73,0,20651342.06,9576110.95,6387961.00,4687270.11
Oct 15 2023,EUL,$2.72,0,20641129.63,9568314.77,6387961.00,4684853.86
Oct 13 2023,EUL,$2.73,0,20630917.19,9560518.58,6387961.00,4682437.61
Oct 11 2023,EUL,$2.71,0,20470983.76,9552722.40,6387961.00,4530300.36
Oct 09 2023,EUL,$2.61,0,20460771.33,9544926.22,6387961.00,4527884.11
Oct 07 2023,EUL,$2.74,0,20450558.89,9537130.03,6387961.00,4525467.86
Oct 06 2023,EUL,$2.73,0,20445452.67,9533231.94,6387961.00,4524259.73
Oct 04 2023,EUL,$2.74,0,20435240.24,9525435.76,6387961.00,4521843.48
Oct 02 2023,EUL,$2.76,0,20425027.81,9517639.58,6387961.00,4519427.23
Sep 30 2023,EUL,$2.72,0,20414815.37,9509843.39,6387961.00,4517010.98
Sep 28 2023,EUL,$2.65,0,20404602.94,9502047.21,6387961.00,4514594.73
Sep 26 2023,EUL,$2.69,0,20241367.50,9494251.03,6387961.00,4359155.48
Sep 25 2023,EUL,$2.67,0,20236261.28,9490352.93,6387961.00,4357947.35
Sep 23 2023,EUL,$2.58,0,20226048.85,9482556.75,6387961.00,4355531.10
Sep 21 2023,EUL,$2.57,0,20215836.42,9474760.57,6387961.00,4353114.85
Sep 19 2023,EUL,$2.52,0,20205623.98,9466964.38,6387961.00,4350698.60
Sep 17 2023,EUL,$2.66,0,20195411.55,9459168.20,6387961.00,4348282.35
Sep 16 2023,EUL,$2.68,0,20190305.33,9455270.11,6387961.00,4347074.22
Sep 14 2023,EUL,$2.70,0,20180092.90,9447473.93,6387961.00,4344657.97
Sep 12 2023,EUL,$2.64,0,20014495.46,9439677.74,6387961.00,4186856.72
Sep 10 2023,EUL,$2.57,0,20004283.03,9431881.56,6387961.00,4184440.47
Sep 08 2023,EUL,$2.59,0,19994070.59,9424085.38,6387961.00,4182024.22
Sep 06 2023,EUL,$2.61,0,19983858.16,9416289.19,6387961.00,4179607.97
Sep 05 2023,EUL,$2.58,0,19978751.94,9412391.10,6387961.00,4178399.84
Sep 03 2023,EUL,$2.72,0,19968539.51,9404594.92,6387961.00,4175983.59
Sep 01 2023,EUL,$2.66,0,19958327.07,9396798.73,6387961.00,4173567.34
Aug 30 2023,EUL,$2.49,0,19948114.64,9389002.55,6387961.00,4171151.09
Aug 28 2023,EUL,$2.27,0,19781173.20,9381206.37,6387961.00,4012005.84
Aug 26 2023,EUL,$2.25,0,19770960.77,9373410.18,6387961.00,4009589.58
Aug 25 2023,EUL,$2.25,0,19765854.55,9369512.09,6387961.00,4008381.46
Aug 23 2023,EUL,$2.27,0,19755642.12,9361715.91,6387961.00,4005965.21
Aug 21 2023,EUL,$2.46,0,19745429.68,9353919.73,6387961.00,4003548.96
Aug 19 2023,EUL,$2.38,0,19735217.25,9346123.54,6387961.00,4001132.71
Aug 17 2023,EUL,$2.58,0,19725004.81,9338327.36,6387961.00,3998716.45
Aug 16 2023,EUL,$2.60,0,19719898.60,9334429.27,6387961.00,3997508.33
Aug 14 2023,EUL,$2.61,0,19552676.16,9326633.08,6387961.00,3838082.08
Aug 12 2023,EUL,$2.57,0,19542463.73,9318836.90,6387961.00,3835665.83
Aug 10 2023,EUL,$2.56,0,19532251.29,9311040.72,6387961.00,3833249.58
Aug 08 2023,EUL,$2.56,0,19522038.86,9303244.53,6387961.00,3830833.32
Aug 06 2023,EUL,$2.60,0,19511826.42,9295448.35,6387961.00,3828417.07
Aug 05 2023,EUL,$2.62,0,19506720.21,9291550.26,6387961.00,3827208.95
Aug 03 2023,EUL,$2.63,0,19496507.77,9283754.08,6387961.00,3824792.70
Aug 01 2023,EUL,$2.72,0,19330075.34,9275957.89,6387961.00,3666156.45
Jul 30 2023,EUL,$2.72,0,19319862.90,9268161.71,6387961.00,3663740.19
Jul 28 2023,EUL,$2.76,0,19309650.47,9260365.53,6387961.00,3661323.94
Jul 26 2023,EUL,$2.63,0,19299438.03,9252569.34,6387961.00,3658907.69
Jul 25 2023,EUL,$2.63,0,19294331.82,9248671.25,6387961.00,3657699.57
Jul 23 2023,EUL,$2.52,0,19284119.38,9240875.07,6387961.00,3655283.32
Jul 21 2023,EUL,$2.63,0,19273906.95,9233078.88,6387961.00,3652867.06
Jul 19 2023,EUL,$2.75,0,19263694.51,9225282.70,6387961.00,3650450.81
Jul 17 2023,EUL,$2.46,0,19099100.08,9217486.52,6387961.00,3493652.56
Jul 15 2023,EUL,$2.17,0,19088887.64,9209690.33,6387961.00,3491236.31
Jul 14 2023,EUL,$2.03,0,19083781.43,9205792.24,6387961.00,3490028.19
Jul 12 2023,EUL,$2.06,0,19073568.99,9197996.06,6387961.00,3487611.93
Jul 10 2023,EUL,$2.00,0,19063356.56,9190199.88,6387961.00,3485195.68
Jul 08 2023,EUL,$2.02,0,19053144.12,9182403.69,6387961.00,3482779.43
Jul 06 2023,EUL,$2.07,0,19042931.69,9174607.51,6387961.00,3480363.18
Jul 05 2023,EUL,$2.23,0,19037825.47,9170709.42,6387961.00,3479155.06
Jul 03 2023,EUL,$2.22,0,18876051.04,9162913.23,6387961.00,3325176.80
Jul 01 2023,EUL,$2.26,0,18865838.60,9155117.05,6387961.00,3322760.55
Jun 29 2023,EUL,$1.83,0,18855626.17,9147320.87,6387961.00,3320344.30
Jun 27 2023,EUL,$1.59,0,18845413.73,9139524.68,6387961.00,3317928.05
Jun 25 2023,EUL,$1.56,0,18835201.30,9131728.50,6387961.00,3315511.80
Jun 24 2023,EUL,$1.57,0,18812215.58,9114817.89,6383094.02,3314303.67
Jun 22 2023,EUL,$1.65,0,18766244.15,9080996.68,6373360.06,3311887.42
Jun 20 2023,EUL,$1.59,0,18572424.72,9047175.46,6363626.09,3161623.17
Jun 18 2023,EUL,$1.52,0,18526453.29,9013354.24,6353892.13,3159206.92
Jun 16 2023,EUL,$1.46,0,18480481.86,8979533.03,6344158.17,3156790.67
Jun 14 2023,EUL,$1.60,0,18434510.43,8945711.81,6334424.20,3154374.42
Jun 13 2023,EUL,$1.61,0,18411524.72,8928801.20,6329557.22,3153166.29
Jun 11 2023,EUL,$1.67,0,18365553.28,8894979.98,6319823.26,3150750.04
Jun 09 2023,EUL,$1.94,0,18319581.85,8861158.77,6310089.30,3148333.79
Jun 07 2023,EUL,$1.93,0,18273610.42,8827337.55,6300355.33,3145917.54
Jun 05 2023,EUL,$1.92,0,18084282.99,8793516.33,6290621.37,3000145.29
Jun 03 2023,EUL,$1.95,0,18038311.56,8759695.12,6280887.41,2997729.04
Jun 02 2023,EUL,$1.94,0,18015325.85,8742784.51,6276020.43,2996520.91
May 31 2023,EUL,$2.01,0,17969354.42,8708963.29,6266286.46,2994104.66
May 29 2023,EUL,$1.98,0,17923382.99,8675142.08,6256552.50,2991688.41
May 27 2023,EUL,$1.86,0,17877411.55,8641320.86,6246818.54,2989272.16
May 25 2023,EUL,$1.76,0,17831440.12,8607499.64,6237084.57,2986855.91
May 24 2023,EUL,$1.96,0,17808454.41,8590589.03,6232217.59,2985647.78
May 22 2023,EUL,$2.13,0,17624263.98,8556767.82,6222483.63,2845012.53
May 20 2023,EUL,$1.79,0,17578292.55,8522946.60,6212749.67,2842596.28
May 18 2023,EUL,$1.79,0,17532321.12,8489125.38,6203015.70,2840180.03
May 16 2023,EUL,$1.82,0,17486349.69,8455304.17,6193281.74,2837763.78
May 14 2023,EUL,$1.74,0,17440378.25,8421482.95,6183547.78,2835347.53
May 13 2023,EUL,$1.77,0,17417392.54,8404572.34,6178680.80,2834139.40
May 11 2023,EUL,$2.02,0,17371421.11,8370751.13,6168946.83,2831723.15
May 09 2023,EUL,$1.95,0,17192870.68,8336929.91,6159212.87,2696727.90
May 07 2023,EUL,$1.95,0,17146899.25,8303108.69,6149478.91,2694311.65
May 05 2023,EUL,$2.47,0,17100927.82,8269287.48,6139744.94,2691895.40
May 03 2023,EUL,$2.50,0,17054956.39,8235466.26,6130010.98,2689479.15
May 02 2023,EUL,$2.32,0,17031970.67,8218555.65,6125144.00,2688271.02
Apr 30 2023,EUL,$2.65,0,16985999.24,8184734.43,6115410.04,2685854.77
Apr 28 2023,EUL,$2.69,0,16940027.81,8150913.22,6105676.07,2683438.52
Apr 26 2023,EUL,$2.74,0,16894056.38,8117092.00,6095942.11,2681022.27
Apr 24 2023,EUL,$2.41,0,16721508.95,8083270.78,6086208.15,2552030.02
Apr 22 2023,EUL,$2.59,0,16675537.52,8049449.57,6076474.19,2549613.76
Apr 21 2023,EUL,$2.77,0,16652551.80,8032538.96,6071607.20,2548405.64
Apr 19 2023,EUL,$3.25,0,16606580.37,7998717.74,6061873.24,2545989.39
Apr 17 2023,EUL,$3.44,0,16560608.94,7964896.53,6052139.28,2543573.14
Apr 15 2023,EUL,$3.54,0,16514637.51,7931075.31,6042405.31,2541156.89
Apr 13 2023,EUL,$3.51,0,16468666.08,7897254.09,6032671.35,2538740.63
Apr 12 2023,EUL,$3.49,0,16445680.36,7880343.48,6027804.37,2537532.51
Apr 10 2023,EUL,$3.55,0,16279358.93,7846522.27,6018070.41,2414766.26
Apr 08 2023,EUL,$3.66,0,16233387.50,7812701.05,6008336.44,2412350.01
Apr 06 2023,EUL,$3.71,0,16187416.07,7778879.83,5998602.48,2409933.76
Apr 04 2023,EUL,$3.35,0,16141444.64,7745058.62,5988868.52,2407517.50
Apr 02 2023,EUL,$3.54,0,16095473.21,7711237.40,5979134.56,2405101.25
Apr 01 2023,EUL,$3.68,0,16072487.49,7694326.79,5974267.57,2403893.13
Mar 30 2023,EUL,$3.83,0,16026516.06,7660505.58,5964533.61,2401476.88
Mar 28 2023,EUL,$3.77,0,15866516.63,7626684.36,5954799.65,2285032.63
Mar 26 2023,EUL,$3.66,0,15820545.20,7592863.14,5945065.69,2282616.37
Mar 24 2023,EUL,$2.89,0,15774573.77,7559041.93,5935331.72,2280200.12
Mar 22 2023,EUL,$3.29,0,15728602.34,7525220.71,5925597.76,2277783.87
Mar 21 2023,EUL,$3.29,0,15705616.62,7508310.10,5920730.78,2276575.75
Mar 19 2023,EUL,$3.06,0,15659645.19,7474488.88,5910996.81,2274159.50
Mar 17 2023,EUL,$2.06,0,15613673.76,7440667.67,5901262.85,2271743.24
Mar 15 2023,EUL,$2.68,0,15567702.33,7406846.45,5891528.89,2269326.99
Mar 13 2023,EUL,$6.50,0,15414007.90,7373025.23,5881794.93,2159187.74
Mar 11 2023,EUL,$6.29,0,15368036.47,7339204.02,5872060.96,2156771.49
Mar 10 2023,EUL,$7.17,0,15345050.76,7322293.41,5867193.98,2155563.37
Mar 08 2023,EUL,$7.42,0,15299079.32,7288472.19,5857460.02,2153147.11
Mar 06 2023,EUL,$7.44,0,15253107.89,7254650.98,5847726.06,2150730.86
Mar 04 2023,EUL,$7.89,0,15207136.46,7220829.76,5837992.09,2148314.61
Mar 02 2023,EUL,$8.06,0,15161165.03,7187008.54,5828258.13,2145898.36
Mar 01 2023,EUL,$8.66,0,15138179.32,7170097.93,5823391.15,2144690.24
Feb 27 2023,EUL,$6.93,0,14990674.89,7136276.72,5813657.19,2040740.98
Feb 25 2023,EUL,$7.28,0,14944703.46,7102455.50,5803923.22,2038324.73
Feb 23 2023,EUL,$6.77,0,14898732.02,7068634.28,5794189.26,2035908.48
Feb 21 2023,EUL,$6.51,0,14852760.59,7034813.07,5784455.30,2033492.23
Feb 19 2023,EUL,$6.43,0,14806789.16,7000991.85,5774721.33,2031075.98
Feb 18 2023,EUL,$6.49,0,14783803.45,6984081.24,5769854.35,2029867.85
Feb 16 2023,EUL,$6.76,0,14737832.02,6950260.03,5760120.39,2027451.60
Feb 14 2023,EUL,$6.56,0,14691860.59,6916438.81,5750386.43,2025035.35
Feb 12 2023,EUL,$7.22,0,14550352.16,6882617.59,5740652.46,1927082.10
Feb 10 2023,EUL,$7.07,0,14504380.73,6848796.38,5730918.50,1924665.85
Feb 08 2023,EUL,$7.09,0,14458409.29,6814975.16,5721184.54,1922249.60
Feb 07 2023,EUL,$6.82,0,14435423.58,6798064.55,5716317.56,1921041.47
Feb 05 2023,EUL,$6.19,0,14389452.15,6764243.33,5706583.59,1918625.22
Feb 03 2023,EUL,$5.95,0,14343480.72,6730422.12,5696849.63,1916208.97
Feb 01 2023,EUL,$5.31,0,14297509.29,6696600.90,5687115.67,1913792.72
Jan 30 2023,EUL,$5.47,0,14161741.86,6662779.68,5677381.70,1821580.47
Jan 29 2023,EUL,$5.33,0,14138756.14,6645869.08,5672514.72,1820372.34
Jan 27 2023,EUL,$5.19,0,14092784.71,6612047.86,5662780.76,1817956.09
Jan 25 2023,EUL,$5.21,0,14046813.28,6578226.64,5653046.80,1815539.84
Jan 23 2023,EUL,$4.30,0,14000841.85,6544405.43,5643312.83,1813123.59
Jan 21 2023,EUL,$4.36,0,13954870.42,6510584.21,5633578.87,1810707.34
Jan 19 2023,EUL,$4.36,0,13908898.99,6476762.99,5623844.91,1808291.09
Jan 18 2023,EUL,$4.68,0,13885913.27,6459852.38,5618977.93,1807082.96
Jan 16 2023,EUL,$4.44,0,13755584.84,6426031.17,5609243.96,1720309.71
Jan 14 2023,EUL,$3.85,0,13709613.41,6392209.95,5599510.00,1717893.46
Jan 12 2023,EUL,$3.78,0,13663641.98,6358388.73,5589776.04,1715477.21
Jan 10 2023,EUL,$3.59,0,13617670.55,6324567.52,5580042.07,1713060.96
Jan 08 2023,EUL,$3.36,0,13571699.12,6290746.30,5570308.11,1710644.71
Jan 07 2023,EUL,$3.40,0,13548713.40,6273835.69,5565441.13,1709436.58
Jan 05 2023,EUL,$3.59,0,13502741.97,6240014.48,5555707.17,1707020.33
Jan 03 2023,EUL,$3.86,0,13377520.54,6206193.26,5545973.20,1625354.08
Jan 01 2023,EUL,$3.44,0,13331549.11,6172372.04,5536239.24,1622937.83
Dec 30 2022,EUL,$3.79,0,13285577.68,6138550.83,5526505.28,1620521.58
Dec 28 2022,EUL,$3.90,0,13239606.25,6104729.61,5516771.31,1618105.33
Dec 27 2022,EUL,$3.86,0,13216620.53,6087819.00,5511904.33,1616897.20
Dec 25 2022,EUL,$3.83,0,13170649.10,6053997.78,5502170.37,1614480.95
Dec 23 2022,EUL,$3.91,0,13124677.67,6020176.57,5492436.41,1612064.70
Dec 21 2022,EUL,$4.15,0,13078706.24,5986355.35,5482702.44,1609648.45
Dec 19 2022,EUL,$3.97,0,12958239.81,5952534.13,5472968.48,1532737.20
Dec 18 2022,EUL,$4.12,0,12935254.10,5935623.53,5468101.50,1531529.07
Dec 16 2022,EUL,$4.30,0,12889282.66,5901802.31,5458367.54,1529112.82
Dec 14 2022,EUL,$4.44,0,12843311.23,5867981.09,5448633.57,1526696.57
Dec 12 2022,EUL,$4.37,0,12797339.80,5834159.88,5438899.61,1524280.32
Dec 10 2022,EUL,$4.40,0,12751368.37,5800338.66,5429165.65,1521864.07
Dec 08 2022,EUL,$4.50,0,12705396.94,5766517.44,5419431.69,1519447.81
Dec 07 2022,EUL,$5.12,0,12682411.23,5749606.83,5414564.70,1518239.69
Dec 05 2022,EUL,$5.38,0,12566341.80,5715785.62,5404830.74,1445725.44
Dec 03 2022,EUL,$5.96,0,12520370.36,5681964.40,5395096.78,1443309.19
Dec 01 2022,EUL,$4.98,0,12474398.93,5648143.18,5385362.81,1440892.94
Nov 29 2022,EUL,$4.98,0,12428427.50,5614321.97,5375628.85,1438476.68
Nov 27 2022,EUL,$4.44,0,12382456.07,5580500.75,5365894.89,1436060.43
Nov 26 2022,EUL,$4.44,0,12359470.36,5563590.14,5361027.91,1434852.31
Nov 24 2022,EUL,$4.49,0,12313498.93,5529768.93,5351293.94,1432436.06
Nov 22 2022,EUL,$4.00,0,12201471.50,5495947.71,5341559.98,1363963.81
Nov 20 2022,EUL,$4.87,0,12155500.06,5462126.49,5331826.02,1361547.55
Nov 18 2022,EUL,$4.81,0,12109528.63,5428305.28,5322092.06,1359131.30
Nov 16 2022,EUL,$5.25,0,12063557.20,5394484.06,5312358.09,1356715.05
Nov 15 2022,EUL,$5.31,0,12040571.49,5377573.45,5307491.11,1355506.93
Nov 13 2022,EUL,$5.17,0,11994600.06,5343752.23,5297757.15,1353090.68
Nov 11 2022,EUL,$7.06,0,11948628.63,5309931.02,5288023.19,1350674.42
Nov 09 2022,EUL,$6.79,0,11902657.20,5276109.80,5278289.22,1348258.17
Nov 07 2022,EUL,$8.44,0,11794323.76,5242288.58,5268555.26,1283479.92
Nov 06 2022,EUL,$8.36,0,11771338.05,5225377.98,5263688.28,1282271.80
Nov 04 2022,EUL,$7.92,0,11725366.62,5191556.76,5253954.31,1279855.55
Nov 02 2022,EUL,$7.35,0,11679395.19,5157735.54,5244220.35,1277439.29
Oct 31 2022,EUL,$6.90,0,11633423.76,5123914.33,5234486.39,1275023.04
Oct 29 2022,EUL,$6.60,0,11587452.33,5090093.11,5224752.43,1272606.79
Oct 27 2022,EUL,$6.66,0,11541480.90,5056271.89,5215018.46,1270190.54
Oct 26 2022,EUL,$7.36,0,11518495.18,5039361.28,5210151.48,1268982.42
Oct 24 2022,EUL,$6.68,0,11413519.75,5005540.07,5200417.52,1207562.16
Oct 22 2022,EUL,$7.03,0,11367548.32,4971718.85,5190683.56,1205145.91
Oct 20 2022,EUL,$6.77,0,11321576.89,4937897.63,5180949.59,1202729.66
Oct 18 2022,EUL,$7.28,0,11275605.46,4904076.42,5171215.63,1200313.41
Oct 16 2022,EUL,$6.13,0,11229634.03,4870255.20,5161481.67,1197897.16
Oct 15 2022,EUL,$5.82,0,11206648.31,4853344.59,5156614.69,1196689.03
Oct 13 2022,EUL,$6.01,0,11160676.88,4819523.38,5146880.72,1194272.78
Oct 11 2022,EUL,$6.31,0,11058742.45,4785702.16,5137146.76,1135893.53
Oct 09 2022,EUL,$6.39,0,11012771.02,4751880.94,5127412.80,1133477.28
Oct 07 2022,EUL,$6.06,0,10966799.59,4718059.73,5117678.83,1131061.03
Oct 05 2022,EUL,$6.02,0,10920828.16,4684238.51,5107944.87,1128644.78
Oct 04 2022,EUL,$6.14,0,10897842.44,4667327.90,5103077.89,1127436.65
Oct 02 2022,EUL,$6.36,0,10851871.01,4633506.68,5093343.93,1125020.40
Sep 30 2022,EUL,$6.60,0,10805899.58,4599685.47,5083609.96,1122604.15
Sep 28 2022,EUL,$7.71,0,10759928.15,4565864.25,5073876.00,1120187.90
Sep 26 2022,EUL,$7.60,0,10660737.72,4532043.03,5064142.04,1064552.65
Sep 25 2022,EUL,$6.23,0,10637752.00,4515132.43,5059275.06,1063344.52
Sep 23 2022,EUL,$7.28,0,10591780.57,4481311.21,5049541.09,1060928.27
Sep 21 2022,EUL,$7.80,0,10545809.14,4447489.99,5039807.13,1058512.02
Sep 19 2022,EUL,$9.71,0,10499837.71,4413668.78,5030073.17,1056095.77
Sep 17 2022,EUL,$8.27,0,10453866.28,4379847.56,5020339.20,1053679.52
Sep 15 2022,EUL,$9.68,0,10407894.85,4346026.34,5010605.24,1051263.27
Sep 14 2022,EUL,$9.53,0,10384909.13,4329115.73,5005738.26,1050055.14
Sep 12 2022,EUL,$11.97,0,10288185.70,4295294.52,4996004.30,996886.89
Sep 10 2022,EUL,$10.37,0,10242214.27,4261473.30,4986270.33,994470.64
Sep 08 2022,EUL,$9.66,0,10196242.84,4227652.08,4976536.37,992054.39
Sep 06 2022,EUL,$8.76,0,10150271.41,4193830.87,4966802.41,989638.14
Sep 04 2022,EUL,$7.81,0,10104299.98,4160009.65,4957068.44,987221.89
Sep 03 2022,EUL,$7.49,0,10081314.27,4143099.04,4952201.46,986013.76
Sep 01 2022,EUL,$7.82,0,10035342.84,4109277.83,4942467.50,983597.51
Aug 30 2022,EUL,$6.84,0,9989371.40,4075456.61,4932733.54,981181.26
Aug 28 2022,EUL,$7.18,0,9943399.97,4041635.39,4922999.57,978765.01
Aug 26 2022,EUL,$7.83,0,9848886.54,4007814.18,4913265.61,927806.76
Aug 25 2022,EUL,$7.17,0,9825900.83,3990903.57,4908398.63,926598.63
Aug 23 2022,EUL,$6.21,0,9779929.40,3957082.35,4898664.67,924182.38
Aug 21 2022,EUL,$6.04,0,9733957.97,3923261.13,4888930.70,921766.13
Aug 19 2022,EUL,$6.98,0,9687986.54,3889439.92,4879196.74,919349.88
Aug 17 2022,EUL,$6.98,0,9642015.10,3855618.70,4869462.78,916933.63
Aug 15 2022,EUL,$6.45,0,9596043.67,3821797.48,4859728.81,914517.38
Aug 14 2022,EUL,$6.40,0,9573057.96,3804886.88,4854861.83,913309.25
Aug 12 2022,EUL,$6.52,0,9527086.53,3771065.66,4845127.87,910893.00
Aug 10 2022,EUL,$5.99,0,9434551.10,3737244.44,4835393.91,861912.75
Aug 08 2022,EUL,$5.94,0,9388579.67,3703423.23,4825659.94,859496.50
Aug 06 2022,EUL,$5.88,0,9342608.24,3669602.01,4815925.98,857080.25
Aug 04 2022,EUL,$6.16,0,9296636.80,3635780.79,4806192.02,854663.99
Aug 03 2022,EUL,$3.89,0,9273651.09,3618870.18,4801325.04,853455.87
Aug 01 2022,EUL,$3.51,0,9227679.66,3585048.97,4791591.07,851039.62
Jul 30 2022,EUL,$3.95,0,9181708.23,3551227.75,4781857.11,848623.37
Jul 28 2022,EUL,$3.38,0,9135736.80,3517406.53,4772123.15,846207.12
Jul 26 2022,EUL,$3.43,0,9044964.37,3483585.32,4762389.19,798989.86
Jul 24 2022,EUL,$3.72,0,8998992.94,3449764.10,4752655.22,796573.61
Jul 23 2022,EUL,$3.85,0,8976007.22,3432853.49,4747788.24,795365.49
Jul 21 2022,EUL,$3.25,0,8930035.79,3399032.28,4738054.28,792949.24
Jul 19 2022,EUL,$3.63,0,8884064.36,3365211.06,4728320.31,790532.99
Jul 17 2022,EUL,$3.94,0,8838092.93,3331389.84,4718586.35,788116.73
Jul 15 2022,EUL,$3.62,0,8792121.50,3297568.63,4708852.39,785700.48
Jul 14 2022,EUL,$3.45,0,8769135.78,3280658.02,4703985.41,784492.36
Jul 12 2022,EUL,$3.24,0,8723164.35,3246836.80,4694251.44,782076.11
Jul 10 2022,EUL,$3.57,0,8633961.92,3213015.58,4684517.48,736428.86
Jul 08 2022,EUL,$3.76,0,8587990.49,3179194.37,4674783.52,734012.60
Jul 06 2022,EUL,$3.64,0,8542019.06,3145373.15,4665049.56,731596.35
Jul 04 2022,EUL,$3.65,0,8496047.63,3111551.93,4655315.59,729180.10
Jul 03 2022,EUL,$3.80,0,8473061.91,3094641.33,4650448.61,727971.98
Jul 01 2022,EUL,$3.28,0,8427090.48,3060820.11,4640714.65,725555.73
Jun 29 2022,EUL,$3.57,0,8381119.05,3026998.89,4630980.69,723139.47
Jun 27 2022,EUL,$3.56,0,8335147.62,2993177.68,4621246.72,720723.22
Jun 25 2022,EUL,$4.11,0,8247340.19,2959356.46,4611512.76,676470.97
Jun 23 2022,EUL,0,0,8201368.76,2925535.24,4601778.80,674054.72
Jun 22 2022,EUL,0,0,7906555.04,2908624.63,4596911.81,401018.60
Jun 20 2022,EUL,0,0,7860583.61,2874803.42,4587177.85,398602.34
Jun 18 2022,EUL,0,0,7814612.18,2840982.20,4577443.89,396186.09
Jun 16 2022,EUL,0,0,7768640.75,2807160.98,4567709.93,393769.84
Jun 14 2022,EUL,0,0,7722669.32,2773339.77,4557975.96,391353.59
Jun 12 2022,EUL,0,0,7676697.89,2739518.55,4548242.00,388937.34
Jun 11 2022,EUL,0,0,7653712.17,2722607.94,4543375.02,387729.21
Jun 09 2022,EUL,0,0,7607740.74,2688786.73,4533641.06,385312.96
Jun 07 2022,EUL,0,0,7521170.31,2654965.51,4523907.09,342297.71
Jun 05 2022,EUL,0,0,7475198.88,2621144.29,4514173.13,339881.46
Jun 03 2022,EUL,0,0,7429227.45,2587323.08,4504439.17,337465.21
Jun 02 2022,EUL,0,0,7406241.74,2570412.47,4499572.19,336257.08
May 31 2022,EUL,0,0,7360270.31,2536591.25,4489838.22,333840.83
May 29 2022,EUL,0,0,7314298.87,2502770.03,4480104.26,331424.58
May 27 2022,EUL,0,0,7268327.44,2468948.82,4470370.30,329008.33
May 25 2022,EUL,0,0,7222356.01,2435127.60,4460636.33,326592.08
May 23 2022,EUL,0,0,7176384.58,2401306.38,4450902.37,324175.83
May 22 2022,EUL,0,0,7113896.87,2384395.78,4446035.39,283465.70
May 20 2022,EUL,0,0,7067925.44,2350574.56,4436301.43,281049.45
May 18 2022,EUL,0,0,7021954.01,2316753.34,4426567.46,278633.20
May 16 2022,EUL,0,0,6975982.58,2282932.13,4416833.50,276216.95
May 14 2022,EUL,0,0,6930011.14,2249110.91,4407099.54,273800.70
May 12 2022,EUL,0,0,6884039.71,2215289.69,4397365.57,271384.45
May 11 2022,EUL,0,0,6861054.00,2198379.08,4392498.59,270176.32
May 09 2022,EUL,0,0,6815082.57,2164557.87,4382764.63,267760.07
May 07 2022,EUL,0,0,6769111.14,2130736.65,4373030.67,265343.82
May 05 2022,EUL,0,0,6684608.71,2096915.43,4363296.70,224396.57
May 03 2022,EUL,0,0,6638637.28,2063094.22,4353562.74,221980.32
May 01 2022,EUL,0,0,6592665.84,2029273.00,4343828.78,219564.07
Apr 30 2022,EUL,0,0,6569680.13,2012362.39,4338961.80,218355.94
Apr 28 2022,EUL,0,0,6523708.70,1978541.18,4329227.83,215939.69
Apr 26 2022,EUL,0,0,6477737.27,1944719.96,4319493.87,213523.44
Apr 24 2022,EUL,0,0,6431765.84,1910898.74,4309759.91,211107.19
Apr 22 2022,EUL,0,0,6385794.41,1877077.53,4300025.94,208690.94
Apr 21 2022,EUL,0,0,6362808.69,1860166.92,4295158.96,207482.81
Apr 19 2022,EUL,0,0,6279164.26,1826345.70,4285425.00,167393.56
Apr 17 2022,EUL,0,0,6233192.83,1792524.48,4275691.04,164977.31
Apr 15 2022,EUL,0,0,6187221.40,1758703.27,4265957.07,162561.06
Apr 13 2022,EUL,0,0,6141249.97,1724882.05,4256223.11,160144.81
Apr 11 2022,EUL,0,0,6095278.54,1691060.83,4246489.15,157728.56
Apr 10 2022,EUL,0,0,6072292.82,1674150.23,4241622.17,156520.43
Apr 08 2022,EUL,0,0,6026321.39,1640329.01,4231888.20,154104.18
Apr 06 2022,EUL,0,0,5980349.96,1606507.79,4222154.24,151687.93
Apr 04 2022,EUL,0,0,5897462.53,1572686.58,4212420.28,112355.68
Apr 02 2022,EUL,0,0,5851491.10,1538865.36,4202686.31,109939.43
Mar 31 2022,EUL,0,0,5805519.67,1505044.14,4192952.35,107523.17
Mar 30 2022,EUL,0,0,5782533.95,1488133.53,4188085.37,106315.05
Mar 28 2022,EUL,0,0,5736562.52,1454312.32,4178351.41,103898.80
Mar 26 2022,EUL,0,0,5690591.09,1420491.10,4168617.44,101482.55
Mar 24 2022,EUL,0,0,5644619.66,1386669.88,4158883.48,99066.30
Mar 22 2022,EUL,0,0,5598648.23,1352848.67,4149149.52,96650.04
Mar 21 2022,EUL,0,0,5575662.51,1335938.06,4144282.54,95441.92
Mar 19 2022,EUL,0,0,5529691.08,1302116.84,4134548.57,93025.67
Mar 17 2022,EUL,0,0,5483719.65,1268295.63,4124814.61,90609.42
Mar 15 2022,EUL,0,0,5437748.22,1234474.41,4115080.65,88193.17
Mar 13 2022,EUL,0,0,5391776.79,1200653.19,4105346.69,85776.91
Mar 11 2022,EUL,0,0,5345805.36,1166831.98,4095612.72,83360.66
Mar 10 2022,EUL,0,0,5322819.65,1149921.37,4090745.74,82152.54
Mar 08 2022,EUL,0,0,5276848.21,1116100.15,4081011.78,79736.29
Mar 06 2022,EUL,0,0,5230876.78,1082278.93,4071277.81,77320.04
Mar 04 2022,EUL,0,0,5184905.35,1048457.72,4061543.85,74903.78
Mar 02 2022,EUL,0,0,5138933.92,1014636.50,4051809.89,72487.53
Feb 28 2022,EUL,0,0,5092962.49,980815.28,4042075.93,70071.28
Feb 27 2022,EUL,0,0,5069976.78,963904.68,4037208.94,68863.16
Feb 25 2022,EUL,0,0,5024005.35,930083.46,4027474.98,66446.91
Feb 23 2022,EUL,0,0,4978033.91,896262.24,4017741.02,64030.65
Feb 21 2022,EUL,0,0,4932062.48,862441.03,4008007.06,61614.40
Feb 19 2022,EUL,0,0,4886091.05,828619.81,3998273.09,59198.15
Feb 17 2022,EUL,0,0,4840119.62,794798.59,3988539.13,56781.90
Feb 16 2022,EUL,0,0,4817133.91,777887.98,3983672.15,55573.78
Feb 14 2022,EUL,0,0,4771162.48,744066.77,3973938.19,53157.52
Feb 12 2022,EUL,0,0,4725191.05,710245.55,3964204.22,50741.27
Feb 10 2022,EUL,0,0,4679219.61,676424.33,3954470.26,48325.02
Feb 08 2022,EUL,0,0,4633248.18,642603.12,3944736.30,45908.77
Feb 07 2022,EUL,0,0,4610262.47,625692.51,3939869.31,44700.65
Feb 05 2022,EUL,0,0,4564291.04,591871.29,3930135.35,42284.39
Feb 03 2022,EUL,0,0,4518319.61,558050.08,3920401.39,39868.14
Feb 01 2022,EUL,0,0,4472348.18,524228.86,3910667.43,37451.89
Jan 30 2022,EUL,0,0,4426376.75,490407.64,3900933.46,35035.64
Jan 28 2022,EUL,0,0,4380405.32,456586.43,3891199.50,32619.39
Jan 27 2022,EUL,0,0,4357419.60,439675.82,3886332.52,31411.26
Jan 25 2022,EUL,0,0,4311448.17,405854.60,3876598.56,28995.01
Jan 23 2022,EUL,0,0,4265476.74,372033.38,3866864.59,26578.76
Jan 21 2022,EUL,0,0,4219505.31,338212.17,3857130.63,24162.51
Jan 19 2022,EUL,0,0,4173533.88,304390.95,3847396.67,21746.26
Jan 17 2022,EUL,0,0,4127562.45,270569.73,3837662.70,19330.01
Jan 16 2022,EUL,0,0,4104576.73,253659.13,3832795.72,18121.88
Jan 14 2022,EUL,0,0,4058605.30,219837.91,3823061.76,15705.63
Jan 12 2022,EUL,0,0,4012633.87,186016.69,3813327.80,13289.38
Jan 10 2022,EUL,0,0,3966662.44,152195.48,3803593.83,10873.13
Jan 08 2022,EUL,0,0,3920691.01,118374.26,3793859.87,8456.88
Jan 06 2022,EUL,0,0,3874719.58,84553.04,3784125.91,6040.63
Jan 05 2022,EUL,0,0,3851733.86,67642.43,3779258.93,4832.50
Jan 03 2022,EUL,0,0,3805762.43,33821.22,3769524.96,2416.25
Jan 01 2022,EUL,0,0,3759791.00,0,3759791.00,0
