Date,Symbol,Price,Available Supply,Unlocked Supply,Reserved,Community & Other
Dec 09 2028,GMX,0,13250000.00,13250000.00,3000000.00,10250000.00
Dec 06 2028,GMX,0,13250000.00,13250000.00,3000000.00,10250000.00
Dec 03 2028,GMX,0,13250000.00,13250000.00,3000000.00,10250000.00
Nov 29 2028,GMX,0,13250000.00,13250000.00,3000000.00,10250000.00
Nov 26 2028,GMX,0,13250000.00,13250000.00,3000000.00,10250000.00
Nov 23 2028,GMX,0,13250000.00,13250000.00,3000000.00,10250000.00
Nov 20 2028,GMX,0,13250000.00,13250000.00,3000000.00,10250000.00
Nov 17 2028,GMX,0,13250000.00,13250000.00,3000000.00,10250000.00
Nov 13 2028,GMX,0,13250000.00,13250000.00,3000000.00,10250000.00
Nov 10 2028,GMX,0,13250000.00,13250000.00,3000000.00,10250000.00
Nov 07 2028,GMX,0,13250000.00,13250000.00,3000000.00,10250000.00
Nov 04 2028,GMX,0,13250000.00,13250000.00,3000000.00,10250000.00
Nov 01 2028,GMX,0,13250000.00,13250000.00,3000000.00,10250000.00
Oct 28 2028,GMX,0,13250000.00,13250000.00,3000000.00,10250000.00
Oct 25 2028,GMX,0,13250000.00,13250000.00,3000000.00,10250000.00
Oct 22 2028,GMX,0,13250000.00,13250000.00,3000000.00,10250000.00
Oct 19 2028,GMX,0,13250000.00,13250000.00,3000000.00,10250000.00
Oct 16 2028,GMX,0,13250000.00,13250000.00,3000000.00,10250000.00
Oct 12 2028,GMX,0,13250000.00,13250000.00,3000000.00,10250000.00
Oct 09 2028,GMX,0,13250000.00,13250000.00,3000000.00,10250000.00
Oct 06 2028,GMX,0,13250000.00,13250000.00,3000000.00,10250000.00
Oct 03 2028,GMX,0,13250000.00,13250000.00,3000000.00,10250000.00
Sep 30 2028,GMX,0,13250000.00,13250000.00,3000000.00,10250000.00
Sep 26 2028,GMX,0,13250000.00,13250000.00,3000000.00,10250000.00
Sep 23 2028,GMX,0,13250000.00,13250000.00,3000000.00,10250000.00
Sep 20 2028,GMX,0,13250000.00,13250000.00,3000000.00,10250000.00
Sep 17 2028,GMX,0,13250000.00,13250000.00,3000000.00,10250000.00
Sep 14 2028,GMX,0,13250000.00,13250000.00,3000000.00,10250000.00
Sep 10 2028,GMX,0,13250000.00,13250000.00,3000000.00,10250000.00
Sep 07 2028,GMX,0,13249193.55,13249193.55,3000000.00,10249193.55
Sep 04 2028,GMX,0,13247983.87,13247983.87,3000000.00,10247983.87
Sep 01 2028,GMX,0,13246774.19,13246774.19,3000000.00,10246774.19
Aug 29 2028,GMX,0,13245564.52,13245564.52,3000000.00,10245564.52
Aug 25 2028,GMX,0,13243951.61,13243951.61,3000000.00,10243951.61
Aug 22 2028,GMX,0,13242741.94,13242741.94,3000000.00,10242741.94
Aug 19 2028,GMX,0,13241532.26,13241532.26,3000000.00,10241532.26
Aug 16 2028,GMX,0,13240322.58,13240322.58,3000000.00,10240322.58
Aug 13 2028,GMX,0,13239112.90,13239112.90,3000000.00,10239112.90
Aug 09 2028,GMX,0,13237500.00,13237500.00,3000000.00,10237500.00
Aug 06 2028,GMX,0,13236290.32,13236290.32,3000000.00,10236290.32
Aug 03 2028,GMX,0,13235080.65,13235080.65,3000000.00,10235080.65
Jul 31 2028,GMX,0,13233870.97,13233870.97,3000000.00,10233870.97
Jul 28 2028,GMX,0,13232661.29,13232661.29,3000000.00,10232661.29
Jul 24 2028,GMX,0,13231048.39,13231048.39,3000000.00,10231048.39
Jul 21 2028,GMX,0,13229838.71,13229838.71,3000000.00,10229838.71
Jul 18 2028,GMX,0,13228629.03,13228629.03,3000000.00,10228629.03
Jul 15 2028,GMX,0,13227419.35,13227419.35,3000000.00,10227419.35
Jul 12 2028,GMX,0,13226209.68,13226209.68,3000000.00,10226209.68
Jul 08 2028,GMX,0,13224583.33,13224583.33,3000000.00,10224583.33
Jul 05 2028,GMX,0,13223333.33,13223333.33,3000000.00,10223333.33
Jul 02 2028,GMX,0,13222083.33,13222083.33,3000000.00,10222083.33
Jun 29 2028,GMX,0,13220833.33,13220833.33,3000000.00,10220833.33
Jun 26 2028,GMX,0,13219583.33,13219583.33,3000000.00,10219583.33
Jun 22 2028,GMX,0,13217916.67,13217916.67,3000000.00,10217916.67
Jun 19 2028,GMX,0,13216666.67,13216666.67,3000000.00,10216666.67
Jun 16 2028,GMX,0,13215416.67,13215416.67,3000000.00,10215416.67
Jun 13 2028,GMX,0,13214166.67,13214166.67,3000000.00,10214166.67
Jun 10 2028,GMX,0,13212916.67,13212916.67,3000000.00,10212916.67
Jun 06 2028,GMX,0,13211290.32,13211290.32,3000000.00,10211290.32
Jun 03 2028,GMX,0,13210080.65,13210080.65,3000000.00,10210080.65
May 31 2028,GMX,0,13208870.97,13208870.97,3000000.00,10208870.97
May 28 2028,GMX,0,13207661.29,13207661.29,3000000.00,10207661.29
May 25 2028,GMX,0,13206451.61,13206451.61,3000000.00,10206451.61
May 21 2028,GMX,0,13204838.71,13204838.71,3000000.00,10204838.71
May 18 2028,GMX,0,13203629.03,13203629.03,3000000.00,10203629.03
May 15 2028,GMX,0,13202419.35,13202419.35,3000000.00,10202419.35
May 12 2028,GMX,0,13201209.68,13201209.68,3000000.00,10201209.68
May 09 2028,GMX,0,13200000.00,13200000.00,3000000.00,10200000.00
May 05 2028,GMX,0,13198333.33,13198333.33,3000000.00,10198333.33
May 02 2028,GMX,0,13197083.33,13197083.33,3000000.00,10197083.33
Apr 29 2028,GMX,0,13195833.33,13195833.33,3000000.00,10195833.33
Apr 26 2028,GMX,0,13194583.33,13194583.33,3000000.00,10194583.33
Apr 23 2028,GMX,0,13193333.33,13193333.33,3000000.00,10193333.33
Apr 19 2028,GMX,0,13191666.67,13191666.67,3000000.00,10191666.67
Apr 16 2028,GMX,0,13190416.67,13190416.67,3000000.00,10190416.67
Apr 13 2028,GMX,0,13189166.67,13189166.67,3000000.00,10189166.67
Apr 10 2028,GMX,0,13187916.67,13187916.67,3000000.00,10187916.67
Apr 07 2028,GMX,0,13186693.55,13186693.55,3000000.00,10186693.55
Apr 03 2028,GMX,0,13185080.65,13185080.65,3000000.00,10185080.65
Mar 31 2028,GMX,0,13183870.97,13183870.97,3000000.00,10183870.97
Mar 28 2028,GMX,0,13182661.29,13182661.29,3000000.00,10182661.29
Mar 25 2028,GMX,0,13181451.61,13181451.61,3000000.00,10181451.61
Mar 22 2028,GMX,0,13180241.94,13180241.94,3000000.00,10180241.94
Mar 18 2028,GMX,0,13178629.03,13178629.03,3000000.00,10178629.03
Mar 15 2028,GMX,0,13177419.35,13177419.35,3000000.00,10177419.35
Mar 12 2028,GMX,0,13176209.68,13176209.68,3000000.00,10176209.68
Mar 09 2028,GMX,0,13175000.00,13175000.00,3000000.00,10175000.00
Mar 06 2028,GMX,0,13173706.90,13173706.90,3000000.00,10173706.90
Mar 02 2028,GMX,0,13171982.76,13171982.76,3000000.00,10171982.76
Feb 28 2028,GMX,0,13170689.66,13170689.66,3000000.00,10170689.66
Feb 25 2028,GMX,0,13169396.55,13169396.55,3000000.00,10169396.55
Feb 22 2028,GMX,0,13168103.45,13168103.45,3000000.00,10168103.45
Feb 19 2028,GMX,0,13166810.34,13166810.34,3000000.00,10166810.34
Feb 15 2028,GMX,0,13165086.21,13165086.21,3000000.00,10165086.21
Feb 12 2028,GMX,0,13163793.10,13163793.10,3000000.00,10163793.10
Feb 09 2028,GMX,0,13162500.00,13162500.00,3000000.00,10162500.00
Feb 06 2028,GMX,0,13161290.32,13161290.32,3000000.00,10161290.32
Feb 03 2028,GMX,0,13160080.65,13160080.65,3000000.00,10160080.65
Jan 30 2028,GMX,0,13158467.74,13158467.74,3000000.00,10158467.74
Jan 27 2028,GMX,0,13157258.06,13157258.06,3000000.00,10157258.06
Jan 24 2028,GMX,0,13156048.39,13156048.39,3000000.00,10156048.39
Jan 21 2028,GMX,0,13154838.71,13154838.71,3000000.00,10154838.71
Jan 18 2028,GMX,0,13153629.03,13153629.03,3000000.00,10153629.03
Jan 14 2028,GMX,0,13152016.13,13152016.13,3000000.00,10152016.13
Jan 11 2028,GMX,0,13150806.45,13150806.45,3000000.00,10150806.45
Jan 08 2028,GMX,0,13149596.77,13149596.77,3000000.00,10149596.77
Jan 05 2028,GMX,0,13148387.10,13148387.10,3000000.00,10148387.10
Jan 02 2028,GMX,0,13147177.42,13147177.42,3000000.00,10147177.42
Dec 29 2027,GMX,0,13145564.52,13145564.52,3000000.00,10145564.52
Dec 26 2027,GMX,0,13144354.84,13144354.84,3000000.00,10144354.84
Dec 23 2027,GMX,0,13143145.16,13143145.16,3000000.00,10143145.16
Dec 20 2027,GMX,0,13141935.48,13141935.48,3000000.00,10141935.48
Dec 17 2027,GMX,0,13140725.81,13140725.81,3000000.00,10140725.81
Dec 13 2027,GMX,0,13139112.90,13139112.90,3000000.00,10139112.90
Dec 10 2027,GMX,0,13137903.23,13137903.23,3000000.00,10137903.23
Dec 07 2027,GMX,0,13136666.67,13136666.67,3000000.00,10136666.67
Dec 04 2027,GMX,0,13135416.67,13135416.67,3000000.00,10135416.67
Dec 01 2027,GMX,0,13134166.67,13134166.67,3000000.00,10134166.67
Nov 27 2027,GMX,0,13132500.00,13132500.00,3000000.00,10132500.00
Nov 24 2027,GMX,0,13131250.00,13131250.00,3000000.00,10131250.00
Nov 21 2027,GMX,0,13130000.00,13130000.00,3000000.00,10130000.00
Nov 18 2027,GMX,0,13128750.00,13128750.00,3000000.00,10128750.00
Nov 15 2027,GMX,0,13127500.00,13127500.00,3000000.00,10127500.00
Nov 11 2027,GMX,0,13125833.33,13125833.33,3000000.00,10125833.33
Nov 08 2027,GMX,0,13124596.77,13124596.77,3000000.00,10124596.77
Nov 05 2027,GMX,0,13123387.10,13123387.10,3000000.00,10123387.10
Nov 02 2027,GMX,0,13122177.42,13122177.42,3000000.00,10122177.42
Oct 30 2027,GMX,0,13120967.74,13120967.74,3000000.00,10120967.74
Oct 26 2027,GMX,0,13119354.84,13119354.84,3000000.00,10119354.84
Oct 23 2027,GMX,0,13118145.16,13118145.16,3000000.00,10118145.16
Oct 20 2027,GMX,0,13116935.48,13116935.48,3000000.00,10116935.48
Oct 17 2027,GMX,0,13115725.81,13115725.81,3000000.00,10115725.81
Oct 14 2027,GMX,0,13114516.13,13114516.13,3000000.00,10114516.13
Oct 10 2027,GMX,0,13112903.23,13112903.23,3000000.00,10112903.23
Oct 07 2027,GMX,0,13111666.67,13111666.67,3000000.00,10111666.67
Oct 04 2027,GMX,0,13110416.67,13110416.67,3000000.00,10110416.67
Oct 01 2027,GMX,0,13109166.67,13109166.67,3000000.00,10109166.67
Sep 28 2027,GMX,0,13107916.67,13107916.67,3000000.00,10107916.67
Sep 24 2027,GMX,0,13106250.00,13106250.00,3000000.00,10106250.00
Sep 21 2027,GMX,0,13105000.00,13105000.00,3000000.00,10105000.00
Sep 18 2027,GMX,0,13103750.00,13103750.00,3000000.00,10103750.00
Sep 15 2027,GMX,0,13102500.00,13102500.00,3000000.00,10102500.00
Sep 12 2027,GMX,0,13101250.00,13101250.00,3000000.00,10101250.00
Sep 09 2027,GMX,0,13100000.00,13100000.00,3000000.00,10100000.00
Sep 05 2027,GMX,0,13098387.10,13098387.10,3000000.00,10098387.10
Sep 02 2027,GMX,0,13097177.42,13097177.42,3000000.00,10097177.42
Aug 30 2027,GMX,0,13095967.74,13095967.74,3000000.00,10095967.74
Aug 27 2027,GMX,0,13094758.06,13094758.06,3000000.00,10094758.06
Aug 24 2027,GMX,0,13093548.39,13093548.39,3000000.00,10093548.39
Aug 20 2027,GMX,0,13091935.48,13091935.48,3000000.00,10091935.48
Aug 17 2027,GMX,0,13090725.81,13090725.81,3000000.00,10090725.81
Aug 14 2027,GMX,0,13089516.13,13089516.13,3000000.00,10089516.13
Aug 11 2027,GMX,0,13088306.45,13088306.45,3000000.00,10088306.45
Aug 08 2027,GMX,0,13087096.77,13087096.77,3000000.00,10087096.77
Aug 04 2027,GMX,0,13085483.87,13085483.87,3000000.00,10085483.87
Aug 01 2027,GMX,0,13084274.19,13084274.19,3000000.00,10084274.19
Jul 29 2027,GMX,0,13083064.52,13083064.52,3000000.00,10083064.52
Jul 26 2027,GMX,0,13081854.84,13081854.84,3000000.00,10081854.84
Jul 23 2027,GMX,0,13080645.16,13080645.16,3000000.00,10080645.16
Jul 19 2027,GMX,0,13079032.26,13079032.26,3000000.00,10079032.26
Jul 16 2027,GMX,0,13077822.58,13077822.58,3000000.00,10077822.58
Jul 13 2027,GMX,0,13076612.90,13076612.90,3000000.00,10076612.90
Jul 10 2027,GMX,0,13075403.23,13075403.23,3000000.00,10075403.23
Jul 07 2027,GMX,0,13074166.67,13074166.67,3000000.00,10074166.67
Jul 03 2027,GMX,0,13072500.00,13072500.00,3000000.00,10072500.00
Jun 30 2027,GMX,0,13071250.00,13071250.00,3000000.00,10071250.00
Jun 27 2027,GMX,0,13070000.00,13070000.00,3000000.00,10070000.00
Jun 24 2027,GMX,0,13068750.00,13068750.00,3000000.00,10068750.00
Jun 21 2027,GMX,0,13067500.00,13067500.00,3000000.00,10067500.00
Jun 17 2027,GMX,0,13065833.33,13065833.33,3000000.00,10065833.33
Jun 14 2027,GMX,0,13064583.33,13064583.33,3000000.00,10064583.33
Jun 11 2027,GMX,0,13063333.33,13063333.33,3000000.00,10063333.33
Jun 08 2027,GMX,0,13062096.77,13062096.77,3000000.00,10062096.77
Jun 05 2027,GMX,0,13060887.10,13060887.10,3000000.00,10060887.10
Jun 01 2027,GMX,0,13059274.19,13059274.19,3000000.00,10059274.19
May 29 2027,GMX,0,13058064.52,13058064.52,3000000.00,10058064.52
May 26 2027,GMX,0,13056854.84,13056854.84,3000000.00,10056854.84
May 23 2027,GMX,0,13055645.16,13055645.16,3000000.00,10055645.16
May 20 2027,GMX,0,13054435.48,13054435.48,3000000.00,10054435.48
May 16 2027,GMX,0,13052822.58,13052822.58,3000000.00,10052822.58
May 13 2027,GMX,0,13051612.90,13051612.90,3000000.00,10051612.90
May 10 2027,GMX,0,13050403.23,13050403.23,3000000.00,10050403.23
May 07 2027,GMX,0,13049166.67,13049166.67,3000000.00,10049166.67
May 04 2027,GMX,0,13047916.67,13047916.67,3000000.00,10047916.67
Apr 30 2027,GMX,0,13046250.00,13046250.00,3000000.00,10046250.00
Apr 27 2027,GMX,0,13045000.00,13045000.00,3000000.00,10045000.00
Apr 24 2027,GMX,0,13043750.00,13043750.00,3000000.00,10043750.00
Apr 21 2027,GMX,0,13042500.00,13042500.00,3000000.00,10042500.00
Apr 18 2027,GMX,0,13041250.00,13041250.00,3000000.00,10041250.00
Apr 14 2027,GMX,0,13039583.33,13039583.33,3000000.00,10039583.33
Apr 11 2027,GMX,0,13038333.33,13038333.33,3000000.00,10038333.33
Apr 08 2027,GMX,0,13037096.77,13037096.77,3000000.00,10037096.77
Apr 05 2027,GMX,0,13035887.10,13035887.10,3000000.00,10035887.10
Apr 02 2027,GMX,0,13034677.42,13034677.42,3000000.00,10034677.42
Mar 29 2027,GMX,0,13033064.52,13033064.52,3000000.00,10033064.52
Mar 26 2027,GMX,0,13031854.84,13031854.84,3000000.00,10031854.84
Mar 23 2027,GMX,0,13030645.16,13030645.16,3000000.00,10030645.16
Mar 20 2027,GMX,0,13029435.48,13029435.48,3000000.00,10029435.48
Mar 17 2027,GMX,0,13028225.81,13028225.81,3000000.00,10028225.81
Mar 13 2027,GMX,0,13026612.90,13026612.90,3000000.00,10026612.90
Mar 10 2027,GMX,0,13025403.23,13025403.23,3000000.00,10025403.23
Mar 07 2027,GMX,0,13024107.14,13024107.14,3000000.00,10024107.14
Mar 04 2027,GMX,0,13022767.86,13022767.86,3000000.00,10022767.86
Mar 01 2027,GMX,0,13021428.57,13021428.57,3000000.00,10021428.57
Feb 25 2027,GMX,0,13019642.86,13019642.86,3000000.00,10019642.86
Feb 22 2027,GMX,0,13018303.57,13018303.57,3000000.00,10018303.57
Feb 19 2027,GMX,0,13016964.29,13016964.29,3000000.00,10016964.29
Feb 16 2027,GMX,0,13015625.00,13015625.00,3000000.00,10015625.00
Feb 13 2027,GMX,0,13014285.71,13014285.71,3000000.00,10014285.71
Feb 09 2027,GMX,0,13012500.00,13012500.00,3000000.00,10012500.00
Feb 06 2027,GMX,0,13011290.32,13011290.32,3000000.00,10011290.32
Feb 03 2027,GMX,0,13010080.65,13010080.65,3000000.00,10010080.65
Jan 31 2027,GMX,0,13008870.97,13008870.97,3000000.00,10008870.97
Jan 28 2027,GMX,0,13007661.29,13007661.29,3000000.00,10007661.29
Jan 24 2027,GMX,0,13006048.39,13006048.39,3000000.00,10006048.39
Jan 21 2027,GMX,0,13004838.71,13004838.71,3000000.00,10004838.71
Jan 18 2027,GMX,0,13003629.03,13003629.03,3000000.00,10003629.03
Jan 15 2027,GMX,0,13002419.35,13002419.35,3000000.00,10002419.35
Jan 12 2027,GMX,0,13001209.68,13001209.68,3000000.00,10001209.68
Jan 08 2027,GMX,0,12999596.77,12999596.77,3000000.00,9999596.77
Jan 05 2027,GMX,0,12998387.10,12998387.10,3000000.00,9998387.10
Jan 02 2027,GMX,0,12997177.42,12997177.42,3000000.00,9997177.42
Dec 30 2026,GMX,0,12995967.74,12995967.74,3000000.00,9995967.74
Dec 27 2026,GMX,0,12994758.06,12994758.06,3000000.00,9994758.06
Dec 23 2026,GMX,0,12993145.16,12993145.16,3000000.00,9993145.16
Dec 20 2026,GMX,0,12991935.48,12991935.48,3000000.00,9991935.48
Dec 17 2026,GMX,0,12990725.81,12990725.81,3000000.00,9990725.81
Dec 14 2026,GMX,0,12989516.13,12989516.13,3000000.00,9989516.13
Dec 11 2026,GMX,0,12988306.45,12988306.45,3000000.00,9988306.45
Dec 07 2026,GMX,0,12986666.67,12986666.67,3000000.00,9986666.67
Dec 04 2026,GMX,0,12985416.67,12985416.67,3000000.00,9985416.67
Dec 01 2026,GMX,0,12984166.67,12984166.67,3000000.00,9984166.67
Nov 28 2026,GMX,0,12982916.67,12982916.67,3000000.00,9982916.67
Nov 25 2026,GMX,0,12981666.67,12981666.67,3000000.00,9981666.67
Nov 21 2026,GMX,0,12980000.00,12980000.00,3000000.00,9980000.00
Nov 18 2026,GMX,0,12978750.00,12978750.00,3000000.00,9978750.00
Nov 15 2026,GMX,0,12977500.00,12977500.00,3000000.00,9977500.00
Nov 12 2026,GMX,0,12976250.00,12976250.00,3000000.00,9976250.00
Nov 09 2026,GMX,0,12975000.00,12975000.00,3000000.00,9975000.00
Nov 05 2026,GMX,0,12973387.10,12973387.10,3000000.00,9973387.10
Nov 02 2026,GMX,0,12972177.42,12972177.42,3000000.00,9972177.42
Oct 30 2026,GMX,0,12970967.74,12970967.74,3000000.00,9970967.74
Oct 27 2026,GMX,0,12969758.06,12969758.06,3000000.00,9969758.06
Oct 24 2026,GMX,0,12968548.39,12968548.39,3000000.00,9968548.39
Oct 20 2026,GMX,0,12966935.48,12966935.48,3000000.00,9966935.48
Oct 17 2026,GMX,0,12965725.81,12965725.81,3000000.00,9965725.81
Oct 14 2026,GMX,0,12964516.13,12964516.13,3000000.00,9964516.13
Oct 11 2026,GMX,0,12963306.45,12963306.45,3000000.00,9963306.45
Oct 08 2026,GMX,0,12962083.33,12962083.33,3000000.00,9962083.33
Oct 04 2026,GMX,0,12960416.67,12960416.67,3000000.00,9960416.67
Oct 01 2026,GMX,0,12959166.67,12959166.67,3000000.00,9959166.67
Sep 28 2026,GMX,0,12957916.67,12957916.67,3000000.00,9957916.67
Sep 25 2026,GMX,0,12956666.67,12956666.67,3000000.00,9956666.67
Sep 22 2026,GMX,0,12955416.67,12955416.67,3000000.00,9955416.67
Sep 18 2026,GMX,0,12953750.00,12953750.00,3000000.00,9953750.00
Sep 15 2026,GMX,0,12952500.00,12952500.00,3000000.00,9952500.00
Sep 12 2026,GMX,0,12951250.00,12951250.00,3000000.00,9951250.00
Sep 09 2026,GMX,0,12950000.00,12950000.00,3000000.00,9950000.00
Sep 06 2026,GMX,0,12948790.32,12948790.32,3000000.00,9948790.32
Sep 02 2026,GMX,0,12947177.42,12947177.42,3000000.00,9947177.42
Aug 30 2026,GMX,0,12945967.74,12945967.74,3000000.00,9945967.74
Aug 27 2026,GMX,0,12944758.06,12944758.06,3000000.00,9944758.06
Aug 24 2026,GMX,0,12943548.39,12943548.39,3000000.00,9943548.39
Aug 21 2026,GMX,0,12942338.71,12942338.71,3000000.00,9942338.71
Aug 17 2026,GMX,0,12940725.81,12940725.81,3000000.00,9940725.81
Aug 14 2026,GMX,0,12939516.13,12939516.13,3000000.00,9939516.13
Aug 11 2026,GMX,0,12938306.45,12938306.45,3000000.00,9938306.45
Aug 08 2026,GMX,0,12937096.77,12937096.77,3000000.00,9937096.77
Aug 05 2026,GMX,0,12935887.10,12935887.10,3000000.00,9935887.10
Aug 01 2026,GMX,0,12934274.19,12934274.19,3000000.00,9934274.19
Jul 29 2026,GMX,0,12933064.52,12933064.52,3000000.00,9933064.52
Jul 26 2026,GMX,0,12931854.84,12931854.84,3000000.00,9931854.84
Jul 23 2026,GMX,0,12930645.16,12930645.16,3000000.00,9930645.16
Jul 20 2026,GMX,0,12929435.48,12929435.48,3000000.00,9929435.48
Jul 16 2026,GMX,0,12927822.58,12927822.58,3000000.00,9927822.58
Jul 13 2026,GMX,0,12926612.90,12926612.90,3000000.00,9926612.90
Jul 10 2026,GMX,0,12925403.23,12925403.23,3000000.00,9925403.23
Jul 07 2026,GMX,0,12924166.67,12924166.67,3000000.00,9924166.67
Jul 04 2026,GMX,0,12922916.67,12922916.67,3000000.00,9922916.67
Jun 30 2026,GMX,0,12921250.00,12921250.00,3000000.00,9921250.00
Jun 27 2026,GMX,0,12920000.00,12920000.00,3000000.00,9920000.00
Jun 24 2026,GMX,0,12918750.00,12918750.00,3000000.00,9918750.00
Jun 21 2026,GMX,0,12917500.00,12917500.00,3000000.00,9917500.00
Jun 18 2026,GMX,0,12916250.00,12916250.00,3000000.00,9916250.00
Jun 14 2026,GMX,0,12914583.33,12914583.33,3000000.00,9914583.33
Jun 11 2026,GMX,0,12913333.33,12913333.33,3000000.00,9913333.33
Jun 08 2026,GMX,0,12912096.77,12912096.77,3000000.00,9912096.77
Jun 05 2026,GMX,0,12910887.10,12910887.10,3000000.00,9910887.10
Jun 02 2026,GMX,0,12909677.42,12909677.42,3000000.00,9909677.42
May 29 2026,GMX,0,12908064.52,12908064.52,3000000.00,9908064.52
May 26 2026,GMX,0,12906854.84,12906854.84,3000000.00,9906854.84
May 23 2026,GMX,0,12905645.16,12905645.16,3000000.00,9905645.16
May 20 2026,GMX,0,12904435.48,12904435.48,3000000.00,9904435.48
May 17 2026,GMX,0,12903225.81,12903225.81,3000000.00,9903225.81
May 13 2026,GMX,0,12901612.90,12901612.90,3000000.00,9901612.90
May 10 2026,GMX,0,12900403.23,12900403.23,3000000.00,9900403.23
May 07 2026,GMX,0,12899166.67,12899166.67,3000000.00,9899166.67
May 04 2026,GMX,0,12897916.67,12897916.67,3000000.00,9897916.67
May 01 2026,GMX,0,12896666.67,12896666.67,3000000.00,9896666.67
Apr 27 2026,GMX,0,12895000.00,12895000.00,3000000.00,9895000.00
Apr 24 2026,GMX,0,12893750.00,12893750.00,3000000.00,9893750.00
Apr 21 2026,GMX,0,12892500.00,12892500.00,3000000.00,9892500.00
Apr 18 2026,GMX,0,12891250.00,12891250.00,3000000.00,9891250.00
Apr 15 2026,GMX,0,12890000.00,12890000.00,3000000.00,9890000.00
Apr 11 2026,GMX,0,12888333.33,12888333.33,3000000.00,9888333.33
Apr 08 2026,GMX,0,12887096.77,12887096.77,3000000.00,9887096.77
Apr 05 2026,GMX,0,12885887.10,12885887.10,3000000.00,9885887.10
Apr 02 2026,GMX,0,12884677.42,12884677.42,3000000.00,9884677.42
Mar 30 2026,GMX,0,12883467.74,12883467.74,3000000.00,9883467.74
Mar 26 2026,GMX,0,12881854.84,12881854.84,3000000.00,9881854.84
Mar 23 2026,GMX,0,12880645.16,12880645.16,3000000.00,9880645.16
Mar 20 2026,GMX,0,12879435.48,12879435.48,3000000.00,9879435.48
Mar 17 2026,GMX,0,12878225.81,12878225.81,3000000.00,9878225.81
Mar 14 2026,GMX,0,12877016.13,12877016.13,3000000.00,9877016.13
Mar 10 2026,GMX,0,12875403.23,12875403.23,3000000.00,9875403.23
Mar 07 2026,GMX,0,12874107.14,12874107.14,3000000.00,9874107.14
Mar 04 2026,GMX,0,12872767.86,12872767.86,3000000.00,9872767.86
Mar 01 2026,GMX,0,12871428.57,12871428.57,3000000.00,9871428.57
Feb 26 2026,GMX,0,12870089.29,12870089.29,3000000.00,9870089.29
Feb 22 2026,GMX,0,12868303.57,12868303.57,3000000.00,9868303.57
Feb 19 2026,GMX,0,12866964.29,12866964.29,3000000.00,9866964.29
Feb 16 2026,GMX,0,12865625.00,12865625.00,3000000.00,9865625.00
Feb 13 2026,GMX,0,12864285.71,12864285.71,3000000.00,9864285.71
Feb 10 2026,GMX,0,12862946.43,12862946.43,3000000.00,9862946.43
Feb 06 2026,GMX,0,12861290.32,12861290.32,3000000.00,9861290.32
Feb 03 2026,GMX,0,12860080.65,12860080.65,3000000.00,9860080.65
Jan 31 2026,GMX,0,12858870.97,12858870.97,3000000.00,9858870.97
Jan 28 2026,GMX,0,12857661.29,12857661.29,3000000.00,9857661.29
Jan 25 2026,GMX,0,12856451.61,12856451.61,3000000.00,9856451.61
Jan 21 2026,GMX,0,12854838.71,12854838.71,3000000.00,9854838.71
Jan 18 2026,GMX,0,12853629.03,12853629.03,3000000.00,9853629.03
Jan 15 2026,GMX,0,12852419.35,12852419.35,3000000.00,9852419.35
Jan 12 2026,GMX,0,12851209.68,12851209.68,3000000.00,9851209.68
Jan 09 2026,GMX,0,12850000.00,12850000.00,3000000.00,9850000.00
Jan 05 2026,GMX,0,12848387.10,12848387.10,3000000.00,9848387.10
Jan 02 2026,GMX,0,12847177.42,12847177.42,3000000.00,9847177.42
Dec 30 2025,GMX,0,12845967.74,12845967.74,3000000.00,9845967.74
Dec 27 2025,GMX,0,12844758.06,12844758.06,3000000.00,9844758.06
Dec 24 2025,GMX,0,12843548.39,12843548.39,3000000.00,9843548.39
Dec 20 2025,GMX,0,12841935.48,12841935.48,3000000.00,9841935.48
Dec 17 2025,GMX,0,12840725.81,12840725.81,3000000.00,9840725.81
Dec 14 2025,GMX,0,12839516.13,12839516.13,3000000.00,9839516.13
Dec 11 2025,GMX,0,12838306.45,12838306.45,3000000.00,9838306.45
Dec 08 2025,GMX,0,12837083.33,12837083.33,3000000.00,9837083.33
Dec 04 2025,GMX,0,12835416.67,12835416.67,3000000.00,9835416.67
Dec 01 2025,GMX,0,12834166.67,12834166.67,3000000.00,9834166.67
Nov 28 2025,GMX,0,12832916.67,12832916.67,3000000.00,9832916.67
Nov 25 2025,GMX,0,12831666.67,12831666.67,3000000.00,9831666.67
Nov 22 2025,GMX,0,12830416.67,12830416.67,3000000.00,9830416.67
Nov 18 2025,GMX,0,12828750.00,12828750.00,3000000.00,9828750.00
Nov 15 2025,GMX,0,12827500.00,12827500.00,3000000.00,9827500.00
Nov 12 2025,GMX,0,12826250.00,12826250.00,3000000.00,9826250.00
Nov 09 2025,GMX,0,12825000.00,12825000.00,3000000.00,9825000.00
Nov 06 2025,GMX,0,12823790.32,12823790.32,3000000.00,9823790.32
Nov 02 2025,GMX,0,12822177.42,12822177.42,3000000.00,9822177.42
Oct 30 2025,GMX,0,12820967.74,12820967.74,3000000.00,9820967.74
Oct 27 2025,GMX,0,12819758.06,12819758.06,3000000.00,9819758.06
Oct 24 2025,GMX,0,12818548.39,12818548.39,3000000.00,9818548.39
Oct 21 2025,GMX,0,12817338.71,12817338.71,3000000.00,9817338.71
Oct 17 2025,GMX,0,12815725.81,12815725.81,3000000.00,9815725.81
Oct 14 2025,GMX,0,12814516.13,12814516.13,3000000.00,9814516.13
Oct 11 2025,GMX,0,12813306.45,12813306.45,3000000.00,9813306.45
Oct 08 2025,GMX,0,12812083.33,12812083.33,3000000.00,9812083.33
Oct 05 2025,GMX,0,12810833.33,12810833.33,3000000.00,9810833.33
Oct 01 2025,GMX,0,12809166.67,12809166.67,3000000.00,9809166.67
Sep 28 2025,GMX,0,12807916.67,12807916.67,3000000.00,9807916.67
Sep 25 2025,GMX,0,12806666.67,12806666.67,3000000.00,9806666.67
Sep 22 2025,GMX,0,12805416.67,12805416.67,3000000.00,9805416.67
Sep 19 2025,GMX,0,12804166.67,12804166.67,3000000.00,9804166.67
Sep 15 2025,GMX,0,12802500.00,12802500.00,3000000.00,9802500.00
Sep 12 2025,GMX,0,12801250.00,12801250.00,3000000.00,9801250.00
Sep 09 2025,GMX,0,12800000.00,12800000.00,3000000.00,9800000.00
Sep 06 2025,GMX,0,12798790.32,12798790.32,3000000.00,9798790.32
Sep 03 2025,GMX,0,12797580.65,12797580.65,3000000.00,9797580.65
Aug 30 2025,GMX,0,12795967.74,12795967.74,3000000.00,9795967.74
Aug 27 2025,GMX,0,12794758.06,12794758.06,3000000.00,9794758.06
Aug 24 2025,GMX,0,12793548.39,12793548.39,3000000.00,9793548.39
Aug 21 2025,GMX,0,12792338.71,12792338.71,3000000.00,9792338.71
Aug 18 2025,GMX,0,12791129.03,12791129.03,3000000.00,9791129.03
Aug 14 2025,GMX,0,12789516.13,12789516.13,3000000.00,9789516.13
Aug 11 2025,GMX,0,12788306.45,12788306.45,3000000.00,9788306.45
Aug 08 2025,GMX,0,12787096.77,12787096.77,3000000.00,9787096.77
Aug 05 2025,GMX,0,12785887.10,12785887.10,3000000.00,9785887.10
Aug 02 2025,GMX,0,12784677.42,12784677.42,3000000.00,9784677.42
Jul 29 2025,GMX,0,12783064.52,12783064.52,3000000.00,9783064.52
Jul 26 2025,GMX,0,12781854.84,12781854.84,3000000.00,9781854.84
Jul 23 2025,GMX,0,12780645.16,12780645.16,3000000.00,9780645.16
Jul 20 2025,GMX,0,12779435.48,12779435.48,3000000.00,9779435.48
Jul 17 2025,GMX,0,12778225.81,12778225.81,3000000.00,9778225.81
Jul 13 2025,GMX,0,12776612.90,12776612.90,3000000.00,9776612.90
Jul 10 2025,GMX,0,12775403.23,12775403.23,3000000.00,9775403.23
Jul 07 2025,GMX,0,12774166.67,12774166.67,3000000.00,9774166.67
Jul 04 2025,GMX,0,12772916.67,12772916.67,3000000.00,9772916.67
Jul 01 2025,GMX,0,12771666.67,12771666.67,3000000.00,9771666.67
Jun 27 2025,GMX,0,12770000.00,12770000.00,3000000.00,9770000.00
Jun 24 2025,GMX,0,12768750.00,12768750.00,3000000.00,9768750.00
Jun 21 2025,GMX,0,12767500.00,12767500.00,3000000.00,9767500.00
Jun 18 2025,GMX,0,12766250.00,12766250.00,3000000.00,9766250.00
Jun 15 2025,GMX,0,12765000.00,12765000.00,3000000.00,9765000.00
Jun 11 2025,GMX,0,12763333.33,12763333.33,3000000.00,9763333.33
Jun 08 2025,GMX,0,12762096.77,12762096.77,3000000.00,9762096.77
Jun 05 2025,GMX,0,12760887.10,12760887.10,3000000.00,9760887.10
Jun 02 2025,GMX,0,12759677.42,12759677.42,3000000.00,9759677.42
May 30 2025,GMX,0,12758467.74,12758467.74,3000000.00,9758467.74
May 26 2025,GMX,0,12756854.84,12756854.84,3000000.00,9756854.84
May 23 2025,GMX,0,12755645.16,12755645.16,3000000.00,9755645.16
May 20 2025,GMX,0,12754435.48,12754435.48,3000000.00,9754435.48
May 17 2025,GMX,0,12753225.81,12753225.81,3000000.00,9753225.81
May 14 2025,GMX,0,12752016.13,12752016.13,3000000.00,9752016.13
May 10 2025,GMX,0,12750403.23,12750403.23,3000000.00,9750403.23
May 07 2025,GMX,0,12749166.67,12749166.67,3000000.00,9749166.67
May 04 2025,GMX,0,12747916.67,12747916.67,3000000.00,9747916.67
May 01 2025,GMX,0,12746666.67,12746666.67,3000000.00,9746666.67
Apr 28 2025,GMX,0,12745416.67,12745416.67,3000000.00,9745416.67
Apr 24 2025,GMX,0,12743750.00,12743750.00,3000000.00,9743750.00
Apr 21 2025,GMX,0,12742500.00,12742500.00,3000000.00,9742500.00
Apr 18 2025,GMX,0,12741250.00,12741250.00,3000000.00,9741250.00
Apr 15 2025,GMX,0,12740000.00,12740000.00,3000000.00,9740000.00
Apr 12 2025,GMX,0,12738750.00,12738750.00,3000000.00,9738750.00
Apr 08 2025,GMX,0,12737096.77,12737096.77,3000000.00,9737096.77
Apr 05 2025,GMX,0,12735887.10,12735887.10,3000000.00,9735887.10
Apr 02 2025,GMX,0,12734677.42,12734677.42,3000000.00,9734677.42
Apr 02 2025,GMX,0,12734677.42,12734677.42,3000000.00,9734677.42
Mar 30 2025,GMX,0,12733467.74,12733467.74,3000000.00,9733467.74
Mar 27 2025,GMX,0,12732258.06,12732258.06,3000000.00,9732258.06
Mar 24 2025,GMX,0,12731048.39,12731048.39,3000000.00,9731048.39
Mar 20 2025,GMX,0,12729435.48,12729435.48,3000000.00,9729435.48
Mar 17 2025,GMX,0,12728225.81,12728225.81,3000000.00,9728225.81
Mar 14 2025,GMX,0,12727016.13,12727016.13,3000000.00,9727016.13
Mar 11 2025,GMX,0,12725806.45,12725806.45,3000000.00,9725806.45
Mar 08 2025,GMX,0,12724553.57,12724553.57,3000000.00,9724553.57
Mar 04 2025,GMX,0,12722767.86,12722767.86,3000000.00,9722767.86
Mar 01 2025,GMX,0,12721428.57,12721428.57,3000000.00,9721428.57
Feb 26 2025,GMX,0,12720089.29,12720089.29,3000000.00,9720089.29
Feb 23 2025,GMX,0,12718750.00,12718750.00,3000000.00,9718750.00
Feb 20 2025,GMX,0,12717410.71,12717410.71,3000000.00,9717410.71
Feb 16 2025,GMX,0,12715625.00,12715625.00,3000000.00,9715625.00
Feb 13 2025,GMX,0,12714285.71,12714285.71,3000000.00,9714285.71
Feb 10 2025,GMX,0,12712946.43,12712946.43,3000000.00,9712946.43
Feb 07 2025,GMX,0,12711693.55,12711693.55,3000000.00,9711693.55
Feb 04 2025,GMX,0,12710483.87,12710483.87,3000000.00,9710483.87
Jan 31 2025,GMX,0,12708870.97,12708870.97,3000000.00,9708870.97
Jan 28 2025,GMX,0,12707661.29,12707661.29,3000000.00,9707661.29
Jan 25 2025,GMX,0,12706451.61,12706451.61,3000000.00,9706451.61
Jan 22 2025,GMX,0,12705241.94,12705241.94,3000000.00,9705241.94
Jan 19 2025,GMX,0,12704032.26,12704032.26,3000000.00,9704032.26
Jan 15 2025,GMX,0,12702419.35,12702419.35,3000000.00,9702419.35
Jan 12 2025,GMX,0,12701209.68,12701209.68,3000000.00,9701209.68
Jan 09 2025,GMX,0,12700000.00,12700000.00,3000000.00,9700000.00
Jan 06 2025,GMX,0,12698790.32,12698790.32,3000000.00,9698790.32
Jan 03 2025,GMX,0,12697580.65,12697580.65,3000000.00,9697580.65
Dec 30 2024,GMX,0,12695967.74,12695967.74,3000000.00,9695967.74
Dec 27 2024,GMX,0,12694758.06,12694758.06,3000000.00,9694758.06
Dec 24 2024,GMX,0,12693548.39,12693548.39,3000000.00,9693548.39
Dec 21 2024,GMX,0,12692338.71,12692338.71,3000000.00,9692338.71
Dec 18 2024,GMX,0,12691129.03,12691129.03,3000000.00,9691129.03
Dec 14 2024,GMX,0,12689516.13,12689516.13,3000000.00,9689516.13
Dec 11 2024,GMX,0,12688306.45,12688306.45,3000000.00,9688306.45
Dec 08 2024,GMX,0,12687083.33,12687083.33,3000000.00,9687083.33
Dec 05 2024,GMX,0,12685833.33,12685833.33,3000000.00,9685833.33
Dec 02 2024,GMX,0,12684583.33,12684583.33,3000000.00,9684583.33
Nov 28 2024,GMX,0,12682916.67,12682916.67,3000000.00,9682916.67
Nov 25 2024,GMX,0,12681666.67,12681666.67,3000000.00,9681666.67
Nov 22 2024,GMX,0,12680416.67,12680416.67,3000000.00,9680416.67
Nov 19 2024,GMX,0,12679166.67,12679166.67,3000000.00,9679166.67
Nov 16 2024,GMX,0,12677916.67,12677916.67,3000000.00,9677916.67
Nov 12 2024,GMX,0,12676250.00,12676250.00,3000000.00,9676250.00
Nov 09 2024,GMX,0,12675000.00,12675000.00,3000000.00,9675000.00
Nov 06 2024,GMX,0,12673790.32,12673790.32,3000000.00,9673790.32
Nov 03 2024,GMX,0,12672580.65,12672580.65,3000000.00,9672580.65
Oct 31 2024,GMX,0,12671370.97,12671370.97,3000000.00,9671370.97
Oct 27 2024,GMX,0,12669758.06,12669758.06,3000000.00,9669758.06
Oct 24 2024,GMX,0,12668548.39,12668548.39,3000000.00,9668548.39
Oct 21 2024,GMX,0,12667338.71,12667338.71,3000000.00,9667338.71
Oct 18 2024,GMX,0,12666129.03,12666129.03,3000000.00,9666129.03
Oct 15 2024,GMX,0,12664919.35,12664919.35,3000000.00,9664919.35
Oct 11 2024,GMX,0,12663306.45,12663306.45,3000000.00,9663306.45
Oct 08 2024,GMX,0,12662083.33,12662083.33,3000000.00,9662083.33
Oct 05 2024,GMX,0,12660833.33,12660833.33,3000000.00,9660833.33
Oct 02 2024,GMX,0,12659583.33,12659583.33,3000000.00,9659583.33
Sep 29 2024,GMX,0,12658333.33,12658333.33,3000000.00,9658333.33
Sep 25 2024,GMX,0,12656666.67,12656666.67,3000000.00,9656666.67
Sep 22 2024,GMX,0,12655416.67,12655416.67,3000000.00,9655416.67
Sep 19 2024,GMX,0,12654166.67,12654166.67,3000000.00,9654166.67
Sep 16 2024,GMX,0,12652916.67,12652916.67,3000000.00,9652916.67
Sep 13 2024,GMX,0,12651666.67,12651666.67,3000000.00,9651666.67
Sep 09 2024,GMX,0,12650000.00,12650000.00,3000000.00,9650000.00
Sep 06 2024,GMX,0,12648790.32,12648790.32,3000000.00,9648790.32
Sep 03 2024,GMX,0,12647580.65,12647580.65,3000000.00,9647580.65
Aug 31 2024,GMX,0,12646370.97,12646370.97,3000000.00,9646370.97
Aug 28 2024,GMX,0,12645161.29,12645161.29,3000000.00,9645161.29
Aug 24 2024,GMX,0,12643548.39,12643548.39,3000000.00,9643548.39
Aug 21 2024,GMX,0,12642338.71,12642338.71,3000000.00,9642338.71
Aug 18 2024,GMX,0,12641129.03,12641129.03,3000000.00,9641129.03
Aug 15 2024,GMX,0,12639919.35,12639919.35,3000000.00,9639919.35
Aug 12 2024,GMX,0,12638709.68,12638709.68,3000000.00,9638709.68
Aug 08 2024,GMX,0,12637096.77,12637096.77,3000000.00,9637096.77
Aug 05 2024,GMX,0,12635887.10,12635887.10,3000000.00,9635887.10
Aug 02 2024,GMX,0,12634677.42,12634677.42,3000000.00,9634677.42
Jul 30 2024,GMX,0,12633467.74,12633467.74,3000000.00,9633467.74
Jul 27 2024,GMX,0,12632258.06,12632258.06,3000000.00,9632258.06
Jul 23 2024,GMX,0,12630645.16,12630645.16,3000000.00,9630645.16
Jul 20 2024,GMX,0,12629435.48,12629435.48,3000000.00,9629435.48
Jul 17 2024,GMX,0,12628225.81,12628225.81,3000000.00,9628225.81
Jul 14 2024,GMX,0,12627016.13,12627016.13,3000000.00,9627016.13
Jul 11 2024,GMX,0,12625806.45,12625806.45,3000000.00,9625806.45
Jul 07 2024,GMX,0,12624166.67,12624166.67,3000000.00,9624166.67
Jul 04 2024,GMX,0,12622916.67,12622916.67,3000000.00,9622916.67
Jul 01 2024,GMX,0,12621666.67,12621666.67,3000000.00,9621666.67
Jun 28 2024,GMX,0,12620416.67,12620416.67,3000000.00,9620416.67
Jun 25 2024,GMX,0,12619166.67,12619166.67,3000000.00,9619166.67
Jun 21 2024,GMX,0,12617500.00,12617500.00,3000000.00,9617500.00
Jun 18 2024,GMX,0,12616250.00,12616250.00,3000000.00,9616250.00
Jun 15 2024,GMX,0,12615000.00,12615000.00,3000000.00,9615000.00
Jun 12 2024,GMX,0,12613750.00,12613750.00,3000000.00,9613750.00
Jun 09 2024,GMX,0,12612500.00,12612500.00,3000000.00,9612500.00
Jun 05 2024,GMX,0,12610887.10,12610887.10,3000000.00,9610887.10
Jun 02 2024,GMX,0,12609677.42,12609677.42,3000000.00,9609677.42
May 30 2024,GMX,0,12608467.74,12608467.74,3000000.00,9608467.74
May 27 2024,GMX,0,12607258.06,12607258.06,3000000.00,9607258.06
May 24 2024,GMX,0,12606048.39,12606048.39,3000000.00,9606048.39
May 20 2024,GMX,0,12604435.48,12604435.48,3000000.00,9604435.48
May 17 2024,GMX,0,12603225.81,12603225.81,3000000.00,9603225.81
May 14 2024,GMX,0,12602016.13,12602016.13,3000000.00,9602016.13
May 11 2024,GMX,0,12600806.45,12600806.45,3000000.00,9600806.45
May 08 2024,GMX,0,12599583.33,12599583.33,3000000.00,9599583.33
May 04 2024,GMX,0,12597916.67,12597916.67,3000000.00,9597916.67
May 01 2024,GMX,0,12596666.67,12596666.67,3000000.00,9596666.67
Apr 28 2024,GMX,0,12595416.67,12595416.67,3000000.00,9595416.67
Apr 25 2024,GMX,0,12594166.67,12594166.67,3000000.00,9594166.67
Apr 22 2024,GMX,0,12592916.67,12592916.67,3000000.00,9592916.67
Apr 18 2024,GMX,0,12591250.00,12591250.00,3000000.00,9591250.00
Apr 15 2024,GMX,0,12590000.00,12590000.00,3000000.00,9590000.00
Apr 12 2024,GMX,0,12588750.00,12588750.00,3000000.00,9588750.00
Apr 09 2024,GMX,0,12587500.00,12587500.00,3000000.00,9587500.00
Apr 06 2024,GMX,0,12586290.32,12586290.32,3000000.00,9586290.32
Apr 02 2024,GMX,0,12584677.42,12584677.42,3000000.00,9584677.42
Mar 30 2024,GMX,$44.77,0,12583467.74,3000000.00,9583467.74
Mar 27 2024,GMX,$46.99,0,12582258.06,3000000.00,9582258.06
Mar 24 2024,GMX,$45.40,0,12581048.39,3000000.00,9581048.39
Mar 21 2024,GMX,$47.83,0,12579838.71,3000000.00,9579838.71
Mar 17 2024,GMX,$49.21,0,12578225.81,3000000.00,9578225.81
Mar 14 2024,GMX,$60.56,0,12577016.13,3000000.00,9577016.13
Mar 11 2024,GMX,$53.58,0,12575806.45,3000000.00,9575806.45
Mar 08 2024,GMX,$57.12,0,12574568.97,3000000.00,9574568.97
Mar 05 2024,GMX,$56.56,0,12573275.86,3000000.00,9573275.86
Mar 01 2024,GMX,$50.01,0,12571551.72,3000000.00,9571551.72
Feb 27 2024,GMX,$52.11,0,12570258.62,3000000.00,9570258.62
Feb 24 2024,GMX,$46.60,0,12568965.52,3000000.00,9568965.52
Feb 21 2024,GMX,$48.10,0,12567672.41,3000000.00,9567672.41
Feb 18 2024,GMX,$44.55,0,12566379.31,3000000.00,9566379.31
Feb 14 2024,GMX,$42.02,0,12564655.17,3000000.00,9564655.17
Feb 11 2024,GMX,$43.51,0,12563362.07,3000000.00,9563362.07
Feb 08 2024,GMX,$44.72,0,12562096.77,3000000.00,9562096.77
Feb 05 2024,GMX,$42.30,0,12560887.10,3000000.00,9560887.10
Feb 02 2024,GMX,$42.77,0,12559677.42,3000000.00,9559677.42
Jan 29 2024,GMX,$43.14,0,12558064.52,3000000.00,9558064.52
Jan 26 2024,GMX,$42.61,0,12556854.84,3000000.00,9556854.84
Jan 23 2024,GMX,$43.02,0,12555645.16,3000000.00,9555645.16
Jan 20 2024,GMX,$46.93,0,12554435.48,3000000.00,9554435.48
Jan 17 2024,GMX,$53.75,0,12553225.81,3000000.00,9553225.81
Jan 13 2024,GMX,$53.78,0,12551612.90,3000000.00,9551612.90
Jan 10 2024,GMX,$50.18,0,12550403.23,3000000.00,9550403.23
Jan 07 2024,GMX,$50.99,0,12549193.55,3000000.00,9549193.55
Jan 04 2024,GMX,$57.64,0,12547983.87,3000000.00,9547983.87
Jan 01 2024,GMX,$55.11,0,12546774.19,3000000.00,9546774.19
Dec 28 2023,GMX,$51.39,0,12545161.29,3000000.00,9545161.29
Dec 25 2023,GMX,$45.96,0,12543951.61,3000000.00,9543951.61
Dec 22 2023,GMX,$43.81,0,12542741.94,3000000.00,9542741.94
Dec 19 2023,GMX,$44.52,0,12541532.26,3000000.00,9541532.26
Dec 16 2023,GMX,$47.30,0,12540322.58,3000000.00,9540322.58
Dec 12 2023,GMX,$49.46,0,12538709.68,3000000.00,9538709.68
Dec 09 2023,GMX,$54.07,0,12537500.00,3000000.00,9537500.00
Dec 06 2023,GMX,$52.20,0,12536250.00,3000000.00,9536250.00
Dec 03 2023,GMX,$52.37,0,12535000.00,3000000.00,9535000.00
Nov 30 2023,GMX,$48.45,0,12533750.00,3000000.00,9533750.00
Nov 26 2023,GMX,$51.98,0,12532083.33,3000000.00,9532083.33
Nov 23 2023,GMX,$51.63,0,12530833.33,3000000.00,9530833.33
Nov 20 2023,GMX,$51.02,0,12529583.33,3000000.00,9529583.33
Nov 17 2023,GMX,$51.43,0,12528333.33,3000000.00,9528333.33
Nov 14 2023,GMX,$52.88,0,12527083.33,3000000.00,9527083.33
Nov 10 2023,GMX,$53.07,0,12525416.67,3000000.00,9525416.67
Nov 07 2023,GMX,$48.53,0,12524193.55,3000000.00,9524193.55
Nov 04 2023,GMX,$47.82,0,12522983.87,3000000.00,9522983.87
Nov 01 2023,GMX,$44.77,0,12521774.19,3000000.00,9521774.19
Oct 29 2023,GMX,$46.02,0,12520564.52,3000000.00,9520564.52
Oct 25 2023,GMX,$40.79,0,12518951.61,3000000.00,9518951.61
Oct 22 2023,GMX,$38.85,0,12517741.94,3000000.00,9517741.94
Oct 19 2023,GMX,$35.26,0,12516532.26,3000000.00,9516532.26
Oct 16 2023,GMX,$35.41,0,12515322.58,3000000.00,9515322.58
Oct 13 2023,GMX,$34.62,0,12514112.90,3000000.00,9514112.90
Oct 09 2023,GMX,$37.70,0,12512500.00,3000000.00,9512500.00
Oct 06 2023,GMX,$38.13,0,12511250.00,3000000.00,9511250.00
Oct 03 2023,GMX,$39.76,0,12510000.00,3000000.00,9510000.00
Sep 30 2023,GMX,$38.53,0,12508750.00,3000000.00,9508750.00
Sep 27 2023,GMX,$35.26,0,12507500.00,3000000.00,9507500.00
Sep 23 2023,GMX,$34.69,0,12505833.33,3000000.00,9505833.33
Sep 20 2023,GMX,$36.09,0,12504583.33,3000000.00,9504583.33
Sep 17 2023,GMX,$32.62,0,12503333.33,3000000.00,9503333.33
Sep 14 2023,GMX,$31.65,0,12502083.33,3000000.00,9502083.33
Sep 11 2023,GMX,$30.78,0,12500833.33,3000000.00,9500833.33
Sep 07 2023,GMX,$33.55,0,12499193.55,3000000.00,9499193.55
Sep 04 2023,GMX,$32.42,0,12497983.87,3000000.00,9497983.87
Sep 01 2023,GMX,$35.27,0,12496774.19,3000000.00,9496774.19
Aug 29 2023,GMX,$36.92,0,12495564.52,3000000.00,9495564.52
Aug 26 2023,GMX,$36.57,0,12494354.84,3000000.00,9494354.84
Aug 22 2023,GMX,$37.10,0,12492741.94,3000000.00,9492741.94
Aug 19 2023,GMX,$37.03,0,12491532.26,3000000.00,9491532.26
Aug 16 2023,GMX,$43.31,0,12490322.58,3000000.00,9490322.58
Aug 13 2023,GMX,$46.50,0,12489112.90,3000000.00,9489112.90
Aug 10 2023,GMX,$49.83,0,12487903.23,3000000.00,9487903.23
Aug 06 2023,GMX,$52.67,0,12486290.32,3000000.00,9486290.32
Aug 03 2023,GMX,$50.22,0,12485080.65,3000000.00,9485080.65
Jul 31 2023,GMX,$55.23,0,12483870.97,3000000.00,9483870.97
Jul 28 2023,GMX,$55.74,0,12482661.29,3000000.00,9482661.29
Jul 25 2023,GMX,$52.80,0,12481451.61,3000000.00,9481451.61
Jul 21 2023,GMX,$54.35,0,12479495.99,3000000.00,9479495.99
Jul 18 2023,GMX,$56.34,0,12477258.15,3000000.00,9477258.15
Jul 15 2023,GMX,$57.35,0,12475020.31,3000000.00,9475020.31
Jul 12 2023,GMX,$55.46,0,12472782.48,3000000.00,9472782.48
Jul 09 2023,GMX,$55.39,0,12470544.64,3000000.00,9470544.64
Jul 05 2023,GMX,$57.71,0,12467507.09,3000000.00,9467507.09
Jul 02 2023,GMX,$57.23,0,12465228.93,3000000.00,9465228.93
Jun 29 2023,GMX,$51.99,0,12462950.77,3000000.00,9462950.77
Jun 26 2023,GMX,$54.61,0,12460672.61,3000000.00,9460672.61
Jun 23 2023,GMX,$53.65,0,12458394.45,3000000.00,9458394.45
Jun 19 2023,GMX,$49.89,0,12455356.90,3000000.00,9455356.90
Jun 16 2023,GMX,$45.43,0,12453078.74,3000000.00,9453078.74
Jun 13 2023,GMX,$44.77,0,12450800.58,3000000.00,9450800.58
Jun 10 2023,GMX,$51.20,0,12448522.42,3000000.00,9448522.42
Jun 07 2023,GMX,$54.08,0,12446271.15,3000000.00,9446271.15
Jun 03 2023,GMX,$56.23,0,12443287.36,3000000.00,9443287.36
May 31 2023,GMX,$56.37,0,12441049.52,3000000.00,9441049.52
May 28 2023,GMX,$54.74,0,12438811.69,3000000.00,9438811.69
May 25 2023,GMX,$53.95,0,12436573.85,3000000.00,9436573.85
May 22 2023,GMX,$59.95,0,12434336.01,3000000.00,9434336.01
May 18 2023,GMX,$64.22,0,12431352.23,3000000.00,9431352.23
May 15 2023,GMX,$61.56,0,12429114.39,3000000.00,9429114.39
May 12 2023,GMX,$59.64,0,12426876.55,3000000.00,9426876.55
May 09 2023,GMX,$62.99,0,12424638.72,3000000.00,9424638.72
May 06 2023,GMX,$71.96,0,12422360.56,3000000.00,9422360.56
May 02 2023,GMX,$69.33,0,12419323.01,3000000.00,9419323.01
Apr 29 2023,GMX,$72.56,0,12417044.85,3000000.00,9417044.85
Apr 26 2023,GMX,$73.57,0,12414766.69,3000000.00,9414766.69
Apr 23 2023,GMX,$74.71,0,12412488.53,3000000.00,9412488.53
Apr 20 2023,GMX,$81.39,0,12410210.37,3000000.00,9410210.37
Apr 16 2023,GMX,$87.57,0,12407172.82,3000000.00,9407172.82
Apr 13 2023,GMX,$77.80,0,12404894.66,3000000.00,9404894.66
Apr 10 2023,GMX,$78.01,0,12402616.50,3000000.00,9402616.50
Apr 07 2023,GMX,$79.14,0,12400365.22,3000000.00,9400365.22
Apr 04 2023,GMX,$72.72,0,12398127.38,3000000.00,9398127.38
Mar 31 2023,GMX,$75.18,0,12395143.60,3000000.00,9395143.60
Mar 28 2023,GMX,$72.12,0,12392905.76,3000000.00,9392905.76
Mar 25 2023,GMX,$70.73,0,12390667.93,3000000.00,9390667.93
Mar 22 2023,GMX,$81.45,0,12388430.09,3000000.00,9388430.09
Mar 19 2023,GMX,$80.39,0,12386192.25,3000000.00,9386192.25
Mar 15 2023,GMX,$75.28,0,12383208.47,3000000.00,9383208.47
Mar 12 2023,GMX,$60.86,0,12380970.63,3000000.00,9380970.63
Mar 09 2023,GMX,$68.67,0,12378732.79,3000000.00,9378732.79
Mar 06 2023,GMX,$68.24,0,12375026.06,3000000.00,9375026.06
Mar 03 2023,GMX,$72.65,0,12371319.33,3000000.00,9371319.33
Feb 27 2023,GMX,$75.41,0,12366377.02,3000000.00,9366377.02
Feb 24 2023,GMX,$74.90,0,12362670.29,3000000.00,9362670.29
Feb 21 2023,GMX,$78.23,0,12358963.56,3000000.00,9358963.56
Feb 18 2023,GMX,$79.72,0,12355256.83,3000000.00,9355256.83
Feb 15 2023,GMX,$74.61,0,12351550.09,3000000.00,9351550.09
Feb 11 2023,GMX,$59.99,0,12346607.79,3000000.00,9346607.79
Feb 08 2023,GMX,$71.34,0,12342987.46,3000000.00,9342987.46
Feb 05 2023,GMX,$72.84,0,12339539.94,3000000.00,9339539.94
Feb 02 2023,GMX,$65.68,0,12336092.43,3000000.00,9336092.43
Jan 30 2023,GMX,$62.31,0,12332644.91,3000000.00,9332644.91
Jan 26 2023,GMX,$52.80,0,12328048.23,3000000.00,9328048.23
Jan 23 2023,GMX,$50.03,0,12324600.71,3000000.00,9324600.71
Jan 20 2023,GMX,$45.88,0,12321153.20,3000000.00,9321153.20
Jan 17 2023,GMX,$49.81,0,12317705.68,3000000.00,9317705.68
Jan 14 2023,GMX,$49.18,0,12314258.17,3000000.00,9314258.17
Jan 10 2023,GMX,$42.68,0,12309661.48,3000000.00,9309661.48
Jan 07 2023,GMX,$41.66,0,12301375.26,3000000.00,9301375.26
Jan 04 2023,GMX,$40.57,0,12290669.68,3000000.00,9290669.68
Jan 01 2023,GMX,$41.75,0,12279964.10,3000000.00,9279964.10
Dec 29 2022,GMX,$41.89,0,12269258.52,3000000.00,9269258.52
Dec 25 2022,GMX,$46.51,0,12254984.41,3000000.00,9254984.41
Dec 22 2022,GMX,$47.08,0,12244278.83,3000000.00,9244278.83
Dec 19 2022,GMX,$46.22,0,12233573.25,3000000.00,9233573.25
Dec 16 2022,GMX,$50.43,0,12222867.67,3000000.00,9222867.67
Dec 13 2022,GMX,$59.06,0,12212162.09,3000000.00,9212162.09
Dec 09 2022,GMX,$53.88,0,12197887.99,3000000.00,9197887.99
Dec 06 2022,GMX,$51.60,0,12186859.83,3000000.00,9186859.83
Dec 03 2022,GMX,$55.27,0,12175831.67,3000000.00,9175831.67
Nov 30 2022,GMX,$41.58,0,12164803.51,3000000.00,9164803.51
Nov 27 2022,GMX,$44.53,0,12153775.35,3000000.00,9153775.35
Nov 23 2022,GMX,$40.81,0,12139071.13,3000000.00,9139071.13
Nov 20 2022,GMX,$42.85,0,12128042.97,3000000.00,9128042.97
Nov 17 2022,GMX,$40.78,0,12117014.81,3000000.00,9117014.81
Nov 14 2022,GMX,$38.52,0,12105986.65,3000000.00,9105986.65
Nov 11 2022,GMX,$34.72,0,12094958.49,3000000.00,9094958.49
Nov 07 2022,GMX,$38.32,0,12080469.33,3000000.00,9080469.33
Nov 04 2022,GMX,$40.16,0,12069763.75,3000000.00,9069763.75
Nov 01 2022,GMX,$42.71,0,12059058.17,3000000.00,9059058.17
Oct 29 2022,GMX,$42.51,0,12048352.59,3000000.00,9048352.59
Oct 26 2022,GMX,$37.70,0,12037647.01,3000000.00,9037647.01
Oct 22 2022,GMX,$35.27,0,12023372.91,3000000.00,9023372.91
Oct 19 2022,GMX,$37.13,0,12012667.33,3000000.00,9012667.33
Oct 16 2022,GMX,$36.49,0,12001961.75,3000000.00,9001961.75
Oct 13 2022,GMX,$38.49,0,11991256.17,3000000.00,8991256.17
Oct 10 2022,GMX,$45.10,0,11980550.59,3000000.00,8980550.59
Oct 07 2022,GMX,$44.26,0,11969629.96,3000000.00,8969629.96
Oct 03 2022,GMX,$37.79,0,11954925.74,3000000.00,8954925.74
Sep 30 2022,GMX,$39.95,0,11943897.58,3000000.00,8943897.58
Sep 27 2022,GMX,$40.72,0,11932869.42,3000000.00,8932869.42
Sep 24 2022,GMX,$39.83,0,11921841.26,3000000.00,8921841.26
Sep 21 2022,GMX,$39.45,0,11910813.10,3000000.00,8910813.10
Sep 17 2022,GMX,$44.09,0,11896108.89,3000000.00,8896108.89
Sep 14 2022,GMX,$43.65,0,11885080.73,3000000.00,8885080.73
Sep 11 2022,GMX,$48.94,0,11874052.57,3000000.00,8874052.57
Sep 08 2022,GMX,$53.08,0,11861519.03,3000000.00,8861519.03
Sep 05 2022,GMX,$56.73,0,11845974.74,3000000.00,8845974.74
Sep 01 2022,GMX,$49.64,0,11825249.02,3000000.00,8825249.02
Aug 29 2022,GMX,$39.89,0,11809704.74,3000000.00,8809704.74
Aug 26 2022,GMX,$40.91,0,11794160.45,3000000.00,8794160.45
Aug 23 2022,GMX,$41.42,0,11778616.16,3000000.00,8778616.16
Aug 20 2022,GMX,$32.06,0,11763071.87,3000000.00,8763071.87
Aug 16 2022,GMX,$37.50,0,11742346.15,3000000.00,8742346.15
Aug 13 2022,GMX,$43.51,0,11726801.86,3000000.00,8726801.86
Aug 10 2022,GMX,$41.46,0,11711257.57,3000000.00,8711257.57
Aug 07 2022,GMX,$42.07,0,11695713.28,3000000.00,8695713.28
Aug 04 2022,GMX,$40.89,0,11680168.99,3000000.00,8680168.99
Jul 31 2022,GMX,$35.73,0,11659443.27,3000000.00,8659443.27
Jul 28 2022,GMX,$29.23,0,11643898.98,3000000.00,8643898.98
Jul 25 2022,GMX,$27.90,0,11628354.69,3000000.00,8628354.69
Jul 22 2022,GMX,$29.12,0,11612810.41,3000000.00,8612810.41
Jul 19 2022,GMX,$31.63,0,11597266.12,3000000.00,8597266.12
Jul 15 2022,GMX,$28.84,0,11576540.40,3000000.00,8576540.40
Jul 12 2022,GMX,$21.86,0,11560996.11,3000000.00,8560996.11
Jul 09 2022,GMX,$22.61,0,11545451.82,3000000.00,8545451.82
Jul 06 2022,GMX,$17.76,0,11526923.66,3000000.00,8526923.66
Jul 03 2022,GMX,$16.15,0,11508395.50,3000000.00,8508395.50
Jun 29 2022,GMX,$18.89,0,11483691.29,3000000.00,8483691.29
Jun 26 2022,GMX,$19.87,0,11465163.13,3000000.00,8465163.13
Jun 23 2022,GMX,$16.38,0,11446634.97,3000000.00,8446634.97
Jun 20 2022,GMX,$16.79,0,11428106.80,3000000.00,8428106.80
Jun 17 2022,GMX,$13.20,0,11409578.64,3000000.00,8409578.64
Jun 13 2022,GMX,$15.59,0,11384874.43,3000000.00,8384874.43
Jun 10 2022,GMX,$19.13,0,11366346.27,3000000.00,8366346.27
Jun 07 2022,GMX,$22.70,0,11343355.75,3000000.00,8343355.75
Jun 04 2022,GMX,$21.28,0,11318134.04,3000000.00,8318134.04
Jun 01 2022,GMX,$20.48,0,11292912.33,3000000.00,8292912.33
May 28 2022,GMX,$17.89,0,11259283.38,3000000.00,8259283.38
May 25 2022,GMX,$19.54,0,11234061.67,3000000.00,8234061.67
May 22 2022,GMX,$18.83,0,11208839.97,3000000.00,8208839.97
May 19 2022,GMX,$18.72,0,11183618.26,3000000.00,8183618.26
May 16 2022,GMX,$21.65,0,11158396.55,3000000.00,8158396.55
May 12 2022,GMX,$22.32,0,11124767.60,3000000.00,8124767.60
May 09 2022,GMX,$27.69,0,11099545.90,3000000.00,8099545.90
May 06 2022,GMX,$30.34,0,11098517.74,3000000.00,8098517.74
May 03 2022,GMX,$28.02,0,11097489.58,3000000.00,8097489.58
Apr 30 2022,GMX,$28.13,0,11096461.42,3000000.00,8096461.42
Apr 26 2022,GMX,$33.04,0,11095090.54,3000000.00,8095090.54
Apr 23 2022,GMX,$33.50,0,11094062.38,3000000.00,8094062.38
Apr 20 2022,GMX,$39.16,0,11093034.21,3000000.00,8093034.21
Apr 17 2022,GMX,$36.56,0,11092006.05,3000000.00,8092006.05
Apr 14 2022,GMX,$38.40,0,11090977.89,3000000.00,8090977.89
Apr 10 2022,GMX,$37.70,0,11089607.01,3000000.00,8089607.01
Apr 07 2022,GMX,$37.89,0,11088578.85,3000000.00,8088578.85
Apr 04 2022,GMX,$39.40,0,11087550.69,3000000.00,8087550.69
Apr 01 2022,GMX,$39.80,0,11086522.53,3000000.00,8086522.53
Mar 29 2022,GMX,$28.44,0,11085494.37,3000000.00,8085494.37
Mar 25 2022,GMX,$28.33,0,11084123.49,3000000.00,8084123.49
Mar 22 2022,GMX,$29.17,0,11083095.33,3000000.00,8083095.33
Mar 19 2022,GMX,$29.45,0,11082067.17,3000000.00,8082067.17
Mar 16 2022,GMX,$21.81,0,11081039.01,3000000.00,8081039.01
Mar 13 2022,GMX,$23.26,0,11080010.85,3000000.00,8080010.85
Mar 09 2022,GMX,$24.30,0,11078639.97,3000000.00,8078639.97
Mar 06 2022,GMX,$26.90,0,11077611.81,3000000.00,8077611.81
Mar 03 2022,GMX,$31.86,0,11076583.65,3000000.00,8076583.65
Feb 28 2022,GMX,$25.66,0,11075555.49,3000000.00,8075555.49
Feb 25 2022,GMX,$25.37,0,11074527.33,3000000.00,8074527.33
Feb 21 2022,GMX,$28.71,0,11073156.45,3000000.00,8073156.45
Feb 18 2022,GMX,$32.93,0,11072128.29,3000000.00,8072128.29
Feb 15 2022,GMX,$33.99,0,11071100.13,3000000.00,8071100.13
Feb 12 2022,GMX,$35.79,0,11070071.97,3000000.00,8070071.97
Feb 09 2022,GMX,$43.13,0,11069043.81,3000000.00,8069043.81
Feb 05 2022,GMX,$44.70,0,11067672.93,3000000.00,8067672.93
Feb 02 2022,GMX,$43.18,0,11066644.77,3000000.00,8066644.77
Jan 30 2022,GMX,$42.75,0,11065616.61,3000000.00,8065616.61
Jan 27 2022,GMX,$41.26,0,11064588.45,3000000.00,8064588.45
Jan 24 2022,GMX,$40.48,0,11063560.29,3000000.00,8063560.29
Jan 20 2022,GMX,$57.50,0,11062189.41,3000000.00,8062189.41
Jan 17 2022,GMX,$58.04,0,11061161.25,3000000.00,8061161.25
Jan 14 2022,GMX,$40.44,0,11060133.09,3000000.00,8060133.09
Jan 11 2022,GMX,$39.66,0,11059104.93,3000000.00,8059104.93
Jan 08 2022,GMX,$30.63,0,11058076.77,3000000.00,8058076.77
Jan 04 2022,GMX,$30.00,0,11056705.89,3000000.00,8056705.89
Jan 01 2022,GMX,$21.69,0,11055677.73,3000000.00,8055677.73
Dec 29 2021,GMX,$21.39,0,11054649.57,3000000.00,8054649.57
Dec 26 2021,GMX,$22.86,0,11053621.41,3000000.00,8053621.41
Dec 23 2021,GMX,$25.27,0,11052593.25,3000000.00,8052593.25
Dec 19 2021,GMX,$24.58,0,11051222.37,3000000.00,8051222.37
Dec 16 2021,GMX,$24.62,0,11050194.21,3000000.00,8050194.21
Dec 13 2021,GMX,$24.87,0,11049166.05,3000000.00,8049166.05
Dec 10 2021,GMX,$25.09,0,11048137.89,3000000.00,8048137.89
Dec 07 2021,GMX,$28.34,0,11047109.73,3000000.00,8047109.73
Dec 03 2021,GMX,$30.83,0,11045738.85,3000000.00,8045738.85
Nov 30 2021,GMX,$35.34,0,11044710.69,3000000.00,8044710.69
Nov 27 2021,GMX,$36.44,0,11043682.53,3000000.00,8043682.53
Nov 24 2021,GMX,$38.26,0,11042654.37,3000000.00,8042654.37
Nov 21 2021,GMX,$44.63,0,11041626.21,3000000.00,8041626.21
Nov 17 2021,GMX,$29.07,0,11040255.33,3000000.00,8040255.33
Nov 14 2021,GMX,$30.53,0,11039227.17,3000000.00,8039227.17
Nov 11 2021,GMX,$30.28,0,11038199.01,3000000.00,8038199.01
Nov 08 2021,GMX,$34.76,0,11037170.85,3000000.00,8037170.85
Nov 05 2021,GMX,$35.71,0,11036142.69,3000000.00,8036142.69
Nov 01 2021,GMX,$36.51,0,11034771.81,3000000.00,8034771.81
Oct 29 2021,GMX,$38.88,0,11033743.65,3000000.00,8033743.65
Oct 26 2021,GMX,$35.22,0,11032715.49,3000000.00,8032715.49
Oct 23 2021,GMX,$32.92,0,11031687.33,3000000.00,8031687.33
Oct 20 2021,GMX,$23.11,0,11030659.16,3000000.00,8030659.16
Oct 16 2021,GMX,$22.35,0,11029288.28,3000000.00,8029288.28
Oct 13 2021,GMX,$23.36,0,11028260.12,3000000.00,8028260.12
Oct 10 2021,GMX,$24.63,0,11027231.96,3000000.00,8027231.96
Oct 07 2021,GMX,$25.54,0,11026203.80,3000000.00,8026203.80
Oct 04 2021,GMX,$18.81,0,11025175.64,3000000.00,8025175.64
Sep 30 2021,GMX,$15.19,0,11023804.76,3000000.00,8023804.76
Sep 27 2021,GMX,$16.64,0,11022776.60,3000000.00,8022776.60
Sep 24 2021,GMX,$14.94,0,11021748.44,3000000.00,8021748.44
Sep 21 2021,GMX,$11.97,0,11020720.28,3000000.00,8020720.28
Sep 18 2021,GMX,$20.05,0,11019692.12,3000000.00,8019692.12
Sep 14 2021,GMX,$15.73,0,11018321.24,3000000.00,8018321.24
Sep 11 2021,GMX,0,0,11017293.08,3000000.00,8017293.08
Sep 08 2021,GMX,0,0,11016264.92,3000000.00,8016264.92
Sep 05 2021,GMX,0,0,11015236.76,3000000.00,8015236.76
Sep 02 2021,GMX,0,0,11014208.60,3000000.00,8014208.60
Aug 29 2021,GMX,0,0,9012837.72,3000000.00,6012837.72
Aug 26 2021,GMX,0,0,9011809.56,3000000.00,6011809.56
Aug 23 2021,GMX,0,0,9010781.40,3000000.00,6010781.40
Aug 20 2021,GMX,0,0,9009753.24,3000000.00,6009753.24
Aug 17 2021,GMX,0,0,9008725.08,3000000.00,6008725.08
Aug 13 2021,GMX,0,0,9007354.20,3000000.00,6007354.20
Aug 10 2021,GMX,0,0,9006326.04,3000000.00,6006326.04
Aug 07 2021,GMX,0,0,9005297.88,3000000.00,6005297.88
Aug 04 2021,GMX,0,0,9004269.72,3000000.00,6004269.72
Aug 01 2021,GMX,0,0,9003241.56,3000000.00,6003241.56
Jul 28 2021,GMX,0,0,9001870.68,3000000.00,6001870.68
Jul 25 2021,GMX,0,0,9000842.52,3000000.00,6000842.52
Jul 22 2021,GMX,0,0,9000000.00,3000000.00,6000000.00
