Date,Symbol,Price,Available Supply,Unlocked Supply,Founder / Team,Community & Other
Nov 01 2030,HNT,0,217375000.00,217375000.00,70831250.00,146543750.00
Oct 27 2030,HNT,0,217375000.00,217375000.00,70831250.00,146543750.00
Oct 22 2030,HNT,0,217375000.00,217375000.00,70831250.00,146543750.00
Oct 17 2030,HNT,0,217375000.00,217375000.00,70831250.00,146543750.00
Oct 12 2030,HNT,0,217375000.00,217375000.00,70831250.00,146543750.00
Oct 08 2030,HNT,0,217375000.00,217375000.00,70831250.00,146543750.00
Oct 03 2030,HNT,0,217375000.00,217375000.00,70831250.00,146543750.00
Sep 28 2030,HNT,0,217375000.00,217375000.00,70831250.00,146543750.00
Sep 23 2030,HNT,0,217375000.00,217375000.00,70831250.00,146543750.00
Sep 18 2030,HNT,0,217375000.00,217375000.00,70831250.00,146543750.00
Sep 13 2030,HNT,0,217375000.00,217375000.00,70831250.00,146543750.00
Sep 08 2030,HNT,0,217375000.00,217375000.00,70831250.00,146543750.00
Sep 03 2030,HNT,0,217375000.00,217375000.00,70831250.00,146543750.00
Aug 30 2030,HNT,0,217375000.00,217375000.00,70831250.00,146543750.00
Aug 25 2030,HNT,0,217375000.00,217375000.00,70831250.00,146543750.00
Aug 20 2030,HNT,0,217375000.00,217375000.00,70831250.00,146543750.00
Aug 15 2030,HNT,0,217375000.00,217375000.00,70831250.00,146543750.00
Aug 10 2030,HNT,0,217375000.00,217375000.00,70831250.00,146543750.00
Aug 05 2030,HNT,0,217375000.00,217375000.00,70831250.00,146543750.00
Jul 31 2030,HNT,0,217369863.01,217369863.01,70829965.75,146539897.26
Jul 26 2030,HNT,0,217344178.08,217344178.08,70823544.52,146520633.56
Jul 22 2030,HNT,0,217323630.14,217323630.14,70818407.53,146505222.60
Jul 17 2030,HNT,0,217297945.21,217297945.21,70811986.30,146485958.90
Jul 12 2030,HNT,0,217272260.27,217272260.27,70805565.07,146466695.21
Jul 07 2030,HNT,0,217246575.34,217246575.34,70799143.84,146447431.51
Jul 02 2030,HNT,0,217220890.41,217220890.41,70792722.60,146428167.81
Jun 27 2030,HNT,0,217195205.48,217195205.48,70786301.37,146408904.11
Jun 22 2030,HNT,0,217169520.55,217169520.55,70779880.14,146389640.41
Jun 17 2030,HNT,0,217143835.62,217143835.62,70773458.90,146370376.71
Jun 13 2030,HNT,0,217123287.67,217123287.67,70768321.92,146354965.75
Jun 08 2030,HNT,0,217097602.74,217097602.74,70761900.68,146335702.05
Jun 03 2030,HNT,0,217071917.81,217071917.81,70755479.45,146316438.36
May 29 2030,HNT,0,217046232.88,217046232.88,70749058.22,146297174.66
May 24 2030,HNT,0,217020547.95,217020547.95,70742636.99,146277910.96
May 19 2030,HNT,0,216994863.01,216994863.01,70736215.75,146258647.26
May 14 2030,HNT,0,216969178.08,216969178.08,70729794.52,146239383.56
May 09 2030,HNT,0,216943493.15,216943493.15,70723373.29,146220119.86
May 05 2030,HNT,0,216922945.21,216922945.21,70718236.30,146204708.90
Apr 30 2030,HNT,0,216897260.27,216897260.27,70711815.07,146185445.21
Apr 25 2030,HNT,0,216871575.34,216871575.34,70705393.84,146166181.51
Apr 20 2030,HNT,0,216845890.41,216845890.41,70698972.60,146146917.81
Apr 15 2030,HNT,0,216820205.48,216820205.48,70692551.37,146127654.11
Apr 10 2030,HNT,0,216794520.55,216794520.55,70686130.14,146108390.41
Apr 05 2030,HNT,0,216768835.62,216768835.62,70679708.90,146089126.71
Mar 31 2030,HNT,0,216743150.68,216743150.68,70673287.67,146069863.01
Mar 27 2030,HNT,0,216722602.74,216722602.74,70668150.68,146054452.05
Mar 22 2030,HNT,0,216696917.81,216696917.81,70661729.45,146035188.36
Mar 17 2030,HNT,0,216671232.88,216671232.88,70655308.22,146015924.66
Mar 12 2030,HNT,0,216645547.95,216645547.95,70648886.99,145996660.96
Mar 07 2030,HNT,0,216619863.01,216619863.01,70642465.75,145977397.26
Mar 02 2030,HNT,0,216594178.08,216594178.08,70636044.52,145958133.56
Feb 25 2030,HNT,0,216568493.15,216568493.15,70629623.29,145938869.86
Feb 20 2030,HNT,0,216542808.22,216542808.22,70623202.05,145919606.16
Feb 16 2030,HNT,0,216522260.27,216522260.27,70618065.07,145904195.21
Feb 11 2030,HNT,0,216496575.34,216496575.34,70611643.84,145884931.51
Feb 06 2030,HNT,0,216470890.41,216470890.41,70605222.60,145865667.81
Feb 01 2030,HNT,0,216445205.48,216445205.48,70598801.37,145846404.11
Jan 27 2030,HNT,0,216419520.55,216419520.55,70592380.14,145827140.41
Jan 22 2030,HNT,0,216393835.62,216393835.62,70585958.90,145807876.71
Jan 17 2030,HNT,0,216368150.68,216368150.68,70579537.67,145788613.01
Jan 12 2030,HNT,0,216342465.75,216342465.75,70573116.44,145769349.32
Jan 08 2030,HNT,0,216321917.81,216321917.81,70567979.45,145753938.36
Jan 03 2030,HNT,0,216296232.88,216296232.88,70561558.22,145734674.66
Dec 29 2029,HNT,0,216270547.95,216270547.95,70555136.99,145715410.96
Dec 24 2029,HNT,0,216244863.01,216244863.01,70548715.75,145696147.26
Dec 19 2029,HNT,0,216219178.08,216219178.08,70542294.52,145676883.56
Dec 14 2029,HNT,0,216193493.15,216193493.15,70535873.29,145657619.86
Dec 09 2029,HNT,0,216167808.22,216167808.22,70529452.05,145638356.16
Dec 04 2029,HNT,0,216142123.29,216142123.29,70523030.82,145619092.47
Nov 30 2029,HNT,0,216121575.34,216121575.34,70517893.84,145603681.51
Nov 25 2029,HNT,0,216095890.41,216095890.41,70511472.60,145584417.81
Nov 20 2029,HNT,0,216070205.48,216070205.48,70505051.37,145565154.11
Nov 15 2029,HNT,0,216044520.55,216044520.55,70498630.14,145545890.41
Nov 10 2029,HNT,0,216018835.62,216018835.62,70492208.90,145526626.71
Nov 05 2029,HNT,0,215993150.68,215993150.68,70485787.67,145507363.01
Oct 31 2029,HNT,0,215967465.75,215967465.75,70479366.44,145488099.32
Oct 26 2029,HNT,0,215941780.82,215941780.82,70472945.21,145468835.62
Oct 22 2029,HNT,0,215921232.88,215921232.88,70467808.22,145453424.66
Oct 17 2029,HNT,0,215895547.95,215895547.95,70461386.99,145434160.96
Oct 12 2029,HNT,0,215869863.01,215869863.01,70454965.75,145414897.26
Oct 07 2029,HNT,0,215844178.08,215844178.08,70448544.52,145395633.56
Oct 02 2029,HNT,0,215818493.15,215818493.15,70442123.29,145376369.86
Sep 27 2029,HNT,0,215792808.22,215792808.22,70435702.05,145357106.16
Sep 22 2029,HNT,0,215767123.29,215767123.29,70429280.82,145337842.47
Sep 17 2029,HNT,0,215741438.36,215741438.36,70422859.59,145318578.77
Sep 13 2029,HNT,0,215720890.41,215720890.41,70417722.60,145303167.81
Sep 08 2029,HNT,0,215695205.48,215695205.48,70411301.37,145283904.11
Sep 03 2029,HNT,0,215669520.55,215669520.55,70404880.14,145264640.41
Aug 29 2029,HNT,0,215643835.62,215643835.62,70398458.90,145245376.71
Aug 24 2029,HNT,0,215618150.68,215618150.68,70392037.67,145226113.01
Aug 19 2029,HNT,0,215592465.75,215592465.75,70385616.44,145206849.32
Aug 14 2029,HNT,0,215566780.82,215566780.82,70379195.21,145187585.62
Aug 09 2029,HNT,0,215541095.89,215541095.89,70372773.97,145168321.92
Aug 05 2029,HNT,0,215520547.95,215520547.95,70367636.99,145152910.96
Jul 31 2029,HNT,0,215489726.03,215489726.03,70359828.77,145129897.26
Jul 26 2029,HNT,0,215438356.16,215438356.16,70346472.60,145091883.56
Jul 21 2029,HNT,0,215386986.30,215386986.30,70333116.44,145053869.86
Jul 16 2029,HNT,0,215335616.44,215335616.44,70319760.27,145015856.16
Jul 11 2029,HNT,0,215284246.58,215284246.58,70306404.11,144977842.47
Jul 06 2029,HNT,0,215232876.71,215232876.71,70293047.95,144939828.77
Jul 01 2029,HNT,0,215181506.85,215181506.85,70279691.78,144901815.07
Jun 27 2029,HNT,0,215140410.96,215140410.96,70269006.85,144871404.11
Jun 22 2029,HNT,0,215089041.10,215089041.10,70255650.68,144833390.41
Jun 17 2029,HNT,0,215037671.23,215037671.23,70242294.52,144795376.71
Jun 12 2029,HNT,0,214986301.37,214986301.37,70228938.36,144757363.01
Jun 07 2029,HNT,0,214934931.51,214934931.51,70215582.19,144719349.32
Jun 02 2029,HNT,0,214883561.64,214883561.64,70202226.03,144681335.62
May 28 2029,HNT,0,214832191.78,214832191.78,70188869.86,144643321.92
May 23 2029,HNT,0,214780821.92,214780821.92,70175513.70,144605308.22
May 19 2029,HNT,0,214739726.03,214739726.03,70164828.77,144574897.26
May 14 2029,HNT,0,214688356.16,214688356.16,70151472.60,144536883.56
May 09 2029,HNT,0,214636986.30,214636986.30,70138116.44,144498869.86
May 04 2029,HNT,0,214585616.44,214585616.44,70124760.27,144460856.16
Apr 29 2029,HNT,0,214534246.58,214534246.58,70111404.11,144422842.47
Apr 24 2029,HNT,0,214482876.71,214482876.71,70098047.95,144384828.77
Apr 19 2029,HNT,0,214431506.85,214431506.85,70084691.78,144346815.07
Apr 14 2029,HNT,0,214380136.99,214380136.99,70071335.62,144308801.37
Apr 10 2029,HNT,0,214339041.10,214339041.10,70060650.68,144278390.41
Apr 05 2029,HNT,0,214287671.23,214287671.23,70047294.52,144240376.71
Mar 31 2029,HNT,0,214236301.37,214236301.37,70033938.36,144202363.01
Mar 26 2029,HNT,0,214184931.51,214184931.51,70020582.19,144164349.32
Mar 21 2029,HNT,0,214133561.64,214133561.64,70007226.03,144126335.62
Mar 16 2029,HNT,0,214082191.78,214082191.78,69993869.86,144088321.92
Mar 11 2029,HNT,0,214030821.92,214030821.92,69980513.70,144050308.22
Mar 06 2029,HNT,0,213979452.05,213979452.05,69967157.53,144012294.52
Mar 02 2029,HNT,0,213938356.16,213938356.16,69956472.60,143981883.56
Feb 25 2029,HNT,0,213886986.30,213886986.30,69943116.44,143943869.86
Feb 20 2029,HNT,0,213835616.44,213835616.44,69929760.27,143905856.16
Feb 15 2029,HNT,0,213784246.58,213784246.58,69916404.11,143867842.47
Feb 10 2029,HNT,0,213732876.71,213732876.71,69903047.95,143829828.77
Feb 05 2029,HNT,0,213681506.85,213681506.85,69889691.78,143791815.07
Jan 31 2029,HNT,0,213630136.99,213630136.99,69876335.62,143753801.37
Jan 26 2029,HNT,0,213578767.12,213578767.12,69862979.45,143715787.67
Jan 22 2029,HNT,0,213537671.23,213537671.23,69852294.52,143685376.71
Jan 17 2029,HNT,0,213486301.37,213486301.37,69838938.36,143647363.01
Jan 12 2029,HNT,0,213434931.51,213434931.51,69825582.19,143609349.32
Jan 07 2029,HNT,0,213383561.64,213383561.64,69812226.03,143571335.62
Jan 02 2029,HNT,0,213332191.78,213332191.78,69798869.86,143533321.92
Dec 28 2028,HNT,0,213280821.92,213280821.92,69785513.70,143495308.22
Dec 23 2028,HNT,0,213229452.05,213229452.05,69772157.53,143457294.52
Dec 18 2028,HNT,0,213178082.19,213178082.19,69758801.37,143419280.82
Dec 14 2028,HNT,0,213136986.30,213136986.30,69748116.44,143388869.86
Dec 09 2028,HNT,0,213085616.44,213085616.44,69734760.27,143350856.16
Dec 04 2028,HNT,0,213034246.58,213034246.58,69721404.11,143312842.47
Nov 29 2028,HNT,0,212982876.71,212982876.71,69708047.95,143274828.77
Nov 24 2028,HNT,0,212931506.85,212931506.85,69694691.78,143236815.07
Nov 19 2028,HNT,0,212880136.99,212880136.99,69681335.62,143198801.37
Nov 14 2028,HNT,0,212828767.12,212828767.12,69667979.45,143160787.67
Nov 09 2028,HNT,0,212777397.26,212777397.26,69654623.29,143122773.97
Nov 05 2028,HNT,0,212736301.37,212736301.37,69643938.36,143092363.01
Oct 31 2028,HNT,0,212684931.51,212684931.51,69630582.19,143054349.32
Oct 26 2028,HNT,0,212633561.64,212633561.64,69617226.03,143016335.62
Oct 21 2028,HNT,0,212582191.78,212582191.78,69603869.86,142978321.92
Oct 16 2028,HNT,0,212530821.92,212530821.92,69590513.70,142940308.22
Oct 11 2028,HNT,0,212479452.05,212479452.05,69577157.53,142902294.52
Oct 06 2028,HNT,0,212428082.19,212428082.19,69563801.37,142864280.82
Oct 01 2028,HNT,0,212376712.33,212376712.33,69550445.21,142826267.12
Sep 27 2028,HNT,0,212335616.44,212335616.44,69539760.27,142795856.16
Sep 22 2028,HNT,0,212284246.58,212284246.58,69526404.11,142757842.47
Sep 17 2028,HNT,0,212232876.71,212232876.71,69513047.95,142719828.77
Sep 12 2028,HNT,0,212181506.85,212181506.85,69499691.78,142681815.07
Sep 07 2028,HNT,0,212130136.99,212130136.99,69486335.62,142643801.37
Sep 02 2028,HNT,0,212078767.12,212078767.12,69472979.45,142605787.67
Aug 28 2028,HNT,0,212027397.26,212027397.26,69459623.29,142567773.97
Aug 23 2028,HNT,0,211976027.40,211976027.40,69446267.12,142529760.27
Aug 19 2028,HNT,0,211934931.51,211934931.51,69435582.19,142499349.32
Aug 14 2028,HNT,0,211883561.64,211883561.64,69422226.03,142461335.62
Aug 09 2028,HNT,0,211832191.78,211832191.78,69408869.86,142423321.92
Aug 04 2028,HNT,0,211780821.92,211780821.92,69395513.70,142385308.22
Jul 30 2028,HNT,0,211729508.20,211729508.20,69381967.21,142347540.98
Jul 25 2028,HNT,0,211678278.69,211678278.69,69368135.25,142310143.44
Jul 20 2028,HNT,0,211627049.18,211627049.18,69354303.28,142272745.90
Jul 15 2028,HNT,0,211575819.67,211575819.67,69340471.31,142235348.36
Jul 11 2028,HNT,0,211534836.07,211534836.07,69329405.74,142205430.33
Jul 06 2028,HNT,0,211483606.56,211483606.56,69315573.77,142168032.79
Jul 01 2028,HNT,0,211432377.05,211432377.05,69301741.80,142130635.25
Jun 26 2028,HNT,0,211381147.54,211381147.54,69287909.84,142093237.70
Jun 21 2028,HNT,0,211329918.03,211329918.03,69274077.87,142055840.16
Jun 16 2028,HNT,0,211278688.52,211278688.52,69260245.90,142018442.62
Jun 11 2028,HNT,0,211227459.02,211227459.02,69246413.93,141981045.08
Jun 06 2028,HNT,0,211176229.51,211176229.51,69232581.97,141943647.54
Jun 02 2028,HNT,0,211135245.90,211135245.90,69221516.39,141913729.51
May 28 2028,HNT,0,211084016.39,211084016.39,69207684.43,141876331.97
May 23 2028,HNT,0,211032786.89,211032786.89,69193852.46,141838934.43
May 18 2028,HNT,0,210981557.38,210981557.38,69180020.49,141801536.89
May 13 2028,HNT,0,210930327.87,210930327.87,69166188.52,141764139.34
May 08 2028,HNT,0,210879098.36,210879098.36,69152356.56,141726741.80
May 03 2028,HNT,0,210827868.85,210827868.85,69138524.59,141689344.26
Apr 28 2028,HNT,0,210776639.34,210776639.34,69124692.62,141651946.72
Apr 24 2028,HNT,0,210735655.74,210735655.74,69113627.05,141622028.69
Apr 19 2028,HNT,0,210684426.23,210684426.23,69099795.08,141584631.15
Apr 14 2028,HNT,0,210633196.72,210633196.72,69085963.11,141547233.61
Apr 09 2028,HNT,0,210581967.21,210581967.21,69072131.15,141509836.07
Apr 04 2028,HNT,0,210530737.70,210530737.70,69058299.18,141472438.52
Mar 30 2028,HNT,0,210479508.20,210479508.20,69044467.21,141435040.98
Mar 25 2028,HNT,0,210428278.69,210428278.69,69030635.25,141397643.44
Mar 20 2028,HNT,0,210377049.18,210377049.18,69016803.28,141360245.90
Mar 16 2028,HNT,0,210336065.57,210336065.57,69005737.70,141330327.87
Mar 11 2028,HNT,0,210284836.07,210284836.07,68991905.74,141292930.33
Mar 06 2028,HNT,0,210233606.56,210233606.56,68978073.77,141255532.79
Mar 01 2028,HNT,0,210182377.05,210182377.05,68964241.80,141218135.25
Feb 25 2028,HNT,0,210131147.54,210131147.54,68950409.84,141180737.70
Feb 20 2028,HNT,0,210079918.03,210079918.03,68936577.87,141143340.16
Feb 15 2028,HNT,0,210028688.52,210028688.52,68922745.90,141105942.62
Feb 10 2028,HNT,0,209977459.02,209977459.02,68908913.93,141068545.08
Feb 06 2028,HNT,0,209936475.41,209936475.41,68897848.36,141038627.05
Feb 01 2028,HNT,0,209885245.90,209885245.90,68884016.39,141001229.51
Jan 27 2028,HNT,0,209834016.39,209834016.39,68870184.43,140963831.97
Jan 22 2028,HNT,0,209782786.89,209782786.89,68856352.46,140926434.43
Jan 17 2028,HNT,0,209731557.38,209731557.38,68842520.49,140889036.89
Jan 12 2028,HNT,0,209680327.87,209680327.87,68828688.52,140851639.34
Jan 07 2028,HNT,0,209629098.36,209629098.36,68814856.56,140814241.80
Jan 02 2028,HNT,0,209577868.85,209577868.85,68801024.59,140776844.26
Dec 29 2027,HNT,0,209536885.25,209536885.25,68789959.02,140746926.23
Dec 24 2027,HNT,0,209485655.74,209485655.74,68776127.05,140709528.69
Dec 19 2027,HNT,0,209434426.23,209434426.23,68762295.08,140672131.15
Dec 14 2027,HNT,0,209383196.72,209383196.72,68748463.11,140634733.61
Dec 09 2027,HNT,0,209331967.21,209331967.21,68734631.15,140597336.07
Dec 04 2027,HNT,0,209280737.70,209280737.70,68720799.18,140559938.52
Nov 29 2027,HNT,0,209229508.20,209229508.20,68706967.21,140522540.98
Nov 24 2027,HNT,0,209178278.69,209178278.69,68693135.25,140485143.44
Nov 20 2027,HNT,0,209137295.08,209137295.08,68682069.67,140455225.41
Nov 15 2027,HNT,0,209086065.57,209086065.57,68668237.70,140417827.87
Nov 10 2027,HNT,0,209034836.07,209034836.07,68654405.74,140380430.33
Nov 05 2027,HNT,0,208983606.56,208983606.56,68640573.77,140343032.79
Oct 31 2027,HNT,0,208932377.05,208932377.05,68626741.80,140305635.25
Oct 26 2027,HNT,0,208881147.54,208881147.54,68612909.84,140268237.70
Oct 21 2027,HNT,0,208829918.03,208829918.03,68599077.87,140230840.16
Oct 16 2027,HNT,0,208778688.52,208778688.52,68585245.90,140193442.62
Oct 12 2027,HNT,0,208737704.92,208737704.92,68574180.33,140163524.59
Oct 07 2027,HNT,0,208686475.41,208686475.41,68560348.36,140126127.05
Oct 02 2027,HNT,0,208635245.90,208635245.90,68546516.39,140088729.51
Sep 27 2027,HNT,0,208584016.39,208584016.39,68532684.43,140051331.97
Sep 22 2027,HNT,0,208532786.89,208532786.89,68518852.46,140013934.43
Sep 17 2027,HNT,0,208481557.38,208481557.38,68505020.49,139976536.89
Sep 12 2027,HNT,0,208430327.87,208430327.87,68491188.52,139939139.34
Sep 07 2027,HNT,0,208379098.36,208379098.36,68477356.56,139901741.80
Sep 03 2027,HNT,0,208338114.75,208338114.75,68466290.98,139871823.77
Aug 29 2027,HNT,0,208286885.25,208286885.25,68452459.02,139834426.23
Aug 24 2027,HNT,0,208235655.74,208235655.74,68438627.05,139797028.69
Aug 19 2027,HNT,0,208184426.23,208184426.23,68424795.08,139759631.15
Aug 14 2027,HNT,0,208133196.72,208133196.72,68410963.11,139722233.61
Aug 09 2027,HNT,0,208081967.21,208081967.21,68397131.15,139684836.07
Aug 04 2027,HNT,0,208030737.70,208030737.70,68383299.18,139647438.52
Jul 30 2027,HNT,0,207958904.11,207958904.11,68363493.15,139595410.96
Jul 26 2027,HNT,0,207876712.33,207876712.33,68340479.45,139536232.88
Jul 21 2027,HNT,0,207773972.60,207773972.60,68311712.33,139462260.27
Jul 16 2027,HNT,0,207671232.88,207671232.88,68282945.21,139388287.67
Jul 11 2027,HNT,0,207568493.15,207568493.15,68254178.08,139314315.07
Jul 06 2027,HNT,0,207465753.42,207465753.42,68225410.96,139240342.47
Jul 01 2027,HNT,0,207363013.70,207363013.70,68196643.84,139166369.86
Jun 26 2027,HNT,0,207260273.97,207260273.97,68167876.71,139092397.26
Jun 21 2027,HNT,0,207157534.25,207157534.25,68139109.59,139018424.66
Jun 17 2027,HNT,0,207075342.47,207075342.47,68116095.89,138959246.58
Jun 12 2027,HNT,0,206972602.74,206972602.74,68087328.77,138885273.97
Jun 07 2027,HNT,0,206869863.01,206869863.01,68058561.64,138811301.37
Jun 02 2027,HNT,0,206767123.29,206767123.29,68029794.52,138737328.77
May 28 2027,HNT,0,206664383.56,206664383.56,68001027.40,138663356.16
May 23 2027,HNT,0,206561643.84,206561643.84,67972260.27,138589383.56
May 18 2027,HNT,0,206458904.11,206458904.11,67943493.15,138515410.96
May 13 2027,HNT,0,206356164.38,206356164.38,67914726.03,138441438.36
May 09 2027,HNT,0,206273972.60,206273972.60,67891712.33,138382260.27
May 04 2027,HNT,0,206171232.88,206171232.88,67862945.21,138308287.67
Apr 29 2027,HNT,0,206068493.15,206068493.15,67834178.08,138234315.07
Apr 24 2027,HNT,0,205965753.42,205965753.42,67805410.96,138160342.47
Apr 19 2027,HNT,0,205863013.70,205863013.70,67776643.84,138086369.86
Apr 14 2027,HNT,0,205760273.97,205760273.97,67747876.71,138012397.26
Apr 09 2027,HNT,0,205657534.25,205657534.25,67719109.59,137938424.66
Apr 04 2027,HNT,0,205554794.52,205554794.52,67690342.47,137864452.05
Mar 31 2027,HNT,0,205472602.74,205472602.74,67667328.77,137805273.97
Mar 26 2027,HNT,0,205369863.01,205369863.01,67638561.64,137731301.37
Mar 21 2027,HNT,0,205267123.29,205267123.29,67609794.52,137657328.77
Mar 16 2027,HNT,0,205164383.56,205164383.56,67581027.40,137583356.16
Mar 11 2027,HNT,0,205061643.84,205061643.84,67552260.27,137509383.56
Mar 06 2027,HNT,0,204958904.11,204958904.11,67523493.15,137435410.96
Mar 01 2027,HNT,0,204856164.38,204856164.38,67494726.03,137361438.36
Feb 24 2027,HNT,0,204753424.66,204753424.66,67465958.90,137287465.75
Feb 20 2027,HNT,0,204671232.88,204671232.88,67442945.21,137228287.67
Feb 15 2027,HNT,0,204568493.15,204568493.15,67414178.08,137154315.07
Feb 10 2027,HNT,0,204465753.42,204465753.42,67385410.96,137080342.47
Feb 05 2027,HNT,0,204363013.70,204363013.70,67356643.84,137006369.86
Jan 31 2027,HNT,0,204260273.97,204260273.97,67327876.71,136932397.26
Jan 26 2027,HNT,0,204157534.25,204157534.25,67299109.59,136858424.66
Jan 21 2027,HNT,0,204054794.52,204054794.52,67270342.47,136784452.05
Jan 16 2027,HNT,0,203952054.79,203952054.79,67241575.34,136710479.45
Jan 11 2027,HNT,0,203849315.07,203849315.07,67212808.22,136636506.85
Jan 07 2027,HNT,0,203767123.29,203767123.29,67189794.52,136577328.77
Jan 02 2027,HNT,0,203664383.56,203664383.56,67161027.40,136503356.16
Dec 28 2026,HNT,0,203561643.84,203561643.84,67132260.27,136429383.56
Dec 23 2026,HNT,0,203458904.11,203458904.11,67103493.15,136355410.96
Dec 18 2026,HNT,0,203356164.38,203356164.38,67074726.03,136281438.36
Dec 13 2026,HNT,0,203253424.66,203253424.66,67045958.90,136207465.75
Dec 08 2026,HNT,0,203150684.93,203150684.93,67017191.78,136133493.15
Dec 03 2026,HNT,0,203047945.21,203047945.21,66988424.66,136059520.55
Nov 29 2026,HNT,0,202965753.42,202965753.42,66965410.96,136000342.47
Nov 24 2026,HNT,0,202863013.70,202863013.70,66936643.84,135926369.86
Nov 19 2026,HNT,0,202760273.97,202760273.97,66907876.71,135852397.26
Nov 14 2026,HNT,0,202657534.25,202657534.25,66879109.59,135778424.66
Nov 09 2026,HNT,0,202554794.52,202554794.52,66850342.47,135704452.05
Nov 04 2026,HNT,0,202452054.79,202452054.79,66821575.34,135630479.45
Oct 30 2026,HNT,0,202349315.07,202349315.07,66792808.22,135556506.85
Oct 25 2026,HNT,0,202246575.34,202246575.34,66764041.10,135482534.25
Oct 21 2026,HNT,0,202164383.56,202164383.56,66741027.40,135423356.16
Oct 16 2026,HNT,0,202061643.84,202061643.84,66712260.27,135349383.56
Oct 11 2026,HNT,0,201958904.11,201958904.11,66683493.15,135275410.96
Oct 06 2026,HNT,0,201856164.38,201856164.38,66654726.03,135201438.36
Oct 01 2026,HNT,0,201753424.66,201753424.66,66625958.90,135127465.75
Sep 26 2026,HNT,0,201650684.93,201650684.93,66597191.78,135053493.15
Sep 21 2026,HNT,0,201547945.21,201547945.21,66568424.66,134979520.55
Sep 16 2026,HNT,0,201445205.48,201445205.48,66539657.53,134905547.95
Sep 12 2026,HNT,0,201363013.70,201363013.70,66516643.84,134846369.86
Sep 07 2026,HNT,0,201260273.97,201260273.97,66487876.71,134772397.26
Sep 02 2026,HNT,0,201157534.25,201157534.25,66459109.59,134698424.66
Aug 28 2026,HNT,0,201054794.52,201054794.52,66430342.47,134624452.05
Aug 23 2026,HNT,0,200952054.79,200952054.79,66401575.34,134550479.45
Aug 18 2026,HNT,0,200849315.07,200849315.07,66372808.22,134476506.85
Aug 13 2026,HNT,0,200746575.34,200746575.34,66344041.10,134402534.25
Aug 08 2026,HNT,0,200643835.62,200643835.62,66315273.97,134328561.64
Aug 04 2026,HNT,0,200561643.84,200561643.84,66292260.27,134269383.56
Jul 30 2026,HNT,0,200458904.11,200458904.11,66263082.19,134195821.92
Jul 25 2026,HNT,0,200356164.38,200356164.38,66233287.67,134122876.71
Jul 20 2026,HNT,0,200253424.66,200253424.66,66203493.15,134049931.51
Jul 15 2026,HNT,0,200150684.93,200150684.93,66173698.63,133976986.30
Jul 10 2026,HNT,0,200047945.21,200047945.21,66143904.11,133904041.10
Jul 05 2026,HNT,0,199945205.48,199945205.48,66114109.59,133831095.89
Jun 30 2026,HNT,0,199842465.75,199842465.75,66084315.07,133758150.68
Jun 26 2026,HNT,0,199760273.97,199760273.97,66060479.45,133699794.52
Jun 21 2026,HNT,0,199657534.25,199657534.25,66030684.93,133626849.32
Jun 16 2026,HNT,0,199554794.52,199554794.52,66000890.41,133553904.11
Jun 11 2026,HNT,0,199452054.79,199452054.79,65971095.89,133480958.90
Jun 06 2026,HNT,0,199349315.07,199349315.07,65941301.37,133408013.70
Jun 01 2026,HNT,0,199246575.34,199246575.34,65911506.85,133335068.49
May 27 2026,HNT,0,199143835.62,199143835.62,65881712.33,133262123.29
May 22 2026,HNT,0,199041095.89,199041095.89,65851917.81,133189178.08
May 18 2026,HNT,0,198958904.11,198958904.11,65828082.19,133130821.92
May 13 2026,HNT,0,198856164.38,198856164.38,65798287.67,133057876.71
May 08 2026,HNT,0,198753424.66,198753424.66,65768493.15,132984931.51
May 03 2026,HNT,0,198650684.93,198650684.93,65738698.63,132911986.30
Apr 28 2026,HNT,0,198547945.21,198547945.21,65708904.11,132839041.10
Apr 23 2026,HNT,0,198445205.48,198445205.48,65679109.59,132766095.89
Apr 18 2026,HNT,0,198342465.75,198342465.75,65649315.07,132693150.68
Apr 13 2026,HNT,0,198239726.03,198239726.03,65619520.55,132620205.48
Apr 09 2026,HNT,0,198157534.25,198157534.25,65595684.93,132561849.32
Apr 04 2026,HNT,0,198054794.52,198054794.52,65565890.41,132488904.11
Mar 30 2026,HNT,0,197952054.79,197952054.79,65536095.89,132415958.90
Mar 25 2026,HNT,0,197849315.07,197849315.07,65506301.37,132343013.70
Mar 20 2026,HNT,0,197746575.34,197746575.34,65476506.85,132270068.49
Mar 15 2026,HNT,0,197643835.62,197643835.62,65446712.33,132197123.29
Mar 10 2026,HNT,0,197541095.89,197541095.89,65416917.81,132124178.08
Mar 05 2026,HNT,0,197438356.16,197438356.16,65387123.29,132051232.88
Mar 01 2026,HNT,0,197356164.38,197356164.38,65363287.67,131992876.71
Feb 24 2026,HNT,0,197253424.66,197253424.66,65333493.15,131919931.51
Feb 19 2026,HNT,0,197150684.93,197150684.93,65303698.63,131846986.30
Feb 14 2026,HNT,0,197047945.21,197047945.21,65273904.11,131774041.10
Feb 09 2026,HNT,0,196945205.48,196945205.48,65244109.59,131701095.89
Feb 04 2026,HNT,0,196842465.75,196842465.75,65214315.07,131628150.68
Jan 30 2026,HNT,0,196739726.03,196739726.03,65184520.55,131555205.48
Jan 25 2026,HNT,0,196636986.30,196636986.30,65154726.03,131482260.27
Jan 21 2026,HNT,0,196554794.52,196554794.52,65130890.41,131423904.11
Jan 16 2026,HNT,0,196452054.79,196452054.79,65101095.89,131350958.90
Jan 11 2026,HNT,0,196349315.07,196349315.07,65071301.37,131278013.70
Jan 06 2026,HNT,0,196246575.34,196246575.34,65041506.85,131205068.49
Jan 01 2026,HNT,0,196143835.62,196143835.62,65011712.33,131132123.29
Dec 27 2025,HNT,0,196041095.89,196041095.89,64981917.81,131059178.08
Dec 22 2025,HNT,0,195938356.16,195938356.16,64952123.29,130986232.88
Dec 17 2025,HNT,0,195835616.44,195835616.44,64922328.77,130913287.67
Dec 13 2025,HNT,0,195753424.66,195753424.66,64898493.15,130854931.51
Dec 08 2025,HNT,0,195650684.93,195650684.93,64868698.63,130781986.30
Dec 03 2025,HNT,0,195547945.21,195547945.21,64838904.11,130709041.10
Nov 28 2025,HNT,0,195445205.48,195445205.48,64809109.59,130636095.89
Nov 23 2025,HNT,0,195342465.75,195342465.75,64779315.07,130563150.68
Nov 18 2025,HNT,0,195239726.03,195239726.03,64749520.55,130490205.48
Nov 13 2025,HNT,0,195136986.30,195136986.30,64719726.03,130417260.27
Nov 08 2025,HNT,0,195034246.58,195034246.58,64689931.51,130344315.07
Nov 04 2025,HNT,0,194952054.79,194952054.79,64666095.89,130285958.90
Oct 30 2025,HNT,0,194849315.07,194849315.07,64636301.37,130213013.70
Oct 25 2025,HNT,0,194746575.34,194746575.34,64606506.85,130140068.49
Oct 20 2025,HNT,0,194643835.62,194643835.62,64576712.33,130067123.29
Oct 15 2025,HNT,0,194541095.89,194541095.89,64546917.81,129994178.08
Oct 10 2025,HNT,0,194438356.16,194438356.16,64517123.29,129921232.88
Oct 05 2025,HNT,0,194335616.44,194335616.44,64487328.77,129848287.67
Sep 30 2025,HNT,0,194232876.71,194232876.71,64457534.25,129775342.47
Sep 26 2025,HNT,0,194150684.93,194150684.93,64433698.63,129716986.30
Sep 21 2025,HNT,0,194047945.21,194047945.21,64403904.11,129644041.10
Sep 16 2025,HNT,0,193945205.48,193945205.48,64374109.59,129571095.89
Sep 11 2025,HNT,0,193842465.75,193842465.75,64344315.07,129498150.68
Sep 06 2025,HNT,0,193739726.03,193739726.03,64314520.55,129425205.48
Sep 01 2025,HNT,0,193636986.30,193636986.30,64284726.03,129352260.27
Aug 27 2025,HNT,0,193534246.58,193534246.58,64254931.51,129279315.07
Aug 22 2025,HNT,0,193431506.85,193431506.85,64225136.99,129206369.86
Aug 18 2025,HNT,0,193349315.07,193349315.07,64201301.37,129148013.70
Aug 13 2025,HNT,0,193246575.34,193246575.34,64171506.85,129075068.49
Aug 08 2025,HNT,0,193143835.62,193143835.62,64141712.33,129002123.29
Aug 03 2025,HNT,0,193041095.89,193041095.89,64111917.81,128929178.08
Jul 29 2025,HNT,0,192876712.33,192876712.33,64063013.70,128813698.63
Jul 24 2025,HNT,0,192671232.88,192671232.88,64001369.86,128669863.01
Jul 19 2025,HNT,0,192465753.42,192465753.42,63939726.03,128526027.40
Jul 14 2025,HNT,0,192260273.97,192260273.97,63878082.19,128382191.78
Jul 10 2025,HNT,0,192095890.41,192095890.41,63828767.12,128267123.29
Jul 05 2025,HNT,0,191890410.96,191890410.96,63767123.29,128123287.67
Jun 30 2025,HNT,0,191684931.51,191684931.51,63705479.45,127979452.05
Jun 25 2025,HNT,0,191479452.05,191479452.05,63643835.62,127835616.44
Jun 20 2025,HNT,0,191273972.60,191273972.60,63582191.78,127691780.82
Jun 15 2025,HNT,0,191068493.15,191068493.15,63520547.95,127547945.21
Jun 10 2025,HNT,0,190863013.70,190863013.70,63458904.11,127404109.59
Jun 05 2025,HNT,0,190657534.25,190657534.25,63397260.27,127260273.97
Jun 01 2025,HNT,0,190493150.68,190493150.68,63347945.21,127145205.48
May 27 2025,HNT,0,190287671.23,190287671.23,63286301.37,127001369.86
May 22 2025,HNT,0,190082191.78,190082191.78,63224657.53,126857534.25
May 17 2025,HNT,0,189876712.33,189876712.33,63163013.70,126713698.63
May 12 2025,HNT,0,189671232.88,189671232.88,63101369.86,126569863.01
May 07 2025,HNT,0,189465753.42,189465753.42,63039726.03,126426027.40
May 02 2025,HNT,0,189260273.97,189260273.97,62978082.19,126282191.78
Apr 27 2025,HNT,0,189054794.52,189054794.52,62916438.36,126138356.16
Apr 23 2025,HNT,0,188890410.96,188890410.96,62867123.29,126023287.67
Apr 18 2025,HNT,0,188684931.51,188684931.51,62805479.45,125879452.05
Apr 13 2025,HNT,0,188479452.05,188479452.05,62743835.62,125735616.44
Apr 08 2025,HNT,0,188273972.60,188273972.60,62682191.78,125591780.82
Apr 03 2025,HNT,0,188068493.15,188068493.15,62620547.95,125447945.21
Mar 29 2025,HNT,0,187863013.70,187863013.70,62558904.11,125304109.59
Mar 24 2025,HNT,0,187657534.25,187657534.25,62497260.27,125160273.97
Mar 19 2025,HNT,0,187452054.79,187452054.79,62435616.44,125016438.36
Mar 19 2025,HNT,0,187452054.79,187452054.79,62435616.44,125016438.36
Mar 15 2025,HNT,0,187287671.23,187287671.23,62386301.37,124901369.86
Mar 10 2025,HNT,0,187082191.78,187082191.78,62324657.53,124757534.25
Mar 05 2025,HNT,0,186876712.33,186876712.33,62263013.70,124613698.63
Feb 28 2025,HNT,0,186671232.88,186671232.88,62201369.86,124469863.01
Feb 23 2025,HNT,0,186465753.42,186465753.42,62139726.03,124326027.40
Feb 18 2025,HNT,0,186260273.97,186260273.97,62078082.19,124182191.78
Feb 13 2025,HNT,0,186054794.52,186054794.52,62016438.36,124038356.16
Feb 08 2025,HNT,0,185849315.07,185849315.07,61954794.52,123894520.55
Feb 04 2025,HNT,0,185684931.51,185684931.51,61905479.45,123779452.05
Jan 30 2025,HNT,0,185479452.05,185479452.05,61843835.62,123635616.44
Jan 25 2025,HNT,0,185273972.60,185273972.60,61782191.78,123491780.82
Jan 20 2025,HNT,0,185068493.15,185068493.15,61720547.95,123347945.21
Jan 15 2025,HNT,0,184863013.70,184863013.70,61658904.11,123204109.59
Jan 10 2025,HNT,0,184657534.25,184657534.25,61597260.27,123060273.97
Jan 05 2025,HNT,0,184452054.79,184452054.79,61535616.44,122916438.36
Dec 31 2024,HNT,0,184246575.34,184246575.34,61473972.60,122772602.74
Dec 27 2024,HNT,0,184082191.78,184082191.78,61424657.53,122657534.25
Dec 22 2024,HNT,0,183876712.33,183876712.33,61363013.70,122513698.63
Dec 17 2024,HNT,0,183671232.88,183671232.88,61301369.86,122369863.01
Dec 12 2024,HNT,0,183465753.42,183465753.42,61239726.03,122226027.40
Dec 07 2024,HNT,0,183260273.97,183260273.97,61178082.19,122082191.78
Dec 02 2024,HNT,0,183054794.52,183054794.52,61116438.36,121938356.16
Nov 27 2024,HNT,0,182849315.07,182849315.07,61054794.52,121794520.55
Nov 22 2024,HNT,0,182643835.62,182643835.62,60993150.68,121650684.93
Nov 18 2024,HNT,0,182479452.05,182479452.05,60943835.62,121535616.44
Nov 13 2024,HNT,0,182273972.60,182273972.60,60882191.78,121391780.82
Nov 08 2024,HNT,0,182068493.15,182068493.15,60820547.95,121247945.21
Nov 03 2024,HNT,0,181863013.70,181863013.70,60758904.11,121104109.59
Oct 29 2024,HNT,0,181657534.25,181657534.25,60697260.27,120960273.97
Oct 24 2024,HNT,0,181452054.79,181452054.79,60635616.44,120816438.36
Oct 19 2024,HNT,0,181246575.34,181246575.34,60573972.60,120672602.74
Oct 14 2024,HNT,0,181041095.89,181041095.89,60512328.77,120528767.12
Oct 10 2024,HNT,0,180876712.33,180876712.33,60463013.70,120413698.63
Oct 05 2024,HNT,0,180671232.88,180671232.88,60401369.86,120269863.01
Sep 30 2024,HNT,0,180465753.42,180465753.42,60339726.03,120126027.40
Sep 25 2024,HNT,0,180260273.97,180260273.97,60278082.19,119982191.78
Sep 20 2024,HNT,0,180054794.52,180054794.52,60216438.36,119838356.16
Sep 15 2024,HNT,0,179849315.07,179849315.07,60154794.52,119694520.55
Sep 10 2024,HNT,0,179643835.62,179643835.62,60093150.68,119550684.93
Sep 05 2024,HNT,0,179438356.16,179438356.16,60031506.85,119406849.32
Sep 01 2024,HNT,0,179273972.60,179273972.60,59982191.78,119291780.82
Aug 27 2024,HNT,0,179068493.15,179068493.15,59920547.95,119147945.21
Aug 22 2024,HNT,0,178863013.70,178863013.70,59858904.11,119004109.59
Aug 17 2024,HNT,0,178657534.25,178657534.25,59797260.27,118860273.97
Aug 12 2024,HNT,0,178452054.79,178452054.79,59735616.44,118716438.36
Aug 07 2024,HNT,0,178246575.34,178246575.34,59673972.60,118572602.74
Aug 02 2024,HNT,0,178041095.89,178041095.89,59612328.77,118428767.12
Jul 28 2024,HNT,0,177836065.57,177836065.57,59549180.33,118286885.25
Jul 24 2024,HNT,0,177672131.15,177672131.15,59498360.66,118173770.49
Jul 19 2024,HNT,0,177467213.11,177467213.11,59434836.07,118032377.05
Jul 14 2024,HNT,0,177262295.08,177262295.08,59371311.48,117890983.61
Jul 09 2024,HNT,0,177057377.05,177057377.05,59307786.89,117749590.16
Jul 04 2024,HNT,0,176852459.02,176852459.02,59244262.30,117608196.72
Jun 29 2024,HNT,0,176647540.98,176647540.98,59180737.70,117466803.28
Jun 24 2024,HNT,0,176442622.95,176442622.95,59117213.11,117325409.84
Jun 19 2024,HNT,0,176237704.92,176237704.92,59053688.52,117184016.39
Jun 15 2024,HNT,0,176073770.49,176073770.49,59002868.85,117070901.64
Jun 10 2024,HNT,0,175868852.46,175868852.46,58939344.26,116929508.20
Jun 05 2024,HNT,0,175663934.43,175663934.43,58875819.67,116788114.75
May 31 2024,HNT,0,175459016.39,175459016.39,58812295.08,116646721.31
May 26 2024,HNT,0,175254098.36,175254098.36,58748770.49,116505327.87
May 21 2024,HNT,0,175049180.33,175049180.33,58685245.90,116363934.43
May 16 2024,HNT,0,174844262.30,174844262.30,58621721.31,116222540.98
May 11 2024,HNT,0,174639344.26,174639344.26,58558196.72,116081147.54
May 07 2024,HNT,0,174475409.84,174475409.84,58507377.05,115968032.79
May 02 2024,HNT,0,174270491.80,174270491.80,58443852.46,115826639.34
Apr 27 2024,HNT,0,174065573.77,174065573.77,58380327.87,115685245.90
Apr 22 2024,HNT,0,173860655.74,173860655.74,58316803.28,115543852.46
Apr 17 2024,HNT,0,173655737.70,173655737.70,58253278.69,115402459.02
Apr 12 2024,HNT,0,173450819.67,173450819.67,58189754.10,115261065.57
Apr 07 2024,HNT,0,173245901.64,173245901.64,58126229.51,115119672.13
Apr 02 2024,HNT,0,173040983.61,173040983.61,58062704.92,114978278.69
Mar 29 2024,HNT,$6.49,0,172877049.18,58011885.25,114865163.93
Mar 24 2024,HNT,$6.48,0,172672131.15,57948360.66,114723770.49
Mar 19 2024,HNT,$7.16,0,172467213.11,57884836.07,114582377.05
Mar 14 2024,HNT,$8.42,0,172262295.08,57821311.48,114440983.61
Mar 09 2024,HNT,$8.91,0,172057377.05,57757786.89,114299590.16
Mar 04 2024,HNT,$8.90,0,171852459.02,57694262.30,114158196.72
Feb 28 2024,HNT,$8.95,0,171647540.98,57630737.70,114016803.28
Feb 23 2024,HNT,$8.75,0,171442622.95,57567213.11,113875409.84
Feb 19 2024,HNT,$9.63,0,171278688.52,57516393.44,113762295.08
Feb 14 2024,HNT,$9.04,0,171073770.49,57452868.85,113620901.64
Feb 09 2024,HNT,$6.98,0,170868852.46,57389344.26,113479508.20
Feb 04 2024,HNT,$7.29,0,170663934.43,57325819.67,113338114.75
Jan 30 2024,HNT,$7.89,0,170459016.39,57262295.08,113196721.31
Jan 25 2024,HNT,$6.82,0,170254098.36,57198770.49,113055327.87
Jan 20 2024,HNT,$6.80,0,170049180.33,57135245.90,112913934.43
Jan 15 2024,HNT,$7.24,0,169844262.30,57071721.31,112772540.98
Jan 11 2024,HNT,$6.79,0,169680327.87,57020901.64,112659426.23
Jan 06 2024,HNT,$5.66,0,169475409.84,56957377.05,112518032.79
Jan 01 2024,HNT,$6.87,0,169270491.80,56893852.46,112376639.34
Dec 27 2023,HNT,$7.06,0,169065573.77,56830327.87,112235245.90
Dec 22 2023,HNT,$8.25,0,168860655.74,56766803.28,112093852.46
Dec 17 2023,HNT,$7.72,0,168655737.70,56703278.69,111952459.02
Dec 12 2023,HNT,$4.60,0,168450819.67,56639754.10,111811065.57
Dec 07 2023,HNT,$4.80,0,168245901.64,56576229.51,111669672.13
Dec 03 2023,HNT,$2.93,0,168081967.21,56525409.84,111556557.38
Nov 28 2023,HNT,$2.48,0,167877049.18,56461885.25,111415163.93
Nov 23 2023,HNT,$2.39,0,167672131.15,56398360.66,111273770.49
Nov 18 2023,HNT,$2.07,0,167467213.11,56334836.07,111132377.05
Nov 13 2023,HNT,$1.99,0,167262295.08,56271311.48,110990983.61
Nov 08 2023,HNT,$1.72,0,167057377.05,56207786.89,110849590.16
Nov 03 2023,HNT,$1.50,0,166852459.02,56144262.30,110708196.72
Oct 29 2023,HNT,$1.51,0,166647540.98,56080737.70,110566803.28
Oct 25 2023,HNT,$1.52,0,166483606.56,56029918.03,110453688.52
Oct 20 2023,HNT,$1.45,0,166278688.52,55966393.44,110312295.08
Oct 15 2023,HNT,$1.45,0,166073770.49,55902868.85,110170901.64
Oct 10 2023,HNT,$1.45,0,165868852.46,55839344.26,110029508.20
Oct 05 2023,HNT,$1.42,0,165663934.43,55775819.67,109888114.75
Sep 30 2023,HNT,$1.44,0,165459016.39,55712295.08,109746721.31
Sep 25 2023,HNT,$1.47,0,165254098.36,55648770.49,109605327.87
Sep 20 2023,HNT,$1.45,0,165049180.33,55585245.90,109463934.43
Sep 16 2023,HNT,$1.39,0,164885245.90,55534426.23,109350819.67
Sep 11 2023,HNT,$1.41,0,164680327.87,55470901.64,109209426.23
Sep 06 2023,HNT,$1.55,0,164475409.84,55407377.05,109068032.79
Sep 01 2023,HNT,$1.58,0,164270491.80,55343852.46,108926639.34
Aug 27 2023,HNT,$1.68,0,164065573.77,55280327.87,108785245.90
Aug 22 2023,HNT,$1.73,0,163860655.74,55216803.28,108643852.46
Aug 17 2023,HNT,$1.85,0,163655737.70,55153278.69,108502459.02
Aug 12 2023,HNT,$1.92,0,163450819.67,55089754.10,108361065.57
Aug 08 2023,HNT,0,0,163286885.25,55038934.43,108247950.82
Aug 03 2023,HNT,0,0,163081967.21,54975409.84,108106557.38
Jul 29 2023,HNT,0,0,162753424.66,54871095.89,107882328.77
Jul 24 2023,HNT,0,0,162342465.75,54739589.04,107602876.71
Jul 19 2023,HNT,0,0,161931506.85,54608082.19,107323424.66
Jul 14 2023,HNT,0,0,161520547.95,54476575.34,107043972.60
Jul 09 2023,HNT,0,0,161109589.04,54345068.49,106764520.55
Jul 04 2023,HNT,0,0,160698630.14,54213561.64,106485068.49
Jun 30 2023,HNT,0,0,160369863.01,54108356.16,106261506.85
Jun 25 2023,HNT,0,0,159958904.11,53976849.32,105982054.79
Jun 20 2023,HNT,0,0,159547945.21,53845342.47,105702602.74
Jun 15 2023,HNT,$1.23,0,159136986.30,53713835.62,105423150.68
Jun 10 2023,HNT,$1.39,0,158726027.40,53582328.77,105143698.63
Jun 05 2023,HNT,$1.50,0,158315068.49,53450821.92,104864246.58
May 31 2023,HNT,$1.39,0,157904109.59,53319315.07,104584794.52
May 26 2023,HNT,$1.44,0,157493150.68,53187808.22,104305342.47
May 22 2023,HNT,$1.41,0,157164383.56,53082602.74,104081780.82
May 17 2023,HNT,$1.34,0,156753424.66,52951095.89,103802328.77
May 12 2023,HNT,$1.35,0,156342465.75,52819589.04,103522876.71
May 07 2023,HNT,$1.48,0,155931506.85,52688082.19,103243424.66
May 02 2023,HNT,$1.65,0,155520547.95,52556575.34,102963972.60
Apr 27 2023,HNT,$1.83,0,155109589.04,52425068.49,102684520.55
Apr 22 2023,HNT,$1.77,0,154698630.14,52293561.64,102405068.49
Apr 17 2023,HNT,$1.78,0,154287671.23,52162054.79,102125616.44
Apr 12 2023,HNT,$1.44,0,153876712.33,52030547.95,101846164.38
Apr 08 2023,HNT,$1.36,0,153547945.21,51925342.47,101622602.74
Apr 03 2023,HNT,$1.30,0,153136986.30,51793835.62,101343150.68
Mar 29 2023,HNT,$1.35,0,152726027.40,51662328.77,101063698.63
Mar 24 2023,HNT,$1.23,0,152315068.49,51530821.92,100784246.58
Mar 19 2023,HNT,$1.55,0,151904109.59,51399315.07,100504794.52
Mar 14 2023,HNT,$2.39,0,151493150.68,51267808.22,100225342.47
Mar 09 2023,HNT,$2.13,0,151082191.78,51136301.37,99945890.41
Mar 04 2023,HNT,$2.48,0,150671232.88,51004794.52,99666438.36
Feb 28 2023,HNT,$2.73,0,150342465.75,50899589.04,99442876.71
Feb 23 2023,HNT,$2.91,0,149931506.85,50768082.19,99163424.66
Feb 18 2023,HNT,$2.75,0,149520547.95,50636575.34,98883972.60
Feb 13 2023,HNT,$2.49,0,149109589.04,50505068.49,98604520.55
Feb 08 2023,HNT,$3.03,0,148698630.14,50373561.64,98325068.49
Feb 03 2023,HNT,$2.86,0,148287671.23,50242054.79,98045616.44
Jan 29 2023,HNT,$2.89,0,147876712.33,50110547.95,97766164.38
Jan 24 2023,HNT,$2.95,0,147465753.42,49979041.10,97486712.33
Jan 20 2023,HNT,$2.95,0,147136986.30,49873835.62,97263150.68
Jan 15 2023,HNT,$2.77,0,146726027.40,49742328.77,96983698.63
Jan 10 2023,HNT,$1.94,0,146315068.49,49610821.92,96704246.58
Jan 05 2023,HNT,$1.67,0,145904109.59,49479315.07,96424794.52
Dec 31 2022,HNT,$1.58,0,145493150.68,49347808.22,96145342.47
Dec 26 2022,HNT,$1.87,0,145082191.78,49216301.37,95865890.41
Dec 21 2022,HNT,$1.60,0,144671232.88,49084794.52,95586438.36
Dec 16 2022,HNT,$1.94,0,144260273.97,48953287.67,95306986.30
Dec 12 2022,HNT,$2.11,0,143931506.85,48848082.19,95083424.66
Dec 07 2022,HNT,$2.18,0,143520547.95,48716575.34,94803972.60
Dec 02 2022,HNT,$2.32,0,143109589.04,48585068.49,94524520.55
Nov 27 2022,HNT,$2.44,0,142698630.14,48453561.64,94245068.49
Nov 22 2022,HNT,$2.14,0,142287671.23,48322054.79,93965616.44
Nov 17 2022,HNT,$2.41,0,141876712.33,48190547.95,93686164.38
Nov 12 2022,HNT,$2.70,0,141465753.42,48059041.10,93406712.33
Nov 07 2022,HNT,$3.88,0,141054794.52,47927534.25,93127260.27
Nov 03 2022,HNT,$3.77,0,140726027.40,47822328.77,92903698.63
Oct 29 2022,HNT,$4.04,0,140315068.49,47690821.92,92624246.58
Oct 24 2022,HNT,$4.24,0,139904109.59,47559315.07,92344794.52
Oct 19 2022,HNT,$4.43,0,139493150.68,47427808.22,92065342.47
Oct 14 2022,HNT,$4.60,0,139082191.78,47296301.37,91785890.41
Oct 09 2022,HNT,$4.62,0,138671232.88,47164794.52,91506438.36
Oct 04 2022,HNT,$4.93,0,138260273.97,47033287.67,91226986.30
Sep 29 2022,HNT,$5.24,0,137849315.07,46901780.82,90947534.25
Sep 25 2022,HNT,$4.51,0,137520547.95,46796575.34,90723972.60
Sep 20 2022,HNT,$4.59,0,137109589.04,46665068.49,90444520.55
Sep 15 2022,HNT,$4.23,0,136698630.14,46533561.64,90165068.49
Sep 10 2022,HNT,$4.68,0,136287671.23,46402054.79,89885616.44
Sep 05 2022,HNT,$4.34,0,135876712.33,46270547.95,89606164.38
Aug 31 2022,HNT,$5.55,0,135465753.42,46139041.10,89326712.33
Aug 26 2022,HNT,$6.72,0,135054794.52,46007534.25,89047260.27
Aug 21 2022,HNT,$6.72,0,134643835.62,45876027.40,88767808.22
Aug 17 2022,HNT,$8.06,0,134315068.49,45770821.92,88544246.58
Aug 12 2022,HNT,$8.64,0,133904109.59,45639315.07,88264794.52
Aug 07 2022,HNT,$8.82,0,133493150.68,45507808.22,87985342.47
Aug 02 2022,HNT,$8.92,0,133082191.78,45376301.37,87705890.41
Jul 28 2022,HNT,$9.11,0,132671232.88,45241506.85,87429726.03
Jul 23 2022,HNT,$9.30,0,132260273.97,45105890.41,87154383.56
Jul 18 2022,HNT,$8.91,0,131849315.07,44970273.97,86879041.10
Jul 13 2022,HNT,$8.54,0,131438356.16,44834657.53,86603698.63
Jul 09 2022,HNT,$9.31,0,131109589.04,44726164.38,86383424.66
Jul 04 2022,HNT,$9.16,0,130698630.14,44590547.95,86108082.19
Jun 29 2022,HNT,$9.94,0,130287671.23,44454931.51,85832739.73
Jun 24 2022,HNT,$10.56,0,129876712.33,44319315.07,85557397.26
Jun 19 2022,HNT,$10.16,0,129465753.42,44183698.63,85282054.79
Jun 14 2022,HNT,$7.99,0,129054794.52,44048082.19,85006712.33
Jun 09 2022,HNT,$10.64,0,128643835.62,43912465.75,84731369.86
Jun 04 2022,HNT,$8.53,0,128232876.71,43776849.32,84456027.40
May 31 2022,HNT,$9.51,0,127904109.59,43668356.16,84235753.42
May 26 2022,HNT,$7.53,0,127493150.68,43532739.73,83960410.96
May 21 2022,HNT,$7.88,0,127082191.78,43397123.29,83685068.49
May 16 2022,HNT,$9.70,0,126671232.88,43261506.85,83409726.03
May 11 2022,HNT,$11.67,0,126260273.97,43125890.41,83134383.56
May 06 2022,HNT,$14.72,0,125849315.07,42990273.97,82859041.10
May 01 2022,HNT,$12.37,0,125438356.16,42854657.53,82583698.63
Apr 26 2022,HNT,$17.34,0,125027397.26,42719041.10,82308356.16
Apr 22 2022,HNT,$18.00,0,124698630.14,42610547.95,82088082.19
Apr 17 2022,HNT,$20.41,0,124287671.23,42474931.51,81812739.73
Apr 12 2022,HNT,$20.18,0,123876712.33,42339315.07,81537397.26
Apr 07 2022,HNT,$21.85,0,123465753.42,42203698.63,81262054.79
Apr 02 2022,HNT,$24.20,0,123054794.52,42068082.19,80986712.33
Mar 28 2022,HNT,$24.58,0,122643835.62,41932465.75,80711369.86
Mar 23 2022,HNT,$25.08,0,122232876.71,41796849.32,80436027.40
Mar 18 2022,HNT,$22.68,0,121821917.81,41661232.88,80160684.93
Mar 14 2022,HNT,$20.03,0,121493150.68,41552739.73,79940410.96
Mar 09 2022,HNT,$21.17,0,121082191.78,41417123.29,79665068.49
Mar 04 2022,HNT,$22.93,0,120671232.88,41281506.85,79389726.03
Feb 27 2022,HNT,$24.74,0,120260273.97,41145890.41,79114383.56
Feb 22 2022,HNT,$21.23,0,119849315.07,41010273.97,78839041.10
Feb 17 2022,HNT,$28.13,0,119438356.16,40874657.53,78563698.63
Feb 12 2022,HNT,$27.20,0,119027397.26,40739041.10,78288356.16
Feb 07 2022,HNT,$30.25,0,118616438.36,40603424.66,78013013.70
Feb 03 2022,HNT,$25.22,0,118287671.23,40494931.51,77792739.73
Jan 29 2022,HNT,$26.92,0,117876712.33,40359315.07,77517397.26
Jan 24 2022,HNT,$23.62,0,117465753.42,40223698.63,77242054.79
Jan 19 2022,HNT,$30.74,0,117054794.52,40088082.19,76966712.33
Jan 14 2022,HNT,$32.31,0,116643835.62,39952465.75,76691369.86
Jan 09 2022,HNT,$32.14,0,116232876.71,39816849.32,76416027.40
Jan 04 2022,HNT,$40.02,0,115821917.81,39681232.88,76140684.93
Dec 30 2021,HNT,$38.23,0,115410958.90,39545616.44,75865342.47
Dec 26 2021,HNT,$38.39,0,115082191.78,39437123.29,75645068.49
Dec 21 2021,HNT,$35.02,0,114671232.88,39301506.85,75369726.03
Dec 16 2021,HNT,$31.37,0,114260273.97,39165890.41,75094383.56
Dec 11 2021,HNT,$28.78,0,113849315.07,39030273.97,74819041.10
Dec 06 2021,HNT,$31.48,0,113438356.16,38894657.53,74543698.63
Dec 01 2021,HNT,$39.18,0,113027397.26,38759041.10,74268356.16
Nov 26 2021,HNT,$46.57,0,112616438.36,38623424.66,73993013.70
Nov 21 2021,HNT,$46.92,0,112205479.45,38487808.22,73717671.23
Nov 17 2021,HNT,$44.63,0,111876712.33,38379315.07,73497397.26
Nov 12 2021,HNT,$48.75,0,111465753.42,38243698.63,73222054.79
Nov 07 2021,HNT,$37.71,0,111054794.52,38108082.19,72946712.33
Nov 02 2021,HNT,$28.31,0,110643835.62,37972465.75,72671369.86
Oct 28 2021,HNT,$25.22,0,110232876.71,37836849.32,72396027.40
Oct 23 2021,HNT,$21.54,0,109821917.81,37701232.88,72120684.93
Oct 18 2021,HNT,$21.72,0,109410958.90,37565616.44,71845342.47
Oct 13 2021,HNT,$19.15,0,109000000.00,37430000.00,71570000.00
Oct 09 2021,HNT,$20.06,0,108671232.88,37321506.85,71349726.03
Oct 04 2021,HNT,$21.60,0,108260273.97,37185890.41,71074383.56
Sep 29 2021,HNT,$16.89,0,107849315.07,37050273.97,70799041.10
Sep 24 2021,HNT,$18.66,0,107438356.16,36914657.53,70523698.63
Sep 19 2021,HNT,$20.53,0,107027397.26,36779041.10,70248356.16
Sep 14 2021,HNT,$19.71,0,106616438.36,36643424.66,69973013.70
Sep 09 2021,HNT,$20.64,0,106205479.45,36507808.22,69697671.23
Sep 04 2021,HNT,$22.93,0,105794520.55,36372191.78,69422328.77
Aug 31 2021,HNT,$20.67,0,105465753.42,36263698.63,69202054.79
Aug 26 2021,HNT,$23.21,0,105054794.52,36128082.19,68926712.33
Aug 21 2021,HNT,$23.93,0,104643835.62,35992465.75,68651369.86
Aug 16 2021,HNT,$18.01,0,104232876.71,35856849.32,68376027.40
Aug 11 2021,HNT,$17.87,0,103821917.81,35721232.88,68100684.93
Aug 06 2021,HNT,$13.16,0,103410958.90,35585616.44,67825342.47
Aug 01 2021,HNT,$13.89,0,103000000.00,35450000.00,67550000.00
Jul 27 2021,HNT,$11.27,0,102178082.19,35170547.95,67007534.25
Jul 23 2021,HNT,$11.06,0,101520547.95,34946986.30,66573561.64
Jul 18 2021,HNT,$10.71,0,100698630.14,34667534.25,66031095.89
Jul 13 2021,HNT,$12.63,0,99876712.33,34388082.19,65488630.14
Jul 08 2021,HNT,$12.76,0,99054794.52,34108630.14,64946164.38
Jul 03 2021,HNT,$12.87,0,98232876.71,33829178.08,64403698.63
Jun 28 2021,HNT,$11.57,0,97410958.90,33549726.03,63861232.88
Jun 23 2021,HNT,$10.10,0,96589041.10,33270273.97,63318767.12
Jun 18 2021,HNT,$14.04,0,95767123.29,32990821.92,62776301.37
Jun 14 2021,HNT,$13.36,0,95109589.04,32767260.27,62342328.77
Jun 09 2021,HNT,$13.96,0,94287671.23,32487808.22,61799863.01
Jun 04 2021,HNT,$15.61,0,93465753.42,32208356.16,61257397.26
May 30 2021,HNT,$16.22,0,92643835.62,31928904.11,60714931.51
May 25 2021,HNT,$13.48,0,91821917.81,31649452.05,60172465.75
May 20 2021,HNT,$12.38,0,91000000.00,31370000.00,59630000.00
May 15 2021,HNT,$15.57,0,90178082.19,31090547.95,59087534.25
May 10 2021,HNT,$16.79,0,89356164.38,30811095.89,58545068.49
May 06 2021,HNT,$18.20,0,88698630.14,30587534.25,58111095.89
May 01 2021,HNT,$16.99,0,87876712.33,30308082.19,57568630.14
Apr 26 2021,HNT,$13.45,0,87054794.52,30028630.14,57026164.38
Apr 21 2021,HNT,$13.05,0,86232876.71,29749178.08,56483698.63
Apr 16 2021,HNT,$15.35,0,85410958.90,29469726.03,55941232.88
Apr 11 2021,HNT,$17.22,0,84589041.10,29190273.97,55398767.12
Apr 06 2021,HNT,$15.59,0,83767123.29,28910821.92,54856301.37
Apr 01 2021,HNT,$10.51,0,82945205.48,28631369.86,54313835.62
Mar 28 2021,HNT,$10.56,0,82287671.23,28407808.22,53879863.01
Mar 23 2021,HNT,$8.86,0,81465753.42,28128356.16,53337397.26
Mar 18 2021,HNT,$7.69,0,80643835.62,27848904.11,52794931.51
Mar 13 2021,HNT,$5.97,0,79821917.81,27569452.05,52252465.75
Mar 08 2021,HNT,$4.30,0,79000000.00,27290000.00,51710000.00
Mar 03 2021,HNT,$4.06,0,78178082.19,27010547.95,51167534.25
Feb 26 2021,HNT,$3.66,0,77356164.38,26731095.89,50625068.49
Feb 21 2021,HNT,$4.15,0,76534246.58,26451643.84,50082602.74
Feb 17 2021,HNT,$4.16,0,75876712.33,26228082.19,49648630.14
Feb 12 2021,HNT,$4.07,0,75054794.52,25948630.14,49106164.38
Feb 07 2021,HNT,$3.69,0,74232876.71,25669178.08,48563698.63
Feb 02 2021,HNT,$2.37,0,73410958.90,25389726.03,48021232.88
Jan 28 2021,HNT,$2.07,0,72589041.10,25110273.97,47478767.12
Jan 23 2021,HNT,$1.61,0,71767123.29,24830821.92,46936301.37
Jan 18 2021,HNT,$1.69,0,70945205.48,24551369.86,46393835.62
Jan 13 2021,HNT,$1.32,0,70123287.67,24271917.81,45851369.86
Jan 09 2021,HNT,$1.43,0,69465753.42,24048356.16,45417397.26
Jan 04 2021,HNT,$1.32,0,68643835.62,23768904.11,44874931.51
Dec 30 2020,HNT,$1.29,0,67821917.81,23489452.05,44332465.75
Dec 25 2020,HNT,$1.38,0,67000000.00,23210000.00,43790000.00
Dec 20 2020,HNT,$1.44,0,66178082.19,22930547.95,43247534.25
Dec 15 2020,HNT,$1.26,0,65356164.38,22651095.89,42705068.49
Dec 10 2020,HNT,$1.38,0,64534246.58,22371643.84,42162602.74
Dec 05 2020,HNT,$1.56,0,63712328.77,22092191.78,41620136.99
Dec 01 2020,HNT,$1.41,0,63054794.52,21868630.14,41186164.38
Nov 26 2020,HNT,$1.51,0,62232876.71,21589178.08,40643698.63
Nov 21 2020,HNT,$1.70,0,61410958.90,21309726.03,40101232.88
Nov 16 2020,HNT,$1.16,0,60589041.10,21030273.97,39558767.12
Nov 11 2020,HNT,$1.14,0,59767123.29,20750821.92,39016301.37
Nov 06 2020,HNT,$0.89,0,58945205.48,20471369.86,38473835.62
Nov 01 2020,HNT,$0.83,0,58123287.67,20191917.81,37931369.86
Oct 27 2020,HNT,$1.05,0,57301369.86,19912465.75,37388904.11
Oct 23 2020,HNT,$1.13,0,56643835.62,19688904.11,36954931.51
Oct 18 2020,HNT,$1.18,0,55821917.81,19409452.05,36412465.75
Oct 13 2020,HNT,$1.39,0,55000000.00,19130000.00,35870000.00
Oct 08 2020,HNT,$1.21,0,54178082.19,18850547.95,35327534.25
Oct 03 2020,HNT,$1.52,0,53356164.38,18571095.89,34785068.49
Sep 28 2020,HNT,$1.53,0,52534246.58,18291643.84,34242602.74
Sep 23 2020,HNT,$1.67,0,51712328.77,18012191.78,33700136.99
Sep 18 2020,HNT,$1.71,0,50890410.96,17732739.73,33157671.23
Sep 14 2020,HNT,$1.28,0,50232876.71,17509178.08,32723698.63
Sep 09 2020,HNT,$1.34,0,49410958.90,17229726.03,32181232.88
Sep 04 2020,HNT,$1.67,0,48589041.10,16950273.97,31638767.12
Aug 30 2020,HNT,$1.64,0,47767123.29,16670821.92,31096301.37
Aug 25 2020,HNT,$1.51,0,46945205.48,16391369.86,30553835.62
Aug 20 2020,HNT,$1.62,0,46123287.67,16111917.81,30011369.86
Aug 15 2020,HNT,$1.71,0,45301369.86,15832465.75,29468904.11
Aug 10 2020,HNT,$0.61,0,44479452.05,15553013.70,28926438.36
Aug 06 2020,HNT,$0.54,0,43821917.81,15329452.05,28492465.75
Aug 01 2020,HNT,$0.50,0,43000000.00,15050000.00,27950000.00
Jul 27 2020,HNT,$0.43,0,42412568.31,14844398.91,27568169.40
Jul 22 2020,HNT,$0.36,0,41825136.61,14638797.81,27186338.80
Jul 17 2020,HNT,$0.44,0,41237704.92,14433196.72,26804508.20
Jul 12 2020,HNT,$0.45,0,40650273.22,14227595.63,26422677.60
Jul 07 2020,HNT,$0.47,0,40062841.53,14021994.54,26040846.99
Jul 02 2020,HNT,$0.44,0,39475409.84,13816393.44,25659016.39
Jun 28 2020,HNT,$0.46,0,39005464.48,13651912.57,25353551.91
Jun 23 2020,HNT,$0.46,0,38418032.79,13446311.48,24971721.31
Jun 18 2020,HNT,$0.29,0,37830601.09,13240710.38,24589890.71
Jun 13 2020,HNT,$0.32,0,37243169.40,13035109.29,24208060.11
Jun 08 2020,HNT,$0.25,0,36655737.70,12829508.20,23826229.51
Jun 03 2020,HNT,$0.25,0,36068306.01,12623907.10,23444398.91
May 29 2020,HNT,$0.23,0,35480874.32,12418306.01,23062568.31
May 24 2020,HNT,$0.25,0,34893442.62,12212704.92,22680737.70
May 20 2020,HNT,$0.25,0,34423497.27,12048224.04,22375273.22
May 15 2020,HNT,$0.25,0,33836065.57,11842622.95,21993442.62
May 10 2020,HNT,$0.27,0,33248633.88,11637021.86,21611612.02
May 05 2020,HNT,$0.24,0,32661202.19,11431420.77,21229781.42
Apr 30 2020,HNT,$0.23,0,32073770.49,11225819.67,20847950.82
Apr 25 2020,HNT,$0.18,0,31486338.80,11020218.58,20466120.22
Apr 20 2020,HNT,$0.18,0,30898907.10,10814617.49,20084289.62
Apr 15 2020,HNT,0,0,30311475.41,10609016.39,19702459.02
Apr 11 2020,HNT,0,0,29841530.05,10444535.52,19396994.54
Apr 06 2020,HNT,0,0,29254098.36,10238934.43,19015163.93
Apr 01 2020,HNT,0,0,28666666.67,10033333.33,18633333.33
Mar 27 2020,HNT,0,0,28079234.97,9827732.24,18251502.73
Mar 22 2020,HNT,0,0,27491803.28,9622131.15,17869672.13
Mar 17 2020,HNT,0,0,26904371.58,9416530.05,17487841.53
Mar 12 2020,HNT,0,0,26316939.89,9210928.96,17106010.93
Mar 07 2020,HNT,0,0,25729508.20,9005327.87,16724180.33
Mar 03 2020,HNT,0,0,25259562.84,8840846.99,16418715.85
Feb 27 2020,HNT,0,0,24672131.15,8635245.90,16036885.25
Feb 22 2020,HNT,0,0,24084699.45,8429644.81,15655054.64
Feb 17 2020,HNT,0,0,23497267.76,8224043.72,15273224.04
Feb 12 2020,HNT,0,0,22909836.07,8018442.62,14891393.44
Feb 07 2020,HNT,0,0,22322404.37,7812841.53,14509562.84
Feb 02 2020,HNT,0,0,21734972.68,7607240.44,14127732.24
Jan 28 2020,HNT,0,0,21147540.98,7401639.34,13745901.64
Jan 24 2020,HNT,0,0,20677595.63,7237158.47,13440437.16
Jan 19 2020,HNT,0,0,20090163.93,7031557.38,13058606.56
Jan 14 2020,HNT,0,0,19502732.24,6825956.28,12676775.96
Jan 09 2020,HNT,0,0,18915300.55,6620355.19,12294945.36
Jan 04 2020,HNT,0,0,18327868.85,6414754.10,11913114.75
Dec 30 2019,HNT,0,0,17740437.16,6209153.01,11531284.15
Dec 25 2019,HNT,0,0,17153005.46,6003551.91,11149453.55
Dec 20 2019,HNT,0,0,16565573.77,5797950.82,10767622.95
Dec 16 2019,HNT,0,0,16095628.42,5633469.95,10462158.47
Dec 11 2019,HNT,0,0,15508196.72,5427868.85,10080327.87
Dec 06 2019,HNT,0,0,14920765.03,5222267.76,9698497.27
Dec 01 2019,HNT,0,0,14333333.33,5016666.67,9316666.67
Nov 26 2019,HNT,0,0,13745901.64,4811065.57,8934836.07
Nov 21 2019,HNT,0,0,13158469.95,4605464.48,8553005.46
Nov 16 2019,HNT,0,0,12571038.25,4399863.39,8171174.86
Nov 11 2019,HNT,0,0,11983606.56,4194262.30,7789344.26
Nov 07 2019,HNT,0,0,11513661.20,4029781.42,7483879.78
Nov 02 2019,HNT,0,0,10926229.51,3824180.33,7102049.18
Oct 28 2019,HNT,0,0,10338797.81,3618579.23,6720218.58
Oct 23 2019,HNT,0,0,9751366.12,3412978.14,6338387.98
Oct 18 2019,HNT,0,0,9163934.43,3207377.05,5956557.38
Oct 13 2019,HNT,0,0,8576502.73,3001775.96,5574726.78
Oct 08 2019,HNT,0,0,7989071.04,2796174.86,5192896.17
Oct 03 2019,HNT,0,0,7401639.34,2590573.77,4811065.57
Sep 29 2019,HNT,0,0,6931693.99,2426092.90,4505601.09
Sep 24 2019,HNT,0,0,6344262.30,2220491.80,4123770.49
Sep 19 2019,HNT,0,0,5756830.60,2014890.71,3741939.89
Sep 14 2019,HNT,0,0,5169398.91,1809289.62,3360109.29
Sep 09 2019,HNT,0,0,4581967.21,1603688.52,2978278.69
Sep 04 2019,HNT,0,0,3994535.52,1398087.43,2596448.09
Aug 30 2019,HNT,0,0,3407103.83,1192486.34,2214617.49
Aug 25 2019,HNT,0,0,2819672.13,986885.25,1832786.89
Aug 21 2019,HNT,0,0,2349726.78,822404.37,1527322.40
Aug 16 2019,HNT,0,0,1762295.08,616803.28,1145491.80
Aug 11 2019,HNT,0,0,1174863.39,411202.19,763661.20
Aug 06 2019,HNT,0,0,587431.69,205601.09,381830.60
Aug 01 2019,HNT,0,0.00,0.00,0,0
