Date,Symbol,Price,Available Supply,Unlocked Supply,Founder / Team,Private Investors,Public Investors,Reserved,Community & Other
Apr 18 2030,MANTA,0,1000000000.00,1000000000.00,181000000.00,241100000.00,80000000.00,135000000.00,362900000.00
Apr 15 2030,MANTA,0,1000000000.00,1000000000.00,181000000.00,241100000.00,80000000.00,135000000.00,362900000.00
Apr 13 2030,MANTA,0,1000000000.00,1000000000.00,181000000.00,241100000.00,80000000.00,135000000.00,362900000.00
Apr 10 2030,MANTA,0,1000000000.00,1000000000.00,181000000.00,241100000.00,80000000.00,135000000.00,362900000.00
Apr 07 2030,MANTA,0,1000000000.00,1000000000.00,181000000.00,241100000.00,80000000.00,135000000.00,362900000.00
Apr 04 2030,MANTA,0,1000000000.00,1000000000.00,181000000.00,241100000.00,80000000.00,135000000.00,362900000.00
Apr 02 2030,MANTA,0,1000000000.00,1000000000.00,181000000.00,241100000.00,80000000.00,135000000.00,362900000.00
Mar 30 2030,MANTA,0,1000000000.00,1000000000.00,181000000.00,241100000.00,80000000.00,135000000.00,362900000.00
Mar 27 2030,MANTA,0,1000000000.00,1000000000.00,181000000.00,241100000.00,80000000.00,135000000.00,362900000.00
Mar 25 2030,MANTA,0,1000000000.00,1000000000.00,181000000.00,241100000.00,80000000.00,135000000.00,362900000.00
Mar 22 2030,MANTA,0,1000000000.00,1000000000.00,181000000.00,241100000.00,80000000.00,135000000.00,362900000.00
Mar 19 2030,MANTA,0,1000000000.00,1000000000.00,181000000.00,241100000.00,80000000.00,135000000.00,362900000.00
Mar 17 2030,MANTA,0,1000000000.00,1000000000.00,181000000.00,241100000.00,80000000.00,135000000.00,362900000.00
Mar 14 2030,MANTA,0,1000000000.00,1000000000.00,181000000.00,241100000.00,80000000.00,135000000.00,362900000.00
Mar 11 2030,MANTA,0,1000000000.00,1000000000.00,181000000.00,241100000.00,80000000.00,135000000.00,362900000.00
Mar 08 2030,MANTA,0,1000000000.00,1000000000.00,181000000.00,241100000.00,80000000.00,135000000.00,362900000.00
Mar 06 2030,MANTA,0,1000000000.00,1000000000.00,181000000.00,241100000.00,80000000.00,135000000.00,362900000.00
Mar 03 2030,MANTA,0,1000000000.00,1000000000.00,181000000.00,241100000.00,80000000.00,135000000.00,362900000.00
Feb 28 2030,MANTA,0,1000000000.00,1000000000.00,181000000.00,241100000.00,80000000.00,135000000.00,362900000.00
Feb 26 2030,MANTA,0,1000000000.00,1000000000.00,181000000.00,241100000.00,80000000.00,135000000.00,362900000.00
Feb 23 2030,MANTA,0,1000000000.00,1000000000.00,181000000.00,241100000.00,80000000.00,135000000.00,362900000.00
Feb 20 2030,MANTA,0,1000000000.00,1000000000.00,181000000.00,241100000.00,80000000.00,135000000.00,362900000.00
Feb 17 2030,MANTA,0,1000000000.00,1000000000.00,181000000.00,241100000.00,80000000.00,135000000.00,362900000.00
Feb 15 2030,MANTA,0,1000000000.00,1000000000.00,181000000.00,241100000.00,80000000.00,135000000.00,362900000.00
Feb 12 2030,MANTA,0,1000000000.00,1000000000.00,181000000.00,241100000.00,80000000.00,135000000.00,362900000.00
Feb 09 2030,MANTA,0,1000000000.00,1000000000.00,181000000.00,241100000.00,80000000.00,135000000.00,362900000.00
Feb 07 2030,MANTA,0,1000000000.00,1000000000.00,181000000.00,241100000.00,80000000.00,135000000.00,362900000.00
Feb 04 2030,MANTA,0,1000000000.00,1000000000.00,181000000.00,241100000.00,80000000.00,135000000.00,362900000.00
Feb 01 2030,MANTA,0,1000000000.00,1000000000.00,181000000.00,241100000.00,80000000.00,135000000.00,362900000.00
Jan 29 2030,MANTA,0,1000000000.00,1000000000.00,181000000.00,241100000.00,80000000.00,135000000.00,362900000.00
Jan 27 2030,MANTA,0,1000000000.00,1000000000.00,181000000.00,241100000.00,80000000.00,135000000.00,362900000.00
Jan 24 2030,MANTA,0,1000000000.00,1000000000.00,181000000.00,241100000.00,80000000.00,135000000.00,362900000.00
Jan 21 2030,MANTA,0,1000000000.00,1000000000.00,181000000.00,241100000.00,80000000.00,135000000.00,362900000.00
Jan 19 2030,MANTA,0,1000000000.00,1000000000.00,181000000.00,241100000.00,80000000.00,135000000.00,362900000.00
Jan 16 2030,MANTA,0,999876802.57,999876802.57,181000000.00,241100000.00,80000000.00,134876802.57,362900000.00
Jan 13 2030,MANTA,0,999692006.43,999692006.43,181000000.00,241100000.00,80000000.00,134692006.43,362900000.00
Jan 11 2030,MANTA,0,999568809.00,999568809.00,181000000.00,241100000.00,80000000.00,134568809.00,362900000.00
Jan 08 2030,MANTA,0,999384012.85,999384012.85,181000000.00,241100000.00,80000000.00,134384012.85,362900000.00
Jan 05 2030,MANTA,0,999199216.71,999199216.71,181000000.00,241100000.00,80000000.00,134199216.71,362900000.00
Jan 02 2030,MANTA,0,999014420.56,999014420.56,181000000.00,241100000.00,80000000.00,134014420.56,362900000.00
Dec 31 2029,MANTA,0,998891223.13,998891223.13,181000000.00,241100000.00,80000000.00,133891223.13,362900000.00
Dec 28 2029,MANTA,0,998706426.99,998706426.99,181000000.00,241100000.00,80000000.00,133706426.99,362900000.00
Dec 25 2029,MANTA,0,998521630.85,998521630.85,181000000.00,241100000.00,80000000.00,133521630.84,362900000.00
Dec 23 2029,MANTA,0,998398433.42,998398433.42,181000000.00,241100000.00,80000000.00,133398433.42,362900000.00
Dec 20 2029,MANTA,0,998213637.27,998213637.27,181000000.00,241100000.00,80000000.00,133213637.27,362900000.00
Dec 17 2029,MANTA,0,998028841.13,998028841.13,181000000.00,241100000.00,80000000.00,133028841.13,362900000.00
Dec 14 2029,MANTA,0,997844044.98,997844044.98,181000000.00,241100000.00,80000000.00,132844044.98,362900000.00
Dec 12 2029,MANTA,0,997720847.55,997720847.55,181000000.00,241100000.00,80000000.00,132720847.55,362900000.00
Dec 09 2029,MANTA,0,997536051.41,997536051.41,181000000.00,241100000.00,80000000.00,132536051.41,362900000.00
Dec 06 2029,MANTA,0,997351255.26,997351255.26,181000000.00,241100000.00,80000000.00,132351255.26,362900000.00
Dec 04 2029,MANTA,0,997228057.83,997228057.83,181000000.00,241100000.00,80000000.00,132228057.83,362900000.00
Dec 01 2029,MANTA,0,997043261.69,997043261.69,181000000.00,241100000.00,80000000.00,132043261.69,362900000.00
Nov 28 2029,MANTA,0,996858465.55,996858465.55,181000000.00,241100000.00,80000000.00,131858465.55,362900000.00
Nov 26 2029,MANTA,0,996735268.12,996735268.12,181000000.00,241100000.00,80000000.00,131735268.12,362900000.00
Nov 23 2029,MANTA,0,996550471.97,996550471.97,181000000.00,241100000.00,80000000.00,131550471.97,362900000.00
Nov 20 2029,MANTA,0,996365675.83,996365675.83,181000000.00,241100000.00,80000000.00,131365675.83,362900000.00
Nov 17 2029,MANTA,0,996180879.68,996180879.68,181000000.00,241100000.00,80000000.00,131180879.68,362900000.00
Nov 15 2029,MANTA,0,996057682.25,996057682.25,181000000.00,241100000.00,80000000.00,131057682.25,362900000.00
Nov 12 2029,MANTA,0,995872886.11,995872886.11,181000000.00,241100000.00,80000000.00,130872886.11,362900000.00
Nov 09 2029,MANTA,0,995688089.96,995688089.96,181000000.00,241100000.00,80000000.00,130688089.96,362900000.00
Nov 07 2029,MANTA,0,995564892.53,995564892.53,181000000.00,241100000.00,80000000.00,130564892.53,362900000.00
Nov 04 2029,MANTA,0,995380096.39,995380096.39,181000000.00,241100000.00,80000000.00,130380096.39,362900000.00
Nov 01 2029,MANTA,0,995195300.25,995195300.25,181000000.00,241100000.00,80000000.00,130195300.25,362900000.00
Oct 29 2029,MANTA,0,995010504.10,995010504.10,181000000.00,241100000.00,80000000.00,130010504.10,362900000.00
Oct 27 2029,MANTA,0,994887306.67,994887306.67,181000000.00,241100000.00,80000000.00,129887306.67,362900000.00
Oct 24 2029,MANTA,0,994702510.53,994702510.53,181000000.00,241100000.00,80000000.00,129702510.53,362900000.00
Oct 21 2029,MANTA,0,994517714.38,994517714.38,181000000.00,241100000.00,80000000.00,129517714.38,362900000.00
Oct 19 2029,MANTA,0,994394516.95,994394516.95,181000000.00,241100000.00,80000000.00,129394516.95,362900000.00
Oct 16 2029,MANTA,0,994209720.81,994209720.81,181000000.00,241100000.00,80000000.00,129209720.81,362900000.00
Oct 13 2029,MANTA,0,994024924.67,994024924.67,181000000.00,241100000.00,80000000.00,129024924.67,362900000.00
Oct 11 2029,MANTA,0,993901727.24,993901727.24,181000000.00,241100000.00,80000000.00,128901727.24,362900000.00
Oct 08 2029,MANTA,0,993716931.09,993716931.09,181000000.00,241100000.00,80000000.00,128716931.09,362900000.00
Oct 05 2029,MANTA,0,993532134.95,993532134.95,181000000.00,241100000.00,80000000.00,128532134.95,362900000.00
Oct 02 2029,MANTA,0,993347338.80,993347338.80,181000000.00,241100000.00,80000000.00,128347338.80,362900000.00
Sep 30 2029,MANTA,0,993224141.37,993224141.37,181000000.00,241100000.00,80000000.00,128224141.37,362900000.00
Sep 27 2029,MANTA,0,993039345.23,993039345.23,181000000.00,241100000.00,80000000.00,128039345.23,362900000.00
Sep 24 2029,MANTA,0,992854549.08,992854549.08,181000000.00,241100000.00,80000000.00,127854549.08,362900000.00
Sep 22 2029,MANTA,0,992731351.65,992731351.65,181000000.00,241100000.00,80000000.00,127731351.65,362900000.00
Sep 19 2029,MANTA,0,992546555.51,992546555.51,181000000.00,241100000.00,80000000.00,127546555.51,362900000.00
Sep 16 2029,MANTA,0,992361759.37,992361759.37,181000000.00,241100000.00,80000000.00,127361759.37,362900000.00
Sep 13 2029,MANTA,0,992176963.22,992176963.22,181000000.00,241100000.00,80000000.00,127176963.22,362900000.00
Sep 11 2029,MANTA,0,992053765.79,992053765.79,181000000.00,241100000.00,80000000.00,127053765.79,362900000.00
Sep 08 2029,MANTA,0,991868969.65,991868969.65,181000000.00,241100000.00,80000000.00,126868969.65,362900000.00
Sep 05 2029,MANTA,0,991684173.50,991684173.50,181000000.00,241100000.00,80000000.00,126684173.50,362900000.00
Sep 03 2029,MANTA,0,991560976.07,991560976.07,181000000.00,241100000.00,80000000.00,126560976.07,362900000.00
Aug 31 2029,MANTA,0,991376179.93,991376179.93,181000000.00,241100000.00,80000000.00,126376179.93,362900000.00
Aug 28 2029,MANTA,0,991191383.78,991191383.78,181000000.00,241100000.00,80000000.00,126191383.78,362900000.00
Aug 25 2029,MANTA,0,991006587.64,991006587.64,181000000.00,241100000.00,80000000.00,126006587.64,362900000.00
Aug 23 2029,MANTA,0,990883390.21,990883390.21,181000000.00,241100000.00,80000000.00,125883390.21,362900000.00
Aug 20 2029,MANTA,0,990698594.07,990698594.07,181000000.00,241100000.00,80000000.00,125698594.07,362900000.00
Aug 17 2029,MANTA,0,990513797.92,990513797.92,181000000.00,241100000.00,80000000.00,125513797.92,362900000.00
Aug 15 2029,MANTA,0,990390600.49,990390600.49,181000000.00,241100000.00,80000000.00,125390600.49,362900000.00
Aug 12 2029,MANTA,0,990205804.35,990205804.35,181000000.00,241100000.00,80000000.00,125205804.35,362900000.00
Aug 09 2029,MANTA,0,990021008.20,990021008.20,181000000.00,241100000.00,80000000.00,125021008.20,362900000.00
Aug 07 2029,MANTA,0,989897810.77,989897810.77,181000000.00,241100000.00,80000000.00,124897810.77,362900000.00
Aug 04 2029,MANTA,0,989713014.63,989713014.63,181000000.00,241100000.00,80000000.00,124713014.63,362900000.00
Aug 01 2029,MANTA,0,989528218.49,989528218.49,181000000.00,241100000.00,80000000.00,124528218.49,362900000.00
Jul 29 2029,MANTA,0,989343422.34,989343422.34,181000000.00,241100000.00,80000000.00,124343422.34,362900000.00
Jul 27 2029,MANTA,0,989220224.91,989220224.91,181000000.00,241100000.00,80000000.00,124220224.91,362900000.00
Jul 24 2029,MANTA,0,989035428.77,989035428.77,181000000.00,241100000.00,80000000.00,124035428.77,362900000.00
Jul 21 2029,MANTA,0,988850632.62,988850632.62,181000000.00,241100000.00,80000000.00,123850632.62,362900000.00
Jul 19 2029,MANTA,0,988727435.19,988727435.19,181000000.00,241100000.00,80000000.00,123727435.19,362900000.00
Jul 16 2029,MANTA,0,988542639.05,988542639.05,181000000.00,241100000.00,80000000.00,123542639.05,362900000.00
Jul 13 2029,MANTA,0,988357842.90,988357842.90,181000000.00,241100000.00,80000000.00,123357842.90,362900000.00
Jul 10 2029,MANTA,0,988173046.76,988173046.76,181000000.00,241100000.00,80000000.00,123173046.76,362900000.00
Jul 08 2029,MANTA,0,988049849.33,988049849.33,181000000.00,241100000.00,80000000.00,123049849.33,362900000.00
Jul 05 2029,MANTA,0,987865053.19,987865053.19,181000000.00,241100000.00,80000000.00,122865053.19,362900000.00
Jul 02 2029,MANTA,0,987680257.04,987680257.04,181000000.00,241100000.00,80000000.00,122680257.04,362900000.00
Jun 30 2029,MANTA,0,987557059.61,987557059.61,181000000.00,241100000.00,80000000.00,122557059.61,362900000.00
Jun 27 2029,MANTA,0,987372263.47,987372263.47,181000000.00,241100000.00,80000000.00,122372263.47,362900000.00
Jun 24 2029,MANTA,0,987187467.32,987187467.32,181000000.00,241100000.00,80000000.00,122187467.32,362900000.00
Jun 22 2029,MANTA,0,987064269.89,987064269.89,181000000.00,241100000.00,80000000.00,122064269.89,362900000.00
Jun 19 2029,MANTA,0,986879473.75,986879473.75,181000000.00,241100000.00,80000000.00,121879473.75,362900000.00
Jun 16 2029,MANTA,0,986694677.60,986694677.60,181000000.00,241100000.00,80000000.00,121694677.60,362900000.00
Jun 13 2029,MANTA,0,986509881.46,986509881.46,181000000.00,241100000.00,80000000.00,121509881.46,362900000.00
Jun 11 2029,MANTA,0,986386684.03,986386684.03,181000000.00,241100000.00,80000000.00,121386684.03,362900000.00
Jun 08 2029,MANTA,0,986201887.89,986201887.89,181000000.00,241100000.00,80000000.00,121201887.89,362900000.00
Jun 05 2029,MANTA,0,986017091.74,986017091.74,181000000.00,241100000.00,80000000.00,121017091.74,362900000.00
Jun 03 2029,MANTA,0,985893894.31,985893894.31,181000000.00,241100000.00,80000000.00,120893894.31,362900000.00
May 31 2029,MANTA,0,985709098.17,985709098.17,181000000.00,241100000.00,80000000.00,120709098.17,362900000.00
May 28 2029,MANTA,0,985524302.02,985524302.02,181000000.00,241100000.00,80000000.00,120524302.02,362900000.00
May 25 2029,MANTA,0,985339505.88,985339505.88,181000000.00,241100000.00,80000000.00,120339505.88,362900000.00
May 23 2029,MANTA,0,985216308.45,985216308.45,181000000.00,241100000.00,80000000.00,120216308.45,362900000.00
May 20 2029,MANTA,0,985031512.31,985031512.31,181000000.00,241100000.00,80000000.00,120031512.31,362900000.00
May 17 2029,MANTA,0,984846716.16,984846716.16,181000000.00,241100000.00,80000000.00,119846716.16,362900000.00
May 15 2029,MANTA,0,984723518.73,984723518.73,181000000.00,241100000.00,80000000.00,119723518.73,362900000.00
May 12 2029,MANTA,0,984538722.59,984538722.59,181000000.00,241100000.00,80000000.00,119538722.59,362900000.00
May 09 2029,MANTA,0,984353926.44,984353926.44,181000000.00,241100000.00,80000000.00,119353926.44,362900000.00
May 07 2029,MANTA,0,984230729.01,984230729.01,181000000.00,241100000.00,80000000.00,119230729.01,362900000.00
May 04 2029,MANTA,0,984045932.87,984045932.87,181000000.00,241100000.00,80000000.00,119045932.87,362900000.00
May 01 2029,MANTA,0,983861136.72,983861136.72,181000000.00,241100000.00,80000000.00,118861136.72,362900000.00
Apr 28 2029,MANTA,0,983676340.58,983676340.58,181000000.00,241100000.00,80000000.00,118676340.58,362900000.00
Apr 26 2029,MANTA,0,983553143.15,983553143.15,181000000.00,241100000.00,80000000.00,118553143.15,362900000.00
Apr 23 2029,MANTA,0,983368347.01,983368347.01,181000000.00,241100000.00,80000000.00,118368347.01,362900000.00
Apr 20 2029,MANTA,0,983183550.86,983183550.86,181000000.00,241100000.00,80000000.00,118183550.86,362900000.00
Apr 18 2029,MANTA,0,983060353.43,983060353.43,181000000.00,241100000.00,80000000.00,118060353.43,362900000.00
Apr 15 2029,MANTA,0,982875557.29,982875557.29,181000000.00,241100000.00,80000000.00,117875557.29,362900000.00
Apr 12 2029,MANTA,0,982690761.14,982690761.14,181000000.00,241100000.00,80000000.00,117690761.14,362900000.00
Apr 09 2029,MANTA,0,982505965.00,982505965.00,181000000.00,241100000.00,80000000.00,117505965.00,362900000.00
Apr 07 2029,MANTA,0,982382767.57,982382767.57,181000000.00,241100000.00,80000000.00,117382767.57,362900000.00
Apr 04 2029,MANTA,0,982197971.43,982197971.43,181000000.00,241100000.00,80000000.00,117197971.43,362900000.00
Apr 01 2029,MANTA,0,982013175.28,982013175.28,181000000.00,241100000.00,80000000.00,117013175.28,362900000.00
Mar 30 2029,MANTA,0,981889977.85,981889977.85,181000000.00,241100000.00,80000000.00,116889977.85,362900000.00
Mar 27 2029,MANTA,0,981705181.71,981705181.71,181000000.00,241100000.00,80000000.00,116705181.71,362900000.00
Mar 24 2029,MANTA,0,981520385.56,981520385.56,181000000.00,241100000.00,80000000.00,116520385.56,362900000.00
Mar 21 2029,MANTA,0,981335589.42,981335589.42,181000000.00,241100000.00,80000000.00,116335589.42,362900000.00
Mar 19 2029,MANTA,0,981212391.99,981212391.99,181000000.00,241100000.00,80000000.00,116212391.99,362900000.00
Mar 16 2029,MANTA,0,981027595.84,981027595.84,181000000.00,241100000.00,80000000.00,116027595.84,362900000.00
Mar 13 2029,MANTA,0,980842799.70,980842799.70,181000000.00,241100000.00,80000000.00,115842799.70,362900000.00
Mar 11 2029,MANTA,0,980719602.27,980719602.27,181000000.00,241100000.00,80000000.00,115719602.27,362900000.00
Mar 08 2029,MANTA,0,980534806.13,980534806.13,181000000.00,241100000.00,80000000.00,115534806.13,362900000.00
Mar 05 2029,MANTA,0,980350009.98,980350009.98,181000000.00,241100000.00,80000000.00,115350009.98,362900000.00
Mar 03 2029,MANTA,0,980226812.55,980226812.55,181000000.00,241100000.00,80000000.00,115226812.55,362900000.00
Feb 28 2029,MANTA,0,980042016.41,980042016.41,181000000.00,241100000.00,80000000.00,115042016.41,362900000.00
Feb 25 2029,MANTA,0,979857220.26,979857220.26,181000000.00,241100000.00,80000000.00,114857220.26,362900000.00
Feb 22 2029,MANTA,0,979672424.12,979672424.12,181000000.00,241100000.00,80000000.00,114672424.12,362900000.00
Feb 20 2029,MANTA,0,979549226.69,979549226.69,181000000.00,241100000.00,80000000.00,114549226.69,362900000.00
Feb 17 2029,MANTA,0,979364430.54,979364430.54,181000000.00,241100000.00,80000000.00,114364430.54,362900000.00
Feb 14 2029,MANTA,0,979179634.40,979179634.40,181000000.00,241100000.00,80000000.00,114179634.40,362900000.00
Feb 12 2029,MANTA,0,979056436.97,979056436.97,181000000.00,241100000.00,80000000.00,114056436.97,362900000.00
Feb 09 2029,MANTA,0,978871640.83,978871640.83,181000000.00,241100000.00,80000000.00,113871640.83,362900000.00
Feb 06 2029,MANTA,0,978686844.68,978686844.68,181000000.00,241100000.00,80000000.00,113686844.68,362900000.00
Feb 03 2029,MANTA,0,978502048.54,978502048.54,181000000.00,241100000.00,80000000.00,113502048.54,362900000.00
Feb 01 2029,MANTA,0,978378851.11,978378851.11,181000000.00,241100000.00,80000000.00,113378851.11,362900000.00
Jan 29 2029,MANTA,0,978194054.96,978194054.96,181000000.00,241100000.00,80000000.00,113194054.96,362900000.00
Jan 26 2029,MANTA,0,978009258.82,978009258.82,181000000.00,241100000.00,80000000.00,113009258.82,362900000.00
Jan 24 2029,MANTA,0,977886061.39,977886061.39,181000000.00,241100000.00,80000000.00,112886061.39,362900000.00
Jan 21 2029,MANTA,0,977701265.25,977701265.25,181000000.00,241100000.00,80000000.00,112701265.25,362900000.00
Jan 18 2029,MANTA,0,977516469.10,977516469.10,181000000.00,241100000.00,80000000.00,112516469.10,362900000.00
Jan 16 2029,MANTA,0,977256379.13,977256379.13,180863107.46,241100000.00,80000000.00,112393271.67,362900000.00
Jan 13 2029,MANTA,0,976866244.18,976866244.18,180657768.65,241100000.00,80000000.00,112208475.53,362900000.00
Jan 10 2029,MANTA,0,976476109.23,976476109.23,180452429.84,241100000.00,80000000.00,112023679.38,362900000.00
Jan 07 2029,MANTA,0,976085974.27,976085974.27,180247091.03,241100000.00,80000000.00,111838883.24,362900000.00
Jan 05 2029,MANTA,0,975825884.30,975825884.30,180110198.49,241100000.00,80000000.00,111715685.81,362900000.00
Jan 02 2029,MANTA,0,975435749.35,975435749.35,179904859.69,241100000.00,80000000.00,111530889.66,362900000.00
Dec 30 2028,MANTA,0,975045614.40,975045614.40,179699520.88,241100000.00,80000000.00,111346093.52,362900000.00
Dec 28 2028,MANTA,0,974785524.43,974785524.43,179562628.34,241100000.00,80000000.00,111222896.09,362900000.00
Dec 25 2028,MANTA,0,974395389.47,974395389.47,179357289.53,241100000.00,80000000.00,111038099.95,362900000.00
Dec 22 2028,MANTA,0,974005254.52,974005254.52,179151950.72,241100000.00,80000000.00,110853303.80,362900000.00
Dec 19 2028,MANTA,0,973615119.57,973615119.57,178946611.91,241100000.00,80000000.00,110668507.66,362900000.00
Dec 17 2028,MANTA,0,973355029.60,973355029.60,178809719.37,241100000.00,80000000.00,110545310.23,362900000.00
Dec 14 2028,MANTA,0,972964894.64,972964894.64,178604380.56,241100000.00,80000000.00,110360514.08,362900000.00
Dec 11 2028,MANTA,0,972574759.69,972574759.69,178399041.75,241100000.00,80000000.00,110175717.94,362900000.00
Dec 09 2028,MANTA,0,972314669.72,972314669.72,178262149.21,241100000.00,80000000.00,110052520.51,362900000.00
Dec 06 2028,MANTA,0,971924534.77,971924534.77,178056810.40,241100000.00,80000000.00,109867724.36,362900000.00
Dec 03 2028,MANTA,0,971534399.82,971534399.82,177851471.59,241100000.00,80000000.00,109682928.22,362900000.00
Nov 30 2028,MANTA,0,971144264.86,971144264.86,177646132.79,241100000.00,80000000.00,109498132.08,362900000.00
Nov 28 2028,MANTA,0,970884174.89,970884174.89,177509240.25,241100000.00,80000000.00,109374934.65,362900000.00
Nov 25 2028,MANTA,0,970494039.94,970494039.94,177303901.44,241100000.00,80000000.00,109190138.50,362900000.00
Nov 22 2028,MANTA,0,970103904.99,970103904.99,177098562.63,241100000.00,80000000.00,109005342.36,362900000.00
Nov 20 2028,MANTA,0,969843815.02,969843815.02,176961670.09,241100000.00,80000000.00,108882144.93,362900000.00
Nov 17 2028,MANTA,0,969453680.06,969453680.06,176756331.28,241100000.00,80000000.00,108697348.78,362900000.00
Nov 14 2028,MANTA,0,969063545.11,969063545.11,176550992.47,241100000.00,80000000.00,108512552.64,362900000.00
Nov 12 2028,MANTA,0,968803455.14,968803455.14,176414099.93,241100000.00,80000000.00,108389355.21,362900000.00
Nov 09 2028,MANTA,0,968413320.19,968413320.19,176208761.12,241100000.00,80000000.00,108204559.07,362900000.00
Nov 06 2028,MANTA,0,968023185.23,968023185.23,176003422.31,241100000.00,80000000.00,108019762.92,362900000.00
Nov 03 2028,MANTA,0,967633050.28,967633050.28,175798083.50,241100000.00,80000000.00,107834966.78,362900000.00
Nov 01 2028,MANTA,0,967372960.31,967372960.31,175661190.97,241100000.00,80000000.00,107711769.35,362900000.00
Oct 29 2028,MANTA,0,966982825.36,966982825.36,175455852.16,241100000.00,80000000.00,107526973.20,362900000.00
Oct 26 2028,MANTA,0,966592690.41,966592690.41,175250513.35,241100000.00,80000000.00,107342177.06,362900000.00
Oct 24 2028,MANTA,0,966332600.44,966332600.44,175113620.81,241100000.00,80000000.00,107218979.63,362900000.00
Oct 21 2028,MANTA,0,965942465.48,965942465.48,174908282.00,241100000.00,80000000.00,107034183.48,362900000.00
Oct 18 2028,MANTA,0,965552330.53,965552330.53,174702943.19,241100000.00,80000000.00,106849387.34,362900000.00
Oct 15 2028,MANTA,0,965162195.58,965162195.58,174497604.38,241100000.00,80000000.00,106664591.20,362900000.00
Oct 13 2028,MANTA,0,964902105.61,964902105.61,174360711.84,241100000.00,80000000.00,106541393.77,362900000.00
Oct 10 2028,MANTA,0,964511970.65,964511970.65,174155373.03,241100000.00,80000000.00,106356597.62,362900000.00
Oct 07 2028,MANTA,0,964121835.70,964121835.70,173950034.22,241100000.00,80000000.00,106171801.48,362900000.00
Oct 05 2028,MANTA,0,963861745.73,963861745.73,173813141.68,241100000.00,80000000.00,106048604.05,362900000.00
Oct 02 2028,MANTA,0,963471610.78,963471610.78,173607802.87,241100000.00,80000000.00,105863807.90,362900000.00
Sep 29 2028,MANTA,0,963081475.82,963081475.82,173402464.07,241100000.00,80000000.00,105679011.76,362900000.00
Sep 27 2028,MANTA,0,962821385.86,962821385.86,173265571.53,241100000.00,80000000.00,105555814.33,362900000.00
Sep 24 2028,MANTA,0,962431250.90,962431250.90,173060232.72,241100000.00,80000000.00,105371018.18,362900000.00
Sep 21 2028,MANTA,0,962041115.95,962041115.95,172854893.91,241100000.00,80000000.00,105186222.04,362900000.00
Sep 18 2028,MANTA,0,961650981.00,961650981.00,172649555.10,241100000.00,80000000.00,105001425.90,362900000.00
Sep 16 2028,MANTA,0,961390891.03,961390891.03,172512662.56,241100000.00,80000000.00,104878228.47,362900000.00
Sep 13 2028,MANTA,0,961000756.07,961000756.07,172307323.75,241100000.00,80000000.00,104693432.32,362900000.00
Sep 10 2028,MANTA,0,960610621.12,960610621.12,172101984.94,241100000.00,80000000.00,104508636.18,362900000.00
Sep 08 2028,MANTA,0,960350531.15,960350531.15,171965092.40,241100000.00,80000000.00,104385438.75,362900000.00
Sep 05 2028,MANTA,0,959960396.20,959960396.20,171759753.59,241100000.00,80000000.00,104200642.60,362900000.00
Sep 02 2028,MANTA,0,959570261.24,959570261.24,171554414.78,241100000.00,80000000.00,104015846.46,362900000.00
Aug 30 2028,MANTA,0,959180126.29,959180126.29,171349075.98,241100000.00,80000000.00,103831050.32,362900000.00
Aug 28 2028,MANTA,0,958920036.32,958920036.32,171212183.44,241100000.00,80000000.00,103707852.89,362900000.00
Aug 25 2028,MANTA,0,958529901.37,958529901.37,171006844.63,241100000.00,80000000.00,103523056.74,362900000.00
Aug 22 2028,MANTA,0,958139766.41,958139766.41,170801505.82,241100000.00,80000000.00,103338260.60,362900000.00
Aug 20 2028,MANTA,0,957879676.45,957879676.45,170664613.28,241100000.00,80000000.00,103215063.17,362900000.00
Aug 17 2028,MANTA,0,957489541.49,957489541.49,170459274.47,241100000.00,80000000.00,103030267.02,362900000.00
Aug 14 2028,MANTA,0,957099406.54,957099406.54,170253935.66,241100000.00,80000000.00,102845470.88,362900000.00
Aug 12 2028,MANTA,0,956839316.57,956839316.57,170117043.12,241100000.00,80000000.00,102722273.45,362900000.00
Aug 09 2028,MANTA,0,956449181.62,956449181.62,169911704.31,241100000.00,80000000.00,102537477.30,362900000.00
Aug 06 2028,MANTA,0,956059046.66,956059046.66,169706365.50,241100000.00,80000000.00,102352681.16,362900000.00
Aug 03 2028,MANTA,0,955668911.71,955668911.71,169501026.69,241100000.00,80000000.00,102167885.02,362900000.00
Aug 01 2028,MANTA,0,955408821.74,955408821.74,169364134.15,241100000.00,80000000.00,102044687.59,362900000.00
Jul 29 2028,MANTA,0,955018686.79,955018686.79,169158795.35,241100000.00,80000000.00,101859891.44,362900000.00
Jul 26 2028,MANTA,0,954628551.83,954628551.83,168953456.54,241100000.00,80000000.00,101675095.30,362900000.00
Jul 24 2028,MANTA,0,954368461.87,954368461.87,168816564.00,241100000.00,80000000.00,101551897.87,362900000.00
Jul 21 2028,MANTA,0,953978326.91,953978326.91,168611225.19,241100000.00,80000000.00,101367101.72,362900000.00
Jul 18 2028,MANTA,0,953588191.96,953588191.96,168405886.38,241100000.00,80000000.00,101182305.58,362900000.00
Jul 15 2028,MANTA,0,953198057.00,953198057.00,168200547.57,241100000.00,80000000.00,100997509.43,362900000.00
Jul 13 2028,MANTA,0,952937967.04,952937967.04,168063655.03,241100000.00,80000000.00,100874312.01,362900000.00
Jul 10 2028,MANTA,0,952547832.08,952547832.08,167858316.22,241100000.00,80000000.00,100689515.86,362900000.00
Jul 07 2028,MANTA,0,952157697.13,952157697.13,167652977.41,241100000.00,80000000.00,100504719.72,362900000.00
Jul 05 2028,MANTA,0,951897607.16,951897607.16,167516084.87,241100000.00,80000000.00,100381522.29,362900000.00
Jul 02 2028,MANTA,0,951507472.21,951507472.21,167310746.06,241100000.00,80000000.00,100196726.14,362900000.00
Jun 29 2028,MANTA,0,951117337.25,951117337.25,167105407.26,241100000.00,80000000.00,100011930.00,362900000.00
Jun 26 2028,MANTA,0,950727202.30,950727202.30,166900068.45,241100000.00,80000000.00,99827133.85,362900000.00
Jun 24 2028,MANTA,0,950467112.33,950467112.33,166763175.91,241100000.00,80000000.00,99703936.42,362900000.00
Jun 21 2028,MANTA,0,950076977.38,950076977.38,166557837.10,241100000.00,80000000.00,99519140.28,362900000.00
Jun 18 2028,MANTA,0,949686842.42,949686842.42,166352498.29,241100000.00,80000000.00,99334344.14,362900000.00
Jun 16 2028,MANTA,0,949426752.46,949426752.46,166215605.75,241100000.00,80000000.00,99211146.71,362900000.00
Jun 13 2028,MANTA,0,949036617.50,949036617.50,166010266.94,241100000.00,80000000.00,99026350.56,362900000.00
Jun 10 2028,MANTA,0,948646482.55,948646482.55,165804928.13,241100000.00,80000000.00,98841554.42,362900000.00
Jun 08 2028,MANTA,0,948386392.58,948386392.58,165668035.59,241100000.00,80000000.00,98718356.99,362900000.00
Jun 05 2028,MANTA,0,947996257.63,947996257.63,165462696.78,241100000.00,80000000.00,98533560.84,362900000.00
Jun 02 2028,MANTA,0,947606122.67,947606122.67,165257357.97,241100000.00,80000000.00,98348764.70,362900000.00
May 30 2028,MANTA,0,947215987.72,947215987.72,165052019.16,241100000.00,80000000.00,98163968.55,362900000.00
May 28 2028,MANTA,0,946955897.75,946955897.75,164915126.63,241100000.00,80000000.00,98040771.12,362900000.00
May 25 2028,MANTA,0,946565762.80,946565762.80,164709787.82,241100000.00,80000000.00,97855974.98,362900000.00
May 22 2028,MANTA,0,946175627.84,946175627.84,164504449.01,241100000.00,80000000.00,97671178.84,362900000.00
May 20 2028,MANTA,0,945915537.87,945915537.87,164367556.47,241100000.00,80000000.00,97547981.41,362900000.00
May 17 2028,MANTA,0,945525402.92,945525402.92,164162217.66,241100000.00,80000000.00,97363185.26,362900000.00
May 14 2028,MANTA,0,945135267.97,945135267.97,163956878.85,241100000.00,80000000.00,97178389.12,362900000.00
May 11 2028,MANTA,0,944745133.01,944745133.01,163751540.04,241100000.00,80000000.00,96993592.97,362900000.00
May 09 2028,MANTA,0,944485043.05,944485043.05,163614647.50,241100000.00,80000000.00,96870395.54,362900000.00
May 06 2028,MANTA,0,944094908.09,944094908.09,163409308.69,241100000.00,80000000.00,96685599.40,362900000.00
May 03 2028,MANTA,0,943704773.14,943704773.14,163203969.88,241100000.00,80000000.00,96500803.25,362900000.00
May 01 2028,MANTA,0,943444683.17,943444683.17,163067077.34,241100000.00,80000000.00,96377605.83,362900000.00
Apr 28 2028,MANTA,0,943054548.22,943054548.22,162861738.54,241100000.00,80000000.00,96192809.68,362900000.00
Apr 25 2028,MANTA,0,942664413.26,942664413.26,162656399.73,241100000.00,80000000.00,96008013.54,362900000.00
Apr 23 2028,MANTA,0,942404323.29,942404323.29,162519507.19,241100000.00,80000000.00,95884816.11,362900000.00
Apr 20 2028,MANTA,0,942014188.34,942014188.34,162314168.38,241100000.00,80000000.00,95700019.96,362900000.00
Apr 17 2028,MANTA,0,941624053.39,941624053.39,162108829.57,241100000.00,80000000.00,95515223.82,362900000.00
Apr 14 2028,MANTA,0,941233918.43,941233918.43,161903490.76,241100000.00,80000000.00,95330427.67,362900000.00
Apr 12 2028,MANTA,0,940973828.46,940973828.46,161766598.22,241100000.00,80000000.00,95207230.24,362900000.00
Apr 09 2028,MANTA,0,940583693.51,940583693.51,161561259.41,241100000.00,80000000.00,95022434.10,362900000.00
Apr 06 2028,MANTA,0,940193558.56,940193558.56,161355920.60,241100000.00,80000000.00,94837637.96,362900000.00
Apr 04 2028,MANTA,0,939933468.59,939933468.59,161219028.06,241100000.00,80000000.00,94714440.53,362900000.00
Apr 01 2028,MANTA,0,939543333.64,939543333.64,161013689.25,241100000.00,80000000.00,94529644.38,362900000.00
Mar 29 2028,MANTA,0,939153198.68,939153198.68,160808350.44,241100000.00,80000000.00,94344848.24,362900000.00
Mar 26 2028,MANTA,0,938763063.73,938763063.73,160603011.64,241100000.00,80000000.00,94160052.09,362900000.00
Mar 24 2028,MANTA,0,938502973.76,938502973.76,160466119.10,241100000.00,80000000.00,94036854.66,362900000.00
Mar 21 2028,MANTA,0,938112838.81,938112838.81,160260780.29,241100000.00,80000000.00,93852058.52,362900000.00
Mar 18 2028,MANTA,0,937722703.85,937722703.85,160055441.48,241100000.00,80000000.00,93667262.37,362900000.00
Mar 16 2028,MANTA,0,937462613.88,937462613.88,159918548.94,241100000.00,80000000.00,93544064.94,362900000.00
Mar 13 2028,MANTA,0,937072478.93,937072478.93,159713210.13,241100000.00,80000000.00,93359268.80,362900000.00
Mar 10 2028,MANTA,0,936682343.98,936682343.98,159507871.32,241100000.00,80000000.00,93174472.66,362900000.00
Mar 08 2028,MANTA,0,936422254.01,936422254.01,159370978.78,241100000.00,80000000.00,93051275.23,362900000.00
Mar 05 2028,MANTA,0,936032119.05,936032119.05,159165639.97,241100000.00,80000000.00,92866479.08,362900000.00
Mar 02 2028,MANTA,0,935641984.10,935641984.10,158960301.16,241100000.00,80000000.00,92681682.94,362900000.00
Feb 28 2028,MANTA,0,935251849.15,935251849.15,158754962.35,241100000.00,80000000.00,92496886.79,362900000.00
Feb 26 2028,MANTA,0,934991759.18,934991759.18,158618069.82,241100000.00,80000000.00,92373689.36,362900000.00
Feb 23 2028,MANTA,0,934601624.23,934601624.23,158412731.01,241100000.00,80000000.00,92188893.22,362900000.00
Feb 20 2028,MANTA,0,934211489.27,934211489.27,158207392.20,241100000.00,80000000.00,92004097.08,362900000.00
Feb 18 2028,MANTA,0,933951399.30,933951399.30,158070499.66,241100000.00,80000000.00,91880899.65,362900000.00
Feb 15 2028,MANTA,0,933561264.35,933561264.35,157865160.85,241100000.00,80000000.00,91696103.50,362900000.00
Feb 12 2028,MANTA,0,933171129.40,933171129.40,157659822.04,241100000.00,80000000.00,91511307.36,362900000.00
Feb 09 2028,MANTA,0,932780994.44,932780994.44,157454483.23,241100000.00,80000000.00,91326511.21,362900000.00
Feb 07 2028,MANTA,0,932520904.47,932520904.47,157317590.69,241100000.00,80000000.00,91203313.78,362900000.00
Feb 04 2028,MANTA,0,932130769.52,932130769.52,157112251.88,241100000.00,80000000.00,91018517.64,362900000.00
Feb 01 2028,MANTA,0,931740634.57,931740634.57,156906913.07,241100000.00,80000000.00,90833721.49,362900000.00
Jan 30 2028,MANTA,0,931480544.60,931480544.60,156770020.53,241100000.00,80000000.00,90710524.06,362900000.00
Jan 27 2028,MANTA,0,931090409.64,931090409.64,156564681.72,241100000.00,80000000.00,90525727.92,362900000.00
Jan 24 2028,MANTA,0,930700274.69,930700274.69,156359342.92,241100000.00,80000000.00,90340931.78,362900000.00
Jan 21 2028,MANTA,0,930310139.74,930310139.74,156154004.11,241100000.00,80000000.00,90156135.63,362900000.00
Jan 19 2028,MANTA,0,930050049.77,930050049.77,156017111.57,241100000.00,80000000.00,90032938.20,362900000.00
Jan 16 2028,MANTA,0,928997860.43,928997860.43,155811772.76,240659634.70,80000000.00,89848142.06,362678310.92
Jan 13 2028,MANTA,0,927614643.91,927614643.91,155606433.95,239999086.76,80000000.00,89663345.91,362345777.29
Jan 11 2028,MANTA,0,926692499.56,926692499.56,155469541.41,239558721.46,80000000.00,89540148.48,362124088.21
Jan 08 2028,MANTA,0,925309283.04,925309283.04,155264202.60,238898173.52,80000000.00,89355352.34,361791554.58
Jan 05 2028,MANTA,0,923926066.51,923926066.51,155058863.79,238237625.57,80000000.00,89170556.19,361459020.95
Jan 03 2028,MANTA,0,923003922.16,923003922.16,154921971.25,237797260.27,80000000.00,89047358.76,361237331.87
Dec 31 2027,MANTA,0,921620705.64,921620705.64,154716632.44,237136712.33,80000000.00,88862562.62,360904798.24
Dec 28 2027,MANTA,0,920237489.11,920237489.11,154511293.63,236476164.38,80000000.00,88677766.48,360572264.62
Dec 25 2027,MANTA,0,918854272.59,918854272.59,154305954.83,235815616.44,80000000.00,88492970.33,360239730.99
Dec 23 2027,MANTA,0,917932128.24,917932128.24,154169062.29,235375251.14,80000000.00,88369772.90,360018041.91
Dec 20 2027,MANTA,0,916548911.71,916548911.71,153963723.48,234714703.20,80000000.00,88184976.76,359685508.28
Dec 17 2027,MANTA,0,915165695.19,915165695.19,153758384.67,234054155.25,80000000.00,88000180.61,359352974.65
Dec 15 2027,MANTA,0,914243550.84,914243550.84,153621492.13,233613789.95,80000000.00,87876983.18,359131285.57
Dec 12 2027,MANTA,0,912860334.31,912860334.31,153416153.32,232953242.01,80000000.00,87692187.04,358798751.94
Dec 09 2027,MANTA,0,911477117.79,911477117.79,153210814.51,232292694.06,80000000.00,87507390.90,358466218.32
Dec 06 2027,MANTA,0,910093901.26,910093901.26,153005475.70,231632146.12,80000000.00,87322594.75,358133684.69
Dec 04 2027,MANTA,0,909171756.91,909171756.91,152868583.16,231191780.82,80000000.00,87199397.32,357911995.61
Dec 01 2027,MANTA,0,907788540.39,907788540.39,152663244.35,230531232.88,80000000.00,87014601.18,357579461.98
Nov 28 2027,MANTA,0,906405323.86,906405323.86,152457905.54,229870684.93,80000000.00,86829805.03,357246928.35
Nov 26 2027,MANTA,0,905483179.51,905483179.51,152321013.00,229430319.63,80000000.00,86706607.60,357025239.27
Nov 23 2027,MANTA,0,904099962.99,904099962.99,152115674.20,228769771.69,80000000.00,86521811.46,356692705.64
Nov 20 2027,MANTA,0,902716746.46,902716746.46,151910335.39,228109223.74,80000000.00,86337015.31,356360172.02
Nov 18 2027,MANTA,0,901794602.11,901794602.11,151773442.85,227668858.45,80000000.00,86213817.88,356138482.93
Nov 15 2027,MANTA,0,900411385.59,900411385.59,151568104.04,227008310.50,80000000.00,86029021.74,355805949.31
Nov 12 2027,MANTA,0,899028169.06,899028169.06,151362765.23,226347762.56,80000000.00,85844225.60,355473415.68
Nov 09 2027,MANTA,0,897644952.54,897644952.54,151157426.42,225687214.61,80000000.00,85659429.45,355140882.06
Nov 07 2027,MANTA,0,896722808.19,896722808.19,151020533.88,225246849.32,80000000.00,85536232.02,354919192.97
Nov 04 2027,MANTA,0,895339591.66,895339591.66,150815195.07,224586301.37,80000000.00,85351435.88,354586659.34
Nov 01 2027,MANTA,0,893956375.14,893956375.14,150609856.26,223925753.42,80000000.00,85166639.73,354254125.72
Oct 30 2027,MANTA,0,893034230.79,893034230.79,150472963.72,223485388.13,80000000.00,85043442.30,354032436.63
Oct 27 2027,MANTA,0,891651014.26,891651014.26,150267624.91,222824840.18,80000000.00,84858646.16,353699903.01
Oct 24 2027,MANTA,0,890267797.74,890267797.74,150062286.11,222164292.24,80000000.00,84673850.01,353367369.38
Oct 21 2027,MANTA,0,888884581.21,888884581.21,149856947.30,221503744.29,80000000.00,84489053.87,353034835.76
Oct 19 2027,MANTA,0,887962436.86,887962436.86,149720054.76,221063379.00,80000000.00,84365856.44,352813146.67
Oct 16 2027,MANTA,0,886579220.34,886579220.34,149514715.95,220402831.05,80000000.00,84181060.30,352480613.05
Oct 13 2027,MANTA,0,885196003.82,885196003.82,149309377.14,219742283.11,80000000.00,83996264.15,352148079.42
Oct 11 2027,MANTA,0,884273859.47,884273859.47,149172484.60,219301917.81,80000000.00,83873066.72,351926390.34
Oct 08 2027,MANTA,0,882890642.94,882890642.94,148967145.79,218641369.86,80000000.00,83688270.58,351593856.71
Oct 05 2027,MANTA,0,881507426.42,881507426.42,148761806.98,217980821.92,80000000.00,83503474.43,351261323.08
Oct 02 2027,MANTA,0,880124209.89,880124209.89,148556468.17,217320273.97,80000000.00,83318678.29,350928789.46
Sep 30 2027,MANTA,0,879202065.54,879202065.54,148419575.63,216879908.68,80000000.00,83195480.86,350707100.37
Sep 27 2027,MANTA,0,877818849.02,877818849.02,148214236.82,216219360.73,80000000.00,83010684.72,350374566.75
Sep 24 2027,MANTA,0,876435632.49,876435632.49,148008898.02,215558812.79,80000000.00,82825888.57,350042033.12
Sep 22 2027,MANTA,0,875513488.14,875513488.14,147872005.48,215118447.49,80000000.00,82702691.14,349820344.04
Sep 19 2027,MANTA,0,874130271.62,874130271.62,147666666.67,214457899.54,80000000.00,82517895.00,349487810.41
Sep 16 2027,MANTA,0,872747055.09,872747055.09,147461327.86,213797351.60,80000000.00,82333098.85,349155276.78
Sep 14 2027,MANTA,0,871824910.74,871824910.74,147324435.32,213356986.30,80000000.00,82209901.42,348933587.70
Sep 11 2027,MANTA,0,870441694.22,870441694.22,147119096.51,212696438.36,80000000.00,82025105.28,348601054.07
Sep 08 2027,MANTA,0,869058477.69,869058477.69,146913757.70,212035890.41,80000000.00,81840309.13,348268520.45
Sep 05 2027,MANTA,0,867675261.17,867675261.17,146708418.89,211375342.47,80000000.00,81655512.99,347935986.82
Sep 03 2027,MANTA,0,866753116.82,866753116.82,146571526.35,210934977.17,80000000.00,81532315.56,347714297.74
Aug 31 2027,MANTA,0,865369900.29,865369900.29,146366187.54,210274429.22,80000000.00,81347519.42,347381764.11
Aug 28 2027,MANTA,0,863986683.77,863986683.77,146160848.73,209613881.28,80000000.00,81162723.27,347049230.48
Aug 26 2027,MANTA,0,863064539.42,863064539.42,146023956.19,209173515.98,80000000.00,81039525.84,346827541.40
Aug 23 2027,MANTA,0,861681322.89,861681322.89,145818617.39,208512968.04,80000000.00,80854729.70,346495007.77
Aug 20 2027,MANTA,0,860298106.37,860298106.37,145613278.58,207852420.09,80000000.00,80669933.55,346162474.15
Aug 17 2027,MANTA,0,858914889.84,858914889.84,145407939.77,207191872.15,80000000.00,80485137.41,345829940.52
Aug 15 2027,MANTA,0,857992745.49,857992745.49,145271047.23,206751506.85,80000000.00,80361939.98,345608251.44
Aug 12 2027,MANTA,0,856609528.97,856609528.97,145065708.42,206090958.90,80000000.00,80177143.83,345275717.81
Aug 09 2027,MANTA,0,855226312.44,855226312.44,144860369.61,205430410.96,80000000.00,79992347.69,344943184.18
Aug 07 2027,MANTA,0,854304168.09,854304168.09,144723477.07,204990045.66,80000000.00,79869150.26,344721495.10
Aug 04 2027,MANTA,0,852920951.57,852920951.57,144518138.26,204329497.72,80000000.00,79684354.12,344388961.47
Aug 01 2027,MANTA,0,851537735.04,851537735.04,144312799.45,203668949.77,80000000.00,79499557.97,344056427.85
Jul 30 2027,MANTA,0,850615590.69,850615590.69,144175906.91,203228584.47,80000000.00,79376360.54,343834738.76
Jul 27 2027,MANTA,0,849232374.17,849232374.17,143970568.10,202568036.53,80000000.00,79191564.40,343502205.14
Jul 24 2027,MANTA,0,847849157.64,847849157.64,143765229.30,201907488.58,80000000.00,79006768.25,343169671.51
Jul 21 2027,MANTA,0,846465941.12,846465941.12,143559890.49,201246940.64,80000000.00,78821972.11,342837137.89
Jul 19 2027,MANTA,0,845543796.77,845543796.77,143422997.95,200806575.34,80000000.00,78698774.68,342615448.80
Jul 16 2027,MANTA,0,844160580.25,844160580.25,143217659.14,200146027.40,80000000.00,78513978.54,342282915.17
Jul 13 2027,MANTA,0,842777363.72,842777363.72,143012320.33,199485479.45,80000000.00,78329182.39,341950381.55
Jul 11 2027,MANTA,0,841855219.37,841855219.37,142875427.79,199045114.16,80000000.00,78205984.96,341728692.46
Jul 08 2027,MANTA,0,840472002.85,840472002.85,142670088.98,198384566.21,80000000.00,78021188.82,341396158.84
Jul 05 2027,MANTA,0,839088786.32,839088786.32,142464750.17,197724018.26,80000000.00,77836392.67,341063625.21
Jul 02 2027,MANTA,0,837705569.80,837705569.80,142259411.36,197063470.32,80000000.00,77651596.53,340731091.59
Jun 30 2027,MANTA,0,836783425.45,836783425.45,142122518.82,196623105.02,80000000.00,77528399.10,340509402.50
Jun 27 2027,MANTA,0,835400208.92,835400208.92,141917180.01,195962557.08,80000000.00,77343602.95,340176868.88
Jun 24 2027,MANTA,0,834016992.40,834016992.40,141711841.20,195302009.13,80000000.00,77158806.81,339844335.25
Jun 22 2027,MANTA,0,833094848.05,833094848.05,141574948.67,194861643.84,80000000.00,77035609.38,339622646.17
Jun 19 2027,MANTA,0,831711631.52,831711631.52,141369609.86,194201095.89,80000000.00,76850813.24,339290112.54
Jun 16 2027,MANTA,0,830328415.00,830328415.00,141164271.05,193540547.95,80000000.00,76666017.09,338957578.91
Jun 14 2027,MANTA,0,829406270.65,829406270.65,141027378.51,193100182.65,80000000.00,76542819.66,338735889.83
Jun 11 2027,MANTA,0,828023054.12,828023054.12,140822039.70,192439634.70,80000000.00,76358023.52,338403356.20
Jun 08 2027,MANTA,0,826639837.60,826639837.60,140616700.89,191779086.76,80000000.00,76173227.37,338070822.58
Jun 05 2027,MANTA,0,825256621.07,825256621.07,140411362.08,191118538.81,80000000.00,75988431.23,337738288.95
Jun 03 2027,MANTA,0,824334476.72,824334476.72,140274469.54,190678173.52,80000000.00,75865233.80,337516599.87
May 31 2027,MANTA,0,822951260.20,822951260.20,140069130.73,190017625.57,80000000.00,75680437.66,337184066.24
May 28 2027,MANTA,0,821568043.67,821568043.67,139863791.92,189357077.63,80000000.00,75495641.51,336851532.61
May 26 2027,MANTA,0,820645899.32,820645899.32,139726899.38,188916712.33,80000000.00,75372444.08,336629843.53
May 23 2027,MANTA,0,819262682.80,819262682.80,139521560.57,188256164.38,80000000.00,75187647.94,336297309.90
May 20 2027,MANTA,0,817879466.27,817879466.27,139316221.77,187595616.44,80000000.00,75002851.79,335964776.28
May 17 2027,MANTA,0,816496249.75,816496249.75,139110882.96,186935068.49,80000000.00,74818055.65,335632242.65
May 15 2027,MANTA,0,815574105.40,815574105.40,138973990.42,186494703.20,80000000.00,74694858.22,335410553.57
May 12 2027,MANTA,0,814190888.87,814190888.87,138768651.61,185834155.25,80000000.00,74510062.07,335078019.94
May 09 2027,MANTA,0,812807672.35,812807672.35,138563312.80,185173607.31,80000000.00,74325265.93,334745486.31
May 07 2027,MANTA,0,811885528.00,811885528.00,138426420.26,184733242.01,80000000.00,74202068.50,334523797.23
May 04 2027,MANTA,0,810502311.47,810502311.47,138221081.45,184072694.06,80000000.00,74017272.36,334191263.60
May 01 2027,MANTA,0,809119094.95,809119094.95,138015742.64,183412146.12,80000000.00,73832476.21,333858729.98
Apr 28 2027,MANTA,0,807735878.42,807735878.42,137810403.83,182751598.17,80000000.00,73647680.07,333526196.35
Apr 26 2027,MANTA,0,806813734.07,806813734.07,137673511.29,182311232.88,80000000.00,73524482.64,333304507.27
Apr 23 2027,MANTA,0,805430517.55,805430517.55,137468172.48,181650684.93,80000000.00,73339686.49,332971973.64
Apr 20 2027,MANTA,0,804047301.03,804047301.03,137262833.68,180990136.99,80000000.00,73154890.35,332639440.01
Apr 18 2027,MANTA,0,803125156.68,803125156.68,137125941.14,180549771.69,80000000.00,73031692.92,332417750.93
Apr 15 2027,MANTA,0,801741940.15,801741940.15,136920602.33,179889223.74,80000000.00,72846896.77,332085217.30
Apr 12 2027,MANTA,0,800358723.63,800358723.63,136715263.52,179228675.80,80000000.00,72662100.63,331752683.68
Apr 10 2027,MANTA,0,799436579.28,799436579.28,136578370.98,178788310.50,80000000.00,72538903.20,331530994.59
Apr 07 2027,MANTA,0,798053362.75,798053362.75,136373032.17,178127762.56,80000000.00,72354107.06,331198460.97
Apr 04 2027,MANTA,0,796670146.23,796670146.23,136167693.36,177467214.61,80000000.00,72169310.91,330865927.34
Apr 01 2027,MANTA,0,795286929.70,795286929.70,135962354.55,176806666.67,80000000.00,71984514.77,330533393.72
Mar 30 2027,MANTA,0,794364785.35,794364785.35,135825462.01,176366301.37,80000000.00,71861317.34,330311704.63
Mar 27 2027,MANTA,0,792981568.83,792981568.83,135620123.20,175705753.42,80000000.00,71676521.19,329979171.01
Mar 24 2027,MANTA,0,791598352.30,791598352.30,135414784.39,175045205.48,80000000.00,71491725.05,329646637.38
Mar 22 2027,MANTA,0,790676207.95,790676207.95,135277891.85,174604840.18,80000000.00,71368527.62,329424948.29
Mar 19 2027,MANTA,0,789292991.43,789292991.43,135072553.05,173944292.24,80000000.00,71183731.48,329092414.67
Mar 16 2027,MANTA,0,787909774.90,787909774.90,134867214.24,173283744.29,80000000.00,70998935.33,328759881.04
Mar 13 2027,MANTA,0,786526558.38,786526558.38,134661875.43,172623196.35,80000000.00,70814139.19,328427347.42
Mar 11 2027,MANTA,0,785604414.03,785604414.03,134524982.89,172182831.05,80000000.00,70690941.76,328205658.33
Mar 08 2027,MANTA,0,784221197.50,784221197.50,134319644.08,171522283.11,80000000.00,70506145.61,327873124.71
Mar 05 2027,MANTA,0,782837980.98,782837980.98,134114305.27,170861735.16,80000000.00,70321349.47,327540591.08
Mar 05 2027,MANTA,0,782837980.98,782837980.98,134114305.27,170861735.16,80000000.00,70321349.47,327540591.08
Mar 03 2027,MANTA,0,781915836.63,781915836.63,133977412.73,170421369.86,80000000.00,70198152.04,327318902.00
Feb 28 2027,MANTA,0,780532620.10,780532620.10,133772073.92,169760821.92,80000000.00,70013355.89,326986368.37
Feb 25 2027,MANTA,0,779149403.58,779149403.58,133566735.11,169100273.97,80000000.00,69828559.75,326653834.74
Feb 23 2027,MANTA,0,778227259.23,778227259.23,133429842.57,168659908.68,80000000.00,69705362.32,326432145.66
Feb 20 2027,MANTA,0,776844042.70,776844042.70,133224503.76,167999360.73,80000000.00,69520566.18,326099612.03
Feb 17 2027,MANTA,0,775460826.18,775460826.18,133019164.96,167338812.79,80000000.00,69335770.03,325767078.41
Feb 14 2027,MANTA,0,774077609.65,774077609.65,132813826.15,166678264.84,80000000.00,69150973.89,325434544.78
Feb 12 2027,MANTA,0,773155465.30,773155465.30,132676933.61,166237899.54,80000000.00,69027776.46,325212855.70
Feb 09 2027,MANTA,0,771772248.78,771772248.78,132471594.80,165577351.60,80000000.00,68842980.31,324880322.07
Feb 06 2027,MANTA,0,770389032.25,770389032.25,132266255.99,164916803.65,80000000.00,68658184.17,324547788.44
Feb 04 2027,MANTA,0,769466887.90,769466887.90,132129363.45,164476438.36,80000000.00,68534986.74,324326099.36
Feb 01 2027,MANTA,0,768083671.38,768083671.38,131924024.64,163815890.41,80000000.00,68350190.59,323993565.73
Jan 29 2027,MANTA,0,766700454.85,766700454.85,131718685.83,163155342.47,80000000.00,68165394.45,323661032.11
Jan 26 2027,MANTA,0,765317238.33,765317238.33,131513347.02,162494794.52,80000000.00,67980598.31,323328498.48
Jan 24 2027,MANTA,0,764395093.98,764395093.98,131376454.48,162054429.22,80000000.00,67857400.88,323106809.40
Jan 21 2027,MANTA,0,763011877.46,763011877.46,131171115.67,161393881.28,80000000.00,67672604.73,322774275.77
Jan 18 2027,MANTA,0,761628660.93,761628660.93,130965776.87,160733333.33,80000000.00,67487808.59,322441742.14
Jan 16 2027,MANTA,0,760706516.58,760706516.58,130828884.33,160292968.04,80000000.00,67364611.16,322220053.06
Jan 13 2027,MANTA,0,759323300.06,759323300.06,130623545.52,159632420.09,80000000.00,67179815.01,321887519.43
Jan 10 2027,MANTA,0,757940083.53,757940083.53,130418206.71,158971872.15,80000000.00,66995018.87,321554985.81
Jan 08 2027,MANTA,0,757017939.18,757017939.18,130281314.17,158531506.85,80000000.00,66871821.44,321333296.72
Jan 05 2027,MANTA,0,755634722.66,755634722.66,130075975.36,157870958.90,80000000.00,66687025.30,321000763.10
Jan 02 2027,MANTA,0,754251506.13,754251506.13,129870636.55,157210410.96,80000000.00,66502229.15,320668229.47
Dec 30 2026,MANTA,0,752868289.61,752868289.61,129665297.74,156549863.01,80000000.00,66317433.01,320335695.85
Dec 28 2026,MANTA,0,751946145.26,751946145.26,129528405.20,156109497.72,80000000.00,66194235.58,320114006.76
Dec 25 2026,MANTA,0,750562928.73,750562928.73,129323066.39,155448949.77,80000000.00,66009439.43,319781473.13
Dec 22 2026,MANTA,0,749179712.21,749179712.21,129117727.58,154788401.83,80000000.00,65824643.29,319448939.51
Dec 20 2026,MANTA,0,748257567.86,748257567.86,128980835.04,154348036.53,80000000.00,65701445.86,319227250.42
Dec 17 2026,MANTA,0,746874351.33,746874351.33,128775496.24,153687488.58,80000000.00,65516649.71,318894716.80
Dec 14 2026,MANTA,0,745491134.81,745491134.81,128570157.43,153026940.64,80000000.00,65331853.57,318562183.17
Dec 11 2026,MANTA,0,744107918.28,744107918.28,128364818.62,152366392.69,80000000.00,65147057.43,318229649.55
Dec 09 2026,MANTA,0,743185773.93,743185773.93,128227926.08,151926027.40,80000000.00,65023860.00,318007960.46
Dec 06 2026,MANTA,0,741802557.41,741802557.41,128022587.27,151265479.45,80000000.00,64839063.85,317675426.84
Dec 03 2026,MANTA,0,740419340.88,740419340.88,127817248.46,150604931.51,80000000.00,64654267.71,317342893.21
Dec 01 2026,MANTA,0,739497196.53,739497196.53,127680355.92,150164566.21,80000000.00,64531070.28,317121204.13
Nov 28 2026,MANTA,0,738113980.01,738113980.01,127475017.11,149504018.26,80000000.00,64346274.13,316788670.50
Nov 25 2026,MANTA,0,736730763.48,736730763.48,127269678.30,148843470.32,80000000.00,64161477.99,316456136.87
Nov 22 2026,MANTA,0,735347546.96,735347546.96,127064339.49,148182922.37,80000000.00,63976681.84,316123603.25
Nov 20 2026,MANTA,0,734425402.61,734425402.61,126927446.95,147742557.08,80000000.00,63853484.41,315901914.16
Nov 17 2026,MANTA,0,733042186.08,733042186.08,126722108.15,147082009.13,80000000.00,63668688.27,315569380.54
Nov 14 2026,MANTA,0,731658969.56,731658969.56,126516769.34,146421461.19,80000000.00,63483892.13,315236846.91
Nov 12 2026,MANTA,0,730736825.21,730736825.21,126379876.80,145981095.89,80000000.00,63360694.70,315015157.83
Nov 09 2026,MANTA,0,729353608.68,729353608.68,126174537.99,145320547.95,80000000.00,63175898.55,314682624.20
Nov 06 2026,MANTA,0,727970392.16,727970392.16,125969199.18,144660000.00,80000000.00,62991102.41,314350090.57
Nov 04 2026,MANTA,0,727048247.81,727048247.81,125832306.64,144219634.70,80000000.00,62867904.98,314128401.49
Nov 01 2026,MANTA,0,725665031.29,725665031.29,125626967.83,143559086.76,80000000.00,62683108.83,313795867.86
Oct 29 2026,MANTA,0,724281814.76,724281814.76,125421629.02,142898538.81,80000000.00,62498312.69,313463334.24
Oct 26 2026,MANTA,0,722898598.24,722898598.24,125216290.21,142237990.87,80000000.00,62313516.55,313130800.61
Oct 24 2026,MANTA,0,721976453.89,721976453.89,125079397.67,141797625.57,80000000.00,62190319.12,312909111.53
Oct 21 2026,MANTA,0,720593237.36,720593237.36,124874058.86,141137077.63,80000000.00,62005522.97,312576577.90
Oct 18 2026,MANTA,0,719210020.84,719210020.84,124668720.05,140476529.68,80000000.00,61820726.83,312244044.27
Oct 16 2026,MANTA,0,718287876.49,718287876.49,124531827.52,140036164.38,80000000.00,61697529.40,312022355.19
Oct 13 2026,MANTA,0,716904659.96,716904659.96,124326488.71,139375616.44,80000000.00,61512733.25,311689821.56
Oct 10 2026,MANTA,0,715521443.44,715521443.44,124121149.90,138715068.49,80000000.00,61327937.11,311357287.94
Oct 07 2026,MANTA,0,714138226.91,714138226.91,123915811.09,138054520.55,80000000.00,61143140.96,311024754.31
Oct 05 2026,MANTA,0,713216082.56,713216082.56,123778918.55,137614155.25,80000000.00,61019943.53,310803065.23
Oct 02 2026,MANTA,0,711832866.04,711832866.04,123573579.74,136953607.31,80000000.00,60835147.39,310470531.60
Sep 29 2026,MANTA,0,710449649.51,710449649.51,123368240.93,136293059.36,80000000.00,60650351.25,310137997.97
Sep 27 2026,MANTA,0,709527505.16,709527505.16,123231348.39,135852694.06,80000000.00,60527153.82,309916308.89
Sep 24 2026,MANTA,0,708144288.64,708144288.64,123026009.58,135192146.12,80000000.00,60342357.67,309583775.26
Sep 21 2026,MANTA,0,706761072.11,706761072.11,122820670.77,134531598.17,80000000.00,60157561.53,309251241.64
Sep 19 2026,MANTA,0,705838927.76,705838927.76,122683778.23,134091232.88,80000000.00,60034364.10,309029552.55
Sep 16 2026,MANTA,0,704455711.24,704455711.24,122478439.43,133430684.93,80000000.00,59849567.95,308697018.93
Sep 13 2026,MANTA,0,703072494.71,703072494.71,122273100.62,132770136.99,80000000.00,59664771.81,308364485.30
Sep 10 2026,MANTA,0,701689278.19,701689278.19,122067761.81,132109589.04,80000000.00,59479975.66,308031951.68
Sep 08 2026,MANTA,0,700767133.84,700767133.84,121930869.27,131669223.74,80000000.00,59356778.24,307810262.59
Sep 05 2026,MANTA,0,699383917.31,699383917.31,121725530.46,131008675.80,80000000.00,59171982.09,307477728.96
Sep 02 2026,MANTA,0,698000700.79,698000700.79,121520191.65,130348127.85,80000000.00,58987185.95,307145195.34
Aug 31 2026,MANTA,0,697078556.44,697078556.44,121383299.11,129907762.56,80000000.00,58863988.52,306923506.25
Aug 28 2026,MANTA,0,695695339.91,695695339.91,121177960.30,129247214.61,80000000.00,58679192.37,306590972.63
Aug 25 2026,MANTA,0,694312123.39,694312123.39,120972621.49,128586666.67,80000000.00,58494396.23,306258439.00
Aug 22 2026,MANTA,0,692928906.86,692928906.86,120767282.68,127926118.72,80000000.00,58309600.08,305925905.38
Aug 20 2026,MANTA,0,692006762.51,692006762.51,120630390.14,127485753.42,80000000.00,58186402.65,305704216.29
Aug 17 2026,MANTA,0,690623545.99,690623545.99,120425051.33,126825205.48,80000000.00,58001606.51,305371682.67
Aug 14 2026,MANTA,0,689240329.46,689240329.46,120219712.53,126164657.53,80000000.00,57816810.37,305039149.04
Aug 12 2026,MANTA,0,688318185.11,688318185.11,120082819.99,125724292.24,80000000.00,57693612.94,304817459.96
Aug 09 2026,MANTA,0,686934968.59,686934968.59,119877481.18,125063744.29,80000000.00,57508816.79,304484926.33
Aug 06 2026,MANTA,0,685551752.07,685551752.07,119672142.37,124403196.35,80000000.00,57324020.65,304152392.70
Aug 04 2026,MANTA,0,684629607.72,684629607.72,119535249.83,123962831.05,80000000.00,57200823.22,303930703.62
Aug 01 2026,MANTA,0,683246391.19,683246391.19,119329911.02,123302283.11,80000000.00,57016027.07,303598169.99
Jul 29 2026,MANTA,0,679996507.67,679996507.67,117257905.21,122641735.16,80000000.00,56831230.93,303265636.37
Jul 26 2026,MANTA,0,678613291.14,678613291.14,117052566.40,121981187.21,80000000.00,56646434.78,302933102.74
Jul 24 2026,MANTA,0,677691146.79,677691146.79,116915673.86,121540821.92,80000000.00,56523237.35,302711413.66
Jul 21 2026,MANTA,0,676307930.27,676307930.27,116710335.05,120880273.97,80000000.00,56338441.21,302378880.03
Jul 18 2026,MANTA,0,674924713.74,674924713.74,116504996.24,120219726.03,80000000.00,56153645.07,302046346.40
Jul 16 2026,MANTA,0,674002569.39,674002569.39,116368103.71,119779360.73,80000000.00,56030447.64,301824657.32
Jul 13 2026,MANTA,0,672619352.87,672619352.87,116162764.90,119118812.79,80000000.00,55845651.49,301492123.69
Jul 10 2026,MANTA,0,671236136.34,671236136.34,115957426.09,118458264.84,80000000.00,55660855.35,301159590.07
Jul 07 2026,MANTA,0,669852919.82,669852919.82,115752087.28,117797716.89,80000000.00,55476059.20,300827056.44
Jul 05 2026,MANTA,0,668930775.47,668930775.47,115615194.74,117357351.60,80000000.00,55352861.77,300605367.36
Jul 02 2026,MANTA,0,667547558.94,667547558.94,115409855.93,116696803.65,80000000.00,55168065.63,300272833.73
Jun 29 2026,MANTA,0,664297676.42,664297676.42,113337851.12,116036255.71,80000000.00,54983269.48,299940300.10
Jun 27 2026,MANTA,0,663375532.07,663375532.07,113200958.58,115595890.41,80000000.00,54860072.06,299718611.02
Jun 24 2026,MANTA,0,661992315.54,661992315.54,112995619.77,114935342.47,80000000.00,54675275.91,299386077.39
Jun 21 2026,MANTA,0,660609099.02,660609099.02,112790280.96,114274794.52,80000000.00,54490479.77,299053543.77
Jun 18 2026,MANTA,0,659225882.49,659225882.49,112584942.15,113614246.58,80000000.00,54305683.62,298721010.14
Jun 16 2026,MANTA,0,658303738.14,658303738.14,112448049.61,113173881.28,80000000.00,54182486.19,298499321.06
Jun 13 2026,MANTA,0,656920521.62,656920521.62,112242710.81,112513333.33,80000000.00,53997690.05,298166787.43
Jun 10 2026,MANTA,0,655537305.09,655537305.09,112037372.00,111852785.39,80000000.00,53812893.90,297834253.80
Jun 08 2026,MANTA,0,654615160.74,654615160.74,111900479.46,111412420.09,80000000.00,53689696.47,297612564.72
Jun 05 2026,MANTA,0,653231944.22,653231944.22,111695140.65,110751872.15,80000000.00,53504900.33,297280031.09
Jun 02 2026,MANTA,0,651848727.69,651848727.69,111489801.84,110091324.20,80000000.00,53320104.19,296947497.47
May 31 2026,MANTA,0,650926583.34,650926583.34,111352909.30,109650958.90,80000000.00,53196906.76,296725808.38
May 28 2026,MANTA,0,647676699.82,647676699.82,109280903.49,108990410.96,80000000.00,53012110.61,296393274.76
May 25 2026,MANTA,0,646293483.29,646293483.29,109075564.68,108329863.01,80000000.00,52827314.47,296060741.13
May 22 2026,MANTA,0,644910266.77,644910266.77,108870225.87,107669315.07,80000000.00,52642518.32,295728207.51
May 20 2026,MANTA,0,643988122.42,643988122.42,108733333.33,107228949.77,80000000.00,52519320.89,295506518.42
May 17 2026,MANTA,0,642604905.89,642604905.89,108527994.52,106568401.83,80000000.00,52334524.75,295173984.80
May 14 2026,MANTA,0,641221689.37,641221689.37,108322655.72,105907853.88,80000000.00,52149728.60,294841451.17
May 12 2026,MANTA,0,640299545.02,640299545.02,108185763.18,105467488.58,80000000.00,52026531.17,294619762.08
May 09 2026,MANTA,0,638916328.50,638916328.50,107980424.37,104806940.64,80000000.00,51841735.03,294287228.46
May 06 2026,MANTA,0,637533111.97,637533111.97,107775085.56,104146392.69,80000000.00,51656938.89,293954694.83
May 03 2026,MANTA,0,636149895.45,636149895.45,107569746.75,103485844.75,80000000.00,51472142.74,293622161.21
May 01 2026,MANTA,0,635227751.10,635227751.10,107432854.21,103045479.45,80000000.00,51348945.31,293400472.12
Apr 28 2026,MANTA,0,631977867.57,631977867.57,105360848.40,102384931.51,80000000.00,51164149.17,293067938.50
Apr 25 2026,MANTA,0,630594651.05,630594651.05,105155509.59,101724383.56,80000000.00,50979353.02,292735404.87
Apr 23 2026,MANTA,0,629672506.70,629672506.70,105018617.05,101284018.26,80000000.00,50856155.59,292513715.79
Apr 20 2026,MANTA,0,628289290.17,628289290.17,104813278.24,100623470.32,80000000.00,50671359.45,292181182.16
Apr 17 2026,MANTA,0,626906073.65,626906073.65,104607939.43,99962922.37,80000000.00,50486563.31,291848648.53
Apr 15 2026,MANTA,0,625983929.30,625983929.30,104471046.89,99522557.08,80000000.00,50363365.88,291626959.45
Apr 12 2026,MANTA,0,624600712.77,624600712.77,104265708.09,98862009.13,80000000.00,50178569.73,291294425.82
Apr 09 2026,MANTA,0,623217496.25,623217496.25,104060369.28,98201461.19,80000000.00,49993773.59,290961892.20
Apr 06 2026,MANTA,0,621834279.72,621834279.72,103855030.47,97540913.24,80000000.00,49808977.44,290629358.57
Apr 04 2026,MANTA,0,620912135.37,620912135.37,103718137.93,97100547.95,80000000.00,49685780.01,290407669.49
Apr 01 2026,MANTA,0,619528918.85,619528918.85,103512799.12,96440000.00,80000000.00,49500983.87,290075135.86
Mar 29 2026,MANTA,0,616279036.32,616279036.32,101440794.31,95779452.05,80000000.00,49316187.72,289742602.23
Mar 27 2026,MANTA,0,615356891.97,615356891.97,101303901.77,95339086.76,80000000.00,49192990.29,289520913.15
Mar 24 2026,MANTA,0,613973675.45,613973675.45,101098562.96,94678538.81,80000000.00,49008194.15,289188379.52
Mar 21 2026,MANTA,0,612590458.92,612590458.92,100893224.15,94017990.87,80000000.00,48823398.01,288855845.90
Mar 18 2026,MANTA,0,611207242.40,611207242.40,100687885.34,93357442.92,80000000.00,48638601.86,288523312.27
Mar 16 2026,MANTA,0,610285098.05,610285098.05,100550992.80,92917077.63,80000000.00,48515404.43,288301623.19
Mar 13 2026,MANTA,0,608901881.52,608901881.52,100345654.00,92256529.68,80000000.00,48330608.29,287969089.56
Mar 10 2026,MANTA,0,607518665.00,607518665.00,100140315.19,91595981.74,80000000.00,48145812.14,287636555.93
Mar 08 2026,MANTA,0,606596520.65,606596520.65,100003422.65,91155616.44,80000000.00,48022614.71,287414866.85
Mar 05 2026,MANTA,0,605213304.12,605213304.12,99798083.84,90495068.49,80000000.00,47837818.57,287082333.22
Mar 02 2026,MANTA,0,603830087.60,603830087.60,99592745.03,89834520.55,80000000.00,47653022.42,286749799.60
Feb 27 2026,MANTA,0,600580204.07,600580204.07,97520739.22,89173972.60,80000000.00,47468226.28,286417265.97
Feb 25 2026,MANTA,0,599658059.72,599658059.72,97383846.68,88733607.31,80000000.00,47345028.85,286195576.89
Feb 22 2026,MANTA,0,598274843.20,598274843.20,97178507.87,88073059.36,80000000.00,47160232.71,285863043.26
Feb 19 2026,MANTA,0,596891626.67,596891626.67,96973169.06,87412511.42,80000000.00,46975436.56,285530509.64
Feb 17 2026,MANTA,0,595969482.32,595969482.32,96836276.52,86972146.12,80000000.00,46852239.13,285308820.55
Feb 14 2026,MANTA,0,594586265.80,594586265.80,96630937.71,86311598.17,80000000.00,46667442.99,284976286.92
Feb 11 2026,MANTA,0,593203049.28,593203049.28,96425598.90,85651050.23,80000000.00,46482646.84,284643753.30
Feb 09 2026,MANTA,0,592280904.93,592280904.93,96288706.37,85210684.93,80000000.00,46359449.41,284422064.21
Feb 06 2026,MANTA,0,590897688.40,590897688.40,96083367.56,84550136.99,80000000.00,46174653.27,284089530.59
Feb 03 2026,MANTA,0,589514471.88,589514471.88,95878028.75,83889589.04,80000000.00,45989857.13,283756996.96
Jan 31 2026,MANTA,0,588131255.35,588131255.35,95672689.94,83229041.10,80000000.00,45805060.98,283424463.34
Jan 29 2026,MANTA,0,585342444.00,585342444.00,93669130.40,82788675.80,80000000.00,45681863.55,283202774.25
Jan 26 2026,MANTA,0,583959227.48,583959227.48,93463791.59,82128127.85,80000000.00,45497067.41,282870240.63
Jan 23 2026,MANTA,0,582576010.95,582576010.95,93258452.78,81467579.91,80000000.00,45312271.26,282537707.00
Jan 21 2026,MANTA,0,581653866.60,581653866.60,93121560.24,81027214.61,80000000.00,45189073.83,282316017.91
Jan 18 2026,MANTA,0,580270650.08,580270650.08,92916221.43,80366666.67,80000000.00,45004277.69,281983484.29
Jan 15 2026,MANTA,0,578887433.55,578887433.55,92710882.62,79706118.72,80000000.00,44819481.54,281650950.66
Jan 12 2026,MANTA,0,577504217.03,577504217.03,92505543.81,79045570.78,80000000.00,44634685.40,281318417.04
Jan 10 2026,MANTA,0,576582072.68,576582072.68,92368651.28,78605205.48,80000000.00,44511487.97,281096727.95
Jan 07 2026,MANTA,0,575198856.15,575198856.15,92163312.47,77944657.53,80000000.00,44326691.83,280764194.33
Jan 04 2026,MANTA,0,573815639.63,573815639.63,91957973.66,77284109.59,80000000.00,44141895.68,280431660.70
Jan 02 2026,MANTA,0,572893495.28,572893495.28,91821081.12,76843744.29,80000000.00,44018698.25,280209971.62
Dec 30 2025,MANTA,0,569643612.75,569643612.75,89749076.31,76183196.35,80000000.00,43833902.11,279877437.99
Dec 27 2025,MANTA,0,568260396.23,568260396.23,89543737.50,75522648.40,80000000.00,43649105.96,279544904.36
Dec 25 2025,MANTA,0,567338251.88,567338251.88,89406844.96,75082283.11,80000000.00,43525908.53,279323215.28
Dec 22 2025,MANTA,0,565955035.35,565955035.35,89201506.15,74421735.16,80000000.00,43341112.39,278990681.65
Dec 19 2025,MANTA,0,564571818.83,564571818.83,88996167.34,73761187.21,80000000.00,43156316.24,278658148.03
Dec 16 2025,MANTA,0,563188602.30,563188602.30,88790828.53,73100639.27,80000000.00,42971520.10,278325614.40
Dec 14 2025,MANTA,0,562266457.95,562266457.95,88653935.99,72660273.97,80000000.00,42848322.67,278103925.32
Dec 11 2025,MANTA,0,560883241.43,560883241.43,88448597.18,71999726.03,80000000.00,42663526.53,277771391.69
Dec 08 2025,MANTA,0,559500024.90,559500024.90,88243258.38,71339178.08,80000000.00,42478730.38,277438858.06
Dec 06 2025,MANTA,0,558577880.55,558577880.55,88106365.84,70898812.79,80000000.00,42355532.95,277217168.98
Dec 03 2025,MANTA,0,557194664.03,557194664.03,87901027.03,70238264.84,80000000.00,42170736.81,276884635.35
Nov 30 2025,MANTA,0,555811447.50,555811447.50,87695688.22,69577716.89,80000000.00,41985940.66,276552101.73
Nov 27 2025,MANTA,0,552561563.98,552561563.98,85623682.41,68917168.95,80000000.00,41801144.52,276219568.10
Nov 25 2025,MANTA,0,551639419.63,551639419.63,85486789.87,68476803.65,80000000.00,41677947.09,275997879.02
Nov 22 2025,MANTA,0,550256203.10,550256203.10,85281451.06,67816255.71,80000000.00,41493150.95,275665345.39
Nov 19 2025,MANTA,0,548872986.58,548872986.58,85076112.25,67155707.76,80000000.00,41308354.80,275332811.76
Nov 17 2025,MANTA,0,547950842.23,547950842.23,84939219.71,66715342.47,80000000.00,41185157.37,275111122.68
Nov 14 2025,MANTA,0,546567625.71,546567625.71,84733880.90,66054794.52,80000000.00,41000361.23,274778589.05
Nov 11 2025,MANTA,0,545184409.18,545184409.18,84528542.09,65394246.58,80000000.00,40815565.08,274446055.43
Nov 09 2025,MANTA,0,544262264.83,544262264.83,84391649.56,64953881.28,80000000.00,40692367.65,274224366.34
Nov 06 2025,MANTA,0,542879048.31,542879048.31,84186310.75,64293333.33,80000000.00,40507571.51,273891832.72
Nov 03 2025,MANTA,0,541495831.78,541495831.78,83980971.94,63632785.39,80000000.00,40322775.36,273559299.09
Oct 31 2025,MANTA,0,540112615.26,540112615.26,83775633.13,62972237.44,80000000.00,40137979.22,273226765.47
Oct 29 2025,MANTA,0,537323803.91,537323803.91,81772073.59,62531872.15,80000000.00,40014781.79,273005076.38
Oct 26 2025,MANTA,0,535940587.38,535940587.38,81566734.78,61871324.20,80000000.00,39829985.65,272672542.75
Oct 23 2025,MANTA,0,534557370.86,534557370.86,81361395.97,61210776.26,80000000.00,39645189.50,272340009.13
Oct 21 2025,MANTA,0,533635226.51,533635226.51,81224503.43,60770410.96,80000000.00,39521992.07,272118320.04
Oct 18 2025,MANTA,0,532252009.98,532252009.98,81019164.62,60109863.01,80000000.00,39337195.93,271785786.42
Oct 15 2025,MANTA,0,530868793.46,530868793.46,80813825.81,59449315.07,80000000.00,39152399.78,271453252.79
Oct 12 2025,MANTA,0,529485576.93,529485576.93,80608487.00,58788767.12,80000000.00,38967603.64,271120719.17
Oct 10 2025,MANTA,0,528563432.58,528563432.58,80471594.46,58348401.83,80000000.00,38844406.21,270899030.08
Oct 07 2025,MANTA,0,527180216.06,527180216.06,80266255.66,57687853.88,80000000.00,38659610.06,270566496.46
Oct 04 2025,MANTA,0,525796999.53,525796999.53,80060916.85,57027305.94,80000000.00,38474813.92,270233962.83
Oct 02 2025,MANTA,0,524874855.18,524874855.18,79924024.31,56586940.64,80000000.00,38351616.49,270012273.75
Sep 29 2025,MANTA,0,521624972.66,521624972.66,77852019.50,55926392.69,80000000.00,38166820.35,269679740.12
Sep 26 2025,MANTA,0,520241756.13,520241756.13,77646680.69,55265844.75,80000000.00,37982024.20,269347206.49
Sep 23 2025,MANTA,0,518858539.61,518858539.61,77441341.88,54605296.80,80000000.00,37797228.06,269014672.87
Sep 21 2025,MANTA,0,517936395.26,517936395.26,77304449.34,54164931.51,80000000.00,37674030.63,268792983.78
Sep 18 2025,MANTA,0,516553178.73,516553178.73,77099110.53,53504383.56,80000000.00,37489234.48,268460450.16
Sep 15 2025,MANTA,0,515169962.21,515169962.21,76893771.72,52843835.62,80000000.00,37304438.34,268127916.53
Sep 13 2025,MANTA,0,514247817.86,514247817.86,76756879.18,52403470.32,80000000.00,37181240.91,267906227.45
Sep 10 2025,MANTA,0,512864601.33,512864601.33,76551540.37,51742922.37,80000000.00,36996444.77,267573693.82
Sep 07 2025,MANTA,0,511481384.81,511481384.81,76346201.57,51082374.43,80000000.00,36811648.62,267241160.19
Sep 05 2025,MANTA,0,510559240.46,510559240.46,76209309.03,50642009.13,80000000.00,36688451.19,267019471.11
Sep 02 2025,MANTA,0,509176023.93,509176023.93,76003970.22,49981461.19,80000000.00,36503655.05,266686937.48
Aug 30 2025,MANTA,0,505926140.41,505926140.41,73931964.41,49320913.24,80000000.00,36318858.90,266354403.86
Aug 27 2025,MANTA,0,504542923.88,504542923.88,73726625.60,48660365.30,80000000.00,36134062.76,266021870.23
Aug 25 2025,MANTA,0,503620779.53,503620779.53,73589733.06,48220000.00,80000000.00,36010865.33,265800181.15
Aug 22 2025,MANTA,0,502237563.01,502237563.01,73384394.25,47559452.05,80000000.00,35826069.18,265467647.52
Aug 19 2025,MANTA,0,500854346.49,500854346.49,73179055.44,46898904.11,80000000.00,35641273.04,265135113.89
Aug 17 2025,MANTA,0,499932202.14,499932202.14,73042162.90,46458538.81,80000000.00,35518075.61,264913424.81
Aug 14 2025,MANTA,0,498548985.61,498548985.61,72836824.09,45797990.87,80000000.00,35333279.47,264580891.18
Aug 11 2025,MANTA,0,497165769.09,497165769.09,72631485.28,45137442.92,80000000.00,35148483.32,264248357.56
Aug 08 2025,MANTA,0,495782552.56,495782552.56,72426146.48,44476894.98,80000000.00,34963687.18,263915823.93
Aug 06 2025,MANTA,0,494860408.21,494860408.21,72289253.94,44036529.68,80000000.00,34840489.75,263694134.85
Aug 03 2025,MANTA,0,493477191.69,493477191.69,72083915.13,43375981.74,80000000.00,34655693.60,263361601.22
Jul 31 2025,MANTA,0,492093975.16,492093975.16,71878576.32,42715433.79,80000000.00,34470897.46,263029067.59
Jul 29 2025,MANTA,0,489305163.81,489305163.81,69875016.78,42275068.49,80000000.00,34347700.03,262807378.51
Jul 26 2025,MANTA,0,487921947.29,487921947.29,69669677.97,41614520.55,80000000.00,34162903.89,262474844.88
Jul 23 2025,MANTA,0,486538730.76,486538730.76,69464339.16,40953972.60,80000000.00,33978107.74,262142311.26
Jul 21 2025,MANTA,0,485616586.41,485616586.41,69327446.62,40513607.31,80000000.00,33854910.31,261920622.17
Jul 18 2025,MANTA,0,484233369.89,484233369.89,69122107.81,39853059.36,80000000.00,33670114.17,261588088.55
Jul 15 2025,MANTA,0,482850153.36,482850153.36,68916769.00,39192511.42,80000000.00,33485318.02,261255554.92
Jul 12 2025,MANTA,0,481466936.84,481466936.84,68711430.19,38531963.47,80000000.00,33300521.88,260923021.30
Jul 10 2025,MANTA,0,480544792.49,480544792.49,68574537.65,38091598.17,80000000.00,33177324.45,260701332.21
Jul 07 2025,MANTA,0,479161575.96,479161575.96,68369198.85,37431050.23,80000000.00,32992528.30,260368798.59
Jul 04 2025,MANTA,0,477778359.44,477778359.44,68163860.04,36770502.28,80000000.00,32807732.16,260036264.96
Jul 02 2025,MANTA,0,476856215.09,476856215.09,68026967.50,36330136.99,80000000.00,32684534.73,259814575.87
Jun 29 2025,MANTA,0,473606332.56,473606332.56,65954962.69,35669589.04,80000000.00,32499738.59,259482042.25
Jun 26 2025,MANTA,0,472223116.04,472223116.04,65749623.88,35009041.10,80000000.00,32314942.44,259149508.62
Jun 23 2025,MANTA,0,470839899.51,470839899.51,65544285.07,34348493.15,80000000.00,32130146.30,258816975.00
Jun 21 2025,MANTA,0,469917755.16,469917755.16,65407392.53,33908127.85,80000000.00,32006948.87,258595285.91
Jun 18 2025,MANTA,0,468534538.64,468534538.64,65202053.72,33247579.91,80000000.00,31822152.72,258262752.29
Jun 15 2025,MANTA,0,467151322.11,467151322.11,64996714.91,32587031.96,80000000.00,31637356.58,257930218.66
Jun 13 2025,MANTA,0,466229177.76,466229177.76,64859822.37,32146666.67,80000000.00,31514159.15,257708529.58
Jun 10 2025,MANTA,0,464845961.24,464845961.24,64654483.56,31486118.72,80000000.00,31329363.00,257375995.95
Jun 07 2025,MANTA,0,463462744.71,463462744.71,64449144.75,30825570.78,80000000.00,31144566.86,257043462.32
Jun 05 2025,MANTA,0,462540600.36,462540600.36,64312252.22,30385205.48,80000000.00,31021369.43,256821773.24
Jun 02 2025,MANTA,0,461157383.84,461157383.84,64106913.41,29724657.53,80000000.00,30836573.29,256489239.61
May 30 2025,MANTA,0,457907500.31,457907500.31,62034907.60,29064109.59,80000000.00,30651777.14,256156705.99
May 27 2025,MANTA,0,456524283.79,456524283.79,61829568.79,28403561.64,80000000.00,30466981.00,255824172.36
May 25 2025,MANTA,0,455602139.44,455602139.44,61692676.25,27963196.35,80000000.00,30343783.57,255602483.28
May 22 2025,MANTA,0,454218922.92,454218922.92,61487337.44,27302648.40,80000000.00,30158987.42,255269949.65
May 19 2025,MANTA,0,452835706.39,452835706.39,61281998.63,26642100.46,80000000.00,29974191.28,254937416.02
May 17 2025,MANTA,0,451913562.04,451913562.04,61145106.09,26201735.16,80000000.00,29850993.85,254715726.94
May 14 2025,MANTA,0,450530345.52,450530345.52,60939767.28,25541187.21,80000000.00,29666197.71,254383193.31
May 11 2025,MANTA,0,449147128.99,449147128.99,60734428.47,24880639.27,80000000.00,29481401.56,254050659.69
May 08 2025,MANTA,0,447763912.47,447763912.47,60529089.66,24220091.32,80000000.00,29296605.42,253718126.06
May 06 2025,MANTA,0,446841768.12,446841768.12,60392197.13,23779726.03,80000000.00,29173407.99,253496436.98
May 03 2025,MANTA,0,445458551.59,445458551.59,60186858.32,23119178.08,80000000.00,28988611.84,253163903.35
Apr 30 2025,MANTA,0,444075335.07,444075335.07,59981519.51,22458630.14,80000000.00,28803815.70,252831369.72
Apr 28 2025,MANTA,0,441286523.72,441286523.72,57977959.97,22018264.84,80000000.00,28680618.27,252609680.64
Apr 25 2025,MANTA,0,439903307.19,439903307.19,57772621.16,21357716.89,80000000.00,28495822.12,252277147.01
Apr 22 2025,MANTA,0,438520090.67,438520090.67,57567282.35,20697168.95,80000000.00,28311025.98,251944613.39
Apr 19 2025,MANTA,0,437136874.14,437136874.14,57361943.54,20036621.00,80000000.00,28126229.84,251612079.76
Apr 17 2025,MANTA,0,436214729.79,436214729.79,57225051.00,19596255.71,80000000.00,28003032.41,251390390.68
Apr 14 2025,MANTA,0,434831513.27,434831513.27,57019712.19,18935707.76,80000000.00,27818236.26,251057857.05
Apr 11 2025,MANTA,0,433448296.74,433448296.74,56814373.38,18275159.82,80000000.00,27633440.12,250725323.42
Apr 09 2025,MANTA,0,432526152.39,432526152.39,56677480.84,17834794.52,80000000.00,27510242.69,250503634.34
Apr 06 2025,MANTA,0,431142935.87,431142935.87,56472142.03,17174246.58,80000000.00,27325446.54,250171100.71
Apr 03 2025,MANTA,0,429759719.34,429759719.34,56266803.23,16513698.63,80000000.00,27140650.40,249838567.09
Apr 01 2025,MANTA,0,428837574.99,428837574.99,56129910.69,16073333.33,80000000.00,27017452.97,249616878.00
Mar 29 2025,MANTA,0,425587692.47,425587692.47,54057905.88,15412785.39,80000000.00,26832656.82,249284344.38
Mar 26 2025,MANTA,0,424204475.94,424204475.94,53852567.07,14752237.44,80000000.00,26647860.68,248951810.75
Mar 23 2025,MANTA,0,422821259.42,422821259.42,53647228.26,14091689.50,80000000.00,26463064.54,248619277.13
Mar 21 2025,MANTA,0,421899115.07,421899115.07,53510335.72,13651324.20,80000000.00,26339867.11,248397588.04
Mar 18 2025,MANTA,0,420515898.54,420515898.54,53304996.91,12990776.26,80000000.00,26155070.96,248065054.42
Mar 15 2025,MANTA,0,419132682.02,419132682.02,53099658.10,12330228.31,80000000.00,25970274.82,247732520.79
Mar 13 2025,MANTA,0,418210537.67,418210537.67,52962765.56,11889863.01,80000000.00,25847077.39,247510831.70
Mar 10 2025,MANTA,0,416827321.14,416827321.14,52757426.75,11229315.07,80000000.00,25662281.24,247178298.08
Mar 07 2025,MANTA,0,415444104.62,415444104.62,52552087.94,10568767.12,80000000.00,25477485.10,246845764.45
Mar 04 2025,MANTA,0,414060888.09,414060888.09,52346749.14,9908219.18,80000000.00,25292688.96,246513230.83
Mar 02 2025,MANTA,0,413138743.75,413138743.75,52209856.60,9467853.88,80000000.00,25169491.53,246291541.74
Feb 27 2025,MANTA,0,409888860.22,409888860.22,50137850.79,8807305.94,80000000.00,24984695.38,245959008.12
Feb 24 2025,MANTA,0,408505643.70,408505643.70,49932511.98,8146757.99,80000000.00,24799899.24,245626474.49
Feb 22 2025,MANTA,0,407583499.35,407583499.35,49795619.44,7706392.69,80000000.00,24676701.81,245404785.41
Feb 19 2025,MANTA,0,406200282.82,406200282.82,49590280.63,7045844.75,80000000.00,24491905.66,245072251.78
Feb 16 2025,MANTA,0,404817066.30,404817066.30,49384941.82,6385296.80,80000000.00,24307109.52,244739718.15
Feb 14 2025,MANTA,0,403894921.95,403894921.95,49248049.28,5944931.51,80000000.00,24183912.09,244518029.07
Feb 11 2025,MANTA,0,402511705.42,402511705.42,49042710.47,5284383.56,80000000.00,23999115.94,244185495.44
Feb 08 2025,MANTA,0,401128488.90,401128488.90,48837371.66,4623835.62,80000000.00,23814319.80,243852961.82
Feb 05 2025,MANTA,0,399745272.37,399745272.37,48632032.85,3963287.67,80000000.00,23629523.66,243520428.19
Feb 03 2025,MANTA,0,398823128.02,398823128.02,48495140.31,3522922.37,80000000.00,23506326.23,243298739.11
Jan 31 2025,MANTA,0,397439911.50,397439911.50,48289801.51,2862374.43,80000000.00,23321530.08,242966205.48
Jan 28 2025,MANTA,0,394190027.97,394190027.97,46217795.70,2201826.48,80000000.00,23136733.94,242633671.85
Jan 26 2025,MANTA,0,393267883.62,393267883.62,46080903.16,1761461.19,80000000.00,23013536.51,242411982.77
Jan 23 2025,MANTA,0,391884667.10,391884667.10,45875564.35,1100913.24,80000000.00,22828740.36,242079449.14
Jan 20 2025,MANTA,0,390501450.57,390501450.57,45670225.54,440365.30,80000000.00,22643944.22,241746915.52
Jan 17 2025,MANTA,0,389406862.97,389406862.97,45533333.00,0,80000000.00,22459148.07,241414381.89
Jan 15 2025,MANTA,0,389061976.45,389061976.45,45533333.00,0,80000000.00,22335950.64,241192692.81
Jan 12 2025,MANTA,0,388544646.68,388544646.68,45533333.00,0,80000000.00,22151154.50,240860159.18
Jan 09 2025,MANTA,0,388027316.91,388027316.91,45533333.00,0,80000000.00,21966358.36,240527625.55
Jan 07 2025,MANTA,0,387682430.40,387682430.40,45533333.00,0,80000000.00,21843160.93,240305936.47
Jan 04 2025,MANTA,0,387165100.63,387165100.63,45533333.00,0,80000000.00,21658364.78,239973402.84
Jan 01 2025,MANTA,0,386647770.86,386647770.86,45533333.00,0,80000000.00,21473568.64,239640869.22
Dec 29 2024,MANTA,0,384263775.09,384263775.09,43666667.00,0,80000000.00,21288772.49,239308335.59
Dec 27 2024,MANTA,0,383918888.57,383918888.57,43666667.00,0,80000000.00,21165575.06,239086646.51
Dec 24 2024,MANTA,0,383401558.80,383401558.80,43666667.00,0,80000000.00,20980778.92,238754112.88
Dec 21 2024,MANTA,0,382884229.03,382884229.03,43666667.00,0,80000000.00,20795982.78,238421579.26
Dec 19 2024,MANTA,0,382539342.52,382539342.52,43666667.00,0,80000000.00,20672785.35,238199890.17
Dec 16 2024,MANTA,0,382022012.75,382022012.75,43666667.00,0,80000000.00,20487989.20,237867356.54
Dec 13 2024,MANTA,0,381504682.98,381504682.98,43666667.00,0,80000000.00,20303193.06,237534822.92
Dec 11 2024,MANTA,0,381159796.46,381159796.46,43666667.00,0,80000000.00,20179995.63,237313133.83
Dec 08 2024,MANTA,0,380642466.69,380642466.69,43666667.00,0,80000000.00,19995199.48,236980600.21
Dec 05 2024,MANTA,0,380125136.92,380125136.92,43666667.00,0,80000000.00,19810403.34,236648066.58
Dec 02 2024,MANTA,0,379607807.15,379607807.15,43666667.00,0,80000000.00,19625607.19,236315532.96
Nov 30 2024,MANTA,0,379262920.64,379262920.64,43666667.00,0,80000000.00,19502409.76,236093843.87
Nov 27 2024,MANTA,0,376878923.87,376878923.87,41800000.00,0,80000000.00,19317613.62,235761310.25
Nov 24 2024,MANTA,0,376361594.10,376361594.10,41800000.00,0,80000000.00,19132817.48,235428776.62
Nov 22 2024,MANTA,0,376016707.58,376016707.58,41800000.00,0,80000000.00,19009620.05,235207087.54
Nov 19 2024,MANTA,0,375499377.81,375499377.81,41800000.00,0,80000000.00,18824823.90,234874553.91
Nov 16 2024,MANTA,0,374982048.04,374982048.04,41800000.00,0,80000000.00,18640027.76,234542020.28
Nov 13 2024,MANTA,0,374464718.27,374464718.27,41800000.00,0,80000000.00,18455231.61,234209486.66
Nov 11 2024,MANTA,0,374119831.76,374119831.76,41800000.00,0,80000000.00,18332034.18,233987797.57
Nov 08 2024,MANTA,0,373602501.99,373602501.99,41800000.00,0,80000000.00,18147238.04,233655263.95
Nov 05 2024,MANTA,0,373085172.21,373085172.21,41800000.00,0,80000000.00,17962441.89,233322730.32
Nov 03 2024,MANTA,0,372740285.70,372740285.70,41800000.00,0,80000000.00,17839244.47,233101041.24
Oct 31 2024,MANTA,0,372222955.93,372222955.93,41800000.00,0,80000000.00,17654448.32,232768507.61
Oct 28 2024,MANTA,0,369838959.16,369838959.16,39933333.00,0,80000000.00,17469652.18,232435973.98
Oct 26 2024,MANTA,0,369494072.65,369494072.65,39933333.00,0,80000000.00,17346454.75,232214284.90
Oct 23 2024,MANTA,0,368976742.88,368976742.88,39933333.00,0,80000000.00,17161658.60,231881751.27
Oct 20 2024,MANTA,0,368459413.10,368459413.10,39933333.00,0,80000000.00,16976862.46,231549217.65
Oct 17 2024,MANTA,0,367942083.33,367942083.33,39933333.00,0,80000000.00,16792066.31,231216684.02
Oct 15 2024,MANTA,0,367597196.82,367597196.82,39933333.00,0,80000000.00,16668868.88,230994994.94
Oct 12 2024,MANTA,0,367079867.05,367079867.05,39933333.00,0,80000000.00,16484072.74,230662461.31
Oct 09 2024,MANTA,0,366562537.28,366562537.28,39933333.00,0,80000000.00,16299276.60,230329927.68
Oct 07 2024,MANTA,0,366217650.77,366217650.77,39933333.00,0,80000000.00,16176079.17,230108238.60
Oct 04 2024,MANTA,0,365700321.00,365700321.00,39933333.00,0,80000000.00,15991283.02,229775704.97
Oct 01 2024,MANTA,0,365182991.22,365182991.22,39933333.00,0,80000000.00,15806486.88,229443171.35
Sep 28 2024,MANTA,0,362798995.45,362798995.45,38066667.00,0,80000000.00,15621690.73,229110637.72
Sep 26 2024,MANTA,0,362454108.94,362454108.94,38066667.00,0,80000000.00,15498493.30,228888948.64
Sep 23 2024,MANTA,0,361936779.17,361936779.17,38066667.00,0,80000000.00,15313697.16,228556415.01
Sep 20 2024,MANTA,0,361419449.40,361419449.40,38066667.00,0,80000000.00,15128901.01,228223881.38
Sep 18 2024,MANTA,0,361074562.89,361074562.89,38066667.00,0,80000000.00,15005703.58,228002192.30
Sep 15 2024,MANTA,0,360557233.11,360557233.11,38066667.00,0,80000000.00,14820907.44,227669658.67
Sep 12 2024,MANTA,0,360039903.34,360039903.34,38066667.00,0,80000000.00,14636111.30,227337125.05
Sep 10 2024,MANTA,0,359695016.83,359695016.83,38066667.00,0,80000000.00,14512913.87,227115435.96
Sep 07 2024,MANTA,0,359177687.06,359177687.06,38066667.00,0,80000000.00,14328117.72,226782902.34
Sep 04 2024,MANTA,0,358660357.29,358660357.29,38066667.00,0,80000000.00,14143321.58,226450368.71
Sep 01 2024,MANTA,0,358143027.52,358143027.52,38066667.00,0,80000000.00,13958525.43,226117835.09
Aug 30 2024,MANTA,0,355931474.00,355931474.00,36200000.00,0,80000000.00,13835328.00,225896146.00
Aug 27 2024,MANTA,0,355414144.23,355414144.23,36200000.00,0,80000000.00,13650531.86,225563612.38
Aug 24 2024,MANTA,0,354896814.46,354896814.46,36200000.00,0,80000000.00,13465735.71,225231078.75
Aug 22 2024,MANTA,0,354551927.95,354551927.95,36200000.00,0,80000000.00,13342538.29,225009389.66
Aug 19 2024,MANTA,0,354034598.18,354034598.18,36200000.00,0,80000000.00,13157742.14,224676856.04
Aug 16 2024,MANTA,0,353517268.41,353517268.41,36200000.00,0,80000000.00,12972946.00,224344322.41
Aug 13 2024,MANTA,0,352999938.64,352999938.64,36200000.00,0,80000000.00,12788149.85,224011788.79
Aug 11 2024,MANTA,0,352655052.12,352655052.12,36200000.00,0,80000000.00,12664952.42,223790099.70
Aug 08 2024,MANTA,0,352137722.35,352137722.35,36200000.00,0,80000000.00,12480156.28,223457566.08
Aug 05 2024,MANTA,0,351620392.58,351620392.58,36200000.00,0,80000000.00,12295360.13,223125032.45
Aug 03 2024,MANTA,0,351275506.07,351275506.07,36200000.00,0,80000000.00,12172162.70,222903343.37
Jul 31 2024,MANTA,0,350758176.30,350758176.30,36200000.00,0,80000000.00,11987366.56,222570809.74
Jul 28 2024,MANTA,0,348374179.53,348374179.53,34333333.00,0,80000000.00,11802570.42,222238276.11
Jul 25 2024,MANTA,0,347856849.76,347856849.76,34333333.00,0,80000000.00,11617774.27,221905742.49
Jul 23 2024,MANTA,0,347511963.24,347511963.24,34333333.00,0,80000000.00,11494576.84,221684053.40
Jul 20 2024,MANTA,0,346994633.47,346994633.47,34333333.00,0,80000000.00,11309780.70,221351519.78
Jul 17 2024,MANTA,0,339810636.70,339810636.70,34333333.00,0,73333333.00,11124984.55,221018986.15
Jul 15 2024,MANTA,0,339465750.19,339465750.19,34333333.00,0,73333333.00,11001787.12,220797297.07
Jul 12 2024,MANTA,0,338948420.42,338948420.42,34333333.00,0,73333333.00,10816990.98,220464763.44
Jul 09 2024,MANTA,0,338431090.65,338431090.65,34333333.00,0,73333333.00,10632194.83,220132229.81
Jul 07 2024,MANTA,0,338086204.13,338086204.13,34333333.00,0,73333333.00,10508997.40,219910540.73
Jul 04 2024,MANTA,0,337568874.36,337568874.36,34333333.00,0,73333333.00,10324201.26,219578007.10
Jul 01 2024,MANTA,0,337051544.59,337051544.59,34333333.00,0,73333333.00,10139405.12,219245473.48
Jun 28 2024,MANTA,0,334667548.82,334667548.82,32466667.00,0,73333333.00,9954608.97,218912939.85
Jun 26 2024,MANTA,0,334322662.31,334322662.31,32466667.00,0,73333333.00,9831411.54,218691250.77
Jun 23 2024,MANTA,0,333805332.54,333805332.54,32466667.00,0,73333333.00,9646615.40,218358717.14
Jun 20 2024,MANTA,0,333288002.77,333288002.77,32466667.00,0,73333333.00,9461819.25,218026183.51
Jun 18 2024,MANTA,0,332943116.25,332943116.25,32466667.00,0,73333333.00,9338621.82,217804494.43
Jun 15 2024,MANTA,0,325759120.48,325759120.48,32466667.00,0,66666667.00,9153825.68,217471960.80
Jun 12 2024,MANTA,0,325241790.71,325241790.71,32466667.00,0,66666667.00,8969029.54,217139427.18
Jun 09 2024,MANTA,0,324724460.94,324724460.94,32466667.00,0,66666667.00,8784233.39,216806893.55
Jun 07 2024,MANTA,0,324379574.43,324379574.43,32466667.00,0,66666667.00,8661035.96,216585204.47
Jun 04 2024,MANTA,0,323862244.66,323862244.66,32466667.00,0,66666667.00,8476239.82,216252670.84
Jun 01 2024,MANTA,0,323344914.89,323344914.89,32466667.00,0,66666667.00,8291443.67,215920137.21
May 30 2024,MANTA,0,321133361.37,321133361.37,30600000.00,0,66666667.00,8168246.24,215698448.13
May 27 2024,MANTA,0,320616031.60,320616031.60,30600000.00,0,66666667.00,7983450.10,215365914.50
May 24 2024,MANTA,0,320098701.83,320098701.83,30600000.00,0,66666667.00,7798653.95,215033380.88
May 22 2024,MANTA,0,319753815.32,319753815.32,30600000.00,0,66666667.00,7675456.52,214811691.79
May 19 2024,MANTA,0,319236485.55,319236485.55,30600000.00,0,66666667.00,7490660.38,214479158.17
May 16 2024,MANTA,0,312052488.78,312052488.78,30600000.00,0,60000000.00,7305864.24,214146624.54
May 13 2024,MANTA,0,311535159.01,311535159.01,30600000.00,0,60000000.00,7121068.09,213814090.92
May 11 2024,MANTA,0,311190272.49,311190272.49,30600000.00,0,60000000.00,6997870.66,213592401.83
May 08 2024,MANTA,0,310672942.72,310672942.72,30600000.00,0,60000000.00,6813074.52,213259868.21
May 05 2024,MANTA,0,310155612.95,310155612.95,30600000.00,0,60000000.00,6628278.37,212927334.58
May 03 2024,MANTA,0,309810726.44,309810726.44,30600000.00,0,60000000.00,6505080.94,212705645.49
Apr 30 2024,MANTA,0,309293396.67,309293396.67,30600000.00,0,60000000.00,6320284.80,212373111.87
Apr 27 2024,MANTA,0,306909399.90,306909399.90,28733333.00,0,60000000.00,6135488.65,212040578.24
Apr 24 2024,MANTA,0,306392070.13,306392070.13,28733333.00,0,60000000.00,5950692.51,211708044.62
Apr 22 2024,MANTA,0,306047183.61,306047183.61,28733333.00,0,60000000.00,5827495.08,211486355.53
Apr 19 2024,MANTA,0,305529853.84,305529853.84,28733333.00,0,60000000.00,5642698.94,211153821.91
Apr 16 2024,MANTA,0,283345857.07,283345857.07,28733333.00,0,53333333.00,5457902.79,195821288.28
Apr 14 2024,MANTA,0,283000970.56,283000970.56,28733333.00,0,53333333.00,5334705.36,195599599.20
Apr 11 2024,MANTA,0,282483640.79,282483640.79,28733333.00,0,53333333.00,5149909.22,195267065.57
Apr 08 2024,MANTA,0,281966311.02,281966311.02,28733333.00,0,53333333.00,4965113.07,194934531.94
Apr 06 2024,MANTA,0,281621424.50,281621424.50,28733333.00,0,53333333.00,4841915.64,194712842.86
Apr 03 2024,MANTA,0,281104094.73,281104094.73,28733333.00,0,53333333.00,4657119.50,194380309.23
Mar 31 2024,MANTA,$2.92,0,280586764.96,28733333.00,0,53333333.00,4472323.36,194047775.61
Mar 28 2024,MANTA,$3.10,0,278202769.19,26866667.00,0,53333333.00,4287527.21,193715241.98
Mar 26 2024,MANTA,$3.21,0,277857882.68,26866667.00,0,53333333.00,4164329.78,193493552.90
Mar 23 2024,MANTA,$2.94,0,277340552.91,26866667.00,0,53333333.00,3979533.64,193161019.27
Mar 20 2024,MANTA,$2.74,0,276823223.14,26866667.00,0,53333333.00,3794737.49,192828485.64
Mar 18 2024,MANTA,$3.20,0,276478336.62,26866667.00,0,53333333.00,3671540.06,192606796.56
Mar 15 2024,MANTA,$3.58,0,269294340.85,26866667.00,0,46666667.00,3486743.92,192274262.93
Mar 12 2024,MANTA,$3.91,0,268777011.08,26866667.00,0,46666667.00,3301947.77,191941729.31
Mar 09 2024,MANTA,$3.59,0,268259681.31,26866667.00,0,46666667.00,3117151.63,191609195.68
Mar 07 2024,MANTA,$3.09,0,267914794.80,26866667.00,0,46666667.00,2993954.20,191387506.60
Mar 04 2024,MANTA,$2.84,0,267397465.03,26866667.00,0,46666667.00,2809158.06,191054972.97
Mar 01 2024,MANTA,$2.62,0,266880135.26,26866667.00,0,46666667.00,2624361.91,190722439.34
Feb 28 2024,MANTA,$2.90,0,264668581.74,25000000.00,0,46666667.00,2501164.48,190500750.26
Feb 25 2024,MANTA,$2.99,0,264151251.97,25000000.00,0,46666667.00,2316368.34,190168216.63
Feb 22 2024,MANTA,$3.22,0,263633922.20,25000000.00,0,46666667.00,2131572.19,189835683.01
Feb 19 2024,MANTA,$3.01,0,263116592.43,25000000.00,0,46666667.00,1946776.05,189503149.38
Feb 17 2024,MANTA,$2.95,0,256105038.92,25000000.00,0,40000000.00,1823578.62,189281460.30
Feb 14 2024,MANTA,$2.76,0,255587709.15,25000000.00,0,40000000.00,1638782.47,188948926.67
Feb 11 2024,MANTA,$2.84,0,255070379.38,25000000.00,0,40000000.00,1453986.33,188616393.05
Feb 09 2024,MANTA,$2.74,0,254725492.86,25000000.00,0,40000000.00,1330788.90,188394703.96
Feb 06 2024,MANTA,$2.68,0,254208163.09,25000000.00,0,40000000.00,1145992.76,188062170.33
Feb 03 2024,MANTA,$3.05,0,253690833.32,25000000.00,0,40000000.00,961196.61,187729636.71
Feb 01 2024,MANTA,$3.09,0,253345946.81,25000000.00,0,40000000.00,837999.18,187507947.62
Jan 29 2024,MANTA,$3.49,0,252828617.04,25000000.00,0,40000000.00,653203.04,187175414.00
Jan 26 2024,MANTA,$3.03,0,252311287.27,25000000.00,0,40000000.00,468406.89,186842880.37
Jan 23 2024,MANTA,$2.49,0,251793957.50,25000000.00,0,40000000.00,283610.75,186510346.75
Jan 21 2024,MANTA,$2.25,0,251449070.98,25000000.00,0,40000000.00,160413.32,186288657.66
Jan 18 2024,MANTA,$2.51,0,251000000.00,25000000.00,0,40000000.00,0,186000000.00
