Date,Symbol,Price,Available Supply,Unlocked Supply,Private Investors,Public Investors,Reserved,Community & Other
Dec 31 2030,DOT,0,2747846406.98,2747846406.98,200000000.00,500000000.00,300000000.00,1747846406.98
Dec 26 2030,DOT,0,2744358986.50,2744358986.50,200000000.00,500000000.00,300000000.00,1744358986.50
Dec 22 2030,DOT,0,2741569050.11,2741569050.11,200000000.00,500000000.00,300000000.00,1741569050.11
Dec 17 2030,DOT,0,2738081629.64,2738081629.64,200000000.00,500000000.00,300000000.00,1738081629.64
Dec 13 2030,DOT,0,2735291693.25,2735291693.25,200000000.00,500000000.00,300000000.00,1735291693.25
Dec 08 2030,DOT,0,2731804272.77,2731804272.77,200000000.00,500000000.00,300000000.00,1731804272.77
Dec 03 2030,DOT,0,2728316852.29,2728316852.29,200000000.00,500000000.00,300000000.00,1728316852.29
Nov 29 2030,DOT,0,2725526915.91,2725526915.91,200000000.00,500000000.00,300000000.00,1725526915.91
Nov 24 2030,DOT,0,2722039495.43,2722039495.43,200000000.00,500000000.00,300000000.00,1722039495.43
Nov 20 2030,DOT,0,2719249559.05,2719249559.05,200000000.00,500000000.00,300000000.00,1719249559.05
Nov 15 2030,DOT,0,2715762138.57,2715762138.57,200000000.00,500000000.00,300000000.00,1715762138.57
Nov 10 2030,DOT,0,2712274718.09,2712274718.09,200000000.00,500000000.00,300000000.00,1712274718.09
Nov 06 2030,DOT,0,2709484781.71,2709484781.71,200000000.00,500000000.00,300000000.00,1709484781.71
Nov 01 2030,DOT,0,2705997361.23,2705997361.23,200000000.00,500000000.00,300000000.00,1705997361.23
Oct 28 2030,DOT,0,2703207424.85,2703207424.85,200000000.00,500000000.00,300000000.00,1703207424.85
Oct 23 2030,DOT,0,2699720004.37,2699720004.37,200000000.00,500000000.00,300000000.00,1699720004.37
Oct 19 2030,DOT,0,2696930067.98,2696930067.98,200000000.00,500000000.00,300000000.00,1696930067.98
Oct 14 2030,DOT,0,2693442647.51,2693442647.51,200000000.00,500000000.00,300000000.00,1693442647.51
Oct 09 2030,DOT,0,2689955227.03,2689955227.03,200000000.00,500000000.00,300000000.00,1689955227.03
Oct 05 2030,DOT,0,2687165290.64,2687165290.64,200000000.00,500000000.00,300000000.00,1687165290.64
Sep 30 2030,DOT,0,2683677870.16,2683677870.16,200000000.00,500000000.00,300000000.00,1683677870.16
Sep 26 2030,DOT,0,2680887933.78,2680887933.78,200000000.00,500000000.00,300000000.00,1680887933.78
Sep 21 2030,DOT,0,2677400513.30,2677400513.30,200000000.00,500000000.00,300000000.00,1677400513.30
Sep 16 2030,DOT,0,2673913092.82,2673913092.82,200000000.00,500000000.00,300000000.00,1673913092.82
Sep 12 2030,DOT,0,2671123156.44,2671123156.44,200000000.00,500000000.00,300000000.00,1671123156.44
Sep 07 2030,DOT,0,2667635735.96,2667635735.96,200000000.00,500000000.00,300000000.00,1667635735.96
Sep 03 2030,DOT,0,2664845799.58,2664845799.58,200000000.00,500000000.00,300000000.00,1664845799.58
Aug 29 2030,DOT,0,2661358379.10,2661358379.10,200000000.00,500000000.00,300000000.00,1661358379.10
Aug 24 2030,DOT,0,2657870958.62,2657870958.62,200000000.00,500000000.00,300000000.00,1657870958.62
Aug 20 2030,DOT,0,2655081022.24,2655081022.24,200000000.00,500000000.00,300000000.00,1655081022.24
Aug 15 2030,DOT,0,2651593601.76,2651593601.76,200000000.00,500000000.00,300000000.00,1651593601.76
Aug 11 2030,DOT,0,2648803665.38,2648803665.38,200000000.00,500000000.00,300000000.00,1648803665.38
Aug 06 2030,DOT,0,2645316244.90,2645316244.90,200000000.00,500000000.00,300000000.00,1645316244.90
Aug 01 2030,DOT,0,2641828824.42,2641828824.42,200000000.00,500000000.00,300000000.00,1641828824.42
Jul 28 2030,DOT,0,2639038888.03,2639038888.03,200000000.00,500000000.00,300000000.00,1639038888.03
Jul 23 2030,DOT,0,2635551467.56,2635551467.56,200000000.00,500000000.00,300000000.00,1635551467.56
Jul 19 2030,DOT,0,2632761531.17,2632761531.17,200000000.00,500000000.00,300000000.00,1632761531.17
Jul 14 2030,DOT,0,2629274110.69,2629274110.69,200000000.00,500000000.00,300000000.00,1629274110.69
Jul 10 2030,DOT,0,2626484174.31,2626484174.31,200000000.00,500000000.00,300000000.00,1626484174.31
Jul 05 2030,DOT,0,2622996753.83,2622996753.83,200000000.00,500000000.00,300000000.00,1622996753.83
Jun 30 2030,DOT,0,2619509333.35,2619509333.35,200000000.00,500000000.00,300000000.00,1619509333.35
Jun 26 2030,DOT,0,2616719396.97,2616719396.97,200000000.00,500000000.00,300000000.00,1616719396.97
Jun 21 2030,DOT,0,2613231976.49,2613231976.49,200000000.00,500000000.00,300000000.00,1613231976.49
Jun 17 2030,DOT,0,2610442040.11,2610442040.11,200000000.00,500000000.00,300000000.00,1610442040.11
Jun 12 2030,DOT,0,2606954619.63,2606954619.63,200000000.00,500000000.00,300000000.00,1606954619.63
Jun 07 2030,DOT,0,2603467199.15,2603467199.15,200000000.00,500000000.00,300000000.00,1603467199.15
Jun 03 2030,DOT,0,2600677262.77,2600677262.77,200000000.00,500000000.00,300000000.00,1600677262.77
May 29 2030,DOT,0,2597189842.29,2597189842.29,200000000.00,500000000.00,300000000.00,1597189842.29
May 25 2030,DOT,0,2594451039.47,2594451039.47,200000000.00,500000000.00,300000000.00,1594451039.47
May 20 2030,DOT,0,2591219286.79,2591219286.79,200000000.00,500000000.00,300000000.00,1591219286.79
May 15 2030,DOT,0,2587987534.12,2587987534.12,200000000.00,500000000.00,300000000.00,1587987534.12
May 11 2030,DOT,0,2585402131.99,2585402131.99,200000000.00,500000000.00,300000000.00,1585402131.99
May 06 2030,DOT,0,2582170379.32,2582170379.32,200000000.00,500000000.00,300000000.00,1582170379.32
May 02 2030,DOT,0,2579584977.18,2579584977.18,200000000.00,500000000.00,300000000.00,1579584977.18
Apr 27 2030,DOT,0,2576353224.51,2576353224.51,200000000.00,500000000.00,300000000.00,1576353224.51
Apr 22 2030,DOT,0,2573121471.84,2573121471.84,200000000.00,500000000.00,300000000.00,1573121471.84
Apr 18 2030,DOT,0,2570536069.70,2570536069.70,200000000.00,500000000.00,300000000.00,1570536069.70
Apr 13 2030,DOT,0,2567304317.03,2567304317.03,200000000.00,500000000.00,300000000.00,1567304317.03
Apr 09 2030,DOT,0,2564718914.89,2564718914.89,200000000.00,500000000.00,300000000.00,1564718914.89
Apr 04 2030,DOT,0,2561487162.22,2561487162.22,200000000.00,500000000.00,300000000.00,1561487162.22
Mar 30 2030,DOT,0,2558255409.55,2558255409.55,200000000.00,500000000.00,300000000.00,1558255409.55
Mar 26 2030,DOT,0,2555670007.41,2555670007.41,200000000.00,500000000.00,300000000.00,1555670007.41
Mar 21 2030,DOT,0,2552438254.74,2552438254.74,200000000.00,500000000.00,300000000.00,1552438254.74
Mar 17 2030,DOT,0,2549852852.60,2549852852.60,200000000.00,500000000.00,300000000.00,1549852852.60
Mar 12 2030,DOT,0,2546621099.93,2546621099.93,200000000.00,500000000.00,300000000.00,1546621099.93
Mar 08 2030,DOT,0,2544035697.79,2544035697.79,200000000.00,500000000.00,300000000.00,1544035697.79
Mar 03 2030,DOT,0,2540803945.12,2540803945.12,200000000.00,500000000.00,300000000.00,1540803945.12
Feb 26 2030,DOT,0,2537572192.45,2537572192.45,200000000.00,500000000.00,300000000.00,1537572192.45
Feb 22 2030,DOT,0,2534986790.32,2534986790.32,200000000.00,500000000.00,300000000.00,1534986790.32
Feb 17 2030,DOT,0,2531755037.64,2531755037.64,200000000.00,500000000.00,300000000.00,1531755037.64
Feb 13 2030,DOT,0,2529169635.51,2529169635.51,200000000.00,500000000.00,300000000.00,1529169635.51
Feb 08 2030,DOT,0,2525937882.84,2525937882.84,200000000.00,500000000.00,300000000.00,1525937882.84
Feb 03 2030,DOT,0,2522706130.16,2522706130.16,200000000.00,500000000.00,300000000.00,1522706130.16
Jan 30 2030,DOT,0,2520120728.03,2520120728.03,200000000.00,500000000.00,300000000.00,1520120728.03
Jan 25 2030,DOT,0,2516888975.36,2516888975.36,200000000.00,500000000.00,300000000.00,1516888975.36
Jan 21 2030,DOT,0,2514303573.22,2514303573.22,200000000.00,500000000.00,300000000.00,1514303573.22
Jan 16 2030,DOT,0,2511071820.55,2511071820.55,200000000.00,500000000.00,300000000.00,1511071820.55
Jan 11 2030,DOT,0,2507840067.88,2507840067.88,200000000.00,500000000.00,300000000.00,1507840067.88
Jan 07 2030,DOT,0,2505254665.74,2505254665.74,200000000.00,500000000.00,300000000.00,1505254665.74
Jan 02 2030,DOT,0,2502022913.07,2502022913.07,200000000.00,500000000.00,300000000.00,1502022913.07
Dec 29 2029,DOT,0,2499437510.93,2499437510.93,200000000.00,500000000.00,300000000.00,1499437510.93
Dec 24 2029,DOT,0,2496205758.26,2496205758.26,200000000.00,500000000.00,300000000.00,1496205758.26
Dec 19 2029,DOT,0,2492974005.59,2492974005.59,200000000.00,500000000.00,300000000.00,1492974005.59
Dec 15 2029,DOT,0,2490388603.45,2490388603.45,200000000.00,500000000.00,300000000.00,1490388603.45
Dec 10 2029,DOT,0,2487156850.78,2487156850.78,200000000.00,500000000.00,300000000.00,1487156850.78
Dec 06 2029,DOT,0,2484571448.64,2484571448.64,200000000.00,500000000.00,300000000.00,1484571448.64
Dec 01 2029,DOT,0,2481339695.97,2481339695.97,200000000.00,500000000.00,300000000.00,1481339695.97
Nov 27 2029,DOT,0,2478754293.84,2478754293.84,200000000.00,500000000.00,300000000.00,1478754293.84
Nov 22 2029,DOT,0,2475522541.16,2475522541.16,200000000.00,500000000.00,300000000.00,1475522541.16
Nov 17 2029,DOT,0,2472290788.49,2472290788.49,200000000.00,500000000.00,300000000.00,1472290788.49
Nov 13 2029,DOT,0,2469705386.36,2469705386.36,200000000.00,500000000.00,300000000.00,1469705386.36
Nov 08 2029,DOT,0,2466473633.68,2466473633.68,200000000.00,500000000.00,300000000.00,1466473633.68
Nov 04 2029,DOT,0,2463888231.55,2463888231.55,200000000.00,500000000.00,300000000.00,1463888231.55
Oct 30 2029,DOT,0,2460656478.88,2460656478.88,200000000.00,500000000.00,300000000.00,1460656478.88
Oct 25 2029,DOT,0,2457424726.21,2457424726.21,200000000.00,500000000.00,300000000.00,1457424726.21
Oct 21 2029,DOT,0,2454839324.07,2454839324.07,200000000.00,500000000.00,300000000.00,1454839324.07
Oct 16 2029,DOT,0,2451607571.40,2451607571.40,200000000.00,500000000.00,300000000.00,1451607571.40
Oct 12 2029,DOT,0,2449022169.26,2449022169.26,200000000.00,500000000.00,300000000.00,1449022169.26
Oct 07 2029,DOT,0,2445790416.59,2445790416.59,200000000.00,500000000.00,300000000.00,1445790416.59
Oct 02 2029,DOT,0,2442558663.92,2442558663.92,200000000.00,500000000.00,300000000.00,1442558663.92
Sep 28 2029,DOT,0,2439973261.78,2439973261.78,200000000.00,500000000.00,300000000.00,1439973261.78
Sep 23 2029,DOT,0,2436741509.11,2436741509.11,200000000.00,500000000.00,300000000.00,1436741509.11
Sep 19 2029,DOT,0,2434156106.97,2434156106.97,200000000.00,500000000.00,300000000.00,1434156106.97
Sep 14 2029,DOT,0,2430924354.30,2430924354.30,200000000.00,500000000.00,300000000.00,1430924354.30
Sep 09 2029,DOT,0,2427692601.63,2427692601.63,200000000.00,500000000.00,300000000.00,1427692601.63
Sep 05 2029,DOT,0,2425107199.49,2425107199.49,200000000.00,500000000.00,300000000.00,1425107199.49
Aug 31 2029,DOT,0,2421875446.82,2421875446.82,200000000.00,500000000.00,300000000.00,1421875446.82
Aug 27 2029,DOT,0,2419290044.68,2419290044.68,200000000.00,500000000.00,300000000.00,1419290044.68
Aug 22 2029,DOT,0,2416058292.01,2416058292.01,200000000.00,500000000.00,300000000.00,1416058292.01
Aug 17 2029,DOT,0,2412826539.34,2412826539.34,200000000.00,500000000.00,300000000.00,1412826539.34
Aug 13 2029,DOT,0,2410241137.21,2410241137.21,200000000.00,500000000.00,300000000.00,1410241137.21
Aug 08 2029,DOT,0,2407009384.53,2407009384.53,200000000.00,500000000.00,300000000.00,1407009384.53
Aug 04 2029,DOT,0,2404423982.40,2404423982.40,200000000.00,500000000.00,300000000.00,1404423982.40
Jul 30 2029,DOT,0,2401192229.73,2401192229.73,200000000.00,500000000.00,300000000.00,1401192229.73
Jul 26 2029,DOT,0,2398606827.59,2398606827.59,200000000.00,500000000.00,300000000.00,1398606827.59
Jul 21 2029,DOT,0,2395375074.92,2395375074.92,200000000.00,500000000.00,300000000.00,1395375074.92
Jul 16 2029,DOT,0,2392143322.25,2392143322.25,200000000.00,500000000.00,300000000.00,1392143322.25
Jul 12 2029,DOT,0,2389557920.11,2389557920.11,200000000.00,500000000.00,300000000.00,1389557920.11
Jul 07 2029,DOT,0,2386326167.44,2386326167.44,200000000.00,500000000.00,300000000.00,1386326167.44
Jul 03 2029,DOT,0,2383740765.30,2383740765.30,200000000.00,500000000.00,300000000.00,1383740765.30
Jun 28 2029,DOT,0,2380509012.63,2380509012.63,200000000.00,500000000.00,300000000.00,1380509012.63
Jun 23 2029,DOT,0,2377277259.96,2377277259.96,200000000.00,500000000.00,300000000.00,1377277259.96
Jun 19 2029,DOT,0,2374691857.82,2374691857.82,200000000.00,500000000.00,300000000.00,1374691857.82
Jun 14 2029,DOT,0,2371460105.15,2371460105.15,200000000.00,500000000.00,300000000.00,1371460105.15
Jun 10 2029,DOT,0,2368874703.01,2368874703.01,200000000.00,500000000.00,300000000.00,1368874703.01
Jun 05 2029,DOT,0,2365642950.34,2365642950.34,200000000.00,500000000.00,300000000.00,1365642950.34
May 31 2029,DOT,0,2362411197.67,2362411197.67,200000000.00,500000000.00,300000000.00,1362411197.67
May 27 2029,DOT,0,2359825795.53,2359825795.53,200000000.00,500000000.00,300000000.00,1359825795.53
May 22 2029,DOT,0,2356829079.42,2356829079.42,200000000.00,500000000.00,300000000.00,1356829079.42
May 18 2029,DOT,0,2354478713.84,2354478713.84,200000000.00,500000000.00,300000000.00,1354478713.84
May 13 2029,DOT,0,2351540756.87,2351540756.87,200000000.00,500000000.00,300000000.00,1351540756.87
May 08 2029,DOT,0,2348602799.90,2348602799.90,200000000.00,500000000.00,300000000.00,1348602799.90
May 04 2029,DOT,0,2346252434.32,2346252434.32,200000000.00,500000000.00,300000000.00,1346252434.32
Apr 29 2029,DOT,0,2343314477.35,2343314477.35,200000000.00,500000000.00,300000000.00,1343314477.35
Apr 25 2029,DOT,0,2340964111.77,2340964111.77,200000000.00,500000000.00,300000000.00,1340964111.77
Apr 20 2029,DOT,0,2338026154.80,2338026154.80,200000000.00,500000000.00,300000000.00,1338026154.80
Apr 15 2029,DOT,0,2335088197.82,2335088197.82,200000000.00,500000000.00,300000000.00,1335088197.82
Apr 11 2029,DOT,0,2332737832.25,2332737832.25,200000000.00,500000000.00,300000000.00,1332737832.25
Apr 06 2029,DOT,0,2329799875.27,2329799875.27,200000000.00,500000000.00,300000000.00,1329799875.27
Apr 02 2029,DOT,0,2327449509.70,2327449509.70,200000000.00,500000000.00,300000000.00,1327449509.70
Mar 28 2029,DOT,0,2324511552.72,2324511552.72,200000000.00,500000000.00,300000000.00,1324511552.72
Mar 24 2029,DOT,0,2322161187.15,2322161187.15,200000000.00,500000000.00,300000000.00,1322161187.15
Mar 19 2029,DOT,0,2319223230.17,2319223230.17,200000000.00,500000000.00,300000000.00,1319223230.17
Mar 14 2029,DOT,0,2316285273.20,2316285273.20,200000000.00,500000000.00,300000000.00,1316285273.20
Mar 10 2029,DOT,0,2313934907.62,2313934907.62,200000000.00,500000000.00,300000000.00,1313934907.62
Mar 05 2029,DOT,0,2310996950.65,2310996950.65,200000000.00,500000000.00,300000000.00,1310996950.65
Mar 01 2029,DOT,0,2308646585.07,2308646585.07,200000000.00,500000000.00,300000000.00,1308646585.07
Feb 24 2029,DOT,0,2305708628.10,2305708628.10,200000000.00,500000000.00,300000000.00,1305708628.10
Feb 19 2029,DOT,0,2302770671.13,2302770671.13,200000000.00,500000000.00,300000000.00,1302770671.13
Feb 15 2029,DOT,0,2300420305.55,2300420305.55,200000000.00,500000000.00,300000000.00,1300420305.55
Feb 10 2029,DOT,0,2297482348.58,2297482348.58,200000000.00,500000000.00,300000000.00,1297482348.58
Feb 06 2029,DOT,0,2295131983.00,2295131983.00,200000000.00,500000000.00,300000000.00,1295131983.00
Feb 01 2029,DOT,0,2292194026.02,2292194026.02,200000000.00,500000000.00,300000000.00,1292194026.02
Jan 27 2029,DOT,0,2289256069.05,2289256069.05,200000000.00,500000000.00,300000000.00,1289256069.05
Jan 23 2029,DOT,0,2286905703.47,2286905703.47,200000000.00,500000000.00,300000000.00,1286905703.47
Jan 18 2029,DOT,0,2283967746.50,2283967746.50,200000000.00,500000000.00,300000000.00,1283967746.50
Jan 14 2029,DOT,0,2281617380.92,2281617380.92,200000000.00,500000000.00,300000000.00,1281617380.92
Jan 09 2029,DOT,0,2278679423.95,2278679423.95,200000000.00,500000000.00,300000000.00,1278679423.95
Jan 04 2029,DOT,0,2275741466.98,2275741466.98,200000000.00,500000000.00,300000000.00,1275741466.98
Dec 31 2028,DOT,0,2273391101.40,2273391101.40,200000000.00,500000000.00,300000000.00,1273391101.40
Dec 26 2028,DOT,0,2270453144.43,2270453144.43,200000000.00,500000000.00,300000000.00,1270453144.43
Dec 22 2028,DOT,0,2268102778.85,2268102778.85,200000000.00,500000000.00,300000000.00,1268102778.85
Dec 17 2028,DOT,0,2265164821.88,2265164821.88,200000000.00,500000000.00,300000000.00,1265164821.88
Dec 13 2028,DOT,0,2262814456.30,2262814456.30,200000000.00,500000000.00,300000000.00,1262814456.30
Dec 08 2028,DOT,0,2259876499.33,2259876499.33,200000000.00,500000000.00,300000000.00,1259876499.33
Dec 03 2028,DOT,0,2256938542.35,2256938542.35,200000000.00,500000000.00,300000000.00,1256938542.35
Nov 29 2028,DOT,0,2254588176.78,2254588176.78,200000000.00,500000000.00,300000000.00,1254588176.78
Nov 24 2028,DOT,0,2251650219.80,2251650219.80,200000000.00,500000000.00,300000000.00,1251650219.80
Nov 20 2028,DOT,0,2249299854.22,2249299854.22,200000000.00,500000000.00,300000000.00,1249299854.22
Nov 15 2028,DOT,0,2246361897.25,2246361897.25,200000000.00,500000000.00,300000000.00,1246361897.25
Nov 10 2028,DOT,0,2243423940.28,2243423940.28,200000000.00,500000000.00,300000000.00,1243423940.28
Nov 06 2028,DOT,0,2241073574.70,2241073574.70,200000000.00,500000000.00,300000000.00,1241073574.70
Nov 01 2028,DOT,0,2238135617.73,2238135617.73,200000000.00,500000000.00,300000000.00,1238135617.73
Oct 28 2028,DOT,0,2235785252.15,2235785252.15,200000000.00,500000000.00,300000000.00,1235785252.15
Oct 23 2028,DOT,0,2232847295.18,2232847295.18,200000000.00,500000000.00,300000000.00,1232847295.18
Oct 18 2028,DOT,0,2229909338.21,2229909338.21,200000000.00,500000000.00,300000000.00,1229909338.21
Oct 14 2028,DOT,0,2227558972.63,2227558972.63,200000000.00,500000000.00,300000000.00,1227558972.63
Oct 09 2028,DOT,0,2224621015.65,2224621015.65,200000000.00,500000000.00,300000000.00,1224621015.65
Oct 05 2028,DOT,0,2222270650.08,2222270650.08,200000000.00,500000000.00,300000000.00,1222270650.08
Sep 30 2028,DOT,0,2219332693.10,2219332693.10,200000000.00,500000000.00,300000000.00,1219332693.10
Sep 25 2028,DOT,0,2216394736.13,2216394736.13,200000000.00,500000000.00,300000000.00,1216394736.13
Sep 21 2028,DOT,0,2214044370.55,2214044370.55,200000000.00,500000000.00,300000000.00,1214044370.55
Sep 16 2028,DOT,0,2211106413.58,2211106413.58,200000000.00,500000000.00,300000000.00,1211106413.58
Sep 12 2028,DOT,0,2208756048.00,2208756048.00,200000000.00,500000000.00,300000000.00,1208756048.00
Sep 07 2028,DOT,0,2205818091.03,2205818091.03,200000000.00,500000000.00,300000000.00,1205818091.03
Sep 02 2028,DOT,0,2202880134.06,2202880134.06,200000000.00,500000000.00,300000000.00,1202880134.06
Aug 29 2028,DOT,0,2200529768.48,2200529768.48,200000000.00,500000000.00,300000000.00,1200529768.48
Aug 24 2028,DOT,0,2197591811.51,2197591811.51,200000000.00,500000000.00,300000000.00,1197591811.51
Aug 20 2028,DOT,0,2195241445.93,2195241445.93,200000000.00,500000000.00,300000000.00,1195241445.93
Aug 15 2028,DOT,0,2192303488.96,2192303488.96,200000000.00,500000000.00,300000000.00,1192303488.96
Aug 11 2028,DOT,0,2189953123.38,2189953123.38,200000000.00,500000000.00,300000000.00,1189953123.38
Aug 06 2028,DOT,0,2187015166.41,2187015166.41,200000000.00,500000000.00,300000000.00,1187015166.41
Aug 01 2028,DOT,0,2184077209.43,2184077209.43,200000000.00,500000000.00,300000000.00,1184077209.43
Jul 28 2028,DOT,0,2181726843.85,2181726843.85,200000000.00,500000000.00,300000000.00,1181726843.85
Jul 23 2028,DOT,0,2178788886.88,2178788886.88,200000000.00,500000000.00,300000000.00,1178788886.88
Jul 19 2028,DOT,0,2176438521.30,2176438521.30,200000000.00,500000000.00,300000000.00,1176438521.30
Jul 14 2028,DOT,0,2173500564.33,2173500564.33,200000000.00,500000000.00,300000000.00,1173500564.33
Jul 09 2028,DOT,0,2170562607.36,2170562607.36,200000000.00,500000000.00,300000000.00,1170562607.36
Jul 05 2028,DOT,0,2168212241.78,2168212241.78,200000000.00,500000000.00,300000000.00,1168212241.78
Jun 30 2028,DOT,0,2165274284.81,2165274284.81,200000000.00,500000000.00,300000000.00,1165274284.81
Jun 26 2028,DOT,0,2162923919.23,2162923919.23,200000000.00,500000000.00,300000000.00,1162923919.23
Jun 21 2028,DOT,0,2159985962.26,2159985962.26,200000000.00,500000000.00,300000000.00,1159985962.26
Jun 16 2028,DOT,0,2157048005.28,2157048005.28,200000000.00,500000000.00,300000000.00,1157048005.28
Jun 12 2028,DOT,0,2154697639.71,2154697639.71,200000000.00,500000000.00,300000000.00,1154697639.71
Jun 07 2028,DOT,0,2151759682.73,2151759682.73,200000000.00,500000000.00,300000000.00,1151759682.73
Jun 03 2028,DOT,0,2149409317.16,2149409317.16,200000000.00,500000000.00,300000000.00,1149409317.16
May 29 2028,DOT,0,2146471360.18,2146471360.18,200000000.00,500000000.00,300000000.00,1146471360.18
May 24 2028,DOT,0,2143640375.27,2143640375.27,200000000.00,500000000.00,300000000.00,1143640375.27
May 20 2028,DOT,0,2141503953.82,2141503953.82,200000000.00,500000000.00,300000000.00,1141503953.82
May 15 2028,DOT,0,2138833427.00,2138833427.00,200000000.00,500000000.00,300000000.00,1138833427.00
May 11 2028,DOT,0,2136697005.54,2136697005.54,200000000.00,500000000.00,300000000.00,1136697005.54
May 06 2028,DOT,0,2134026478.72,2134026478.72,200000000.00,500000000.00,300000000.00,1134026478.72
May 02 2028,DOT,0,2131890057.27,2131890057.27,200000000.00,500000000.00,300000000.00,1131890057.27
Apr 27 2028,DOT,0,2129219530.45,2129219530.45,200000000.00,500000000.00,300000000.00,1129219530.45
Apr 22 2028,DOT,0,2126549003.63,2126549003.63,200000000.00,500000000.00,300000000.00,1126549003.63
Apr 18 2028,DOT,0,2124412582.17,2124412582.17,200000000.00,500000000.00,300000000.00,1124412582.17
Apr 13 2028,DOT,0,2121742055.35,2121742055.35,200000000.00,500000000.00,300000000.00,1121742055.35
Apr 09 2028,DOT,0,2119605633.90,2119605633.90,200000000.00,500000000.00,300000000.00,1119605633.90
Apr 04 2028,DOT,0,2116935107.08,2116935107.08,200000000.00,500000000.00,300000000.00,1116935107.08
Mar 30 2028,DOT,0,2114264580.26,2114264580.26,200000000.00,500000000.00,300000000.00,1114264580.26
Mar 26 2028,DOT,0,2112128158.80,2112128158.80,200000000.00,500000000.00,300000000.00,1112128158.80
Mar 21 2028,DOT,0,2109457631.98,2109457631.98,200000000.00,500000000.00,300000000.00,1109457631.98
Mar 17 2028,DOT,0,2107321210.52,2107321210.52,200000000.00,500000000.00,300000000.00,1107321210.52
Mar 12 2028,DOT,0,2104650683.70,2104650683.70,200000000.00,500000000.00,300000000.00,1104650683.70
Mar 07 2028,DOT,0,2101980156.89,2101980156.89,200000000.00,500000000.00,300000000.00,1101980156.89
Mar 03 2028,DOT,0,2099843735.43,2099843735.43,200000000.00,500000000.00,300000000.00,1099843735.43
Feb 27 2028,DOT,0,2097173208.61,2097173208.61,200000000.00,500000000.00,300000000.00,1097173208.61
Feb 23 2028,DOT,0,2095036787.15,2095036787.15,200000000.00,500000000.00,300000000.00,1095036787.15
Feb 18 2028,DOT,0,2092366260.33,2092366260.33,200000000.00,500000000.00,300000000.00,1092366260.33
Feb 13 2028,DOT,0,2089695733.51,2089695733.51,200000000.00,500000000.00,300000000.00,1089695733.51
Feb 09 2028,DOT,0,2087559312.06,2087559312.06,200000000.00,500000000.00,300000000.00,1087559312.06
Feb 04 2028,DOT,0,2084888785.24,2084888785.24,200000000.00,500000000.00,300000000.00,1084888785.24
Jan 31 2028,DOT,0,2082752363.78,2082752363.78,200000000.00,500000000.00,300000000.00,1082752363.78
Jan 26 2028,DOT,0,2080081836.96,2080081836.96,200000000.00,500000000.00,300000000.00,1080081836.96
Jan 21 2028,DOT,0,2077411310.14,2077411310.14,200000000.00,500000000.00,300000000.00,1077411310.14
Jan 17 2028,DOT,0,2075274888.69,2075274888.69,200000000.00,500000000.00,300000000.00,1075274888.69
Jan 12 2028,DOT,0,2072604361.87,2072604361.87,200000000.00,500000000.00,300000000.00,1072604361.87
Jan 08 2028,DOT,0,2070467940.41,2070467940.41,200000000.00,500000000.00,300000000.00,1070467940.41
Jan 03 2028,DOT,0,2067797413.59,2067797413.59,200000000.00,500000000.00,300000000.00,1067797413.59
Dec 30 2027,DOT,0,2065660992.14,2065660992.14,200000000.00,500000000.00,300000000.00,1065660992.14
Dec 25 2027,DOT,0,2062990465.32,2062990465.32,200000000.00,500000000.00,300000000.00,1062990465.32
Dec 20 2027,DOT,0,2060319938.50,2060319938.50,200000000.00,500000000.00,300000000.00,1060319938.50
Dec 16 2027,DOT,0,2058183517.04,2058183517.04,200000000.00,500000000.00,300000000.00,1058183517.04
Dec 11 2027,DOT,0,2055512990.22,2055512990.22,200000000.00,500000000.00,300000000.00,1055512990.22
Dec 07 2027,DOT,0,2053376568.77,2053376568.77,200000000.00,500000000.00,300000000.00,1053376568.77
Dec 02 2027,DOT,0,2050706041.95,2050706041.95,200000000.00,500000000.00,300000000.00,1050706041.95
Nov 27 2027,DOT,0,2048035515.13,2048035515.13,200000000.00,500000000.00,300000000.00,1048035515.13
Nov 23 2027,DOT,0,2045899093.67,2045899093.67,200000000.00,500000000.00,300000000.00,1045899093.67
Nov 18 2027,DOT,0,2043228566.85,2043228566.85,200000000.00,500000000.00,300000000.00,1043228566.85
Nov 14 2027,DOT,0,2041092145.40,2041092145.40,200000000.00,500000000.00,300000000.00,1041092145.40
Nov 09 2027,DOT,0,2038421618.58,2038421618.58,200000000.00,500000000.00,300000000.00,1038421618.58
Nov 04 2027,DOT,0,2035751091.76,2035751091.76,200000000.00,500000000.00,300000000.00,1035751091.76
Oct 31 2027,DOT,0,2033614670.30,2033614670.30,200000000.00,500000000.00,300000000.00,1033614670.30
Oct 26 2027,DOT,0,2030944143.48,2030944143.48,200000000.00,500000000.00,300000000.00,1030944143.48
Oct 22 2027,DOT,0,2028807722.03,2028807722.03,200000000.00,500000000.00,300000000.00,1028807722.03
Oct 17 2027,DOT,0,2026137195.21,2026137195.21,200000000.00,500000000.00,300000000.00,1026137195.21
Oct 12 2027,DOT,0,2023466668.39,2023466668.39,200000000.00,500000000.00,300000000.00,1023466668.39
Oct 08 2027,DOT,0,2021330246.93,2021330246.93,200000000.00,500000000.00,300000000.00,1021330246.93
Oct 03 2027,DOT,0,2018659720.11,2018659720.11,200000000.00,500000000.00,300000000.00,1018659720.11
Sep 29 2027,DOT,0,2016523298.66,2016523298.66,200000000.00,500000000.00,300000000.00,1016523298.66
Sep 24 2027,DOT,0,2013852771.84,2013852771.84,200000000.00,500000000.00,300000000.00,1013852771.84
Sep 20 2027,DOT,0,2011716350.38,2011716350.38,200000000.00,500000000.00,300000000.00,1011716350.38
Sep 15 2027,DOT,0,2009045823.56,2009045823.56,200000000.00,500000000.00,300000000.00,1009045823.56
Sep 10 2027,DOT,0,2006375296.74,2006375296.74,200000000.00,500000000.00,300000000.00,1006375296.74
Sep 06 2027,DOT,0,2004238875.29,2004238875.29,200000000.00,500000000.00,300000000.00,1004238875.29
Sep 01 2027,DOT,0,2001568348.47,2001568348.47,200000000.00,500000000.00,300000000.00,1001568348.47
Aug 28 2027,DOT,0,1999431927.01,1999431927.01,200000000.00,500000000.00,300000000.00,999431927.01
Aug 23 2027,DOT,0,1996761400.19,1996761400.19,200000000.00,500000000.00,300000000.00,996761400.19
Aug 18 2027,DOT,0,1994090873.37,1994090873.37,200000000.00,500000000.00,300000000.00,994090873.37
Aug 14 2027,DOT,0,1991954451.91,1991954451.91,200000000.00,500000000.00,300000000.00,991954451.91
Aug 09 2027,DOT,0,1989283925.10,1989283925.10,200000000.00,500000000.00,300000000.00,989283925.10
Aug 05 2027,DOT,0,1987147503.64,1987147503.64,200000000.00,500000000.00,300000000.00,987147503.64
Jul 31 2027,DOT,0,1984476976.82,1984476976.82,200000000.00,500000000.00,300000000.00,984476976.82
Jul 26 2027,DOT,0,1981806450.00,1981806450.00,200000000.00,500000000.00,300000000.00,981806450.00
Jul 22 2027,DOT,0,1979670028.54,1979670028.54,200000000.00,500000000.00,300000000.00,979670028.54
Jul 17 2027,DOT,0,1976999501.72,1976999501.72,200000000.00,500000000.00,300000000.00,976999501.72
Jul 13 2027,DOT,0,1974863080.27,1974863080.27,200000000.00,500000000.00,300000000.00,974863080.27
Jul 08 2027,DOT,0,1972192553.45,1972192553.45,200000000.00,500000000.00,300000000.00,972192553.45
Jul 03 2027,DOT,0,1969522026.63,1969522026.63,200000000.00,500000000.00,300000000.00,969522026.63
Jun 29 2027,DOT,0,1967385605.17,1967385605.17,200000000.00,500000000.00,300000000.00,967385605.17
Jun 24 2027,DOT,0,1964715078.35,1964715078.35,200000000.00,500000000.00,300000000.00,964715078.35
Jun 20 2027,DOT,0,1962578656.90,1962578656.90,200000000.00,500000000.00,300000000.00,962578656.90
Jun 15 2027,DOT,0,1959908130.08,1959908130.08,200000000.00,500000000.00,300000000.00,959908130.08
Jun 10 2027,DOT,0,1957237603.26,1957237603.26,200000000.00,500000000.00,300000000.00,957237603.26
Jun 06 2027,DOT,0,1955101181.80,1955101181.80,200000000.00,500000000.00,300000000.00,955101181.80
Jun 01 2027,DOT,0,1952430654.98,1952430654.98,200000000.00,500000000.00,300000000.00,952430654.98
May 28 2027,DOT,0,1950294233.53,1950294233.53,200000000.00,500000000.00,300000000.00,950294233.53
May 23 2027,DOT,0,1947769565.00,1947769565.00,200000000.00,500000000.00,300000000.00,947769565.00
May 19 2027,DOT,0,1945827621.27,1945827621.27,200000000.00,500000000.00,300000000.00,945827621.27
May 14 2027,DOT,0,1943400191.60,1943400191.60,200000000.00,500000000.00,300000000.00,943400191.60
May 09 2027,DOT,0,1940972761.93,1940972761.93,200000000.00,500000000.00,300000000.00,940972761.93
May 05 2027,DOT,0,1939030818.20,1939030818.20,200000000.00,500000000.00,300000000.00,939030818.20
Apr 30 2027,DOT,0,1936603388.53,1936603388.53,200000000.00,500000000.00,300000000.00,936603388.53
Apr 26 2027,DOT,0,1934661444.80,1934661444.80,200000000.00,500000000.00,300000000.00,934661444.80
Apr 21 2027,DOT,0,1932234015.13,1932234015.13,200000000.00,500000000.00,300000000.00,932234015.13
Apr 16 2027,DOT,0,1929806585.46,1929806585.46,200000000.00,500000000.00,300000000.00,929806585.46
Apr 12 2027,DOT,0,1927864641.73,1927864641.73,200000000.00,500000000.00,300000000.00,927864641.73
Apr 07 2027,DOT,0,1925437212.06,1925437212.06,200000000.00,500000000.00,300000000.00,925437212.06
Apr 03 2027,DOT,0,1923495268.33,1923495268.33,200000000.00,500000000.00,300000000.00,923495268.33
Mar 29 2027,DOT,0,1921067838.66,1921067838.66,200000000.00,500000000.00,300000000.00,921067838.66
Mar 24 2027,DOT,0,1918640408.99,1918640408.99,200000000.00,500000000.00,300000000.00,918640408.99
Mar 20 2027,DOT,0,1916698465.26,1916698465.26,200000000.00,500000000.00,300000000.00,916698465.26
Mar 15 2027,DOT,0,1914271035.59,1914271035.59,200000000.00,500000000.00,300000000.00,914271035.59
Mar 11 2027,DOT,0,1912329091.86,1912329091.86,200000000.00,500000000.00,300000000.00,912329091.86
Mar 06 2027,DOT,0,1909901662.19,1909901662.19,200000000.00,500000000.00,300000000.00,909901662.19
Mar 01 2027,DOT,0,1907474232.53,1907474232.53,200000000.00,500000000.00,300000000.00,907474232.53
Feb 25 2027,DOT,0,1905532288.79,1905532288.79,200000000.00,500000000.00,300000000.00,905532288.79
Feb 20 2027,DOT,0,1903104859.12,1903104859.12,200000000.00,500000000.00,300000000.00,903104859.12
Feb 16 2027,DOT,0,1901162915.39,1901162915.39,200000000.00,500000000.00,300000000.00,901162915.39
Feb 11 2027,DOT,0,1898735485.72,1898735485.72,200000000.00,500000000.00,300000000.00,898735485.72
Feb 07 2027,DOT,0,1896793541.99,1896793541.99,200000000.00,500000000.00,300000000.00,896793541.99
Feb 02 2027,DOT,0,1894366112.32,1894366112.32,200000000.00,500000000.00,300000000.00,894366112.32
Jan 28 2027,DOT,0,1891938682.66,1891938682.66,200000000.00,500000000.00,300000000.00,891938682.66
Jan 24 2027,DOT,0,1889996738.92,1889996738.92,200000000.00,500000000.00,300000000.00,889996738.92
Jan 19 2027,DOT,0,1887569309.26,1887569309.26,200000000.00,500000000.00,300000000.00,887569309.26
Jan 15 2027,DOT,0,1885627365.52,1885627365.52,200000000.00,500000000.00,300000000.00,885627365.52
Jan 10 2027,DOT,0,1883199935.85,1883199935.85,200000000.00,500000000.00,300000000.00,883199935.85
Jan 05 2027,DOT,0,1880772506.19,1880772506.19,200000000.00,500000000.00,300000000.00,880772506.19
Jan 01 2027,DOT,0,1878830562.45,1878830562.45,200000000.00,500000000.00,300000000.00,878830562.45
Dec 27 2026,DOT,0,1876403132.79,1876403132.79,200000000.00,500000000.00,300000000.00,876403132.79
Dec 23 2026,DOT,0,1874461189.05,1874461189.05,200000000.00,500000000.00,300000000.00,874461189.05
Dec 18 2026,DOT,0,1872033759.39,1872033759.39,200000000.00,500000000.00,300000000.00,872033759.39
Dec 13 2026,DOT,0,1869606329.72,1869606329.72,200000000.00,500000000.00,300000000.00,869606329.72
Dec 09 2026,DOT,0,1867664385.98,1867664385.98,200000000.00,500000000.00,300000000.00,867664385.98
Dec 04 2026,DOT,0,1865236956.32,1865236956.32,200000000.00,500000000.00,300000000.00,865236956.32
Nov 30 2026,DOT,0,1863295012.58,1863295012.58,200000000.00,500000000.00,300000000.00,863295012.58
Nov 25 2026,DOT,0,1860867582.92,1860867582.92,200000000.00,500000000.00,300000000.00,860867582.92
Nov 20 2026,DOT,0,1858440153.25,1858440153.25,200000000.00,500000000.00,300000000.00,858440153.25
Nov 16 2026,DOT,0,1856498209.52,1856498209.52,200000000.00,500000000.00,300000000.00,856498209.52
Nov 11 2026,DOT,0,1854070779.85,1854070779.85,200000000.00,500000000.00,300000000.00,854070779.85
Nov 07 2026,DOT,0,1852128836.12,1852128836.12,200000000.00,500000000.00,300000000.00,852128836.12
Nov 02 2026,DOT,0,1849701406.45,1849701406.45,200000000.00,500000000.00,300000000.00,849701406.45
Oct 28 2026,DOT,0,1847273976.78,1847273976.78,200000000.00,500000000.00,300000000.00,847273976.78
Oct 24 2026,DOT,0,1845332033.05,1845332033.05,200000000.00,500000000.00,300000000.00,845332033.05
Oct 19 2026,DOT,0,1842904603.38,1842904603.38,200000000.00,500000000.00,300000000.00,842904603.38
Oct 15 2026,DOT,0,1840962659.65,1840962659.65,200000000.00,500000000.00,300000000.00,840962659.65
Oct 10 2026,DOT,0,1838535229.98,1838535229.98,200000000.00,500000000.00,300000000.00,838535229.98
Oct 06 2026,DOT,0,1836593286.25,1836593286.25,200000000.00,500000000.00,300000000.00,836593286.25
Oct 01 2026,DOT,0,1834165856.58,1834165856.58,200000000.00,500000000.00,300000000.00,834165856.58
Sep 26 2026,DOT,0,1831738426.91,1831738426.91,200000000.00,500000000.00,300000000.00,831738426.91
Sep 22 2026,DOT,0,1829796483.18,1829796483.18,200000000.00,500000000.00,300000000.00,829796483.18
Sep 17 2026,DOT,0,1827369053.51,1827369053.51,200000000.00,500000000.00,300000000.00,827369053.51
Sep 13 2026,DOT,0,1825427109.78,1825427109.78,200000000.00,500000000.00,300000000.00,825427109.78
Sep 08 2026,DOT,0,1822999680.11,1822999680.11,200000000.00,500000000.00,300000000.00,822999680.11
Sep 03 2026,DOT,0,1820572250.44,1820572250.44,200000000.00,500000000.00,300000000.00,820572250.44
Aug 30 2026,DOT,0,1818630306.71,1818630306.71,200000000.00,500000000.00,300000000.00,818630306.71
Aug 25 2026,DOT,0,1816202877.04,1816202877.04,200000000.00,500000000.00,300000000.00,816202877.04
Aug 21 2026,DOT,0,1814260933.31,1814260933.31,200000000.00,500000000.00,300000000.00,814260933.31
Aug 16 2026,DOT,0,1811833503.64,1811833503.64,200000000.00,500000000.00,300000000.00,811833503.64
Aug 11 2026,DOT,0,1809406073.97,1809406073.97,200000000.00,500000000.00,300000000.00,809406073.97
Aug 07 2026,DOT,0,1807464130.24,1807464130.24,200000000.00,500000000.00,300000000.00,807464130.24
Aug 02 2026,DOT,0,1805036700.57,1805036700.57,200000000.00,500000000.00,300000000.00,805036700.57
Jul 29 2026,DOT,0,1803094756.84,1803094756.84,200000000.00,500000000.00,300000000.00,803094756.84
Jul 24 2026,DOT,0,1800667327.17,1800667327.17,200000000.00,500000000.00,300000000.00,800667327.17
Jul 19 2026,DOT,0,1798239897.50,1798239897.50,200000000.00,500000000.00,300000000.00,798239897.50
Jul 15 2026,DOT,0,1796297953.77,1796297953.77,200000000.00,500000000.00,300000000.00,796297953.77
Jul 10 2026,DOT,0,1793870524.10,1793870524.10,200000000.00,500000000.00,300000000.00,793870524.10
Jul 06 2026,DOT,0,1791928580.37,1791928580.37,200000000.00,500000000.00,300000000.00,791928580.37
Jul 01 2026,DOT,0,1789501150.70,1789501150.70,200000000.00,500000000.00,300000000.00,789501150.70
Jun 26 2026,DOT,0,1787073721.04,1787073721.04,200000000.00,500000000.00,300000000.00,787073721.04
Jun 22 2026,DOT,0,1785131777.30,1785131777.30,200000000.00,500000000.00,300000000.00,785131777.30
Jun 17 2026,DOT,0,1782704347.64,1782704347.64,200000000.00,500000000.00,300000000.00,782704347.64
Jun 13 2026,DOT,0,1780762403.90,1780762403.90,200000000.00,500000000.00,300000000.00,780762403.90
Jun 08 2026,DOT,0,1778334974.23,1778334974.23,200000000.00,500000000.00,300000000.00,778334974.23
Jun 04 2026,DOT,0,1776393030.50,1776393030.50,200000000.00,500000000.00,300000000.00,776393030.50
May 30 2026,DOT,0,1773965600.83,1773965600.83,200000000.00,500000000.00,300000000.00,773965600.83
May 25 2026,DOT,0,1771582306.25,1771582306.25,200000000.00,500000000.00,300000000.00,771582306.25
May 21 2026,DOT,0,1769816902.86,1769816902.86,200000000.00,500000000.00,300000000.00,769816902.86
May 16 2026,DOT,0,1767610148.62,1767610148.62,200000000.00,500000000.00,300000000.00,767610148.62
May 12 2026,DOT,0,1765844745.22,1765844745.22,200000000.00,500000000.00,300000000.00,765844745.22
May 07 2026,DOT,0,1763637990.98,1763637990.98,200000000.00,500000000.00,300000000.00,763637990.98
May 02 2026,DOT,0,1761431236.74,1761431236.74,200000000.00,500000000.00,300000000.00,761431236.74
Apr 28 2026,DOT,0,1759665833.34,1759665833.34,200000000.00,500000000.00,300000000.00,759665833.34
Apr 23 2026,DOT,0,1757459079.10,1757459079.10,200000000.00,500000000.00,300000000.00,757459079.10
Apr 19 2026,DOT,0,1755693675.71,1755693675.71,200000000.00,500000000.00,300000000.00,755693675.71
Apr 14 2026,DOT,0,1753486921.46,1753486921.46,200000000.00,500000000.00,300000000.00,753486921.46
Apr 09 2026,DOT,0,1751280167.22,1751280167.22,200000000.00,500000000.00,300000000.00,751280167.22
Apr 05 2026,DOT,0,1749514763.83,1749514763.83,200000000.00,500000000.00,300000000.00,749514763.83
Mar 31 2026,DOT,0,1747308009.58,1747308009.58,200000000.00,500000000.00,300000000.00,747308009.58
Mar 27 2026,DOT,0,1745542606.19,1745542606.19,200000000.00,500000000.00,300000000.00,745542606.19
Mar 22 2026,DOT,0,1743335851.95,1743335851.95,200000000.00,500000000.00,300000000.00,743335851.95
Mar 17 2026,DOT,0,1741129097.71,1741129097.71,200000000.00,500000000.00,300000000.00,741129097.71
Mar 13 2026,DOT,0,1739363694.31,1739363694.31,200000000.00,500000000.00,300000000.00,739363694.31
Mar 08 2026,DOT,0,1737156940.07,1737156940.07,200000000.00,500000000.00,300000000.00,737156940.07
Mar 04 2026,DOT,0,1735391536.68,1735391536.68,200000000.00,500000000.00,300000000.00,735391536.68
Feb 27 2026,DOT,0,1733184782.43,1733184782.43,200000000.00,500000000.00,300000000.00,733184782.43
Feb 23 2026,DOT,0,1731419379.04,1731419379.04,200000000.00,500000000.00,300000000.00,731419379.04
Feb 18 2026,DOT,0,1729212624.80,1729212624.80,200000000.00,500000000.00,300000000.00,729212624.80
Feb 13 2026,DOT,0,1727005870.55,1727005870.55,200000000.00,500000000.00,300000000.00,727005870.55
Feb 09 2026,DOT,0,1725240467.16,1725240467.16,200000000.00,500000000.00,300000000.00,725240467.16
Feb 04 2026,DOT,0,1723033712.92,1723033712.92,200000000.00,500000000.00,300000000.00,723033712.92
Jan 31 2026,DOT,0,1721268309.52,1721268309.52,200000000.00,500000000.00,300000000.00,721268309.52
Jan 26 2026,DOT,0,1719061555.28,1719061555.28,200000000.00,500000000.00,300000000.00,719061555.28
Jan 21 2026,DOT,0,1716854801.04,1716854801.04,200000000.00,500000000.00,300000000.00,716854801.04
Jan 17 2026,DOT,0,1715089397.64,1715089397.64,200000000.00,500000000.00,300000000.00,715089397.64
Jan 12 2026,DOT,0,1712882643.40,1712882643.40,200000000.00,500000000.00,300000000.00,712882643.40
Jan 08 2026,DOT,0,1711117240.01,1711117240.01,200000000.00,500000000.00,300000000.00,711117240.01
Jan 03 2026,DOT,0,1708910485.77,1708910485.77,200000000.00,500000000.00,300000000.00,708910485.77
Dec 29 2025,DOT,0,1706703731.52,1706703731.52,200000000.00,500000000.00,300000000.00,706703731.52
Dec 25 2025,DOT,0,1704938328.13,1704938328.13,200000000.00,500000000.00,300000000.00,704938328.13
Dec 20 2025,DOT,0,1702731573.89,1702731573.89,200000000.00,500000000.00,300000000.00,702731573.89
Dec 16 2025,DOT,0,1700966170.49,1700966170.49,200000000.00,500000000.00,300000000.00,700966170.49
Dec 11 2025,DOT,0,1698759416.25,1698759416.25,200000000.00,500000000.00,300000000.00,698759416.25
Dec 06 2025,DOT,0,1696552662.01,1696552662.01,200000000.00,500000000.00,300000000.00,696552662.01
Dec 02 2025,DOT,0,1694787258.61,1694787258.61,200000000.00,500000000.00,300000000.00,694787258.61
Nov 27 2025,DOT,0,1692580504.37,1692580504.37,200000000.00,500000000.00,300000000.00,692580504.37
Nov 23 2025,DOT,0,1690815100.98,1690815100.98,200000000.00,500000000.00,300000000.00,690815100.98
Nov 18 2025,DOT,0,1688608346.73,1688608346.73,200000000.00,500000000.00,300000000.00,688608346.73
Nov 13 2025,DOT,0,1686401592.49,1686401592.49,200000000.00,500000000.00,300000000.00,686401592.49
Nov 09 2025,DOT,0,1684636189.10,1684636189.10,200000000.00,500000000.00,300000000.00,684636189.10
Nov 04 2025,DOT,0,1682429434.86,1682429434.86,200000000.00,500000000.00,300000000.00,682429434.86
Oct 31 2025,DOT,0,1680664031.46,1680664031.46,200000000.00,500000000.00,300000000.00,680664031.46
Oct 26 2025,DOT,0,1678457277.22,1678457277.22,200000000.00,500000000.00,300000000.00,678457277.22
Oct 22 2025,DOT,0,1676691873.83,1676691873.83,200000000.00,500000000.00,300000000.00,676691873.83
Oct 17 2025,DOT,0,1674485119.58,1674485119.58,200000000.00,500000000.00,300000000.00,674485119.58
Oct 12 2025,DOT,0,1672278365.34,1672278365.34,200000000.00,500000000.00,300000000.00,672278365.34
Oct 08 2025,DOT,0,1670512961.95,1670512961.95,200000000.00,500000000.00,300000000.00,670512961.95
Oct 03 2025,DOT,0,1668306207.70,1668306207.70,200000000.00,500000000.00,300000000.00,668306207.70
Sep 29 2025,DOT,0,1666540804.31,1666540804.31,200000000.00,500000000.00,300000000.00,666540804.31
Sep 24 2025,DOT,0,1664334050.07,1664334050.07,200000000.00,500000000.00,300000000.00,664334050.07
Sep 19 2025,DOT,0,1662127295.83,1662127295.83,200000000.00,500000000.00,300000000.00,662127295.83
Sep 15 2025,DOT,0,1660361892.43,1660361892.43,200000000.00,500000000.00,300000000.00,660361892.43
Sep 15 2025,DOT,0,1660361892.43,1660361892.43,200000000.00,500000000.00,300000000.00,660361892.43
Sep 10 2025,DOT,0,1658155138.19,1658155138.19,200000000.00,500000000.00,300000000.00,658155138.19
Sep 06 2025,DOT,0,1656389734.79,1656389734.79,200000000.00,500000000.00,300000000.00,656389734.79
Sep 01 2025,DOT,0,1654182980.55,1654182980.55,200000000.00,500000000.00,300000000.00,654182980.55
Aug 27 2025,DOT,0,1651976226.31,1651976226.31,200000000.00,500000000.00,300000000.00,651976226.31
Aug 23 2025,DOT,0,1650210822.92,1650210822.92,200000000.00,500000000.00,300000000.00,650210822.92
Aug 18 2025,DOT,0,1648004068.67,1648004068.67,200000000.00,500000000.00,300000000.00,648004068.67
Aug 14 2025,DOT,0,1646238665.28,1646238665.28,200000000.00,500000000.00,300000000.00,646238665.28
Aug 09 2025,DOT,0,1644031911.04,1644031911.04,200000000.00,500000000.00,300000000.00,644031911.04
Aug 04 2025,DOT,0,1641825156.79,1641825156.79,200000000.00,500000000.00,300000000.00,641825156.79
Jul 31 2025,DOT,0,1640059753.40,1640059753.40,200000000.00,500000000.00,300000000.00,640059753.40
Jul 26 2025,DOT,0,1637852999.16,1637852999.16,200000000.00,500000000.00,300000000.00,637852999.16
Jul 22 2025,DOT,0,1636087595.76,1636087595.76,200000000.00,500000000.00,300000000.00,636087595.76
Jul 17 2025,DOT,0,1633880841.52,1633880841.52,200000000.00,500000000.00,300000000.00,633880841.52
Jul 13 2025,DOT,0,1632115438.13,1632115438.13,200000000.00,500000000.00,300000000.00,632115438.13
Jul 08 2025,DOT,0,1629908683.89,1629908683.89,200000000.00,500000000.00,300000000.00,629908683.89
Jul 03 2025,DOT,0,1627701929.64,1627701929.64,200000000.00,500000000.00,300000000.00,627701929.64
Jun 29 2025,DOT,0,1625936526.25,1625936526.25,200000000.00,500000000.00,300000000.00,625936526.25
Jun 24 2025,DOT,0,1623729772.01,1623729772.01,200000000.00,500000000.00,300000000.00,623729772.01
Jun 20 2025,DOT,0,1621964368.61,1621964368.61,200000000.00,500000000.00,300000000.00,621964368.61
Jun 15 2025,DOT,0,1619757614.37,1619757614.37,200000000.00,500000000.00,300000000.00,619757614.37
Jun 10 2025,DOT,0,1617550860.13,1617550860.13,200000000.00,500000000.00,300000000.00,617550860.13
Jun 06 2025,DOT,0,1615785456.73,1615785456.73,200000000.00,500000000.00,300000000.00,615785456.73
Jun 01 2025,DOT,0,1613578702.49,1613578702.49,200000000.00,500000000.00,300000000.00,613578702.49
May 28 2025,DOT,0,1611813299.10,1611813299.10,200000000.00,500000000.00,300000000.00,611813299.10
May 23 2025,DOT,0,1609726913.27,1609726913.27,200000000.00,500000000.00,300000000.00,609726913.27
May 18 2025,DOT,0,1607720773.04,1607720773.04,200000000.00,500000000.00,300000000.00,607720773.04
May 14 2025,DOT,0,1606115860.87,1606115860.87,200000000.00,500000000.00,300000000.00,606115860.87
May 09 2025,DOT,0,1604109720.65,1604109720.65,200000000.00,500000000.00,300000000.00,604109720.65
May 05 2025,DOT,0,1602504808.47,1602504808.47,200000000.00,500000000.00,300000000.00,602504808.47
Apr 30 2025,DOT,0,1600498668.25,1600498668.25,200000000.00,500000000.00,300000000.00,600498668.25
Apr 25 2025,DOT,0,1598492528.02,1598492528.02,200000000.00,500000000.00,300000000.00,598492528.02
Apr 21 2025,DOT,0,1596887615.85,1596887615.85,200000000.00,500000000.00,300000000.00,596887615.85
Apr 16 2025,DOT,0,1594881475.62,1594881475.62,200000000.00,500000000.00,300000000.00,594881475.62
Apr 12 2025,DOT,0,1593276563.45,1593276563.45,200000000.00,500000000.00,300000000.00,593276563.45
Apr 07 2025,DOT,0,1591270423.23,1591270423.23,200000000.00,500000000.00,300000000.00,591270423.23
Apr 02 2025,DOT,0,1589264283.00,1589264283.00,200000000.00,500000000.00,300000000.00,589264283.00
Mar 29 2025,DOT,0,1587659370.83,1587659370.83,200000000.00,500000000.00,300000000.00,587659370.83
Mar 24 2025,DOT,0,1585653230.60,1585653230.60,200000000.00,500000000.00,300000000.00,585653230.60
Mar 20 2025,DOT,0,1584048318.43,1584048318.43,200000000.00,500000000.00,300000000.00,584048318.43
Mar 15 2025,DOT,0,1582042178.20,1582042178.20,200000000.00,500000000.00,300000000.00,582042178.20
Mar 11 2025,DOT,0,1580437266.03,1580437266.03,200000000.00,500000000.00,300000000.00,580437266.03
Mar 06 2025,DOT,0,1578431125.80,1578431125.80,200000000.00,500000000.00,300000000.00,578431125.80
Mar 01 2025,DOT,0,1576424985.58,1576424985.58,200000000.00,500000000.00,300000000.00,576424985.58
Feb 25 2025,DOT,0,1574820073.41,1574820073.41,200000000.00,500000000.00,300000000.00,574820073.41
Feb 20 2025,DOT,0,1572813933.18,1572813933.18,200000000.00,500000000.00,300000000.00,572813933.18
Feb 16 2025,DOT,0,1571209021.01,1571209021.01,200000000.00,500000000.00,300000000.00,571209021.01
Feb 11 2025,DOT,0,1569202880.78,1569202880.78,200000000.00,500000000.00,300000000.00,569202880.78
Feb 06 2025,DOT,0,1567196740.56,1567196740.56,200000000.00,500000000.00,300000000.00,567196740.56
Feb 02 2025,DOT,0,1565591828.38,1565591828.38,200000000.00,500000000.00,300000000.00,565591828.38
Jan 28 2025,DOT,0,1563585688.16,1563585688.16,200000000.00,500000000.00,300000000.00,563585688.16
Jan 24 2025,DOT,0,1561980775.99,1561980775.99,200000000.00,500000000.00,300000000.00,561980775.99
Jan 19 2025,DOT,0,1559974635.76,1559974635.76,200000000.00,500000000.00,300000000.00,559974635.76
Jan 14 2025,DOT,0,1557968495.54,1557968495.54,200000000.00,500000000.00,300000000.00,557968495.54
Jan 10 2025,DOT,0,1556363583.36,1556363583.36,200000000.00,500000000.00,300000000.00,556363583.36
Jan 05 2025,DOT,0,1554357443.14,1554357443.14,200000000.00,500000000.00,300000000.00,554357443.14
Jan 01 2025,DOT,0,1552752530.96,1552752530.96,200000000.00,500000000.00,300000000.00,552752530.96
Dec 27 2024,DOT,0,1550746390.74,1550746390.74,200000000.00,500000000.00,300000000.00,550746390.74
Dec 22 2024,DOT,0,1548740250.52,1548740250.52,200000000.00,500000000.00,300000000.00,548740250.52
Dec 18 2024,DOT,0,1547135338.34,1547135338.34,200000000.00,500000000.00,300000000.00,547135338.34
Dec 13 2024,DOT,0,1545129198.12,1545129198.12,200000000.00,500000000.00,300000000.00,545129198.12
Dec 09 2024,DOT,0,1543524285.94,1543524285.94,200000000.00,500000000.00,300000000.00,543524285.94
Dec 04 2024,DOT,0,1541518145.72,1541518145.72,200000000.00,500000000.00,300000000.00,541518145.72
Nov 30 2024,DOT,0,1539913233.54,1539913233.54,200000000.00,500000000.00,300000000.00,539913233.54
Nov 25 2024,DOT,0,1537907093.32,1537907093.32,200000000.00,500000000.00,300000000.00,537907093.32
Nov 20 2024,DOT,0,1535900953.10,1535900953.10,200000000.00,500000000.00,300000000.00,535900953.10
Nov 16 2024,DOT,0,1534296040.92,1534296040.92,200000000.00,500000000.00,300000000.00,534296040.92
Nov 11 2024,DOT,0,1532289900.70,1532289900.70,200000000.00,500000000.00,300000000.00,532289900.70
Nov 07 2024,DOT,0,1530684988.52,1530684988.52,200000000.00,500000000.00,300000000.00,530684988.52
Nov 02 2024,DOT,0,1528678848.30,1528678848.30,200000000.00,500000000.00,300000000.00,528678848.30
Oct 28 2024,DOT,0,1526672708.08,1526672708.08,200000000.00,500000000.00,300000000.00,526672708.08
Oct 24 2024,DOT,0,1525067795.90,1525067795.90,200000000.00,500000000.00,300000000.00,525067795.90
Oct 19 2024,DOT,0,1523061655.68,1523061655.68,200000000.00,500000000.00,300000000.00,523061655.68
Oct 15 2024,DOT,0,1521456743.50,1521456743.50,200000000.00,500000000.00,300000000.00,521456743.50
Oct 10 2024,DOT,0,1519450603.28,1519450603.28,200000000.00,500000000.00,300000000.00,519450603.28
Oct 05 2024,DOT,0,1517444463.06,1517444463.06,200000000.00,500000000.00,300000000.00,517444463.06
Oct 01 2024,DOT,0,1515839550.88,1515839550.88,200000000.00,500000000.00,300000000.00,515839550.88
Sep 26 2024,DOT,0,1513833410.66,1513833410.66,200000000.00,500000000.00,300000000.00,513833410.66
Sep 22 2024,DOT,0,1512228498.48,1512228498.48,200000000.00,500000000.00,300000000.00,512228498.48
Sep 17 2024,DOT,0,1510222358.26,1510222358.26,200000000.00,500000000.00,300000000.00,510222358.26
Sep 12 2024,DOT,0,1508216218.04,1508216218.04,200000000.00,500000000.00,300000000.00,508216218.04
Sep 08 2024,DOT,0,1506611305.86,1506611305.86,200000000.00,500000000.00,300000000.00,506611305.86
Sep 03 2024,DOT,0,1504605165.64,1504605165.64,200000000.00,500000000.00,300000000.00,504605165.64
Aug 30 2024,DOT,0,1503000253.46,1503000253.46,200000000.00,500000000.00,300000000.00,503000253.46
Aug 25 2024,DOT,0,1500994113.24,1500994113.24,200000000.00,500000000.00,300000000.00,500994113.24
Aug 20 2024,DOT,0,1498987973.02,1498987973.02,200000000.00,500000000.00,300000000.00,498987973.02
Aug 16 2024,DOT,0,1497383060.84,1497383060.84,200000000.00,500000000.00,300000000.00,497383060.84
Aug 11 2024,DOT,0,1495376920.62,1495376920.62,200000000.00,500000000.00,300000000.00,495376920.62
Aug 07 2024,DOT,0,1493772008.44,1493772008.44,200000000.00,500000000.00,300000000.00,493772008.44
Aug 02 2024,DOT,0,1491765868.22,1491765868.22,200000000.00,500000000.00,300000000.00,491765868.22
Jul 29 2024,DOT,0,1490160956.04,1490160956.04,200000000.00,500000000.00,300000000.00,490160956.04
Jul 24 2024,DOT,0,1488154815.82,1488154815.82,200000000.00,500000000.00,300000000.00,488154815.82
Jul 19 2024,DOT,0,1486148675.60,1486148675.60,200000000.00,500000000.00,300000000.00,486148675.60
Jul 15 2024,DOT,0,1484543763.42,1484543763.42,200000000.00,500000000.00,300000000.00,484543763.42
Jul 10 2024,DOT,0,1482537623.20,1482537623.20,200000000.00,500000000.00,300000000.00,482537623.20
Jul 06 2024,DOT,0,1480932711.02,1480932711.02,200000000.00,500000000.00,300000000.00,480932711.02
Jul 01 2024,DOT,0,1478926570.80,1478926570.80,200000000.00,500000000.00,300000000.00,478926570.80
Jun 26 2024,DOT,0,1476920430.58,1476920430.58,200000000.00,500000000.00,300000000.00,476920430.58
Jun 22 2024,DOT,0,1475315518.40,1475315518.40,200000000.00,500000000.00,300000000.00,475315518.40
Jun 17 2024,DOT,0,1473309378.18,1473309378.18,200000000.00,500000000.00,300000000.00,473309378.18
Jun 13 2024,DOT,0,1471704466.00,1471704466.00,200000000.00,500000000.00,300000000.00,471704466.00
Jun 08 2024,DOT,0,1469698325.78,1469698325.78,200000000.00,500000000.00,300000000.00,469698325.78
Jun 03 2024,DOT,0,1467692185.56,1467692185.56,200000000.00,500000000.00,300000000.00,467692185.56
May 30 2024,DOT,0,1466087273.38,1466087273.38,200000000.00,500000000.00,300000000.00,466087273.38
May 25 2024,DOT,0,1464117655.30,1464117655.30,200000000.00,500000000.00,300000000.00,464117655.30
May 21 2024,DOT,0,1462658831.68,1462658831.68,200000000.00,500000000.00,300000000.00,462658831.68
May 16 2024,DOT,0,1460835302.15,1460835302.15,200000000.00,500000000.00,300000000.00,460835302.15
May 11 2024,DOT,0,1459011772.63,1459011772.63,200000000.00,500000000.00,300000000.00,459011772.63
May 07 2024,DOT,0,1457552949.01,1457552949.01,200000000.00,500000000.00,300000000.00,457552949.01
May 02 2024,DOT,0,1455729419.48,1455729419.48,200000000.00,500000000.00,300000000.00,455729419.48
Apr 28 2024,DOT,0,1454270595.86,1454270595.86,200000000.00,500000000.00,300000000.00,454270595.86
Apr 23 2024,DOT,0,1452447066.34,1452447066.34,200000000.00,500000000.00,300000000.00,452447066.34
Apr 18 2024,DOT,0,1450623536.81,1450623536.81,200000000.00,500000000.00,300000000.00,450623536.81
Apr 14 2024,DOT,0,1449164713.19,1449164713.19,200000000.00,500000000.00,300000000.00,449164713.19
Apr 09 2024,DOT,0,1447341183.67,1447341183.67,200000000.00,500000000.00,300000000.00,447341183.67
Apr 05 2024,DOT,0,1445882360.05,1445882360.05,200000000.00,500000000.00,300000000.00,445882360.05
Mar 31 2024,DOT,$9.43,0,1444058830.52,200000000.00,500000000.00,300000000.00,444058830.52
Mar 27 2024,DOT,$9.69,0,1442600006.90,200000000.00,500000000.00,300000000.00,442600006.90
Mar 22 2024,DOT,$9.23,0,1440776477.38,200000000.00,500000000.00,300000000.00,440776477.38
Mar 17 2024,DOT,$9.74,0,1438952947.86,200000000.00,500000000.00,300000000.00,438952947.86
Mar 13 2024,DOT,$10.66,0,1437494124.24,200000000.00,500000000.00,300000000.00,437494124.24
Mar 08 2024,DOT,$10.41,0,1435670594.71,200000000.00,500000000.00,300000000.00,435670594.71
Mar 04 2024,DOT,$9.76,0,1434211771.09,200000000.00,500000000.00,300000000.00,434211771.09
Feb 28 2024,DOT,$8.37,0,1432388241.57,200000000.00,500000000.00,300000000.00,432388241.57
Feb 23 2024,DOT,$7.56,0,1430564712.04,200000000.00,500000000.00,300000000.00,430564712.04
Feb 19 2024,DOT,$7.86,0,1429105888.42,200000000.00,500000000.00,300000000.00,429105888.42
Feb 14 2024,DOT,$7.32,0,1427282358.90,200000000.00,500000000.00,300000000.00,427282358.90
Feb 10 2024,DOT,$7.21,0,1425823535.28,200000000.00,500000000.00,300000000.00,425823535.28
Feb 05 2024,DOT,$6.69,0,1424000005.75,200000000.00,500000000.00,300000000.00,424000005.75
Jan 31 2024,DOT,$6.92,0,1422176476.23,200000000.00,500000000.00,300000000.00,422176476.23
Jan 27 2024,DOT,$6.67,0,1420717652.61,200000000.00,500000000.00,300000000.00,420717652.61
Jan 22 2024,DOT,$6.84,0,1418894123.09,200000000.00,500000000.00,300000000.00,418894123.09
Jan 18 2024,DOT,$7.30,0,1417435299.47,200000000.00,500000000.00,300000000.00,417435299.47
Jan 13 2024,DOT,$7.53,0,1415611769.94,200000000.00,500000000.00,300000000.00,415611769.94
Jan 08 2024,DOT,$6.94,0,1413788240.42,200000000.00,500000000.00,300000000.00,413788240.42
Jan 04 2024,DOT,$7.68,0,1412329416.80,200000000.00,500000000.00,300000000.00,412329416.80
Dec 30 2023,DOT,$8.20,0,1410505887.27,200000000.00,500000000.00,300000000.00,410505887.27
Dec 26 2023,DOT,$9.21,0,1409047063.65,200000000.00,500000000.00,300000000.00,409047063.65
Dec 21 2023,DOT,$6.93,0,1407223534.13,200000000.00,500000000.00,300000000.00,407223534.13
Dec 17 2023,DOT,$7.09,0,1405764710.51,200000000.00,500000000.00,300000000.00,405764710.51
Dec 12 2023,DOT,$6.73,0,1403941180.98,200000000.00,500000000.00,300000000.00,403941180.98
Dec 07 2023,DOT,$6.04,0,1402117651.46,200000000.00,500000000.00,300000000.00,402117651.46
Dec 03 2023,DOT,$5.56,0,1400658827.84,200000000.00,500000000.00,300000000.00,400658827.84
Nov 28 2023,DOT,$5.11,0,1398835298.31,200000000.00,500000000.00,300000000.00,398835298.31
Nov 24 2023,DOT,$5.14,0,1397376474.70,200000000.00,500000000.00,300000000.00,397376474.70
Nov 19 2023,DOT,$5.27,0,1395552945.17,200000000.00,500000000.00,300000000.00,395552945.17
Nov 14 2023,DOT,$5.39,0,1393729415.65,200000000.00,500000000.00,300000000.00,393729415.65
Nov 10 2023,DOT,$4.96,0,1392270592.03,200000000.00,500000000.00,300000000.00,392270592.03
Nov 05 2023,DOT,$4.71,0,1390447062.50,200000000.00,500000000.00,300000000.00,390447062.50
Nov 01 2023,DOT,$4.44,0,1388988238.88,200000000.00,500000000.00,300000000.00,388988238.88
Oct 27 2023,DOT,$4.25,0,1387164709.36,200000000.00,500000000.00,300000000.00,387164709.36
Oct 22 2023,DOT,$3.91,0,1385341179.83,200000000.00,500000000.00,300000000.00,385341179.83
Oct 18 2023,DOT,$3.66,0,1383882356.21,200000000.00,500000000.00,300000000.00,383882356.21
Oct 13 2023,DOT,$3.67,0,1382058826.69,200000000.00,500000000.00,300000000.00,382058826.69
Oct 09 2023,DOT,$4.01,0,1380600003.07,200000000.00,500000000.00,300000000.00,380600003.07
Oct 04 2023,DOT,$4.06,0,1378776473.54,200000000.00,500000000.00,300000000.00,378776473.54
Sep 29 2023,DOT,$4.07,0,1376952944.02,200000000.00,500000000.00,300000000.00,376952944.02
Sep 25 2023,DOT,$4.03,0,1375494120.40,200000000.00,500000000.00,300000000.00,375494120.40
Sep 20 2023,DOT,$4.16,0,1373670590.88,200000000.00,500000000.00,300000000.00,373670590.88
Sep 16 2023,DOT,$4.17,0,1372211767.26,200000000.00,500000000.00,300000000.00,372211767.26
Sep 11 2023,DOT,$4.15,0,1370388237.73,200000000.00,500000000.00,300000000.00,370388237.73
Sep 06 2023,DOT,$4.26,0,1368564708.21,200000000.00,500000000.00,300000000.00,368564708.21
Sep 02 2023,DOT,$4.20,0,1367105884.59,200000000.00,500000000.00,300000000.00,367105884.59
Aug 28 2023,DOT,$4.49,0,1365282355.06,200000000.00,500000000.00,300000000.00,365282355.06
Aug 24 2023,DOT,$4.49,0,1363823531.44,200000000.00,500000000.00,300000000.00,363823531.44
Aug 19 2023,DOT,$4.52,0,1362000001.92,200000000.00,500000000.00,300000000.00,362000001.92
Aug 15 2023,DOT,$4.99,0,1360541178.30,200000000.00,500000000.00,300000000.00,360541178.30
Aug 10 2023,DOT,$5.04,0,1358717648.77,200000000.00,500000000.00,300000000.00,358717648.77
Aug 05 2023,DOT,$4.98,0,1356894119.25,200000000.00,500000000.00,300000000.00,356894119.25
Aug 01 2023,DOT,$5.10,0,1355435295.63,200000000.00,500000000.00,300000000.00,355435295.63
Jul 27 2023,DOT,$5.23,0,1353611766.10,200000000.00,500000000.00,300000000.00,353611766.10
Jul 23 2023,DOT,$5.35,0,1352152942.49,200000000.00,500000000.00,300000000.00,352152942.49
Jul 18 2023,DOT,$5.28,0,1350329412.96,200000000.00,500000000.00,300000000.00,350329412.96
Jul 13 2023,DOT,$5.13,0,1348505883.44,200000000.00,500000000.00,300000000.00,348505883.44
Jul 09 2023,DOT,$5.12,0,1347047059.82,200000000.00,500000000.00,300000000.00,347047059.82
Jul 04 2023,DOT,$5.41,0,1345223530.29,200000000.00,500000000.00,300000000.00,345223530.29
Jun 30 2023,DOT,$4.97,0,1343764706.67,200000000.00,500000000.00,300000000.00,343764706.67
Jun 25 2023,DOT,$4.99,0,1341941177.15,200000000.00,500000000.00,300000000.00,341941177.15
Jun 20 2023,DOT,$4.51,0,1340117647.62,200000000.00,500000000.00,300000000.00,340117647.62
Jun 16 2023,DOT,$4.38,0,1338658824.00,200000000.00,500000000.00,300000000.00,338658824.00
Jun 11 2023,DOT,$4.53,0,1336835294.48,200000000.00,500000000.00,300000000.00,336835294.48
Jun 07 2023,DOT,$5.21,0,1335376470.86,200000000.00,500000000.00,300000000.00,335376470.86
Jun 02 2023,DOT,$5.22,0,1333552941.33,200000000.00,500000000.00,300000000.00,333552941.33
May 28 2023,DOT,$5.34,0,1331729411.81,200000000.00,500000000.00,300000000.00,331729411.81
May 24 2023,DOT,$5.40,0,1330336986.30,200000000.00,500000000.00,300000000.00,330336986.30
May 19 2023,DOT,$5.35,0,1328679452.05,200000000.00,500000000.00,300000000.00,328679452.05
May 15 2023,DOT,$5.37,0,1327353424.66,200000000.00,500000000.00,300000000.00,327353424.66
May 10 2023,DOT,$5.31,0,1325695890.41,200000000.00,500000000.00,300000000.00,325695890.41
May 06 2023,DOT,$5.87,0,1324369863.01,200000000.00,500000000.00,300000000.00,324369863.01
May 01 2023,DOT,$5.93,0,1322712328.77,200000000.00,500000000.00,300000000.00,322712328.77
Apr 26 2023,DOT,$5.98,0,1321054794.52,200000000.00,500000000.00,300000000.00,321054794.52
Apr 22 2023,DOT,$5.82,0,1319728767.12,200000000.00,500000000.00,300000000.00,319728767.12
Apr 17 2023,DOT,$6.85,0,1318071232.88,200000000.00,500000000.00,300000000.00,318071232.88
Apr 13 2023,DOT,$6.38,0,1316745205.48,200000000.00,500000000.00,300000000.00,316745205.48
Apr 08 2023,DOT,$6.19,0,1315087671.23,200000000.00,500000000.00,300000000.00,315087671.23
Apr 03 2023,DOT,$6.29,0,1313430136.99,200000000.00,500000000.00,300000000.00,313430136.99
Mar 30 2023,DOT,$6.19,0,1312104109.59,200000000.00,500000000.00,300000000.00,312104109.59
Mar 25 2023,DOT,$6.04,0,1310446575.34,200000000.00,500000000.00,300000000.00,310446575.34
Mar 21 2023,DOT,$6.19,0,1309120547.95,200000000.00,500000000.00,300000000.00,309120547.95
Mar 16 2023,DOT,$5.88,0,1307463013.70,200000000.00,500000000.00,300000000.00,307463013.70
Mar 11 2023,DOT,$5.56,0,1305805479.45,200000000.00,500000000.00,300000000.00,305805479.45
Mar 07 2023,DOT,$5.92,0,1304479452.05,200000000.00,500000000.00,300000000.00,304479452.05
Mar 02 2023,DOT,$6.48,0,1302821917.81,200000000.00,500000000.00,300000000.00,302821917.81
Feb 26 2023,DOT,$6.52,0,1301495890.41,200000000.00,500000000.00,300000000.00,301495890.41
Feb 21 2023,DOT,$7.52,0,1299838356.16,200000000.00,500000000.00,300000000.00,299838356.16
Feb 16 2023,DOT,$6.55,0,1298180821.92,200000000.00,500000000.00,300000000.00,298180821.92
Feb 12 2023,DOT,$6.27,0,1296854794.52,200000000.00,500000000.00,300000000.00,296854794.52
Feb 07 2023,DOT,$6.58,0,1295197260.27,200000000.00,500000000.00,300000000.00,295197260.27
Feb 03 2023,DOT,$6.59,0,1293871232.88,200000000.00,500000000.00,300000000.00,293871232.88
Jan 29 2023,DOT,$6.36,0,1292213698.63,200000000.00,500000000.00,300000000.00,292213698.63
Jan 24 2023,DOT,$6.67,0,1290556164.38,200000000.00,500000000.00,300000000.00,290556164.38
Jan 20 2023,DOT,$5.79,0,1289230136.99,200000000.00,500000000.00,300000000.00,289230136.99
Jan 15 2023,DOT,$6.00,0,1287572602.74,200000000.00,500000000.00,300000000.00,287572602.74
Jan 11 2023,DOT,$4.92,0,1286246575.34,200000000.00,500000000.00,300000000.00,286246575.34
Jan 06 2023,DOT,$4.62,0,1284589041.10,200000000.00,500000000.00,300000000.00,284589041.10
Jan 02 2023,DOT,$4.37,0,1283263013.70,200000000.00,500000000.00,300000000.00,283263013.70
Dec 28 2022,DOT,$4.48,0,1281605479.45,200000000.00,500000000.00,300000000.00,281605479.45
Dec 23 2022,DOT,$4.49,0,1279947945.21,200000000.00,500000000.00,300000000.00,279947945.21
Dec 19 2022,DOT,$4.68,0,1278621917.81,200000000.00,500000000.00,300000000.00,278621917.81
Dec 14 2022,DOT,$5.28,0,1276964383.56,200000000.00,500000000.00,300000000.00,276964383.56
Dec 10 2022,DOT,$5.29,0,1275638356.16,200000000.00,500000000.00,300000000.00,275638356.16
Dec 05 2022,DOT,$5.58,0,1273980821.92,200000000.00,500000000.00,300000000.00,273980821.92
Nov 30 2022,DOT,$5.31,0,1272323287.67,200000000.00,500000000.00,300000000.00,272323287.67
Nov 26 2022,DOT,$5.27,0,1270997260.27,200000000.00,500000000.00,300000000.00,270997260.27
Nov 21 2022,DOT,$5.30,0,1269339726.03,200000000.00,500000000.00,300000000.00,269339726.03
Nov 17 2022,DOT,$5.72,0,1268013698.63,200000000.00,500000000.00,300000000.00,268013698.63
Nov 12 2022,DOT,$5.78,0,1266356164.38,200000000.00,500000000.00,300000000.00,266356164.38
Nov 07 2022,DOT,$6.82,0,1264698630.14,200000000.00,500000000.00,300000000.00,264698630.14
Nov 03 2022,DOT,$6.25,0,1263372602.74,200000000.00,500000000.00,300000000.00,263372602.74
Oct 29 2022,DOT,$6.52,0,1261715068.49,200000000.00,500000000.00,300000000.00,261715068.49
Oct 25 2022,DOT,$5.91,0,1260389041.10,200000000.00,500000000.00,300000000.00,260389041.10
Oct 20 2022,DOT,$6.10,0,1258731506.85,200000000.00,500000000.00,300000000.00,258731506.85
Oct 15 2022,DOT,$6.05,0,1257073972.60,200000000.00,500000000.00,300000000.00,257073972.60
Oct 11 2022,DOT,$6.26,0,1255747945.21,200000000.00,500000000.00,300000000.00,255747945.21
Oct 06 2022,DOT,$6.43,0,1254090410.96,200000000.00,500000000.00,300000000.00,254090410.96
Oct 02 2022,DOT,$6.27,0,1252764383.56,200000000.00,500000000.00,300000000.00,252764383.56
Sep 27 2022,DOT,$6.54,0,1251106849.32,200000000.00,500000000.00,300000000.00,251106849.32
Sep 23 2022,DOT,$6.46,0,1249780821.92,200000000.00,500000000.00,300000000.00,249780821.92
Sep 18 2022,DOT,$7.06,0,1248123287.67,200000000.00,500000000.00,300000000.00,248123287.67
Sep 13 2022,DOT,$7.64,0,1246465753.42,200000000.00,500000000.00,300000000.00,246465753.42
Sep 09 2022,DOT,$7.40,0,1245139726.03,200000000.00,500000000.00,300000000.00,245139726.03
Sep 04 2022,DOT,$7.28,0,1243482191.78,200000000.00,500000000.00,300000000.00,243482191.78
Aug 31 2022,DOT,$6.98,0,1242156164.38,200000000.00,500000000.00,300000000.00,242156164.38
Aug 26 2022,DOT,$7.59,0,1240498630.14,200000000.00,500000000.00,300000000.00,240498630.14
Aug 21 2022,DOT,$7.23,0,1238841095.89,200000000.00,500000000.00,300000000.00,238841095.89
Aug 17 2022,DOT,$8.86,0,1237515068.49,200000000.00,500000000.00,300000000.00,237515068.49
Aug 12 2022,DOT,$9.20,0,1235857534.25,200000000.00,500000000.00,300000000.00,235857534.25
Aug 08 2022,DOT,$8.65,0,1234531506.85,200000000.00,500000000.00,300000000.00,234531506.85
Aug 03 2022,DOT,$7.99,0,1232873972.60,200000000.00,500000000.00,300000000.00,232873972.60
Jul 29 2022,DOT,$7.86,0,1231216438.36,200000000.00,500000000.00,300000000.00,231216438.36
Jul 25 2022,DOT,$7.42,0,1229890410.96,200000000.00,500000000.00,300000000.00,229890410.96
Jul 20 2022,DOT,$7.81,0,1228232876.71,200000000.00,500000000.00,300000000.00,228232876.71
Jul 16 2022,DOT,$6.80,0,1226906849.32,200000000.00,500000000.00,300000000.00,226906849.32
Jul 11 2022,DOT,$6.85,0,1225249315.07,200000000.00,500000000.00,300000000.00,225249315.07
Jul 06 2022,DOT,$6.84,0,1223591780.82,200000000.00,500000000.00,300000000.00,223591780.82
Jul 02 2022,DOT,$6.79,0,1222265753.42,200000000.00,500000000.00,300000000.00,222265753.42
Jun 27 2022,DOT,$7.86,0,1220608219.18,200000000.00,500000000.00,300000000.00,220608219.18
Jun 23 2022,DOT,$7.42,0,1219282191.78,200000000.00,500000000.00,300000000.00,219282191.78
Jun 18 2022,DOT,$7.33,0,1217624657.53,200000000.00,500000000.00,300000000.00,217624657.53
Jun 13 2022,DOT,$7.45,0,1215967123.29,200000000.00,500000000.00,300000000.00,215967123.29
Jun 09 2022,DOT,$9.00,0,1214641095.89,200000000.00,500000000.00,300000000.00,214641095.89
Jun 04 2022,DOT,$9.37,0,1212983561.64,200000000.00,500000000.00,300000000.00,212983561.64
May 31 2022,DOT,$10.46,0,1211657534.25,200000000.00,500000000.00,300000000.00,211657534.25
May 26 2022,DOT,$9.86,0,1210000000.00,200000000.00,500000000.00,300000000.00,210000000.00
May 22 2022,DOT,$10.00,0,1208794520.55,200000000.00,500000000.00,300000000.00,208794520.55
May 17 2022,DOT,$10.66,0,1207287671.23,200000000.00,500000000.00,300000000.00,207287671.23
May 12 2022,DOT,$8.90,0,1205780821.92,200000000.00,500000000.00,300000000.00,205780821.92
May 08 2022,DOT,$13.80,0,1204575342.47,200000000.00,500000000.00,300000000.00,204575342.47
May 03 2022,DOT,$14.99,0,1203068493.15,200000000.00,500000000.00,300000000.00,203068493.15
Apr 29 2022,DOT,$16.98,0,1201863013.70,200000000.00,500000000.00,300000000.00,201863013.70
Apr 24 2022,DOT,$18.74,0,1200356164.38,200000000.00,500000000.00,300000000.00,200356164.38
Apr 19 2022,DOT,$18.18,0,1198849315.07,200000000.00,500000000.00,300000000.00,198849315.07
Apr 15 2022,DOT,$17.95,0,1197643835.62,200000000.00,500000000.00,300000000.00,197643835.62
Apr 10 2022,DOT,$19.79,0,1196136986.30,200000000.00,500000000.00,300000000.00,196136986.30
Apr 06 2022,DOT,$21.84,0,1194931506.85,200000000.00,500000000.00,300000000.00,194931506.85
Apr 01 2022,DOT,$21.32,0,1193424657.53,200000000.00,500000000.00,300000000.00,193424657.53
Mar 27 2022,DOT,$20.87,0,1191917808.22,200000000.00,500000000.00,300000000.00,191917808.22
Mar 23 2022,DOT,$20.37,0,1190712328.77,200000000.00,500000000.00,300000000.00,190712328.77
Mar 18 2022,DOT,$18.76,0,1189205479.45,200000000.00,500000000.00,300000000.00,189205479.45
Mar 14 2022,DOT,$17.23,0,1188000000.00,200000000.00,500000000.00,300000000.00,188000000.00
Mar 09 2022,DOT,$16.95,0,1186493150.68,200000000.00,500000000.00,300000000.00,186493150.68
Mar 04 2022,DOT,$18.03,0,1184986301.37,200000000.00,500000000.00,300000000.00,184986301.37
Feb 28 2022,DOT,$17.52,0,1183780821.92,200000000.00,500000000.00,300000000.00,183780821.92
Feb 23 2022,DOT,$16.58,0,1182273972.60,200000000.00,500000000.00,300000000.00,182273972.60
Feb 19 2022,DOT,$17.87,0,1181068493.15,200000000.00,500000000.00,300000000.00,181068493.15
Feb 14 2022,DOT,$18.84,0,1179561643.84,200000000.00,500000000.00,300000000.00,179561643.84
Feb 10 2022,DOT,$21.96,0,1178356164.38,200000000.00,500000000.00,300000000.00,178356164.38
Feb 05 2022,DOT,$20.49,0,1176849315.07,200000000.00,500000000.00,300000000.00,176849315.07
Jan 31 2022,DOT,$18.22,0,1175342465.75,200000000.00,500000000.00,300000000.00,175342465.75
Jan 27 2022,DOT,$18.10,0,1174136986.30,200000000.00,500000000.00,300000000.00,174136986.30
Jan 22 2022,DOT,$19.57,0,1172630136.99,200000000.00,500000000.00,300000000.00,172630136.99
Jan 18 2022,DOT,$25.75,0,1171424657.53,200000000.00,500000000.00,300000000.00,171424657.53
Jan 13 2022,DOT,$27.35,0,1169917808.22,200000000.00,500000000.00,300000000.00,169917808.22
Jan 08 2022,DOT,$24.97,0,1168410958.90,200000000.00,500000000.00,300000000.00,168410958.90
Jan 04 2022,DOT,$30.15,0,1167205479.45,200000000.00,500000000.00,300000000.00,167205479.45
Dec 30 2021,DOT,$26.75,0,1165698630.14,200000000.00,500000000.00,300000000.00,165698630.14
Dec 26 2021,DOT,$28.95,0,1164493150.68,200000000.00,500000000.00,300000000.00,164493150.68
Dec 21 2021,DOT,$24.24,0,1162986301.37,200000000.00,500000000.00,300000000.00,162986301.37
Dec 16 2021,DOT,$27.23,0,1161479452.05,200000000.00,500000000.00,300000000.00,161479452.05
Dec 12 2021,DOT,$27.74,0,1160273972.60,200000000.00,500000000.00,300000000.00,160273972.60
Dec 07 2021,DOT,$28.28,0,1158767123.29,200000000.00,500000000.00,300000000.00,158767123.29
Dec 03 2021,DOT,$35.72,0,1157561643.84,200000000.00,500000000.00,300000000.00,157561643.84
Nov 28 2021,DOT,$34.95,0,1156054794.52,200000000.00,500000000.00,300000000.00,156054794.52
Nov 23 2021,DOT,$39.46,0,1154547945.21,200000000.00,500000000.00,300000000.00,154547945.21
Nov 19 2021,DOT,$38.93,0,1153342465.75,200000000.00,500000000.00,300000000.00,153342465.75
Nov 14 2021,DOT,$47.28,0,1151835616.44,200000000.00,500000000.00,300000000.00,151835616.44
Nov 10 2021,DOT,$50.97,0,1150630136.99,200000000.00,500000000.00,300000000.00,150630136.99
Nov 05 2021,DOT,$54.14,0,1149123287.67,200000000.00,500000000.00,300000000.00,149123287.67
Oct 31 2021,DOT,$42.74,0,1147616438.36,200000000.00,500000000.00,300000000.00,147616438.36
Oct 27 2021,DOT,$45.30,0,1146410958.90,200000000.00,500000000.00,300000000.00,146410958.90
Oct 22 2021,DOT,$43.00,0,1144904109.59,200000000.00,500000000.00,300000000.00,144904109.59
Oct 18 2021,DOT,$42.13,0,1143698630.14,200000000.00,500000000.00,300000000.00,143698630.14
Oct 13 2021,DOT,$35.13,0,1142191780.82,200000000.00,500000000.00,300000000.00,142191780.82
Oct 09 2021,DOT,$33.37,0,1140986301.37,200000000.00,500000000.00,300000000.00,140986301.37
Oct 04 2021,DOT,$32.20,0,1139479452.05,200000000.00,500000000.00,300000000.00,139479452.05
Sep 29 2021,DOT,$26.23,0,1137972602.74,200000000.00,500000000.00,300000000.00,137972602.74
Sep 25 2021,DOT,$30.77,0,1136767123.29,200000000.00,500000000.00,300000000.00,136767123.29
Sep 20 2021,DOT,$33.74,0,1135260273.97,200000000.00,500000000.00,300000000.00,135260273.97
Sep 16 2021,DOT,$36.33,0,1134054794.52,200000000.00,500000000.00,300000000.00,134054794.52
Sep 11 2021,DOT,$29.00,0,1132547945.21,200000000.00,500000000.00,300000000.00,132547945.21
Sep 06 2021,DOT,$34.27,0,1131041095.89,200000000.00,500000000.00,300000000.00,131041095.89
Sep 02 2021,DOT,$32.97,0,1129835616.44,200000000.00,500000000.00,300000000.00,129835616.44
Aug 28 2021,DOT,$26.55,0,1128328767.12,200000000.00,500000000.00,300000000.00,128328767.12
Aug 24 2021,DOT,$27.87,0,1127123287.67,200000000.00,500000000.00,300000000.00,127123287.67
Aug 19 2021,DOT,$24.22,0,1125616438.36,200000000.00,500000000.00,300000000.00,125616438.36
Aug 14 2021,DOT,$22.60,0,1124109589.04,200000000.00,500000000.00,300000000.00,124109589.04
Aug 10 2021,DOT,$20.63,0,1122904109.59,200000000.00,500000000.00,300000000.00,122904109.59
Aug 05 2021,DOT,$19.18,0,1121397260.27,200000000.00,500000000.00,300000000.00,121397260.27
Aug 01 2021,DOT,$16.91,0,1120191780.82,200000000.00,500000000.00,300000000.00,120191780.82
Jul 27 2021,DOT,$13.94,0,1118684931.51,200000000.00,500000000.00,300000000.00,118684931.51
Jul 22 2021,DOT,$12.40,0,1117178082.19,200000000.00,500000000.00,300000000.00,117178082.19
Jul 18 2021,DOT,$12.27,0,1115972602.74,200000000.00,500000000.00,300000000.00,115972602.74
Jul 13 2021,DOT,$14.93,0,1114465753.42,200000000.00,500000000.00,300000000.00,114465753.42
Jul 09 2021,DOT,$15.38,0,1113260273.97,200000000.00,500000000.00,300000000.00,113260273.97
Jul 04 2021,DOT,$15.51,0,1111753424.66,200000000.00,500000000.00,300000000.00,111753424.66
Jun 29 2021,DOT,$15.78,0,1110246575.34,200000000.00,500000000.00,300000000.00,110246575.34
Jun 25 2021,DOT,$16.26,0,1109041095.89,200000000.00,500000000.00,300000000.00,109041095.89
Jun 20 2021,DOT,$20.38,0,1107534246.58,200000000.00,500000000.00,300000000.00,107534246.58
Jun 16 2021,DOT,$24.12,0,1106328767.12,200000000.00,500000000.00,300000000.00,106328767.12
Jun 11 2021,DOT,$22.68,0,1104821917.81,200000000.00,500000000.00,300000000.00,104821917.81
Jun 07 2021,DOT,$24.15,0,1103616438.36,200000000.00,500000000.00,300000000.00,103616438.36
Jun 02 2021,DOT,$22.90,0,1102109589.04,200000000.00,500000000.00,300000000.00,102109589.04
May 28 2021,DOT,$23.99,0,1100602739.73,200000000.00,500000000.00,300000000.00,100602739.73
May 24 2021,DOT,$18.06,0,1099452054.79,200000000.00,500000000.00,300000000.00,99452054.79
May 19 2021,DOT,$40.78,0,1098082191.78,200000000.00,500000000.00,300000000.00,98082191.78
May 15 2021,DOT,$47.33,0,1096986301.37,200000000.00,500000000.00,300000000.00,96986301.37
May 10 2021,DOT,$40.31,0,1095616438.36,200000000.00,500000000.00,300000000.00,95616438.36
May 05 2021,DOT,$34.66,0,1094246575.34,200000000.00,500000000.00,300000000.00,94246575.34
May 01 2021,DOT,$36.56,0,1093150684.93,200000000.00,500000000.00,300000000.00,93150684.93
Apr 26 2021,DOT,$29.77,0,1091780821.92,200000000.00,500000000.00,300000000.00,91780821.92
Apr 22 2021,DOT,$34.02,0,1090684931.51,200000000.00,500000000.00,300000000.00,90684931.51
Apr 17 2021,DOT,$41.51,0,1089315068.49,200000000.00,500000000.00,300000000.00,89315068.49
Apr 12 2021,DOT,$41.38,0,1087945205.48,200000000.00,500000000.00,300000000.00,87945205.48
Apr 08 2021,DOT,$39.75,0,1086849315.07,200000000.00,500000000.00,300000000.00,86849315.07
Apr 03 2021,DOT,$40.94,0,1085479452.05,200000000.00,500000000.00,300000000.00,85479452.05
Mar 30 2021,DOT,$34.33,0,1084383561.64,200000000.00,500000000.00,300000000.00,84383561.64
Mar 25 2021,DOT,$30.57,0,1083013698.63,200000000.00,500000000.00,300000000.00,83013698.63
Mar 20 2021,DOT,$38.22,0,1081643835.62,200000000.00,500000000.00,300000000.00,81643835.62
Mar 16 2021,DOT,$34.35,0,1080547945.21,200000000.00,500000000.00,300000000.00,80547945.21
Mar 11 2021,DOT,$37.78,0,1079178082.19,200000000.00,500000000.00,300000000.00,79178082.19
Mar 07 2021,DOT,$33.49,0,1078082191.78,200000000.00,500000000.00,300000000.00,78082191.78
Mar 02 2021,DOT,$35.57,0,1076712328.77,200000000.00,500000000.00,300000000.00,76712328.77
Feb 26 2021,DOT,$31.19,0,1075616438.36,200000000.00,500000000.00,300000000.00,75616438.36
Feb 21 2021,DOT,$39.37,0,1074246575.34,200000000.00,500000000.00,300000000.00,74246575.34
Feb 16 2021,DOT,$27.69,0,1072876712.33,200000000.00,500000000.00,300000000.00,72876712.33
Feb 12 2021,DOT,$25.12,0,1071780821.92,200000000.00,500000000.00,300000000.00,71780821.92
Feb 07 2021,DOT,$20.40,0,1070410958.90,200000000.00,500000000.00,300000000.00,70410958.90
Feb 03 2021,DOT,$17.25,0,1069315068.49,200000000.00,500000000.00,300000000.00,69315068.49
Jan 29 2021,DOT,$16.95,0,1067945205.48,200000000.00,500000000.00,300000000.00,67945205.48
Jan 24 2021,DOT,$18.60,0,1066575342.47,200000000.00,500000000.00,300000000.00,66575342.47
Jan 20 2021,DOT,$16.50,0,1065479452.05,200000000.00,500000000.00,300000000.00,65479452.05
Jan 15 2021,DOT,$14.39,0,1064109589.04,200000000.00,500000000.00,300000000.00,64109589.04
Jan 11 2021,DOT,$9.33,0,1063013698.63,200000000.00,500000000.00,300000000.00,63013698.63
Jan 06 2021,DOT,$9.74,0,1061643835.62,200000000.00,500000000.00,300000000.00,61643835.62
Jan 01 2021,DOT,$9.36,0,1060273972.60,200000000.00,500000000.00,300000000.00,60273972.60
Dec 28 2020,DOT,$5.17,0,1059178082.19,200000000.00,500000000.00,300000000.00,59178082.19
Dec 23 2020,DOT,$5.15,0,1057808219.18,200000000.00,500000000.00,300000000.00,57808219.18
Dec 19 2020,DOT,$5.36,0,1056712328.77,200000000.00,500000000.00,300000000.00,56712328.77
Dec 14 2020,DOT,$4.89,0,1055342465.75,200000000.00,500000000.00,300000000.00,55342465.75
Dec 09 2020,DOT,$4.74,0,1053972602.74,200000000.00,500000000.00,300000000.00,53972602.74
Dec 05 2020,DOT,$5.05,0,1052876712.33,200000000.00,500000000.00,300000000.00,52876712.33
Nov 30 2020,DOT,$5.19,0,1051506849.32,200000000.00,500000000.00,300000000.00,51506849.32
Nov 26 2020,DOT,$5.30,0,1050410958.90,200000000.00,500000000.00,300000000.00,50410958.90
Nov 21 2020,DOT,$5.23,0,1049041095.89,200000000.00,500000000.00,300000000.00,49041095.89
Nov 16 2020,DOT,$4.37,0,1047671232.88,200000000.00,500000000.00,300000000.00,47671232.88
Nov 12 2020,DOT,$4.45,0,1046575342.47,200000000.00,500000000.00,300000000.00,46575342.47
Nov 07 2020,DOT,$4.57,0,1045205479.45,200000000.00,500000000.00,300000000.00,45205479.45
Nov 03 2020,DOT,$4.02,0,1044109589.04,200000000.00,500000000.00,300000000.00,44109589.04
Oct 29 2020,DOT,$4.36,0,1042739726.03,200000000.00,500000000.00,300000000.00,42739726.03
Oct 25 2020,DOT,$4.35,0,1041643835.62,200000000.00,500000000.00,300000000.00,41643835.62
Oct 20 2020,DOT,$3.99,0,1040273972.60,200000000.00,500000000.00,300000000.00,40273972.60
Oct 15 2020,DOT,$4.19,0,1038904109.59,200000000.00,500000000.00,300000000.00,38904109.59
Oct 11 2020,DOT,$4.25,0,1037808219.18,200000000.00,500000000.00,300000000.00,37808219.18
Oct 06 2020,DOT,$4.16,0,1036438356.16,200000000.00,500000000.00,300000000.00,36438356.16
Oct 02 2020,DOT,$4.34,0,1035342465.75,200000000.00,500000000.00,300000000.00,35342465.75
Sep 27 2020,DOT,$4.34,0,1033972602.74,200000000.00,500000000.00,300000000.00,33972602.74
Sep 22 2020,DOT,$4.09,0,1032602739.73,200000000.00,500000000.00,300000000.00,32602739.73
Sep 18 2020,DOT,$5.32,0,1031506849.32,200000000.00,500000000.00,300000000.00,31506849.32
Sep 13 2020,DOT,$5.14,0,1030136986.30,200000000.00,500000000.00,300000000.00,30136986.30
Sep 09 2020,DOT,$4.28,0,1029041095.89,200000000.00,500000000.00,300000000.00,29041095.89
Sep 04 2020,DOT,$5.68,0,1027671232.88,200000000.00,500000000.00,300000000.00,27671232.88
Aug 30 2020,DOT,$6.15,0,1026301369.86,200000000.00,500000000.00,300000000.00,26301369.86
Aug 26 2020,DOT,$5.49,0,1025205479.45,200000000.00,500000000.00,300000000.00,25205479.45
Aug 21 2020,DOT,$2.90,0,1023835616.44,200000000.00,500000000.00,300000000.00,23835616.44
Aug 17 2020,DOT,0,0,22739726.03,0,0,0,22739726.03
Aug 12 2020,DOT,0,0,21369863.01,0,0,0,21369863.01
Aug 07 2020,DOT,0,0,20000000.00,0,0,0,20000000.00
Aug 03 2020,DOT,0,0,18904109.59,0,0,0,18904109.59
Jul 29 2020,DOT,0,0,17534246.58,0,0,0,17534246.58
Jul 25 2020,DOT,0,0,16438356.16,0,0,0,16438356.16
Jul 20 2020,DOT,0,0,15068493.15,0,0,0,15068493.15
Jul 16 2020,DOT,0,0,13972602.74,0,0,0,13972602.74
Jul 11 2020,DOT,0,0,12602739.73,0,0,0,12602739.73
Jul 06 2020,DOT,0,0,11232876.71,0,0,0,11232876.71
Jul 02 2020,DOT,0,0,10136986.30,0,0,0,10136986.30
Jun 27 2020,DOT,0,0,8767123.29,0,0,0,8767123.29
Jun 23 2020,DOT,0,0,7671232.88,0,0,0,7671232.88
Jun 18 2020,DOT,0,0,6301369.86,0,0,0,6301369.86
Jun 13 2020,DOT,0,0,4931506.85,0,0,0,4931506.85
Jun 09 2020,DOT,0,0,3835616.44,0,0,0,3835616.44
Jun 04 2020,DOT,0,0,2465753.42,0,0,0,2465753.42
May 31 2020,DOT,0,0,1369863.01,0,0,0,1369863.01
May 26 2020,DOT,0,0.00,0.00,0,0,0,0
