Date,Symbol,Price,Available Supply,Unlocked Supply,Community & Other
Jun 30 2024,SHIB,0,1000000000000000.00,1000000000000000.00,1000000000000000.00
Jun 28 2024,SHIB,0,1000000000000000.00,1000000000000000.00,1000000000000000.00
Jun 27 2024,SHIB,0,1000000000000000.00,1000000000000000.00,1000000000000000.00
Jun 25 2024,SHIB,0,1000000000000000.00,1000000000000000.00,1000000000000000.00
Jun 23 2024,SHIB,0,1000000000000000.00,1000000000000000.00,1000000000000000.00
Jun 22 2024,SHIB,0,1000000000000000.00,1000000000000000.00,1000000000000000.00
Jun 20 2024,SHIB,0,1000000000000000.00,1000000000000000.00,1000000000000000.00
Jun 18 2024,SHIB,0,1000000000000000.00,1000000000000000.00,1000000000000000.00
Jun 16 2024,SHIB,0,1000000000000000.00,1000000000000000.00,1000000000000000.00
Jun 15 2024,SHIB,0,1000000000000000.00,1000000000000000.00,1000000000000000.00
Jun 13 2024,SHIB,0,1000000000000000.00,1000000000000000.00,1000000000000000.00
Jun 11 2024,SHIB,0,1000000000000000.00,1000000000000000.00,1000000000000000.00
Jun 10 2024,SHIB,0,1000000000000000.00,1000000000000000.00,1000000000000000.00
Jun 08 2024,SHIB,0,1000000000000000.00,1000000000000000.00,1000000000000000.00
Jun 06 2024,SHIB,0,1000000000000000.00,1000000000000000.00,1000000000000000.00
Jun 05 2024,SHIB,0,1000000000000000.00,1000000000000000.00,1000000000000000.00
Jun 03 2024,SHIB,0,1000000000000000.00,1000000000000000.00,1000000000000000.00
Jun 01 2024,SHIB,0,1000000000000000.00,1000000000000000.00,1000000000000000.00
May 30 2024,SHIB,0,1000000000000000.00,1000000000000000.00,1000000000000000.00
May 29 2024,SHIB,0,1000000000000000.00,1000000000000000.00,1000000000000000.00
May 27 2024,SHIB,0,1000000000000000.00,1000000000000000.00,1000000000000000.00
May 25 2024,SHIB,0,1000000000000000.00,1000000000000000.00,1000000000000000.00
May 24 2024,SHIB,0,1000000000000000.00,1000000000000000.00,1000000000000000.00
May 22 2024,SHIB,0,1000000000000000.00,1000000000000000.00,1000000000000000.00
May 20 2024,SHIB,0,1000000000000000.00,1000000000000000.00,1000000000000000.00
May 19 2024,SHIB,0,1000000000000000.00,1000000000000000.00,1000000000000000.00
May 17 2024,SHIB,0,1000000000000000.00,1000000000000000.00,1000000000000000.00
May 15 2024,SHIB,0,1000000000000000.00,1000000000000000.00,1000000000000000.00
May 14 2024,SHIB,0,1000000000000000.00,1000000000000000.00,1000000000000000.00
May 12 2024,SHIB,0,1000000000000000.00,1000000000000000.00,1000000000000000.00
May 10 2024,SHIB,0,1000000000000000.00,1000000000000000.00,1000000000000000.00
May 08 2024,SHIB,0,1000000000000000.00,1000000000000000.00,1000000000000000.00
May 07 2024,SHIB,0,1000000000000000.00,1000000000000000.00,1000000000000000.00
May 05 2024,SHIB,0,1000000000000000.00,1000000000000000.00,1000000000000000.00
May 03 2024,SHIB,0,1000000000000000.00,1000000000000000.00,1000000000000000.00
May 02 2024,SHIB,0,1000000000000000.00,1000000000000000.00,1000000000000000.00
Apr 30 2024,SHIB,0,1000000000000000.00,1000000000000000.00,1000000000000000.00
Apr 28 2024,SHIB,0,1000000000000000.00,1000000000000000.00,1000000000000000.00
Apr 27 2024,SHIB,0,1000000000000000.00,1000000000000000.00,1000000000000000.00
Apr 25 2024,SHIB,0,1000000000000000.00,1000000000000000.00,1000000000000000.00
Apr 23 2024,SHIB,0,1000000000000000.00,1000000000000000.00,1000000000000000.00
Apr 21 2024,SHIB,0,1000000000000000.00,1000000000000000.00,1000000000000000.00
Apr 20 2024,SHIB,0,1000000000000000.00,1000000000000000.00,1000000000000000.00
Apr 18 2024,SHIB,0,1000000000000000.00,1000000000000000.00,1000000000000000.00
Apr 16 2024,SHIB,0,1000000000000000.00,1000000000000000.00,1000000000000000.00
Apr 15 2024,SHIB,0,1000000000000000.00,1000000000000000.00,1000000000000000.00
Apr 13 2024,SHIB,0,1000000000000000.00,1000000000000000.00,1000000000000000.00
Apr 11 2024,SHIB,0,1000000000000000.00,1000000000000000.00,1000000000000000.00
Apr 10 2024,SHIB,0,1000000000000000.00,1000000000000000.00,1000000000000000.00
Apr 08 2024,SHIB,0,1000000000000000.00,1000000000000000.00,1000000000000000.00
Apr 06 2024,SHIB,0,1000000000000000.00,1000000000000000.00,1000000000000000.00
Apr 04 2024,SHIB,0,1000000000000000.00,1000000000000000.00,1000000000000000.00
Apr 03 2024,SHIB,0,1000000000000000.00,1000000000000000.00,1000000000000000.00
Apr 01 2024,SHIB,$0.00,1000000000000000.00,1000000000000000.00,1000000000000000.00
Mar 30 2024,SHIB,$0.00,0,1000000000000000.00,1000000000000000.00
Mar 29 2024,SHIB,$0.00,0,1000000000000000.00,1000000000000000.00
Mar 27 2024,SHIB,$0.00,0,1000000000000000.00,1000000000000000.00
Mar 25 2024,SHIB,$0.00,0,1000000000000000.00,1000000000000000.00
Mar 24 2024,SHIB,$0.00,0,1000000000000000.00,1000000000000000.00
Mar 22 2024,SHIB,$0.00,0,1000000000000000.00,1000000000000000.00
Mar 20 2024,SHIB,$0.00,0,1000000000000000.00,1000000000000000.00
Mar 19 2024,SHIB,$0.00,0,1000000000000000.00,1000000000000000.00
Mar 17 2024,SHIB,$0.00,0,1000000000000000.00,1000000000000000.00
Mar 15 2024,SHIB,$0.00,0,1000000000000000.00,1000000000000000.00
Mar 13 2024,SHIB,$0.00,0,1000000000000000.00,1000000000000000.00
Mar 12 2024,SHIB,$0.00,0,1000000000000000.00,1000000000000000.00
Mar 10 2024,SHIB,$0.00,0,1000000000000000.00,1000000000000000.00
Mar 08 2024,SHIB,$0.00,0,1000000000000000.00,1000000000000000.00
Mar 07 2024,SHIB,$0.00,0,1000000000000000.00,1000000000000000.00
Mar 05 2024,SHIB,$0.00,0,1000000000000000.00,1000000000000000.00
Mar 03 2024,SHIB,$0.00,0,1000000000000000.00,1000000000000000.00
Mar 02 2024,SHIB,$0.00,0,1000000000000000.00,1000000000000000.00
Feb 29 2024,SHIB,$0.00,0,1000000000000000.00,1000000000000000.00
Feb 27 2024,SHIB,$0.00,0,1000000000000000.00,1000000000000000.00
Feb 25 2024,SHIB,$0.0 5 9630,0,1000000000000000.00,1000000000000000.00
Feb 24 2024,SHIB,$0.0 5 9490,0,1000000000000000.00,1000000000000000.00
Feb 22 2024,SHIB,$0.0 5 9490,0,1000000000000000.00,1000000000000000.00
Feb 20 2024,SHIB,$0.0 5 9910,0,1000000000000000.00,1000000000000000.00
Feb 19 2024,SHIB,$0.0 5 9780,0,1000000000000000.00,1000000000000000.00
Feb 17 2024,SHIB,$0.0 5 9820,0,1000000000000000.00,1000000000000000.00
Feb 15 2024,SHIB,$0.0 5 9770,0,1000000000000000.00,1000000000000000.00
Feb 14 2024,SHIB,$0.0 5 9480,0,1000000000000000.00,1000000000000000.00
Feb 12 2024,SHIB,$0.0 5 9400,0,1000000000000000.00,1000000000000000.00
Feb 10 2024,SHIB,$0.0 5 9420,0,1000000000000000.00,1000000000000000.00
Feb 09 2024,SHIB,$0.0 5 9200,0,1000000000000000.00,1000000000000000.00
Feb 07 2024,SHIB,$0.0 5 8890,0,1000000000000000.00,1000000000000000.00
Feb 05 2024,SHIB,$0.0 5 8900,0,1000000000000000.00,1000000000000000.00
Feb 03 2024,SHIB,$0.0 5 9050,0,1000000000000000.00,1000000000000000.00
Feb 02 2024,SHIB,$0.0 5 9010,0,1000000000000000.00,1000000000000000.00
Jan 31 2024,SHIB,$0.0 5 9110,0,1000000000000000.00,1000000000000000.00
Jan 29 2024,SHIB,$0.0 5 8980,0,1000000000000000.00,1000000000000000.00
Jan 28 2024,SHIB,$0.0 5 9170,0,1000000000000000.00,1000000000000000.00
Jan 26 2024,SHIB,$0.0 5 8860,0,1000000000000000.00,1000000000000000.00
Jan 24 2024,SHIB,$0.0 5 8760,0,1000000000000000.00,1000000000000000.00
Jan 23 2024,SHIB,$0.0 5 8970,0,1000000000000000.00,1000000000000000.00
Jan 21 2024,SHIB,$0.0 5 9630,0,1000000000000000.00,1000000000000000.00
Jan 19 2024,SHIB,$0.0 5 9210,0,1000000000000000.00,1000000000000000.00
Jan 17 2024,SHIB,$0.0 5 9690,0,1000000000000000.00,1000000000000000.00
Jan 16 2024,SHIB,$0.0 5 9550,0,1000000000000000.00,1000000000000000.00
Jan 14 2024,SHIB,$0.0 5 9920,0,1000000000000000.00,1000000000000000.00
Jan 12 2024,SHIB,$0.00,0,1000000000000000.00,1000000000000000.00
Jan 11 2024,SHIB,$0.0 5 9970,0,1000000000000000.00,1000000000000000.00
Jan 09 2024,SHIB,$0.0 5 9540,0,1000000000000000.00,1000000000000000.00
Jan 07 2024,SHIB,$0.0 5 9560,0,1000000000000000.00,1000000000000000.00
Jan 06 2024,SHIB,$0.0 5 9820,0,1000000000000000.00,1000000000000000.00
Jan 04 2024,SHIB,$0.0 5 9550,0,1000000000000000.00,1000000000000000.00
Jan 02 2024,SHIB,$0.00,0,1000000000000000.00,1000000000000000.00
Dec 31 2023,SHIB,$0.00,0,1000000000000000.00,1000000000000000.00
Dec 30 2023,SHIB,$0.00,0,1000000000000000.00,1000000000000000.00
Dec 28 2023,SHIB,$0.00,0,1000000000000000.00,1000000000000000.00
Dec 26 2023,SHIB,$0.00,0,1000000000000000.00,1000000000000000.00
Dec 25 2023,SHIB,$0.00,0,1000000000000000.00,1000000000000000.00
Dec 23 2023,SHIB,$0.00,0,1000000000000000.00,1000000000000000.00
Dec 21 2023,SHIB,$0.00,0,1000000000000000.00,1000000000000000.00
Dec 20 2023,SHIB,$0.00,0,1000000000000000.00,1000000000000000.00
Dec 18 2023,SHIB,$0.00,0,1000000000000000.00,1000000000000000.00
Dec 16 2023,SHIB,$0.0 5 9670,0,1000000000000000.00,1000000000000000.00
Dec 15 2023,SHIB,$0.00,0,1000000000000000.00,1000000000000000.00
Dec 13 2023,SHIB,$0.0 5 9510,0,1000000000000000.00,1000000000000000.00
Dec 11 2023,SHIB,$0.00,0,1000000000000000.00,1000000000000000.00
Dec 09 2023,SHIB,$0.00,0,1000000000000000.00,1000000000000000.00
Dec 08 2023,SHIB,$0.0 5 9740,0,1000000000000000.00,1000000000000000.00
Dec 06 2023,SHIB,$0.0 5 9370,0,1000000000000000.00,1000000000000000.00
Dec 04 2023,SHIB,$0.0 5 9100,0,1000000000000000.00,1000000000000000.00
Dec 03 2023,SHIB,$0.0 5 8510,0,1000000000000000.00,1000000000000000.00
Dec 01 2023,SHIB,$0.0 5 8270,0,1000000000000000.00,1000000000000000.00
Nov 29 2023,SHIB,$0.0 5 8250,0,1000000000000000.00,1000000000000000.00
Nov 28 2023,SHIB,$0.0 5 8150,0,1000000000000000.00,1000000000000000.00
Nov 26 2023,SHIB,$0.0 5 8460,0,1000000000000000.00,1000000000000000.00
Nov 24 2023,SHIB,$0.0 5 8130,0,1000000000000000.00,1000000000000000.00
Nov 22 2023,SHIB,$0.0 5 7830,0,1000000000000000.00,1000000000000000.00
Nov 21 2023,SHIB,$0.0 5 8480,0,1000000000000000.00,1000000000000000.00
Nov 19 2023,SHIB,$0.0 5 8540,0,1000000000000000.00,1000000000000000.00
Nov 17 2023,SHIB,$0.0 5 8540,0,1000000000000000.00,1000000000000000.00
Nov 16 2023,SHIB,$0.0 5 8810,0,1000000000000000.00,1000000000000000.00
Nov 14 2023,SHIB,$0.0 5 8600,0,1000000000000000.00,1000000000000000.00
Nov 12 2023,SHIB,$0.0 5 9050,0,1000000000000000.00,1000000000000000.00
Nov 11 2023,SHIB,$0.0 5 8540,0,1000000000000000.00,1000000000000000.00
Nov 09 2023,SHIB,$0.0 5 8350,0,1000000000000000.00,1000000000000000.00
Nov 07 2023,SHIB,$0.0 5 8470,0,1000000000000000.00,1000000000000000.00
Nov 06 2023,SHIB,$0.0 5 8130,0,1000000000000000.00,1000000000000000.00
Nov 04 2023,SHIB,$0.0 5 7840,0,1000000000000000.00,1000000000000000.00
Nov 02 2023,SHIB,$0.0 5 7910,0,1000000000000000.00,1000000000000000.00
Oct 31 2023,SHIB,$0.0 5 7980,0,1000000000000000.00,1000000000000000.00
Oct 30 2023,SHIB,$0.0 5 8070,0,1000000000000000.00,1000000000000000.00
Oct 28 2023,SHIB,$0.0 5 7690,0,1000000000000000.00,1000000000000000.00
Oct 26 2023,SHIB,$0.0 5 7880,0,1000000000000000.00,1000000000000000.00
Oct 25 2023,SHIB,$0.0 5 7430,0,1000000000000000.00,1000000000000000.00
Oct 23 2023,SHIB,$0.0 5 7100,0,1000000000000000.00,1000000000000000.00
Oct 21 2023,SHIB,$0.0 5 6940,0,1000000000000000.00,1000000000000000.00
Oct 20 2023,SHIB,$0.0 5 6810,0,1000000000000000.00,1000000000000000.00
Oct 18 2023,SHIB,$0.0 5 6910,0,1000000000000000.00,1000000000000000.00
Oct 16 2023,SHIB,$0.0 5 6960,0,1000000000000000.00,1000000000000000.00
Oct 14 2023,SHIB,$0.0 5 6920,0,1000000000000000.00,1000000000000000.00
Oct 13 2023,SHIB,$0.0 5 6800,0,1000000000000000.00,1000000000000000.00
Oct 11 2023,SHIB,$0.0 5 6910,0,1000000000000000.00,1000000000000000.00
Oct 09 2023,SHIB,$0.0 5 7190,0,1000000000000000.00,1000000000000000.00
Oct 08 2023,SHIB,$0.0 5 7240,0,1000000000000000.00,1000000000000000.00
Oct 06 2023,SHIB,$0.0 5 7170,0,1000000000000000.00,1000000000000000.00
Oct 04 2023,SHIB,$0.0 5 7260,0,1000000000000000.00,1000000000000000.00
Oct 03 2023,SHIB,$0.0 5 7300,0,1000000000000000.00,1000000000000000.00
Oct 01 2023,SHIB,$0.0 5 7350,0,1000000000000000.00,1000000000000000.00
Sep 29 2023,SHIB,$0.0 5 7290,0,1000000000000000.00,1000000000000000.00
Sep 27 2023,SHIB,$0.0 5 7220,0,1000000000000000.00,1000000000000000.00
Sep 26 2023,SHIB,$0.0 5 7270,0,1000000000000000.00,1000000000000000.00
Sep 24 2023,SHIB,$0.0 5 7500,0,1000000000000000.00,1000000000000000.00
Sep 22 2023,SHIB,$0.0 5 7270,0,1000000000000000.00,1000000000000000.00
Sep 21 2023,SHIB,$0.0 5 7440,0,1000000000000000.00,1000000000000000.00
Sep 19 2023,SHIB,$0.0 5 7280,0,1000000000000000.00,1000000000000000.00
Sep 17 2023,SHIB,$0.0 5 7390,0,1000000000000000.00,1000000000000000.00
Sep 16 2023,SHIB,$0.0 5 7470,0,1000000000000000.00,1000000000000000.00
Sep 14 2023,SHIB,$0.0 5 7250,0,1000000000000000.00,1000000000000000.00
Sep 12 2023,SHIB,$0.0 5 7030,0,1000000000000000.00,1000000000000000.00
Sep 11 2023,SHIB,$0.0 5 7370,0,1000000000000000.00,1000000000000000.00
Sep 09 2023,SHIB,$0.0 5 7560,0,1000000000000000.00,1000000000000000.00
Sep 07 2023,SHIB,$0.0 5 7650,0,1000000000000000.00,1000000000000000.00
Sep 05 2023,SHIB,$0.0 5 7470,0,1000000000000000.00,1000000000000000.00
Sep 04 2023,SHIB,$0.0 5 7660,0,1000000000000000.00,1000000000000000.00
Sep 02 2023,SHIB,$0.0 5 7840,0,1000000000000000.00,1000000000000000.00
Aug 31 2023,SHIB,$0.0 5 8150,0,1000000000000000.00,1000000000000000.00
Aug 30 2023,SHIB,$0.0 5 8390,0,1000000000000000.00,1000000000000000.00
Aug 28 2023,SHIB,$0.0 5 8040,0,1000000000000000.00,1000000000000000.00
Aug 26 2023,SHIB,$0.0 5 8120,0,1000000000000000.00,1000000000000000.00
Aug 25 2023,SHIB,$0.0 5 8150,0,1000000000000000.00,1000000000000000.00
Aug 23 2023,SHIB,$0.0 5 7910,0,1000000000000000.00,1000000000000000.00
Aug 21 2023,SHIB,$0.0 5 8350,0,1000000000000000.00,1000000000000000.00
Aug 19 2023,SHIB,$0.0 5 8590,0,1000000000000000.00,1000000000000000.00
Aug 18 2023,SHIB,$0.0 5 8050,0,1000000000000000.00,1000000000000000.00
Aug 16 2023,SHIB,$0.0 5 9960,0,1000000000000000.00,1000000000000000.00
Aug 14 2023,SHIB,$0.00,0,1000000000000000.00,1000000000000000.00
Aug 13 2023,SHIB,$0.00,0,1000000000000000.00,1000000000000000.00
Aug 11 2023,SHIB,$0.0 5 9940,0,1000000000000000.00,1000000000000000.00
Aug 09 2023,SHIB,$0.0 5 9430,0,1000000000000000.00,1000000000000000.00
Aug 08 2023,SHIB,$0.0 5 8970,0,1000000000000000.00,1000000000000000.00
Aug 06 2023,SHIB,$0.00,0,1000000000000000.00,1000000000000000.00
Aug 04 2023,SHIB,$0.0 5 8270,0,1000000000000000.00,1000000000000000.00
Aug 03 2023,SHIB,$0.0 5 8180,0,1000000000000000.00,1000000000000000.00
Aug 01 2023,SHIB,$0.0 5 8470,0,1000000000000000.00,1000000000000000.00
Jul 30 2023,SHIB,$0.0 5 8590,0,1000000000000000.00,1000000000000000.00
Jul 28 2023,SHIB,$0.0 5 7790,0,1000000000000000.00,1000000000000000.00
Jul 27 2023,SHIB,$0.0 5 7840,0,1000000000000000.00,1000000000000000.00
Jul 25 2023,SHIB,$0.0 5 7650,0,1000000000000000.00,1000000000000000.00
Jul 23 2023,SHIB,$0.0 5 7810,0,1000000000000000.00,1000000000000000.00
Jul 22 2023,SHIB,$0.0 5 7840,0,1000000000000000.00,1000000000000000.00
Jul 20 2023,SHIB,$0.0 5 7730,0,1000000000000000.00,1000000000000000.00
Jul 18 2023,SHIB,$0.0 5 7830,0,1000000000000000.00,1000000000000000.00
Jul 17 2023,SHIB,$0.0 5 7930,0,1000000000000000.00,1000000000000000.00
Jul 15 2023,SHIB,$0.0 5 7960,0,1000000000000000.00,1000000000000000.00
Jul 13 2023,SHIB,$0.0 5 7500,0,1000000000000000.00,1000000000000000.00
Jul 11 2023,SHIB,$0.0 5 7520,0,1000000000000000.00,1000000000000000.00
Jul 10 2023,SHIB,$0.0 5 7710,0,1000000000000000.00,1000000000000000.00
Jul 08 2023,SHIB,$0.0 5 7310,0,1000000000000000.00,1000000000000000.00
Jul 06 2023,SHIB,$0.0 5 7450,0,1000000000000000.00,1000000000000000.00
Jul 05 2023,SHIB,$0.0 5 7720,0,1000000000000000.00,1000000000000000.00
Jul 03 2023,SHIB,$0.0 5 7670,0,1000000000000000.00,1000000000000000.00
Jul 01 2023,SHIB,$0.0 5 7580,0,1000000000000000.00,1000000000000000.00
Jun 30 2023,SHIB,$0.0 5 7330,0,1000000000000000.00,1000000000000000.00
Jun 28 2023,SHIB,$0.0 5 7550,0,1000000000000000.00,1000000000000000.00
Jun 26 2023,SHIB,$0.0 5 7890,0,1000000000000000.00,1000000000000000.00
Jun 25 2023,SHIB,$0.0 5 7830,0,1000000000000000.00,1000000000000000.00
Jun 23 2023,SHIB,$0.0 5 7880,0,1000000000000000.00,1000000000000000.00
Jun 21 2023,SHIB,$0.0 5 7250,0,1000000000000000.00,1000000000000000.00
Jun 19 2023,SHIB,$0.0 5 7170,0,1000000000000000.00,1000000000000000.00
Jun 18 2023,SHIB,$0.0 5 6970,0,1000000000000000.00,1000000000000000.00
Jun 16 2023,SHIB,$0.0 5 6760,0,1000000000000000.00,1000000000000000.00
Jun 14 2023,SHIB,$0.0 5 6770,0,1000000000000000.00,1000000000000000.00
Jun 13 2023,SHIB,$0.0 5 6690,0,1000000000000000.00,1000000000000000.00
Jun 11 2023,SHIB,$0.0 5 6990,0,1000000000000000.00,1000000000000000.00
Jun 09 2023,SHIB,$0.0 5 7950,0,1000000000000000.00,1000000000000000.00
Jun 08 2023,SHIB,$0.0 5 7870,0,1000000000000000.00,1000000000000000.00
Jun 06 2023,SHIB,$0.0 5 7990,0,1000000000000000.00,1000000000000000.00
Jun 04 2023,SHIB,$0.0 5 8590,0,1000000000000000.00,1000000000000000.00
Jun 02 2023,SHIB,$0.0 5 8490,0,1000000000000000.00,1000000000000000.00
Jun 01 2023,SHIB,$0.0 5 8510,0,1000000000000000.00,1000000000000000.00
May 30 2023,SHIB,$0.0 5 8730,0,1000000000000000.00,1000000000000000.00
May 28 2023,SHIB,$0.0 5 8650,0,1000000000000000.00,1000000000000000.00
May 27 2023,SHIB,$0.0 5 8590,0,1000000000000000.00,1000000000000000.00
May 25 2023,SHIB,$0.0 5 8540,0,1000000000000000.00,1000000000000000.00
May 23 2023,SHIB,$0.0 5 8810,0,1000000000000000.00,1000000000000000.00
May 22 2023,SHIB,$0.0 5 8580,0,1000000000000000.00,1000000000000000.00
May 20 2023,SHIB,$0.0 5 8720,0,1000000000000000.00,1000000000000000.00
May 18 2023,SHIB,$0.0 5 8810,0,1000000000000000.00,1000000000000000.00
May 16 2023,SHIB,$0.0 5 8870,0,1000000000000000.00,1000000000000000.00
May 15 2023,SHIB,$0.0 5 8840,0,1000000000000000.00,1000000000000000.00
May 13 2023,SHIB,$0.0 5 8890,0,1000000000000000.00,1000000000000000.00
May 11 2023,SHIB,$0.0 5 9070,0,1000000000000000.00,1000000000000000.00
May 10 2023,SHIB,$0.0 5 9010,0,1000000000000000.00,1000000000000000.00
May 08 2023,SHIB,$0.0 5 9440,0,1000000000000000.00,1000000000000000.00
May 06 2023,SHIB,$0.00,0,1000000000000000.00,1000000000000000.00
May 05 2023,SHIB,$0.0 5 9930,0,1000000000000000.00,1000000000000000.00
May 03 2023,SHIB,$0.00,0,1000000000000000.00,1000000000000000.00
May 01 2023,SHIB,$0.00,0,1000000000000000.00,1000000000000000.00
Apr 30 2023,SHIB,$0.00,0,1000000000000000.00,1000000000000000.00
Apr 28 2023,SHIB,$0.00,0,1000000000000000.00,1000000000000000.00
Apr 26 2023,SHIB,$0.00,0,1000000000000000.00,1000000000000000.00
Apr 24 2023,SHIB,$0.00,0,1000000000000000.00,1000000000000000.00
Apr 23 2023,SHIB,$0.00,0,1000000000000000.00,1000000000000000.00
Apr 21 2023,SHIB,$0.00,0,1000000000000000.00,1000000000000000.00
Apr 19 2023,SHIB,$0.00,0,1000000000000000.00,1000000000000000.00
Apr 18 2023,SHIB,$0.00,0,1000000000000000.00,1000000000000000.00
Apr 16 2023,SHIB,$0.00,0,1000000000000000.00,1000000000000000.00
Apr 14 2023,SHIB,$0.00,0,1000000000000000.00,1000000000000000.00
Apr 13 2023,SHIB,$0.00,0,1000000000000000.00,1000000000000000.00
Apr 11 2023,SHIB,$0.00,0,1000000000000000.00,1000000000000000.00
Apr 09 2023,SHIB,$0.00,0,1000000000000000.00,1000000000000000.00
Apr 07 2023,SHIB,$0.00,0,1000000000000000.00,1000000000000000.00
Apr 06 2023,SHIB,$0.00,0,1000000000000000.00,1000000000000000.00
Apr 04 2023,SHIB,$0.00,0,1000000000000000.00,1000000000000000.00
Apr 02 2023,SHIB,$0.00,0,1000000000000000.00,1000000000000000.00
Apr 01 2023,SHIB,$0.00,0,1000000000000000.00,1000000000000000.00
Mar 30 2023,SHIB,$0.00,0,1000000000000000.00,1000000000000000.00
Mar 28 2023,SHIB,$0.00,0,1000000000000000.00,1000000000000000.00
Mar 27 2023,SHIB,$0.00,0,1000000000000000.00,1000000000000000.00
Mar 25 2023,SHIB,$0.00,0,1000000000000000.00,1000000000000000.00
Mar 23 2023,SHIB,$0.00,0,1000000000000000.00,1000000000000000.00
Mar 22 2023,SHIB,$0.00,0,1000000000000000.00,1000000000000000.00
Mar 20 2023,SHIB,$0.00,0,1000000000000000.00,1000000000000000.00
Mar 18 2023,SHIB,$0.00,0,1000000000000000.00,1000000000000000.00
Mar 16 2023,SHIB,$0.00,0,1000000000000000.00,1000000000000000.00
Mar 15 2023,SHIB,$0.00,0,1000000000000000.00,1000000000000000.00
Mar 13 2023,SHIB,$0.00,0,1000000000000000.00,1000000000000000.00
Mar 11 2023,SHIB,$0.00,0,1000000000000000.00,1000000000000000.00
Mar 10 2023,SHIB,$0.00,0,1000000000000000.00,1000000000000000.00
Mar 08 2023,SHIB,$0.00,0,1000000000000000.00,1000000000000000.00
Mar 06 2023,SHIB,$0.00,0,1000000000000000.00,1000000000000000.00
Mar 05 2023,SHIB,$0.00,0,1000000000000000.00,1000000000000000.00
Mar 03 2023,SHIB,$0.00,0,1000000000000000.00,1000000000000000.00
Mar 01 2023,SHIB,$0.00,0,1000000000000000.00,1000000000000000.00
Feb 27 2023,SHIB,$0.00,0,1000000000000000.00,1000000000000000.00
Feb 26 2023,SHIB,$0.00,0,1000000000000000.00,1000000000000000.00
Feb 24 2023,SHIB,$0.00,0,1000000000000000.00,1000000000000000.00
Feb 22 2023,SHIB,$0.00,0,1000000000000000.00,1000000000000000.00
Feb 21 2023,SHIB,$0.00,0,1000000000000000.00,1000000000000000.00
Feb 19 2023,SHIB,$0.00,0,1000000000000000.00,1000000000000000.00
Feb 17 2023,SHIB,$0.00,0,1000000000000000.00,1000000000000000.00
Feb 16 2023,SHIB,$0.00,0,1000000000000000.00,1000000000000000.00
Feb 14 2023,SHIB,$0.00,0,1000000000000000.00,1000000000000000.00
Feb 12 2023,SHIB,$0.00,0,1000000000000000.00,1000000000000000.00
Feb 10 2023,SHIB,$0.00,0,1000000000000000.00,1000000000000000.00
Feb 09 2023,SHIB,$0.00,0,1000000000000000.00,1000000000000000.00
Feb 07 2023,SHIB,$0.00,0,1000000000000000.00,1000000000000000.00
Feb 05 2023,SHIB,$0.00,0,1000000000000000.00,1000000000000000.00
Feb 04 2023,SHIB,$0.00,0,1000000000000000.00,1000000000000000.00
Feb 02 2023,SHIB,$0.00,0,1000000000000000.00,1000000000000000.00
Jan 31 2023,SHIB,$0.00,0,1000000000000000.00,1000000000000000.00
Jan 30 2023,SHIB,$0.00,0,1000000000000000.00,1000000000000000.00
Jan 28 2023,SHIB,$0.00,0,1000000000000000.00,1000000000000000.00
Jan 26 2023,SHIB,$0.00,0,1000000000000000.00,1000000000000000.00
Jan 25 2023,SHIB,$0.00,0,1000000000000000.00,1000000000000000.00
Jan 23 2023,SHIB,$0.00,0,1000000000000000.00,1000000000000000.00
Jan 21 2023,SHIB,$0.00,0,1000000000000000.00,1000000000000000.00
Jan 19 2023,SHIB,$0.00,0,1000000000000000.00,1000000000000000.00
Jan 18 2023,SHIB,$0.00,0,1000000000000000.00,1000000000000000.00
Jan 16 2023,SHIB,$0.00,0,1000000000000000.00,1000000000000000.00
Jan 14 2023,SHIB,$0.00,0,1000000000000000.00,1000000000000000.00
Jan 13 2023,SHIB,$0.0 5 9510,0,1000000000000000.00,1000000000000000.00
Jan 11 2023,SHIB,$0.0 5 9220,0,1000000000000000.00,1000000000000000.00
Jan 09 2023,SHIB,$0.0 5 8590,0,1000000000000000.00,1000000000000000.00
Jan 08 2023,SHIB,$0.0 5 8430,0,1000000000000000.00,1000000000000000.00
Jan 06 2023,SHIB,$0.0 5 8520,0,1000000000000000.00,1000000000000000.00
Jan 04 2023,SHIB,$0.0 5 8120,0,1000000000000000.00,1000000000000000.00
Jan 02 2023,SHIB,$0.0 5 8130,0,1000000000000000.00,1000000000000000.00
Jan 01 2023,SHIB,$0.0 5 8100,0,1000000000000000.00,1000000000000000.00
Dec 30 2022,SHIB,$0.0 5 8200,0,1000000000000000.00,1000000000000000.00
Dec 28 2022,SHIB,$0.0 5 8180,0,1000000000000000.00,1000000000000000.00
Dec 27 2022,SHIB,$0.0 5 8280,0,1000000000000000.00,1000000000000000.00
Dec 25 2022,SHIB,$0.0 5 8320,0,1000000000000000.00,1000000000000000.00
Dec 23 2022,SHIB,$0.0 5 8320,0,1000000000000000.00,1000000000000000.00
Dec 22 2022,SHIB,$0.0 5 8240,0,1000000000000000.00,1000000000000000.00
Dec 20 2022,SHIB,$0.0 5 8110,0,1000000000000000.00,1000000000000000.00
Dec 18 2022,SHIB,$0.0 5 8260,0,1000000000000000.00,1000000000000000.00
Dec 17 2022,SHIB,$0.0 5 8210,0,1000000000000000.00,1000000000000000.00
Dec 15 2022,SHIB,$0.0 5 9000,0,1000000000000000.00,1000000000000000.00
Dec 13 2022,SHIB,$0.0 5 8960,0,1000000000000000.00,1000000000000000.00
Dec 11 2022,SHIB,$0.0 5 9180,0,1000000000000000.00,1000000000000000.00
Dec 10 2022,SHIB,$0.0 5 9210,0,1000000000000000.00,1000000000000000.00
Dec 08 2022,SHIB,$0.0 5 9100,0,1000000000000000.00,1000000000000000.00
Dec 06 2022,SHIB,$0.0 5 9430,0,1000000000000000.00,1000000000000000.00
Dec 05 2022,SHIB,$0.0 5 9350,0,1000000000000000.00,1000000000000000.00
Dec 03 2022,SHIB,$0.0 5 9340,0,1000000000000000.00,1000000000000000.00
Dec 01 2022,SHIB,$0.0 5 9400,0,1000000000000000.00,1000000000000000.00
Nov 30 2022,SHIB,$0.0 5 9099,0,1000000000000000.00,1000000000000000.00
Nov 28 2022,SHIB,$0.0 5 9300,0,1000000000000000.00,1000000000000000.00
Nov 26 2022,SHIB,$0.0 5 9203,0,1000000000000000.00,1000000000000000.00
Nov 24 2022,SHIB,$0.0 5 9065,0,1000000000000000.00,1000000000000000.00
Nov 23 2022,SHIB,$0.0 5 8799,0,1000000000000000.00,1000000000000000.00
Nov 21 2022,SHIB,$0.0 5 8813,0,1000000000000000.00,1000000000000000.00
Nov 19 2022,SHIB,$0.0 5 9122,0,1000000000000000.00,1000000000000000.00
Nov 18 2022,SHIB,$0.0 5 9082,0,1000000000000000.00,1000000000000000.00
Nov 16 2022,SHIB,$0.0 5 9294,0,1000000000000000.00,1000000000000000.00
Nov 14 2022,SHIB,$0.0 5 8999,0,1000000000000000.00,1000000000000000.00
Nov 13 2022,SHIB,$0.0 5 9549,0,1000000000000000.00,1000000000000000.00
Nov 11 2022,SHIB,$0.00,0,1000000000000000.00,1000000000000000.00
Nov 09 2022,SHIB,$0.00,0,1000000000000000.00,1000000000000000.00
Nov 08 2022,SHIB,$0.00,0,1000000000000000.00,1000000000000000.00
Nov 06 2022,SHIB,$0.00,0,1000000000000000.00,1000000000000000.00
Nov 04 2022,SHIB,$0.00,0,1000000000000000.00,1000000000000000.00
Nov 02 2022,SHIB,$0.00,0,1000000000000000.00,1000000000000000.00
Nov 01 2022,SHIB,$0.00,0,1000000000000000.00,1000000000000000.00
Oct 30 2022,SHIB,$0.00,0,1000000000000000.00,1000000000000000.00
Oct 28 2022,SHIB,$0.00,0,1000000000000000.00,1000000000000000.00
Oct 27 2022,SHIB,$0.00,0,1000000000000000.00,1000000000000000.00
Oct 25 2022,SHIB,$0.0 5 9918,0,1000000000000000.00,1000000000000000.00
Oct 23 2022,SHIB,$0.00,0,1000000000000000.00,1000000000000000.00
Oct 22 2022,SHIB,$0.00,0,1000000000000000.00,1000000000000000.00
Oct 20 2022,SHIB,$0.0 5 9874,0,1000000000000000.00,1000000000000000.00
Oct 18 2022,SHIB,$0.00,0,1000000000000000.00,1000000000000000.00
Oct 16 2022,SHIB,$0.00,0,1000000000000000.00,1000000000000000.00
Oct 15 2022,SHIB,$0.00,0,1000000000000000.00,1000000000000000.00
Oct 13 2022,SHIB,$0.00,0,1000000000000000.00,1000000000000000.00
Oct 11 2022,SHIB,$0.00,0,1000000000000000.00,1000000000000000.00
Oct 10 2022,SHIB,$0.00,0,1000000000000000.00,1000000000000000.00
Oct 08 2022,SHIB,$0.00,0,1000000000000000.00,1000000000000000.00
Oct 06 2022,SHIB,$0.00,0,1000000000000000.00,1000000000000000.00
Oct 05 2022,SHIB,$0.00,0,1000000000000000.00,1000000000000000.00
Oct 03 2022,SHIB,$0.00,0,1000000000000000.00,1000000000000000.00
Oct 01 2022,SHIB,$0.00,0,1000000000000000.00,1000000000000000.00
Sep 29 2022,SHIB,$0.00,0,1000000000000000.00,1000000000000000.00
Sep 28 2022,SHIB,$0.00,0,1000000000000000.00,1000000000000000.00
Sep 26 2022,SHIB,$0.00,0,1000000000000000.00,1000000000000000.00
Sep 24 2022,SHIB,$0.00,0,1000000000000000.00,1000000000000000.00
Sep 23 2022,SHIB,$0.00,0,1000000000000000.00,1000000000000000.00
Sep 21 2022,SHIB,$0.00,0,1000000000000000.00,1000000000000000.00
Sep 19 2022,SHIB,$0.00,0,1000000000000000.00,1000000000000000.00
Sep 18 2022,SHIB,$0.00,0,1000000000000000.00,1000000000000000.00
Sep 16 2022,SHIB,$0.00,0,1000000000000000.00,1000000000000000.00
Sep 14 2022,SHIB,$0.00,0,1000000000000000.00,1000000000000000.00
Sep 13 2022,SHIB,$0.00,0,1000000000000000.00,1000000000000000.00
Sep 11 2022,SHIB,$0.00,0,1000000000000000.00,1000000000000000.00
Sep 09 2022,SHIB,$0.00,0,1000000000000000.00,1000000000000000.00
Sep 07 2022,SHIB,$0.00,0,1000000000000000.00,1000000000000000.00
Sep 06 2022,SHIB,$0.00,0,1000000000000000.00,1000000000000000.00
Sep 04 2022,SHIB,$0.00,0,1000000000000000.00,1000000000000000.00
Sep 02 2022,SHIB,$0.00,0,1000000000000000.00,1000000000000000.00
Sep 01 2022,SHIB,$0.00,0,1000000000000000.00,1000000000000000.00
Aug 30 2022,SHIB,$0.00,0,1000000000000000.00,1000000000000000.00
Aug 28 2022,SHIB,$0.00,0,1000000000000000.00,1000000000000000.00
Aug 27 2022,SHIB,$0.00,0,1000000000000000.00,1000000000000000.00
Aug 25 2022,SHIB,$0.00,0,1000000000000000.00,1000000000000000.00
Aug 23 2022,SHIB,$0.00,0,1000000000000000.00,1000000000000000.00
Aug 21 2022,SHIB,$0.00,0,1000000000000000.00,1000000000000000.00
Aug 20 2022,SHIB,$0.00,0,1000000000000000.00,1000000000000000.00
Aug 18 2022,SHIB,$0.00,0,1000000000000000.00,1000000000000000.00
Aug 16 2022,SHIB,$0.00,0,1000000000000000.00,1000000000000000.00
Aug 15 2022,SHIB,$0.00,0,1000000000000000.00,1000000000000000.00
Aug 13 2022,SHIB,$0.00,0,1000000000000000.00,1000000000000000.00
Aug 11 2022,SHIB,$0.00,0,1000000000000000.00,1000000000000000.00
Aug 10 2022,SHIB,$0.00,0,1000000000000000.00,1000000000000000.00
Aug 08 2022,SHIB,$0.00,0,1000000000000000.00,1000000000000000.00
Aug 06 2022,SHIB,$0.00,0,1000000000000000.00,1000000000000000.00
Aug 05 2022,SHIB,$0.00,0,1000000000000000.00,1000000000000000.00
Aug 03 2022,SHIB,$0.00,0,1000000000000000.00,1000000000000000.00
Aug 01 2022,SHIB,$0.00,0,1000000000000000.00,1000000000000000.00
Jul 30 2022,SHIB,$0.00,0,1000000000000000.00,1000000000000000.00
Jul 29 2022,SHIB,$0.00,0,1000000000000000.00,1000000000000000.00
Jul 27 2022,SHIB,$0.00,0,1000000000000000.00,1000000000000000.00
Jul 25 2022,SHIB,$0.00,0,1000000000000000.00,1000000000000000.00
Jul 24 2022,SHIB,$0.00,0,1000000000000000.00,1000000000000000.00
Jul 22 2022,SHIB,$0.00,0,1000000000000000.00,1000000000000000.00
Jul 20 2022,SHIB,$0.00,0,1000000000000000.00,1000000000000000.00
Jul 19 2022,SHIB,$0.00,0,1000000000000000.00,1000000000000000.00
Jul 17 2022,SHIB,$0.00,0,1000000000000000.00,1000000000000000.00
Jul 17 2022,SHIB,$0.00,0,1000000000000000.00,1000000000000000.00
Jul 15 2022,SHIB,$0.00,0,1000000000000000.00,1000000000000000.00
Jul 13 2022,SHIB,$0.0 5 9998,0,1000000000000000.00,1000000000000000.00
Jul 12 2022,SHIB,$0.00,0,1000000000000000.00,1000000000000000.00
Jul 10 2022,SHIB,$0.00,0,1000000000000000.00,1000000000000000.00
Jul 08 2022,SHIB,$0.00,0,1000000000000000.00,1000000000000000.00
Jul 07 2022,SHIB,$0.00,0,1000000000000000.00,1000000000000000.00
Jul 05 2022,SHIB,$0.00,0,1000000000000000.00,1000000000000000.00
Jul 03 2022,SHIB,$0.00,0,1000000000000000.00,1000000000000000.00
Jul 02 2022,SHIB,$0.00,0,1000000000000000.00,1000000000000000.00
Jun 30 2022,SHIB,$0.00,0,1000000000000000.00,1000000000000000.00
Jun 28 2022,SHIB,$0.00,0,1000000000000000.00,1000000000000000.00
Jun 26 2022,SHIB,$0.00,0,1000000000000000.00,1000000000000000.00
Jun 25 2022,SHIB,$0.00,0,1000000000000000.00,1000000000000000.00
Jun 23 2022,SHIB,$0.0 5 9684,0,1000000000000000.00,1000000000000000.00
Jun 21 2022,SHIB,$0.0 5 8158,0,1000000000000000.00,1000000000000000.00
Jun 20 2022,SHIB,$0.0 5 8200,0,1000000000000000.00,1000000000000000.00
Jun 18 2022,SHIB,$0.0 5 8176,0,1000000000000000.00,1000000000000000.00
Jun 16 2022,SHIB,$0.0 5 8803,0,1000000000000000.00,1000000000000000.00
Jun 15 2022,SHIB,$0.0 5 8218,0,1000000000000000.00,1000000000000000.00
Jun 13 2022,SHIB,$0.0 5 8648,0,1000000000000000.00,1000000000000000.00
Jun 11 2022,SHIB,$0.00,0,1000000000000000.00,1000000000000000.00
Jun 10 2022,SHIB,$0.00,0,1000000000000000.00,1000000000000000.00
Jun 08 2022,SHIB,$0.00,0,1000000000000000.00,1000000000000000.00
Jun 06 2022,SHIB,$0.00,0,1000000000000000.00,1000000000000000.00
Jun 04 2022,SHIB,$0.00,0,1000000000000000.00,1000000000000000.00
Jun 03 2022,SHIB,$0.00,0,1000000000000000.00,1000000000000000.00
Jun 01 2022,SHIB,$0.00,0,1000000000000000.00,1000000000000000.00
May 30 2022,SHIB,$0.00,0,1000000000000000.00,1000000000000000.00
May 29 2022,SHIB,$0.00,0,1000000000000000.00,1000000000000000.00
May 27 2022,SHIB,$0.00,0,1000000000000000.00,1000000000000000.00
May 25 2022,SHIB,$0.00,0,1000000000000000.00,1000000000000000.00
May 24 2022,SHIB,$0.00,0,1000000000000000.00,1000000000000000.00
May 22 2022,SHIB,$0.00,0,1000000000000000.00,1000000000000000.00
May 20 2022,SHIB,$0.00,0,1000000000000000.00,1000000000000000.00
May 18 2022,SHIB,$0.00,0,1000000000000000.00,1000000000000000.00
May 17 2022,SHIB,$0.00,0,1000000000000000.00,1000000000000000.00
May 15 2022,SHIB,$0.00,0,1000000000000000.00,1000000000000000.00
May 13 2022,SHIB,$0.00,0,1000000000000000.00,1000000000000000.00
May 12 2022,SHIB,$0.00,0,1000000000000000.00,1000000000000000.00
May 10 2022,SHIB,$0.00,0,1000000000000000.00,1000000000000000.00
May 08 2022,SHIB,$0.00,0,1000000000000000.00,1000000000000000.00
May 07 2022,SHIB,$0.00,0,1000000000000000.00,1000000000000000.00
May 05 2022,SHIB,$0.00,0,1000000000000000.00,1000000000000000.00
May 03 2022,SHIB,$0.00,0,1000000000000000.00,1000000000000000.00
May 02 2022,SHIB,$0.00,0,1000000000000000.00,1000000000000000.00
Apr 30 2022,SHIB,$0.00,0,1000000000000000.00,1000000000000000.00
Apr 28 2022,SHIB,$0.00,0,1000000000000000.00,1000000000000000.00
Apr 26 2022,SHIB,$0.00,0,1000000000000000.00,1000000000000000.00
Apr 25 2022,SHIB,$0.00,0,1000000000000000.00,1000000000000000.00
Apr 23 2022,SHIB,$0.00,0,1000000000000000.00,1000000000000000.00
Apr 21 2022,SHIB,$0.00,0,1000000000000000.00,1000000000000000.00
Apr 20 2022,SHIB,$0.00,0,1000000000000000.00,1000000000000000.00
Apr 18 2022,SHIB,$0.00,0,1000000000000000.00,1000000000000000.00
Apr 16 2022,SHIB,$0.00,0,1000000000000000.00,1000000000000000.00
Apr 15 2022,SHIB,$0.00,0,1000000000000000.00,1000000000000000.00
Apr 13 2022,SHIB,$0.00,0,1000000000000000.00,1000000000000000.00
Apr 11 2022,SHIB,$0.00,0,1000000000000000.00,1000000000000000.00
Apr 09 2022,SHIB,$0.00,0,1000000000000000.00,1000000000000000.00
Apr 08 2022,SHIB,$0.00,0,1000000000000000.00,1000000000000000.00
Apr 06 2022,SHIB,$0.00,0,1000000000000000.00,1000000000000000.00
Apr 04 2022,SHIB,$0.00,0,1000000000000000.00,1000000000000000.00
Apr 03 2022,SHIB,$0.00,0,1000000000000000.00,1000000000000000.00
Apr 01 2022,SHIB,$0.00,0,1000000000000000.00,1000000000000000.00
Mar 30 2022,SHIB,$0.00,0,1000000000000000.00,1000000000000000.00
Mar 29 2022,SHIB,$0.00,0,1000000000000000.00,1000000000000000.00
Mar 27 2022,SHIB,$0.00,0,1000000000000000.00,1000000000000000.00
Mar 25 2022,SHIB,$0.00,0,1000000000000000.00,1000000000000000.00
Mar 23 2022,SHIB,$0.00,0,1000000000000000.00,1000000000000000.00
Mar 22 2022,SHIB,$0.00,0,1000000000000000.00,1000000000000000.00
Mar 20 2022,SHIB,$0.00,0,1000000000000000.00,1000000000000000.00
Mar 18 2022,SHIB,$0.00,0,1000000000000000.00,1000000000000000.00
Mar 17 2022,SHIB,$0.00,0,1000000000000000.00,1000000000000000.00
Mar 15 2022,SHIB,$0.00,0,1000000000000000.00,1000000000000000.00
Mar 13 2022,SHIB,$0.00,0,1000000000000000.00,1000000000000000.00
Mar 12 2022,SHIB,$0.00,0,1000000000000000.00,1000000000000000.00
Mar 10 2022,SHIB,$0.00,0,1000000000000000.00,1000000000000000.00
Mar 08 2022,SHIB,$0.00,0,1000000000000000.00,1000000000000000.00
Mar 07 2022,SHIB,$0.00,0,1000000000000000.00,1000000000000000.00
Mar 05 2022,SHIB,$0.00,0,1000000000000000.00,1000000000000000.00
Mar 03 2022,SHIB,$0.00,0,1000000000000000.00,1000000000000000.00
Mar 01 2022,SHIB,$0.00,0,1000000000000000.00,1000000000000000.00
Feb 28 2022,SHIB,$0.00,0,1000000000000000.00,1000000000000000.00
Feb 26 2022,SHIB,$0.00,0,1000000000000000.00,1000000000000000.00
Feb 24 2022,SHIB,$0.00,0,1000000000000000.00,1000000000000000.00
Feb 23 2022,SHIB,$0.00,0,1000000000000000.00,1000000000000000.00
Feb 21 2022,SHIB,$0.00,0,1000000000000000.00,1000000000000000.00
Feb 19 2022,SHIB,$0.00,0,1000000000000000.00,1000000000000000.00
Feb 18 2022,SHIB,$0.00,0,1000000000000000.00,1000000000000000.00
Feb 16 2022,SHIB,$0.00,0,1000000000000000.00,1000000000000000.00
Feb 14 2022,SHIB,$0.00,0,1000000000000000.00,1000000000000000.00
Feb 12 2022,SHIB,$0.00,0,1000000000000000.00,1000000000000000.00
Feb 11 2022,SHIB,$0.00,0,1000000000000000.00,1000000000000000.00
Feb 09 2022,SHIB,$0.00,0,1000000000000000.00,1000000000000000.00
Feb 07 2022,SHIB,$0.00,0,1000000000000000.00,1000000000000000.00
Feb 06 2022,SHIB,$0.00,0,1000000000000000.00,1000000000000000.00
Feb 04 2022,SHIB,$0.00,0,1000000000000000.00,1000000000000000.00
Feb 02 2022,SHIB,$0.00,0,1000000000000000.00,1000000000000000.00
Feb 01 2022,SHIB,$0.00,0,1000000000000000.00,1000000000000000.00
Jan 30 2022,SHIB,$0.00,0,1000000000000000.00,1000000000000000.00
Jan 28 2022,SHIB,$0.00,0,1000000000000000.00,1000000000000000.00
Jan 27 2022,SHIB,$0.00,0,1000000000000000.00,1000000000000000.00
Jan 25 2022,SHIB,$0.00,0,1000000000000000.00,1000000000000000.00
Jan 23 2022,SHIB,$0.00,0,1000000000000000.00,1000000000000000.00
Jan 21 2022,SHIB,$0.00,0,1000000000000000.00,1000000000000000.00
Jan 20 2022,SHIB,$0.00,0,1000000000000000.00,1000000000000000.00
Jan 18 2022,SHIB,$0.00,0,1000000000000000.00,1000000000000000.00
Jan 16 2022,SHIB,$0.00,0,1000000000000000.00,1000000000000000.00
Jan 15 2022,SHIB,$0.00,0,1000000000000000.00,1000000000000000.00
Jan 13 2022,SHIB,$0.00,0,1000000000000000.00,1000000000000000.00
Jan 11 2022,SHIB,$0.00,0,1000000000000000.00,1000000000000000.00
Jan 10 2022,SHIB,$0.00,0,1000000000000000.00,1000000000000000.00
Jan 08 2022,SHIB,$0.00,0,1000000000000000.00,1000000000000000.00
Jan 06 2022,SHIB,$0.00,0,1000000000000000.00,1000000000000000.00
Jan 04 2022,SHIB,$0.00,0,1000000000000000.00,1000000000000000.00
Jan 03 2022,SHIB,$0.00,0,1000000000000000.00,1000000000000000.00
Jan 01 2022,SHIB,$0.00,0,1000000000000000.00,1000000000000000.00
Dec 30 2021,SHIB,$0.00,0,1000000000000000.00,1000000000000000.00
Dec 29 2021,SHIB,$0.00,0,1000000000000000.00,1000000000000000.00
Dec 27 2021,SHIB,$0.00,0,1000000000000000.00,1000000000000000.00
Dec 25 2021,SHIB,$0.00,0,1000000000000000.00,1000000000000000.00
Dec 24 2021,SHIB,$0.00,0,1000000000000000.00,1000000000000000.00
Dec 22 2021,SHIB,$0.00,0,1000000000000000.00,1000000000000000.00
Dec 20 2021,SHIB,$0.00,0,1000000000000000.00,1000000000000000.00
Dec 19 2021,SHIB,$0.00,0,1000000000000000.00,1000000000000000.00
Dec 17 2021,SHIB,$0.00,0,1000000000000000.00,1000000000000000.00
Dec 15 2021,SHIB,$0.00,0,1000000000000000.00,1000000000000000.00
Dec 13 2021,SHIB,$0.00,0,1000000000000000.00,1000000000000000.00
Dec 12 2021,SHIB,$0.00,0,1000000000000000.00,1000000000000000.00
Dec 10 2021,SHIB,$0.00,0,1000000000000000.00,1000000000000000.00
Dec 08 2021,SHIB,$0.00,0,1000000000000000.00,1000000000000000.00
Dec 07 2021,SHIB,$0.00,0,1000000000000000.00,1000000000000000.00
Dec 05 2021,SHIB,$0.00,0,1000000000000000.00,1000000000000000.00
Dec 03 2021,SHIB,$0.00,0,1000000000000000.00,1000000000000000.00
Dec 02 2021,SHIB,$0.00,0,1000000000000000.00,1000000000000000.00
Nov 30 2021,SHIB,$0.00,0,1000000000000000.00,1000000000000000.00
Nov 28 2021,SHIB,$0.00,0,1000000000000000.00,1000000000000000.00
Nov 26 2021,SHIB,$0.00,0,1000000000000000.00,1000000000000000.00
Nov 25 2021,SHIB,$0.00,0,1000000000000000.00,1000000000000000.00
Nov 23 2021,SHIB,$0.00,0,1000000000000000.00,1000000000000000.00
Nov 21 2021,SHIB,$0.00,0,1000000000000000.00,1000000000000000.00
Nov 20 2021,SHIB,$0.00,0,1000000000000000.00,1000000000000000.00
Nov 18 2021,SHIB,$0.00,0,1000000000000000.00,1000000000000000.00
Nov 16 2021,SHIB,$0.00,0,1000000000000000.00,1000000000000000.00
Nov 15 2021,SHIB,$0.00,0,1000000000000000.00,1000000000000000.00
Nov 13 2021,SHIB,$0.00,0,1000000000000000.00,1000000000000000.00
Nov 11 2021,SHIB,$0.00,0,1000000000000000.00,1000000000000000.00
Nov 09 2021,SHIB,$0.00,0,1000000000000000.00,1000000000000000.00
Nov 08 2021,SHIB,$0.00,0,1000000000000000.00,1000000000000000.00
Nov 06 2021,SHIB,$0.00,0,1000000000000000.00,1000000000000000.00
Nov 04 2021,SHIB,$0.00,0,1000000000000000.00,1000000000000000.00
Nov 03 2021,SHIB,$0.00,0,1000000000000000.00,1000000000000000.00
Nov 01 2021,SHIB,$0.00,0,1000000000000000.00,1000000000000000.00
Oct 30 2021,SHIB,$0.00,0,1000000000000000.00,1000000000000000.00
Oct 29 2021,SHIB,$0.00,0,1000000000000000.00,1000000000000000.00
Oct 27 2021,SHIB,$0.00,0,1000000000000000.00,1000000000000000.00
Oct 25 2021,SHIB,$0.00,0,1000000000000000.00,1000000000000000.00
Oct 24 2021,SHIB,$0.00,0,1000000000000000.00,1000000000000000.00
Oct 22 2021,SHIB,$0.00,0,1000000000000000.00,1000000000000000.00
Oct 20 2021,SHIB,$0.00,0,1000000000000000.00,1000000000000000.00
Oct 18 2021,SHIB,$0.00,0,1000000000000000.00,1000000000000000.00
Oct 17 2021,SHIB,$0.00,0,1000000000000000.00,1000000000000000.00
Oct 15 2021,SHIB,$0.00,0,1000000000000000.00,1000000000000000.00
Oct 13 2021,SHIB,$0.00,0,1000000000000000.00,1000000000000000.00
Oct 12 2021,SHIB,$0.00,0,1000000000000000.00,1000000000000000.00
Oct 10 2021,SHIB,$0.00,0,1000000000000000.00,1000000000000000.00
Oct 08 2021,SHIB,$0.00,0,1000000000000000.00,1000000000000000.00
Oct 07 2021,SHIB,$0.00,0,1000000000000000.00,1000000000000000.00
Oct 05 2021,SHIB,$0.00,0,1000000000000000.00,1000000000000000.00
Oct 03 2021,SHIB,$0.0 5 7927,0,1000000000000000.00,1000000000000000.00
Oct 01 2021,SHIB,$0.0 5 7213,0,1000000000000000.00,1000000000000000.00
Sep 30 2021,SHIB,$0.0 5 7022,0,1000000000000000.00,1000000000000000.00
Sep 28 2021,SHIB,$0.0 5 6944,0,1000000000000000.00,1000000000000000.00
Sep 26 2021,SHIB,$0.0 5 7352,0,1000000000000000.00,1000000000000000.00
Sep 25 2021,SHIB,$0.0 5 7353,0,1000000000000000.00,1000000000000000.00
Sep 23 2021,SHIB,$0.0 5 7241,0,1000000000000000.00,1000000000000000.00
Sep 21 2021,SHIB,$0.0 5 7008,0,1000000000000000.00,1000000000000000.00
Sep 20 2021,SHIB,$0.0 5 8139,0,1000000000000000.00,1000000000000000.00
Sep 18 2021,SHIB,$0.0 5 8432,0,1000000000000000.00,1000000000000000.00
Sep 16 2021,SHIB,$0.0 5 6775,0,1000000000000000.00,1000000000000000.00
Sep 15 2021,SHIB,$0.0 5 6664,0,1000000000000000.00,1000000000000000.00
Sep 13 2021,SHIB,$0.0 5 6882,0,1000000000000000.00,1000000000000000.00
Sep 11 2021,SHIB,$0.0 5 6991,0,1000000000000000.00,1000000000000000.00
Sep 09 2021,SHIB,$0.0 5 6787,0,1000000000000000.00,1000000000000000.00
Sep 08 2021,SHIB,$0.0 5 6056,0,1000000000000000.00,1000000000000000.00
Sep 06 2021,SHIB,$0.0 5 7508,0,1000000000000000.00,1000000000000000.00
Sep 04 2021,SHIB,$0.0 5 7068,0,1000000000000000.00,1000000000000000.00
Sep 03 2021,SHIB,$0.0 5 7091,0,1000000000000000.00,1000000000000000.00
Sep 01 2021,SHIB,$0.0 5 6882,0,1000000000000000.00,1000000000000000.00
Aug 30 2021,SHIB,$0.0 5 7147,0,1000000000000000.00,1000000000000000.00
Aug 29 2021,SHIB,$0.0 5 7245,0,1000000000000000.00,1000000000000000.00
Aug 27 2021,SHIB,$0.0 5 7052,0,1000000000000000.00,1000000000000000.00
Aug 25 2021,SHIB,$0.0 5 7580,0,1000000000000000.00,1000000000000000.00
Aug 23 2021,SHIB,$0.0 5 8220,0,1000000000000000.00,1000000000000000.00
Aug 22 2021,SHIB,$0.0 5 8142,0,1000000000000000.00,1000000000000000.00
Aug 20 2021,SHIB,$0.0 5 8280,0,1000000000000000.00,1000000000000000.00
Aug 18 2021,SHIB,$0.0 5 8085,0,1000000000000000.00,1000000000000000.00
Aug 17 2021,SHIB,$0.0 5 9073,0,1000000000000000.00,1000000000000000.00
Aug 15 2021,SHIB,$0.0 5 8119,0,1000000000000000.00,1000000000000000.00
Aug 13 2021,SHIB,$0.0 5 7664,0,1000000000000000.00,1000000000000000.00
Aug 12 2021,SHIB,$0.0 5 7814,0,1000000000000000.00,1000000000000000.00
Aug 10 2021,SHIB,$0.0 5 7639,0,1000000000000000.00,1000000000000000.00
Aug 08 2021,SHIB,$0.0 5 7789,0,1000000000000000.00,1000000000000000.00
Aug 06 2021,SHIB,$0.0 5 6198,0,1000000000000000.00,1000000000000000.00
Aug 05 2021,SHIB,$0.0 5 6232,0,1000000000000000.00,1000000000000000.00
Aug 03 2021,SHIB,$0.0 5 6350,0,1000000000000000.00,1000000000000000.00
Aug 01 2021,SHIB,$0.0 5 6262,0,1000000000000000.00,1000000000000000.00
Jul 31 2021,SHIB,$0.0 5 6271,0,1000000000000000.00,1000000000000000.00
Jul 29 2021,SHIB,$0.0 5 6185,0,1000000000000000.00,1000000000000000.00
Jul 27 2021,SHIB,$0.0 5 6337,0,1000000000000000.00,1000000000000000.00
Jul 26 2021,SHIB,$0.0 5 6418,0,1000000000000000.00,1000000000000000.00
Jul 24 2021,SHIB,$0.0 5 6480,0,1000000000000000.00,1000000000000000.00
Jul 22 2021,SHIB,$0.0 5 6587,0,1000000000000000.00,1000000000000000.00
Jul 21 2021,SHIB,$0.0 5 5930,0,1000000000000000.00,1000000000000000.00
Jul 19 2021,SHIB,$0.0 5 6685,0,1000000000000000.00,1000000000000000.00
Jul 17 2021,SHIB,$0.0 5 6619,0,1000000000000000.00,1000000000000000.00
Jul 15 2021,SHIB,$0.0 5 7223,0,1000000000000000.00,1000000000000000.00
Jul 14 2021,SHIB,$0.0 5 7098,0,1000000000000000.00,1000000000000000.00
Jul 12 2021,SHIB,$0.0 5 7859,0,1000000000000000.00,1000000000000000.00
Jul 10 2021,SHIB,$0.0 5 7965,0,1000000000000000.00,1000000000000000.00
Jul 09 2021,SHIB,$0.0 5 8058,0,1000000000000000.00,1000000000000000.00
Jul 07 2021,SHIB,$0.0 5 8700,0,1000000000000000.00,1000000000000000.00
Jul 05 2021,SHIB,$0.0 5 8754,0,1000000000000000.00,1000000000000000.00
Jul 04 2021,SHIB,$0.0 5 8670,0,1000000000000000.00,1000000000000000.00
Jul 02 2021,SHIB,$0.0 5 8369,0,1000000000000000.00,1000000000000000.00
Jun 30 2021,SHIB,$0.0 5 8940,0,1000000000000000.00,1000000000000000.00
Jun 28 2021,SHIB,$0.0 5 7793,0,1000000000000000.00,1000000000000000.00
Jun 27 2021,SHIB,$0.0 5 7447,0,1000000000000000.00,1000000000000000.00
Jun 25 2021,SHIB,$0.0 5 7217,0,1000000000000000.00,1000000000000000.00
Jun 23 2021,SHIB,$0.0 5 6330,0,1000000000000000.00,1000000000000000.00
Jun 22 2021,SHIB,$0.0 5 6211,0,1000000000000000.00,1000000000000000.00
Jun 20 2021,SHIB,$0.0 5 7618,0,1000000000000000.00,1000000000000000.00
Jun 18 2021,SHIB,$0.0 5 7999,0,1000000000000000.00,1000000000000000.00
Jun 17 2021,SHIB,$0.0 5 8261,0,1000000000000000.00,1000000000000000.00
Jun 15 2021,SHIB,$0.0 5 7100,0,1000000000000000.00,1000000000000000.00
Jun 13 2021,SHIB,$0.0 5 6281,0,1000000000000000.00,1000000000000000.00
Jun 12 2021,SHIB,$0.0 5 6186,0,1000000000000000.00,1000000000000000.00
Jun 10 2021,SHIB,$0.0 5 7400,0,1000000000000000.00,1000000000000000.00
Jun 08 2021,SHIB,$0.0 5 7648,0,1000000000000000.00,1000000000000000.00
Jun 06 2021,SHIB,$0.0 5 8379,0,1000000000000000.00,1000000000000000.00
Jun 05 2021,SHIB,$0.0 5 8799,0,1000000000000000.00,1000000000000000.00
Jun 03 2021,SHIB,$0.0 5 9464,0,1000000000000000.00,1000000000000000.00
Jun 01 2021,SHIB,$0.0 5 9426,0,1000000000000000.00,1000000000000000.00
May 31 2021,SHIB,$0.0 5 7857,0,1000000000000000.00,1000000000000000.00
May 29 2021,SHIB,$0.0 5 7929,0,1000000000000000.00,1000000000000000.00
May 27 2021,SHIB,$0.0 5 9547,0,1000000000000000.00,1000000000000000.00
May 26 2021,SHIB,$0.0 5 9408,0,1000000000000000.00,1000000000000000.00
May 24 2021,SHIB,$0.0 5 8195,0,1000000000000000.00,1000000000000000.00
May 22 2021,SHIB,$0.0 5 8168,0,1000000000000000.00,1000000000000000.00
May 20 2021,SHIB,$0.0 5 9460,0,1000000000000000.00,1000000000000000.00
May 19 2021,SHIB,$0.00,0,1000000000000000.00,1000000000000000.00
May 17 2021,SHIB,$0.00,0,1000000000000000.00,1000000000000000.00
May 15 2021,SHIB,$0.00,0,1000000000000000.00,1000000000000000.00
May 14 2021,SHIB,$0.00,0,1000000000000000.00,1000000000000000.00
May 12 2021,SHIB,$0.00,0,1000000000000000.00,1000000000000000.00
May 10 2021,SHIB,$0.00,0,1000000000000000.00,1000000000000000.00
May 09 2021,SHIB,$0.00,0,1000000000000000.00,1000000000000000.00
May 07 2021,SHIB,$0.0 5 1545,0,1000000000000000.00,1000000000000000.00
May 05 2021,SHIB,$0.0 5 1675,0,1000000000000000.00,1000000000000000.00
May 04 2021,SHIB,$0.0 5 1589,0,1000000000000000.00,1000000000000000.00
May 02 2021,SHIB,$0.0 5 1905,0,1000000000000000.00,1000000000000000.00
Apr 30 2021,SHIB,$0.0 5 1404,0,1000000000000000.00,1000000000000000.00
Apr 28 2021,SHIB,$0.0 6 9755,0,1000000000000000.00,1000000000000000.00
Apr 27 2021,SHIB,$0.0 5 1182,0,1000000000000000.00,1000000000000000.00
Apr 25 2021,SHIB,$0.0 5 1359,0,1000000000000000.00,1000000000000000.00
Apr 23 2021,SHIB,$0.0 5 1610,0,1000000000000000.00,1000000000000000.00
Apr 22 2021,SHIB,$0.0 5 1282,0,1000000000000000.00,1000000000000000.00
Apr 20 2021,SHIB,$0.0 5 3619,0,1000000000000000.00,1000000000000000.00
Apr 18 2021,SHIB,$0.0 5 1944,0,1000000000000000.00,1000000000000000.00
Apr 17 2021,SHIB,$0.0 6 6841,0,1000000000000000.00,1000000000000000.00
Apr 15 2021,SHIB,$0.0 6 1672,0,1000000000000000.00,1000000000000000.00
Apr 13 2021,SHIB,$0.0 6 1797,0,1000000000000000.00,1000000000000000.00
Apr 11 2021,SHIB,$0.0 7 8266,0,1000000000000000.00,1000000000000000.00
Apr 10 2021,SHIB,$0.0 7 6760,0,1000000000000000.00,1000000000000000.00
Apr 08 2021,SHIB,$0.0 7 5758,0,1000000000000000.00,1000000000000000.00
Apr 06 2021,SHIB,$0.0 7 4942,0,1000000000000000.00,1000000000000000.00
Apr 05 2021,SHIB,$0.0 7 4449,0,1000000000000000.00,1000000000000000.00
Apr 03 2021,SHIB,$0.0 7 5011,0,1000000000000000.00,1000000000000000.00
Apr 01 2021,SHIB,$0.0 7 6065,0,1000000000000000.00,1000000000000000.00
Mar 31 2021,SHIB,$0.0 7 5699,0,1000000000000000.00,1000000000000000.00
Mar 29 2021,SHIB,$0.0 7 6582,0,1000000000000000.00,1000000000000000.00
Mar 27 2021,SHIB,$0.0 7 4184,0,1000000000000000.00,1000000000000000.00
Mar 25 2021,SHIB,$0.0 7 4592,0,1000000000000000.00,1000000000000000.00
Mar 24 2021,SHIB,$0.0 7 4438,0,1000000000000000.00,1000000000000000.00
Mar 22 2021,SHIB,$0.0 7 5687,0,1000000000000000.00,1000000000000000.00
Mar 20 2021,SHIB,$0.0 7 6273,0,1000000000000000.00,1000000000000000.00
Mar 19 2021,SHIB,$0.0 7 6680,0,1000000000000000.00,1000000000000000.00
Mar 17 2021,SHIB,$0.0 7 6137,0,1000000000000000.00,1000000000000000.00
Mar 15 2021,SHIB,$0.0 7 7828,0,1000000000000000.00,1000000000000000.00
Mar 14 2021,SHIB,$0.0 7 2233,0,1000000000000000.00,1000000000000000.00
Mar 12 2021,SHIB,$0.0 7 1706,0,1000000000000000.00,1000000000000000.00
Mar 10 2021,SHIB,$0.0 7 2215,0,1000000000000000.00,1000000000000000.00
Mar 09 2021,SHIB,$0.0 7 2162,0,1000000000000000.00,1000000000000000.00
Mar 07 2021,SHIB,$0.0 7 1774,0,1000000000000000.00,1000000000000000.00
Mar 05 2021,SHIB,$0.0 7 2560,0,1000000000000000.00,1000000000000000.00
Mar 03 2021,SHIB,$0.0 7 1660,0,1000000000000000.00,1000000000000000.00
Mar 02 2021,SHIB,$0.0 7 1393,0,1000000000000000.00,1000000000000000.00
Feb 28 2021,SHIB,$0.0 8 8174,0,1000000000000000.00,1000000000000000.00
Feb 26 2021,SHIB,$0.0 8 5887,0,1000000000000000.00,1000000000000000.00
Feb 25 2021,SHIB,$0.0 8 6119,0,1000000000000000.00,1000000000000000.00
Feb 23 2021,SHIB,$0.0 8 6689,0,1000000000000000.00,1000000000000000.00
Feb 21 2021,SHIB,$0.0 8 7044,0,1000000000000000.00,1000000000000000.00
Feb 20 2021,SHIB,$0.0 8 7067,0,1000000000000000.00,1000000000000000.00
Feb 18 2021,SHIB,$0.0 8 7625,0,1000000000000000.00,1000000000000000.00
Feb 16 2021,SHIB,$0.0 8 7706,0,1000000000000000.00,1000000000000000.00
Feb 14 2021,SHIB,$0.0 8 8347,0,1000000000000000.00,1000000000000000.00
Feb 13 2021,SHIB,$0.0 8 8902,0,1000000000000000.00,1000000000000000.00
Feb 11 2021,SHIB,$0.0 8 9885,0,1000000000000000.00,1000000000000000.00
Feb 09 2021,SHIB,$0.0 7 1088,0,1000000000000000.00,1000000000000000.00
Feb 08 2021,SHIB,$0.0 8 7855,0,1000000000000000.00,1000000000000000.00
Feb 06 2021,SHIB,$0.0 8 7802,0,1000000000000000.00,1000000000000000.00
Feb 04 2021,SHIB,$0.0 7 1370,0,1000000000000000.00,1000000000000000.00
Feb 03 2021,SHIB,$0.0 7 1614,0,1000000000000000.00,1000000000000000.00
Feb 01 2021,SHIB,$0.0 7 2909,0,1000000000000000.00,1000000000000000.00
Jan 30 2021,SHIB,$0.0 9 1428,0,1000000000000000.00,1000000000000000.00
Jan 29 2021,SHIB,$0.0 9 1375,0,1000000000000000.00,1000000000000000.00
Jan 27 2021,SHIB,$0.0 9 1378,0,1000000000000000.00,1000000000000000.00
Jan 25 2021,SHIB,$0.0 9 1325,0,1000000000000000.00,1000000000000000.00
Jan 23 2021,SHIB,$0.0 9 1265,0,1000000000000000.00,1000000000000000.00
Jan 22 2021,SHIB,$0.0 9 1265,0,1000000000000000.00,1000000000000000.00
Jan 20 2021,SHIB,$0.0 9 1392,0,1000000000000000.00,1000000000000000.00
Jan 18 2021,SHIB,$0.0 9 1226,0,1000000000000000.00,1000000000000000.00
Jan 17 2021,SHIB,$0.0 9 1260,0,1000000000000000.00,1000000000000000.00
Jan 15 2021,SHIB,$0.0 9 1272,0,1000000000000000.00,1000000000000000.00
Jan 13 2021,SHIB,$0.0 9 1097,0,1000000000000000.00,1000000000000000.00
Jan 12 2021,SHIB,$0.0 9 1135,0,1000000000000000.00,1000000000000000.00
Jan 10 2021,SHIB,$0.0 9 1342,0,1000000000000000.00,1000000000000000.00
Jan 08 2021,SHIB,0,0,1000000000000000.00,1000000000000000.00
Jan 06 2021,SHIB,$0.0 9 1106,0,1000000000000000.00,1000000000000000.00
Jan 05 2021,SHIB,$0.0 9 1106,0,1000000000000000.00,1000000000000000.00
Jan 03 2021,SHIB,$0.0 10 8015,0,1000000000000000.00,1000000000000000.00
Jan 01 2021,SHIB,$0.0 10 7729,0,1000000000000000.00,1000000000000000.00
Dec 31 2020,SHIB,$0.0 10 7729,0,1000000000000000.00,1000000000000000.00
Dec 29 2020,SHIB,$0.0 10 7825,0,1000000000000000.00,1000000000000000.00
Dec 27 2020,SHIB,$0.0 10 6474,0,1000000000000000.00,1000000000000000.00
Dec 26 2020,SHIB,$0.0 10 6474,0,1000000000000000.00,1000000000000000.00
Dec 24 2020,SHIB,0,0,1000000000000000.00,1000000000000000.00
Dec 22 2020,SHIB,0,0,1000000000000000.00,1000000000000000.00
Dec 20 2020,SHIB,$0.0 10 6705,0,1000000000000000.00,1000000000000000.00
Dec 19 2020,SHIB,$0.0 10 6705,0,1000000000000000.00,1000000000000000.00
Dec 17 2020,SHIB,0,0,1000000000000000.00,1000000000000000.00
Dec 15 2020,SHIB,$0.0 10 6037,0,1000000000000000.00,1000000000000000.00
Dec 14 2020,SHIB,$0.0 10 6070,0,1000000000000000.00,1000000000000000.00
Dec 12 2020,SHIB,$0.0 10 5700,0,1000000000000000.00,1000000000000000.00
Dec 10 2020,SHIB,0,0,1000000000000000.00,1000000000000000.00
Dec 09 2020,SHIB,$0.0 10 5958,0,1000000000000000.00,1000000000000000.00
Dec 07 2020,SHIB,$0.0 10 6316,0,1000000000000000.00,1000000000000000.00
Dec 05 2020,SHIB,$0.0 10 6361,0,1000000000000000.00,1000000000000000.00
Dec 04 2020,SHIB,$0.0 10 6361,0,1000000000000000.00,1000000000000000.00
Dec 02 2020,SHIB,$0.0 10 6426,0,1000000000000000.00,1000000000000000.00
Nov 30 2020,SHIB,$0.0 10 6098,0,1000000000000000.00,1000000000000000.00
Nov 28 2020,SHIB,$0.0 10 6663,0,1000000000000000.00,1000000000000000.00
Nov 27 2020,SHIB,$0.0 10 6663,0,1000000000000000.00,1000000000000000.00
Nov 25 2020,SHIB,0,0,1000000000000000.00,1000000000000000.00
Nov 23 2020,SHIB,$0.0 10 6846,0,1000000000000000.00,1000000000000000.00
Nov 22 2020,SHIB,$0.0 10 7036,0,1000000000000000.00,1000000000000000.00
Nov 20 2020,SHIB,$0.0 10 6156,0,1000000000000000.00,1000000000000000.00
Nov 18 2020,SHIB,$0.0 10 6266,0,1000000000000000.00,1000000000000000.00
Nov 17 2020,SHIB,$0.0 10 6017,0,1000000000000000.00,1000000000000000.00
Nov 15 2020,SHIB,$0.0 10 6046,0,1000000000000000.00,1000000000000000.00
Nov 13 2020,SHIB,$0.0 10 6669,0,1000000000000000.00,1000000000000000.00
Nov 11 2020,SHIB,0,0,1000000000000000.00,1000000000000000.00
Nov 10 2020,SHIB,$0.0 10 7754,0,1000000000000000.00,1000000000000000.00
Nov 08 2020,SHIB,0,0,1000000000000000.00,1000000000000000.00
Nov 06 2020,SHIB,$0.0 10 7218,0,1000000000000000.00,1000000000000000.00
Nov 05 2020,SHIB,$0.0 10 6973,0,1000000000000000.00,1000000000000000.00
Nov 03 2020,SHIB,$0.0 10 7015,0,1000000000000000.00,1000000000000000.00
Nov 01 2020,SHIB,$0.0 10 7585,0,1000000000000000.00,1000000000000000.00
Oct 31 2020,SHIB,$0.0 10 7712,0,1000000000000000.00,1000000000000000.00
Oct 29 2020,SHIB,$0.0 10 7900,0,1000000000000000.00,1000000000000000.00
Oct 27 2020,SHIB,$0.0 10 8424,0,1000000000000000.00,1000000000000000.00
Oct 26 2020,SHIB,$0.0 10 8558,0,1000000000000000.00,1000000000000000.00
Oct 24 2020,SHIB,$0.0 9 1033,0,1000000000000000.00,1000000000000000.00
Oct 22 2020,SHIB,$0.0 9 1034,0,1000000000000000.00,1000000000000000.00
Oct 20 2020,SHIB,$0.0 10 9952,0,1000000000000000.00,1000000000000000.00
Oct 19 2020,SHIB,$0.0 10 9908,0,1000000000000000.00,1000000000000000.00
Oct 17 2020,SHIB,$0.0 10 9643,0,1000000000000000.00,1000000000000000.00
Oct 15 2020,SHIB,$0.0 9 1020,0,1000000000000000.00,1000000000000000.00
Oct 14 2020,SHIB,$0.0 9 1025,0,1000000000000000.00,1000000000000000.00
Oct 12 2020,SHIB,$0.0 9 1029,0,1000000000000000.00,1000000000000000.00
Oct 10 2020,SHIB,$0.0 9 1013,0,1000000000000000.00,1000000000000000.00
Oct 09 2020,SHIB,$0.0 9 1075,0,1000000000000000.00,1000000000000000.00
Oct 07 2020,SHIB,$0.0 9 1125,0,1000000000000000.00,1000000000000000.00
Oct 05 2020,SHIB,$0.0 9 1260,0,1000000000000000.00,1000000000000000.00
Oct 03 2020,SHIB,$0.0 9 2070,0,1000000000000000.00,1000000000000000.00
Oct 02 2020,SHIB,$0.0 9 1261,0,1000000000000000.00,1000000000000000.00
Sep 30 2020,SHIB,$0.0 9 1366,0,1000000000000000.00,1000000000000000.00
Sep 28 2020,SHIB,$0.0 9 1463,0,1000000000000000.00,1000000000000000.00
Sep 27 2020,SHIB,$0.0 9 1200,0,1000000000000000.00,1000000000000000.00
Sep 25 2020,SHIB,$0.0 9 1173,0,1000000000000000.00,1000000000000000.00
Sep 23 2020,SHIB,$0.0 9 1182,0,1000000000000000.00,1000000000000000.00
Sep 22 2020,SHIB,$0.0 9 1231,0,1000000000000000.00,1000000000000000.00
Sep 20 2020,SHIB,$0.0 9 1671,0,1000000000000000.00,1000000000000000.00
Sep 18 2020,SHIB,$0.0 9 1233,0,1000000000000000.00,1000000000000000.00
Sep 16 2020,SHIB,$0.0 9 1013,0,1000000000000000.00,1000000000000000.00
Sep 15 2020,SHIB,$0.0 9 1015,0,1000000000000000.00,1000000000000000.00
Sep 13 2020,SHIB,$0.0 9 1106,0,1000000000000000.00,1000000000000000.00
Sep 11 2020,SHIB,$0.0 9 1148,0,1000000000000000.00,1000000000000000.00
Sep 10 2020,SHIB,$0.0 9 1034,0,1000000000000000.00,1000000000000000.00
Sep 08 2020,SHIB,$0.0 9 1244,0,1000000000000000.00,1000000000000000.00
Sep 06 2020,SHIB,$0.0 9 1527,0,1000000000000000.00,1000000000000000.00
Sep 05 2020,SHIB,$0.0 9 3732,0,1000000000000000.00,1000000000000000.00
Sep 03 2020,SHIB,$0.0 9 4667,0,1000000000000000.00,1000000000000000.00
Sep 01 2020,SHIB,$0.0 9 3028,0,1000000000000000.00,1000000000000000.00
Aug 31 2020,SHIB,$0.0 9 2481,0,1000000000000000.00,1000000000000000.00
Aug 29 2020,SHIB,$0.0 9 1225,0,1000000000000000.00,1000000000000000.00
Aug 27 2020,SHIB,$0.0 9 1012,0,1000000000000000.00,1000000000000000.00
Aug 25 2020,SHIB,$0.0 9 1167,0,1000000000000000.00,1000000000000000.00
Aug 24 2020,SHIB,$0.0 9 1132,0,1000000000000000.00,1000000000000000.00
Aug 22 2020,SHIB,$0.0 9 1180,0,1000000000000000.00,1000000000000000.00
Aug 20 2020,SHIB,$0.0 9 1755,0,1000000000000000.00,1000000000000000.00
Aug 19 2020,SHIB,$0.0 9 1606,0,1000000000000000.00,1000000000000000.00
Aug 17 2020,SHIB,$0.0 9 1715,0,1000000000000000.00,1000000000000000.00
Aug 15 2020,SHIB,$0.0 9 1848,0,1000000000000000.00,1000000000000000.00
Aug 14 2020,SHIB,$0.0 9 1541,0,1000000000000000.00,1000000000000000.00
Aug 12 2020,SHIB,$0.0 9 1702,0,1000000000000000.00,1000000000000000.00
Aug 10 2020,SHIB,$0.0 9 2325,0,1000000000000000.00,1000000000000000.00
Aug 08 2020,SHIB,$0.0 9 2317,0,1000000000000000.00,1000000000000000.00
Aug 07 2020,SHIB,$0.0 9 2330,0,1000000000000000.00,1000000000000000.00
Aug 05 2020,SHIB,$0.0 9 1635,0,1000000000000000.00,1000000000000000.00
Aug 03 2020,SHIB,$0.0 9 5169,0,1000000000000000.00,1000000000000000.00
Aug 02 2020,SHIB,$0.0 9 9722,0,1000000000000000.00,1000000000000000.00
Jul 31 2020,SHIB,0,0,1000000000000000.00,1000000000000000.00
