Date,Symbol,Price,Available Supply,Unlocked Supply,Community & Other (TBD),Founder / Team,Private Investors,Reserved,Community & Other
Aug 31 2030,SUI,0,10000000000.00,4782793256.21,5217206743.79,613374653.01,1409732320.00,163479993.40,2596206289.81
Aug 28 2030,SUI,0,10000000000.00,4782793256.21,5217206743.79,613374653.01,1409732320.00,163479993.40,2596206289.81
Aug 25 2030,SUI,0,10000000000.00,4782793256.21,5217206743.79,613374653.01,1409732320.00,163479993.40,2596206289.81
Aug 21 2030,SUI,0,10000000000.00,4782793256.21,5217206743.79,613374653.01,1409732320.00,163479993.40,2596206289.81
Aug 18 2030,SUI,0,10000000000.00,4782793256.21,5217206743.79,613374653.01,1409732320.00,163479993.40,2596206289.81
Aug 15 2030,SUI,0,10000000000.00,4782793256.21,5217206743.79,613374653.01,1409732320.00,163479993.40,2596206289.81
Aug 12 2030,SUI,0,10000000000.00,4782793256.21,5217206743.79,613374653.01,1409732320.00,163479993.40,2596206289.81
Aug 09 2030,SUI,0,10000000000.00,4782793256.21,5217206743.79,613374653.01,1409732320.00,163479993.40,2596206289.81
Aug 06 2030,SUI,0,10000000000.00,4782793256.21,5217206743.79,613374653.01,1409732320.00,163479993.40,2596206289.81
Aug 02 2030,SUI,0,10000000000.00,4782793256.21,5217206743.79,613374653.01,1409732320.00,163479993.40,2596206289.81
Jul 30 2030,SUI,0,10000000000.00,4782793256.21,5217206743.79,613374653.01,1409732320.00,163479993.40,2596206289.81
Jul 27 2030,SUI,0,10000000000.00,4782793256.21,5217206743.79,613374653.01,1409732320.00,163479993.40,2596206289.81
Jul 24 2030,SUI,0,10000000000.00,4782793256.21,5217206743.79,613374653.01,1409732320.00,163479993.40,2596206289.81
Jul 21 2030,SUI,0,10000000000.00,4782793256.21,5217206743.79,613374653.01,1409732320.00,163479993.40,2596206289.81
Jul 18 2030,SUI,0,10000000000.00,4782793256.21,5217206743.79,613374653.01,1409732320.00,163479993.40,2596206289.81
Jul 14 2030,SUI,0,10000000000.00,4782793256.21,5217206743.79,613374653.01,1409732320.00,163479993.40,2596206289.81
Jul 11 2030,SUI,0,10000000000.00,4782793256.21,5217206743.79,613374653.01,1409732320.00,163479993.40,2596206289.81
Jul 08 2030,SUI,0,10000000000.00,4782793256.21,5217206743.79,613374653.01,1409732320.00,163479993.40,2596206289.81
Jul 05 2030,SUI,0,10000000000.00,4782793256.21,5217206743.79,613374653.01,1409732320.00,163479993.40,2596206289.81
Jul 02 2030,SUI,0,10000000000.00,4782793256.21,5217206743.79,613374653.01,1409732320.00,163479993.40,2596206289.81
Jun 28 2030,SUI,0,10000000000.00,4782793256.21,5217206743.79,613374653.01,1409732320.00,163479993.40,2596206289.81
Jun 25 2030,SUI,0,10000000000.00,4782793256.21,5217206743.79,613374653.01,1409732320.00,163479993.40,2596206289.81
Jun 22 2030,SUI,0,10000000000.00,4782793256.21,5217206743.79,613374653.01,1409732320.00,163479993.40,2596206289.81
Jun 19 2030,SUI,0,10000000000.00,4782793256.21,5217206743.79,613374653.01,1409732320.00,163479993.40,2596206289.81
Jun 16 2030,SUI,0,10000000000.00,4782793256.21,5217206743.79,613374653.01,1409732320.00,163479993.40,2596206289.81
Jun 13 2030,SUI,0,10000000000.00,4782793256.21,5217206743.79,613374653.01,1409732320.00,163479993.40,2596206289.81
Jun 09 2030,SUI,0,10000000000.00,4782793256.21,5217206743.79,613374653.01,1409732320.00,163479993.40,2596206289.81
Jun 06 2030,SUI,0,10000000000.00,4782793256.21,5217206743.79,613374653.01,1409732320.00,163479993.40,2596206289.81
Jun 03 2030,SUI,0,10000000000.00,4782793256.21,5217206743.79,613374653.01,1409732320.00,163479993.40,2596206289.81
May 31 2030,SUI,0,10000000000.00,4782793256.21,5217206743.79,613374653.01,1409732320.00,163479993.40,2596206289.81
May 28 2030,SUI,0,4771723889.21,4771723889.21,0,608374653.01,1409732320.00,161410626.39,2592206289.81
May 25 2030,SUI,0,4771723889.21,4771723889.21,0,608374653.01,1409732320.00,161410626.39,2592206289.81
May 21 2030,SUI,0,4771723889.21,4771723889.21,0,608374653.01,1409732320.00,161410626.39,2592206289.81
May 18 2030,SUI,0,4771723889.21,4771723889.21,0,608374653.01,1409732320.00,161410626.39,2592206289.81
May 15 2030,SUI,0,4771723889.21,4771723889.21,0,608374653.01,1409732320.00,161410626.39,2592206289.81
May 12 2030,SUI,0,4771723889.21,4771723889.21,0,608374653.01,1409732320.00,161410626.39,2592206289.81
May 09 2030,SUI,0,4771723889.21,4771723889.21,0,608374653.01,1409732320.00,161410626.39,2592206289.81
May 05 2030,SUI,0,4771723889.21,4771723889.21,0,608374653.01,1409732320.00,161410626.39,2592206289.81
May 02 2030,SUI,0,4771723889.21,4771723889.21,0,608374653.01,1409732320.00,161410626.39,2592206289.81
Apr 29 2030,SUI,0,4760654522.20,4760654522.20,0,603374653.01,1409732320.00,159341259.39,2588206289.81
Apr 26 2030,SUI,0,4760654522.20,4760654522.20,0,603374653.01,1409732320.00,159341259.39,2588206289.81
Apr 23 2030,SUI,0,4760497033.33,4760497033.33,0,603374653.01,1409732320.00,159341259.39,2588048800.94
Apr 20 2030,SUI,0,4760322584.12,4760322584.12,0,603374653.01,1409732320.00,159341259.39,2587874351.73
Apr 16 2030,SUI,0,4760089985.17,4760089985.17,0,603374653.01,1409732320.00,159341259.39,2587641752.78
Apr 13 2030,SUI,0,4759915535.96,4759915535.96,0,603374653.01,1409732320.00,159341259.39,2587467303.57
Apr 10 2030,SUI,0,4759741086.75,4759741086.75,0,603374653.01,1409732320.00,159341259.39,2587292854.36
Apr 07 2030,SUI,0,4759566637.54,4759566637.54,0,603374653.01,1409732320.00,159341259.39,2587118405.14
Apr 04 2030,SUI,0,4759392188.33,4759392188.33,0,603374653.01,1409732320.00,159341259.39,2586943955.93
Apr 01 2030,SUI,0,4759217739.12,4759217739.12,0,603374653.01,1409732320.00,159341259.39,2586769506.72
Mar 28 2030,SUI,0,4747915773.16,4747915773.16,0,598374653.01,1409732320.00,157271892.38,2582536907.77
Mar 25 2030,SUI,0,4747730286.27,4747730286.27,0,598374653.01,1409732320.00,157271892.38,2582351420.88
Mar 22 2030,SUI,0,4747536453.81,4747536453.81,0,598374653.01,1409732320.00,157271892.38,2582157588.42
Mar 19 2030,SUI,0,4747342621.36,4747342621.36,0,598374653.01,1409732320.00,157271892.38,2581963755.97
Mar 16 2030,SUI,0,4747148788.90,4747148788.90,0,598374653.01,1409732320.00,157271892.38,2581769923.51
Mar 12 2030,SUI,0,4746890345.63,4746890345.63,0,598374653.01,1409732320.00,157271892.38,2581511480.24
Mar 09 2030,SUI,0,4746696513.17,4746696513.17,0,598374653.01,1409732320.00,157271892.38,2581317647.78
Mar 06 2030,SUI,0,4746502680.71,4746502680.71,0,598374653.01,1409732320.00,157271892.38,2581123815.32
Mar 03 2030,SUI,0,4746308848.26,4746308848.26,0,598374653.01,1409732320.00,157271892.38,2580929982.87
Feb 28 2030,SUI,0,4746115015.80,4746115015.80,0,598374653.01,1409732320.00,157271892.38,2580736150.41
Feb 25 2030,SUI,0,4734851816.34,4734851816.34,0,593374653.01,1409732320.00,155202525.38,2576542317.95
Feb 21 2030,SUI,0,4734593373.06,4734593373.06,0,593374653.01,1409732320.00,155202525.38,2576283874.68
Feb 18 2030,SUI,0,4734399540.61,4734399540.61,0,593374653.01,1409732320.00,155202525.38,2576090042.22
Feb 15 2030,SUI,0,4734205708.15,4734205708.15,0,593374653.01,1409732320.00,155202525.38,2575896209.76
Feb 12 2030,SUI,0,4734011875.69,4734011875.69,0,593374653.01,1409732320.00,155202525.38,2575702377.31
Feb 09 2030,SUI,0,4733818043.24,4733818043.24,0,593374653.01,1409732320.00,155202525.38,2575508544.85
Feb 06 2030,SUI,0,4733624210.78,4733624210.78,0,593374653.01,1409732320.00,155202525.38,2575314712.39
Feb 02 2030,SUI,0,4733365767.50,4733365767.50,0,593374653.01,1409732320.00,155202525.38,2575056269.12
Jan 30 2030,SUI,0,4722102568.04,4722102568.04,0,588374653.01,1409732320.00,153133158.37,2570862436.66
Jan 27 2030,SUI,0,4721908735.58,4721908735.58,0,588374653.01,1409732320.00,153133158.37,2570668604.20
Jan 24 2030,SUI,0,4721714903.13,4721714903.13,0,588374653.01,1409732320.00,153133158.37,2570474771.75
Jan 21 2030,SUI,0,4721521070.67,4721521070.67,0,588374653.01,1409732320.00,153133158.37,2570280939.29
Jan 17 2030,SUI,0,4721262627.40,4721262627.40,0,588374653.01,1409732320.00,153133158.37,2570022496.02
Jan 14 2030,SUI,0,4721068794.94,4721068794.94,0,588374653.01,1409732320.00,153133158.37,2569828663.56
Jan 11 2030,SUI,0,4720874962.48,4720874962.48,0,588374653.01,1409732320.00,153133158.37,2569634831.10
Jan 08 2030,SUI,0,4720681130.03,4720681130.03,0,588374653.01,1409732320.00,153133158.37,2569440998.65
Jan 05 2030,SUI,0,4720487297.57,4720487297.57,0,588374653.01,1409732320.00,153133158.37,2569247166.19
Jan 02 2030,SUI,0,4720293465.11,4720293465.11,0,588374653.01,1409732320.00,153133158.37,2569053333.73
Dec 29 2029,SUI,0,4708965654.83,4708965654.83,0,583374653.01,1409732320.00,151063791.37,2564794890.46
Dec 26 2029,SUI,0,4708817588.37,4708817588.37,0,583374653.01,1409732320.00,151063791.37,2564646824.00
Dec 23 2029,SUI,0,4708551367.87,4708551367.87,0,583374653.01,1409732320.00,151063791.37,2564380603.49
Dec 20 2029,SUI,0,4708335998.47,4708335998.47,0,583374653.01,1409732320.00,151063791.37,2564165234.10
Dec 17 2029,SUI,0,4708120629.08,4708120629.08,0,583374653.01,1409732320.00,151063791.37,2563949864.70
Dec 14 2029,SUI,0,4707905259.68,4707905259.68,0,583374653.01,1409732320.00,151063791.37,2563734495.30
Dec 10 2029,SUI,0,4707618100.48,4707618100.48,0,583374653.01,1409732320.00,151063791.37,2563447336.11
Dec 07 2029,SUI,0,4707402731.09,4707402731.09,0,583374653.01,1409732320.00,151063791.37,2563231966.71
Dec 04 2029,SUI,0,4707187361.69,4707187361.69,0,583374653.01,1409732320.00,151063791.37,2563016597.32
Dec 01 2029,SUI,0,4706971992.30,4706971992.30,0,583374653.01,1409732320.00,151063791.37,2562801227.92
Nov 28 2029,SUI,0,4695687255.89,4695687255.89,0,578374653.01,1409732320.00,148994424.36,2558585858.52
Nov 24 2029,SUI,0,4695400096.70,4695400096.70,0,578374653.01,1409732320.00,148994424.36,2558298699.33
Nov 21 2029,SUI,0,4695184727.30,4695184727.30,0,578374653.01,1409732320.00,148994424.36,2558083329.93
Nov 18 2029,SUI,0,4694969357.91,4694969357.91,0,578374653.01,1409732320.00,148994424.36,2557867960.54
Nov 15 2029,SUI,0,4694753988.51,4694753988.51,0,578374653.01,1409732320.00,148994424.36,2557652591.14
Nov 12 2029,SUI,0,4694538619.11,4694538619.11,0,578374653.01,1409732320.00,148994424.36,2557437221.74
Nov 09 2029,SUI,0,4694323249.72,4694323249.72,0,578374653.01,1409732320.00,148994424.36,2557221852.35
Nov 05 2029,SUI,0,4694036090.52,4694036090.52,0,578374653.01,1409732320.00,148994424.36,2556934693.15
Nov 02 2029,SUI,0,4693820721.13,4693820721.13,0,578374653.01,1409732320.00,148994424.36,2556719323.76
Oct 30 2029,SUI,0,4682535984.72,4682535984.72,0,573374653.01,1409732320.00,146925057.36,2552503954.36
Oct 27 2029,SUI,0,4682320615.33,4682320615.33,0,573374653.01,1409732320.00,146925057.36,2552288584.96
Oct 24 2029,SUI,0,4682105245.93,4682105245.93,0,573374653.01,1409732320.00,146925057.36,2552073215.57
Oct 21 2029,SUI,0,4681889876.54,4681889876.54,0,573374653.01,1409732320.00,146925057.36,2551857846.17
Oct 17 2029,SUI,0,4681602717.34,4681602717.34,0,573374653.01,1409732320.00,146925057.36,2551570686.98
Oct 14 2029,SUI,0,4681387347.94,4681387347.94,0,573374653.01,1409732320.00,146925057.36,2551355317.58
Oct 11 2029,SUI,0,4681171978.55,4681171978.55,0,573374653.01,1409732320.00,146925057.36,2551139948.18
Oct 08 2029,SUI,0,4680956609.15,4680956609.15,0,573374653.01,1409732320.00,146925057.36,2550924578.79
Oct 05 2029,SUI,0,4680741239.76,4680741239.76,0,573374653.01,1409732320.00,146925057.36,2550709209.39
Oct 01 2029,SUI,0,4680454080.56,4680454080.56,0,573374653.01,1409732320.00,146925057.36,2550422050.20
Sep 28 2029,SUI,0,4669169344.16,4669169344.16,0,568374653.01,1409732320.00,144855690.35,2546206680.80
Sep 25 2029,SUI,0,4668932371.35,4668932371.35,0,568374653.01,1409732320.00,144855690.35,2545969707.99
Sep 22 2029,SUI,0,4668693072.02,4668693072.02,0,568374653.01,1409732320.00,144855690.35,2545730408.66
Sep 19 2029,SUI,0,4668453772.69,4668453772.69,0,568374653.01,1409732320.00,144855690.35,2545491109.33
Sep 16 2029,SUI,0,4668214473.36,4668214473.36,0,568374653.01,1409732320.00,144855690.35,2545251810.00
Sep 12 2029,SUI,0,4667895407.59,4667895407.59,0,568374653.01,1409732320.00,144855690.35,2544932744.23
Sep 09 2029,SUI,0,4667656108.26,4667656108.26,0,568374653.01,1409732320.00,144855690.35,2544693444.90
Sep 06 2029,SUI,0,4667416808.93,4667416808.93,0,568374653.01,1409732320.00,144855690.35,2544454145.57
Sep 03 2029,SUI,0,4667177509.60,4667177509.60,0,568374653.01,1409732320.00,144855690.35,2544214846.24
Aug 31 2029,SUI,0,4666938210.27,4666938210.27,0,568374653.01,1409732320.00,144855690.35,2543975546.91
Aug 27 2029,SUI,0,4655549777.50,4655549777.50,0,563374653.01,1409732320.00,142786323.35,2539656481.14
Aug 24 2029,SUI,0,4655310478.17,4655310478.17,0,563374653.01,1409732320.00,142786323.35,2539417181.81
Aug 21 2029,SUI,0,4655071178.84,4655071178.84,0,563374653.01,1409732320.00,142786323.35,2539177882.48
Aug 18 2029,SUI,0,4654831879.51,4654831879.51,0,563374653.01,1409732320.00,142786323.35,2538938583.15
Aug 15 2029,SUI,0,4654592580.18,4654592580.18,0,563374653.01,1409732320.00,142786323.35,2538699283.82
Aug 12 2029,SUI,0,4654353280.85,4654353280.85,0,563374653.01,1409732320.00,142786323.35,2538459984.50
Aug 08 2029,SUI,0,4654034215.08,4654034215.08,0,563374653.01,1409732320.00,142786323.35,2538140918.72
Aug 05 2029,SUI,0,4653794915.75,4653794915.75,0,563374653.01,1409732320.00,142786323.35,2537901619.39
Aug 02 2029,SUI,0,4653555616.42,4653555616.42,0,563374653.01,1409732320.00,142786323.35,2537662320.06
Jul 30 2029,SUI,0,4642246950.09,4642246950.09,0,558374653.01,1409732320.00,140716956.34,2533423020.74
Jul 27 2029,SUI,0,4642007650.76,4642007650.76,0,558374653.01,1409732320.00,140716956.34,2533183721.41
Jul 24 2029,SUI,0,4641768351.43,4641768351.43,0,558374653.01,1409732320.00,140716956.34,2532944422.08
Jul 20 2029,SUI,0,4641449285.65,4641449285.65,0,558374653.01,1409732320.00,140716956.34,2532625356.30
Jul 17 2029,SUI,0,4641209986.33,4641209986.33,0,558374653.01,1409732320.00,140716956.34,2532386056.98
Jul 14 2029,SUI,0,4640970687.00,4640970687.00,0,558374653.01,1409732320.00,140716956.34,2532146757.65
Jul 11 2029,SUI,0,4640731387.67,4640731387.67,0,558374653.01,1409732320.00,140716956.34,2531907458.32
Jul 08 2029,SUI,0,4640492088.34,4640492088.34,0,558374653.01,1409732320.00,140716956.34,2531668158.99
Jul 04 2029,SUI,0,4640173022.57,4640173022.57,0,558374653.01,1409732320.00,140716956.34,2531349093.22
Jul 01 2029,SUI,0,4639933723.24,4639933723.24,0,558374653.01,1409732320.00,140716956.34,2531109793.89
Jun 28 2029,SUI,0,4628609916.05,4628609916.05,0,553374653.01,1409732320.00,138647589.34,2526855353.70
Jun 25 2029,SUI,0,4628344027.91,4628344027.91,0,553374653.01,1409732320.00,138647589.34,2526589465.56
Jun 22 2029,SUI,0,4628078139.76,4628078139.76,0,553374653.01,1409732320.00,138647589.34,2526323577.42
Jun 19 2029,SUI,0,4627812251.62,4627812251.62,0,553374653.01,1409732320.00,138647589.34,2526057689.27
Jun 15 2029,SUI,0,4627457734.09,4627457734.09,0,553374653.01,1409732320.00,138647589.34,2525703171.75
Jun 12 2029,SUI,0,4627191845.95,4627191845.95,0,553374653.01,1409732320.00,138647589.34,2525437283.61
Jun 09 2029,SUI,0,4626925957.81,4626925957.81,0,553374653.01,1409732320.00,138647589.34,2525171395.46
Jun 06 2029,SUI,0,4626660069.66,4626660069.66,0,553374653.01,1409732320.00,138647589.34,2524905507.32
Jun 03 2029,SUI,0,4626394181.52,4626394181.52,0,553374653.01,1409732320.00,138647589.34,2524639619.17
May 31 2029,SUI,0,4626128293.38,4626128293.38,0,553374653.01,1409732320.00,138647589.34,2524373731.03
May 27 2029,SUI,0,4614704408.85,4614704408.85,0,548374653.01,1409732320.00,136578222.33,2520019213.51
May 24 2029,SUI,0,4614438520.70,4614438520.70,0,548374653.01,1409732320.00,136578222.33,2519753325.36
May 21 2029,SUI,0,4614172632.56,4614172632.56,0,548374653.01,1409732320.00,136578222.33,2519487437.22
May 18 2029,SUI,0,4613906744.42,4613906744.42,0,548374653.01,1409732320.00,136578222.33,2519221549.08
May 15 2029,SUI,0,4613640856.27,4613640856.27,0,548374653.01,1409732320.00,136578222.33,2518955660.93
May 11 2029,SUI,0,4613286338.75,4613286338.75,0,548374653.01,1409732320.00,136578222.33,2518601143.41
May 08 2029,SUI,0,4613020450.60,4613020450.60,0,548374653.01,1409732320.00,136578222.33,2518335255.26
May 05 2029,SUI,0,4612754562.46,4612754562.46,0,548374653.01,1409732320.00,136578222.33,2518069367.12
May 02 2029,SUI,0,4612488674.32,4612488674.32,0,548374653.01,1409732320.00,136578222.33,2517803478.98
Apr 29 2029,SUI,0,4601153419.17,4601153419.17,0,543374653.01,1409732320.00,134508855.33,2513537590.83
Apr 26 2029,SUI,0,4600887531.02,4600887531.02,0,543374653.01,1409732320.00,134508855.33,2513271702.69
Apr 22 2029,SUI,0,4600533013.50,4600533013.50,0,543374653.01,1409732320.00,134508855.33,2512917185.16
Apr 19 2029,SUI,0,4600267125.36,4600267125.36,0,543374653.01,1409732320.00,134508855.33,2512651297.02
Apr 16 2029,SUI,0,4600001237.21,4600001237.21,0,543374653.01,1409732320.00,134508855.33,2512385408.88
Apr 13 2029,SUI,0,4599735349.07,4599735349.07,0,543374653.01,1409732320.00,134508855.33,2512119520.73
Apr 10 2029,SUI,0,4599469460.93,4599469460.93,0,543374653.01,1409732320.00,134508855.33,2511853632.59
Apr 07 2029,SUI,0,4599203572.78,4599203572.78,0,543374653.01,1409732320.00,134508855.33,2511587744.45
Apr 03 2029,SUI,0,4598849055.26,4598849055.26,0,543374653.01,1409732320.00,134508855.33,2511233226.92
Mar 31 2029,SUI,0,4598645946.26,4598645946.26,0,543374653.01,1409732320.00,134508855.33,2511030117.92
Mar 28 2029,SUI,0,4587211393.38,4587211393.38,0,538374653.01,1409732320.00,132439488.32,2506664932.05
Mar 25 2029,SUI,0,4586915962.11,4586915962.11,0,538374653.01,1409732320.00,132439488.32,2506369500.78
Mar 22 2029,SUI,0,4586620530.84,4586620530.84,0,538374653.01,1409732320.00,132439488.32,2506074069.51
Mar 18 2029,SUI,0,4586226622.47,4586226622.47,0,538374653.01,1409732320.00,132439488.32,2505680161.14
Mar 15 2029,SUI,0,4585931191.20,4585931191.20,0,538374653.01,1409732320.00,132439488.32,2505384729.87
Mar 12 2029,SUI,0,4585635759.93,4585635759.93,0,538374653.01,1409732320.00,132439488.32,2505089298.60
Mar 09 2029,SUI,0,4585340328.66,4585340328.66,0,538374653.01,1409732320.00,132439488.32,2504793867.33
Mar 06 2029,SUI,0,4585044897.39,4585044897.39,0,538374653.01,1409732320.00,132439488.32,2504498436.06
Mar 03 2029,SUI,0,4584749466.12,4584749466.12,0,538374653.01,1409732320.00,132439488.32,2504203004.79
Feb 27 2029,SUI,0,4573286190.76,4573286190.76,0,533374653.01,1409732320.00,130370121.32,2499809096.43
Feb 24 2029,SUI,0,4572990759.48,4572990759.48,0,533374653.01,1409732320.00,130370121.32,2499513665.16
Feb 21 2029,SUI,0,4572695328.21,4572695328.21,0,533374653.01,1409732320.00,130370121.32,2499218233.89
Feb 18 2029,SUI,0,4572399896.94,4572399896.94,0,533374653.01,1409732320.00,130370121.32,2498922802.62
Feb 15 2029,SUI,0,4572104465.67,4572104465.67,0,533374653.01,1409732320.00,130370121.32,2498627371.35
Feb 12 2029,SUI,0,4571809034.40,4571809034.40,0,533374653.01,1409732320.00,130370121.32,2498331940.08
Feb 08 2029,SUI,0,4571415126.04,4571415126.04,0,533374653.01,1409732320.00,130370121.32,2497938031.72
Feb 05 2029,SUI,0,4571119694.77,4571119694.77,0,533374653.01,1409732320.00,130370121.32,2497642600.45
Feb 02 2029,SUI,0,4570824263.50,4570824263.50,0,533374653.01,1409732320.00,130370121.32,2497347169.18
Jan 30 2029,SUI,0,4559459465.22,4559459465.22,0,528374653.01,1409732320.00,128300754.31,2493051737.90
Jan 27 2029,SUI,0,4559164033.95,4559164033.95,0,528374653.01,1409732320.00,128300754.31,2492756306.63
Jan 23 2029,SUI,0,4558770125.59,4558770125.59,0,528374653.01,1409732320.00,128300754.31,2492362398.27
Jan 20 2029,SUI,0,4558474694.32,4558474694.32,0,528374653.01,1409732320.00,128300754.31,2492066967.00
Jan 17 2029,SUI,0,4558179263.05,4558179263.05,0,528374653.01,1409732320.00,128300754.31,2491771535.73
Jan 14 2029,SUI,0,4557883831.78,4557883831.78,0,528374653.01,1409732320.00,128300754.31,2491476104.46
Jan 11 2029,SUI,0,4557588400.51,4557588400.51,0,528374653.01,1409732320.00,128300754.31,2491180673.19
Jan 08 2029,SUI,0,4557292969.24,4557292969.24,0,528374653.01,1409732320.00,128300754.31,2490885241.92
Jan 04 2029,SUI,0,4556899060.88,4556899060.88,0,528374653.01,1409732320.00,128300754.31,2490491333.56
Jan 01 2029,SUI,0,4556603629.61,4556603629.61,0,528374653.01,1409732320.00,128300754.31,2490195902.29
Dec 29 2028,SUI,0,4545209197.02,4545209197.02,0,523374653.01,1409732320.00,126231387.31,2485870836.71
Dec 26 2028,SUI,0,4544880940.06,4544880940.06,0,523374653.01,1409732320.00,126231387.31,2485542579.74
Dec 23 2028,SUI,0,4544552683.09,4544552683.09,0,523374653.01,1409732320.00,126231387.31,2485214322.77
Dec 20 2028,SUI,0,4544224426.12,4544224426.12,0,523374653.01,1409732320.00,126231387.31,2484886065.81
Dec 16 2028,SUI,0,4543786750.16,4543786750.16,0,523374653.01,1409732320.00,126231387.31,2484448389.85
Dec 13 2028,SUI,0,4543458493.20,4543458493.20,0,523374653.01,1409732320.00,126231387.31,2484120132.88
Dec 10 2028,SUI,0,4543130236.23,4543130236.23,0,523374653.01,1409732320.00,126231387.31,2483791875.91
Dec 07 2028,SUI,0,4542801979.26,4542801979.26,0,523374653.01,1409732320.00,126231387.31,2483463618.95
Dec 04 2028,SUI,0,4542473722.29,4542473722.29,0,523374653.01,1409732320.00,126231387.31,2483135361.98
Nov 30 2028,SUI,0,4542036046.34,4542036046.34,0,523374653.01,1409732320.00,126231387.31,2482697686.02
Nov 27 2028,SUI,0,4530638422.37,4530638422.37,0,518374653.01,1409732320.00,124162020.30,2478369429.06
Nov 24 2028,SUI,0,4530310165.40,4530310165.40,0,518374653.01,1409732320.00,124162020.30,2478041172.09
Nov 21 2028,SUI,0,4529981908.43,4529981908.43,0,518374653.01,1409732320.00,124162020.30,2477712915.12
Nov 18 2028,SUI,0,4529653651.46,4529653651.46,0,518374653.01,1409732320.00,124162020.30,2477384658.15
Nov 15 2028,SUI,0,4529325394.50,4529325394.50,0,518374653.01,1409732320.00,124162020.30,2477056401.19
Nov 11 2028,SUI,0,4528887718.54,4528887718.54,0,518374653.01,1409732320.00,124162020.30,2476618725.23
Nov 08 2028,SUI,0,4528559461.57,4528559461.57,0,518374653.01,1409732320.00,124162020.30,2476290468.26
Nov 05 2028,SUI,0,4528231204.60,4528231204.60,0,518374653.01,1409732320.00,124162020.30,2475962211.29
Nov 02 2028,SUI,0,4527902947.64,4527902947.64,0,518374653.01,1409732320.00,124162020.30,2475633954.33
Oct 30 2028,SUI,0,4516505323.66,4516505323.66,0,513374653.01,1409732320.00,122092653.30,2471305697.36
Oct 27 2028,SUI,0,4516177066.70,4516177066.70,0,513374653.01,1409732320.00,122092653.30,2470977440.39
Oct 23 2028,SUI,0,4515739390.74,4515739390.74,0,513374653.01,1409732320.00,122092653.30,2470539764.44
Oct 20 2028,SUI,0,4515411133.77,4515411133.77,0,513374653.01,1409732320.00,122092653.30,2470211507.47
Oct 17 2028,SUI,0,4515082876.81,4515082876.81,0,513374653.01,1409732320.00,122092653.30,2469883250.50
Oct 14 2028,SUI,0,4514754619.84,4514754619.84,0,513374653.01,1409732320.00,122092653.30,2469554993.53
Oct 11 2028,SUI,0,4514426362.87,4514426362.87,0,513374653.01,1409732320.00,122092653.30,2469226736.57
Oct 07 2028,SUI,0,4513988686.91,4513988686.91,0,513374653.01,1409732320.00,122092653.30,2468789060.61
Oct 04 2028,SUI,0,4513660429.95,4513660429.95,0,513374653.01,1409732320.00,122092653.30,2468460803.64
Oct 01 2028,SUI,0,4513311403.64,4513311403.64,0,513374653.01,1409732320.00,122092653.30,2468111777.33
Sep 28 2028,SUI,0,4501877306.67,4501877306.67,0,508374653.01,1409732320.00,120023286.29,2463747047.37
Sep 25 2028,SUI,0,4501512576.70,4501512576.70,0,508374653.01,1409732320.00,120023286.29,2463382317.40
Sep 22 2028,SUI,0,4501147846.74,4501147846.74,0,508374653.01,1409732320.00,120023286.29,2463017587.44
Sep 18 2028,SUI,0,4500661540.12,4500661540.12,0,508374653.01,1409732320.00,120023286.29,2462531280.82
Sep 15 2028,SUI,0,4500296810.16,4500296810.16,0,508374653.01,1409732320.00,120023286.29,2462166550.86
Sep 12 2028,SUI,0,4499932080.19,4499932080.19,0,508374653.01,1409732320.00,120023286.29,2461801820.89
Sep 09 2028,SUI,0,4499567350.23,4499567350.23,0,508374653.01,1409732320.00,120023286.29,2461437090.93
Sep 06 2028,SUI,0,4499202620.27,4499202620.27,0,508374653.01,1409732320.00,120023286.29,2461072360.97
Sep 03 2028,SUI,0,4498837890.30,4498837890.30,0,508374653.01,1409732320.00,120023286.29,2460707631.00
Aug 30 2028,SUI,0,4487282216.68,4487282216.68,0,503374653.01,1409732320.00,117953919.29,2456221324.38
Aug 27 2028,SUI,0,4486917486.71,4486917486.71,0,503374653.01,1409732320.00,117953919.29,2455856594.42
Aug 24 2028,SUI,0,4486552756.75,4486552756.75,0,503374653.01,1409732320.00,117953919.29,2455491864.46
Aug 21 2028,SUI,0,4486188026.79,4486188026.79,0,503374653.01,1409732320.00,117953919.29,2455127134.49
Aug 18 2028,SUI,0,4485823296.82,4485823296.82,0,503374653.01,1409732320.00,117953919.29,2454762404.53
Aug 14 2028,SUI,0,4485336990.20,4485336990.20,0,503374653.01,1409732320.00,117953919.29,2454276097.91
Aug 11 2028,SUI,0,4484972260.24,4484972260.24,0,503374653.01,1409732320.00,117953919.29,2453911367.95
Aug 08 2028,SUI,0,4484607530.28,4484607530.28,0,503374653.01,1409732320.00,117953919.29,2453546637.98
Aug 05 2028,SUI,0,4484242800.31,4484242800.31,0,503374653.01,1409732320.00,117953919.29,2453181908.02
Aug 02 2028,SUI,0,4483878070.35,4483878070.35,0,503374653.01,1409732320.00,117953919.29,2452817178.05
Jul 30 2028,SUI,0,4472443973.38,4472443973.38,0,498374653.01,1409732320.00,115884552.28,2448452448.09
Jul 26 2028,SUI,0,4471957666.76,4471957666.76,0,498374653.01,1409732320.00,115884552.28,2447966141.47
Jul 23 2028,SUI,0,4471592936.80,4471592936.80,0,498374653.01,1409732320.00,115884552.28,2447601411.51
Jul 20 2028,SUI,0,4471228206.83,4471228206.83,0,498374653.01,1409732320.00,115884552.28,2447236681.54
Jul 17 2028,SUI,0,4470863476.87,4470863476.87,0,498374653.01,1409732320.00,115884552.28,2446871951.58
Jul 14 2028,SUI,0,4470498746.91,4470498746.91,0,498374653.01,1409732320.00,115884552.28,2446507221.62
Jul 11 2028,SUI,0,4470134016.94,4470134016.94,0,498374653.01,1409732320.00,115884552.28,2446142491.65
Jul 07 2028,SUI,0,4469647710.33,4469647710.33,0,498374653.01,1409732320.00,115884552.28,2445656185.04
Jul 04 2028,SUI,0,4469369097.16,4469369097.16,0,498374653.01,1409732320.00,115884552.28,2445377571.87
Jul 01 2028,SUI,0,4468868156.31,4468868156.31,0,498374653.01,1409732320.00,115884552.28,2444876631.02
Jun 28 2028,SUI,0,4457393533.79,4457393533.79,0,493374653.01,1409732320.00,113815185.28,2440471375.51
Jun 25 2028,SUI,0,4456988278.28,4456988278.28,0,493374653.01,1409732320.00,113815185.28,2440066119.99
Jun 21 2028,SUI,0,4456447937.59,4456447937.59,0,493374653.01,1409732320.00,113815185.28,2439525779.31
Jun 18 2028,SUI,0,4456042682.08,4456042682.08,0,493374653.01,1409732320.00,113815185.28,2439120523.79
Jun 15 2028,SUI,0,4455637426.56,4455637426.56,0,493374653.01,1409732320.00,113815185.28,2438715268.27
Jun 12 2028,SUI,0,4455232171.04,4455232171.04,0,493374653.01,1409732320.00,113815185.28,2438310012.76
Jun 09 2028,SUI,0,4454826915.53,4454826915.53,0,493374653.01,1409732320.00,113815185.28,2437904757.24
Jun 06 2028,SUI,0,4454421660.01,4454421660.01,0,493374653.01,1409732320.00,113815185.28,2437499501.73
Jun 02 2028,SUI,0,4453881319.33,4453881319.33,0,493374653.01,1409732320.00,113815185.28,2436959161.04
May 30 2028,SUI,0,4442406696.81,4442406696.81,0,488374653.01,1409732320.00,111745818.27,2432553905.53
May 27 2028,SUI,0,4442001441.29,4442001441.29,0,488374653.01,1409732320.00,111745818.27,2432148650.01
May 24 2028,SUI,0,4441596185.78,4441596185.78,0,488374653.01,1409732320.00,111745818.27,2431743394.50
May 21 2028,SUI,0,4441190930.26,4441190930.26,0,488374653.01,1409732320.00,111745818.27,2431338138.98
May 18 2028,SUI,0,4440785674.75,4440785674.75,0,488374653.01,1409732320.00,111745818.27,2430932883.47
May 14 2028,SUI,0,4440245334.06,4440245334.06,0,488374653.01,1409732320.00,111745818.27,2430392542.78
May 11 2028,SUI,0,4439840078.54,4439840078.54,0,488374653.01,1409732320.00,111745818.27,2429987287.26
May 08 2028,SUI,0,4439434823.03,4439434823.03,0,488374653.01,1409732320.00,111745818.27,2429582031.75
May 05 2028,SUI,0,4439029567.51,4439029567.51,0,488374653.01,1409732320.00,111745818.27,2429176776.23
May 02 2028,SUI,0,4438624312.00,4438624312.00,0,488374653.01,1409732320.00,111745818.27,2428771520.72
Apr 28 2028,SUI,0,4427014604.31,4427014604.31,0,483374653.01,1409732320.00,109676451.27,2424231180.03
Apr 25 2028,SUI,0,4426609348.79,4426609348.79,0,483374653.01,1409732320.00,109676451.27,2423825924.51
Apr 22 2028,SUI,0,4426204093.27,4426204093.27,0,483374653.01,1409732320.00,109676451.27,2423420669.00
Apr 19 2028,SUI,0,4425798837.76,4425798837.76,0,483374653.01,1409732320.00,109676451.27,2423015413.48
Apr 16 2028,SUI,0,4425393582.24,4425393582.24,0,483374653.01,1409732320.00,109676451.27,2422610157.97
Apr 13 2028,SUI,0,4424988326.73,4424988326.73,0,483374653.01,1409732320.00,109676451.27,2422204902.45
Apr 09 2028,SUI,0,4424447986.04,4424447986.04,0,483374653.01,1409732320.00,109676451.27,2421664561.77
Apr 06 2028,SUI,0,4424042730.53,4424042730.53,0,483374653.01,1409732320.00,109676451.27,2421259306.25
Apr 03 2028,SUI,0,4423596824.38,4423596824.38,0,483374653.01,1409732320.00,109676451.27,2420813400.11
Mar 31 2028,SUI,0,4423146540.47,4423146540.47,0,483374653.01,1409732320.00,109676451.27,2420363116.20
Mar 28 2028,SUI,0,4411626889.56,4411626889.56,0,478374653.01,1409732320.00,107607084.26,2415912832.29
Mar 25 2028,SUI,0,4411176605.66,4411176605.66,0,478374653.01,1409732320.00,107607084.26,2415462548.39
Mar 21 2028,SUI,0,4410576227.12,4410576227.12,0,478374653.01,1409732320.00,107607084.26,2414862169.85
Mar 18 2028,SUI,0,4410125943.21,4410125943.21,0,478374653.01,1409732320.00,107607084.26,2414411885.94
Mar 15 2028,SUI,0,4409675659.30,4409675659.30,0,478374653.01,1409732320.00,107607084.26,2413961602.03
Mar 12 2028,SUI,0,4409225375.40,4409225375.40,0,478374653.01,1409732320.00,107607084.26,2413511318.13
Mar 09 2028,SUI,0,4408775091.49,4408775091.49,0,478374653.01,1409732320.00,107607084.26,2413061034.22
Mar 05 2028,SUI,0,4408174712.95,4408174712.95,0,478374653.01,1409732320.00,107607084.26,2412460655.68
Mar 02 2028,SUI,0,4407724429.05,4407724429.05,0,478374653.01,1409732320.00,107607084.26,2412010371.78
Feb 28 2028,SUI,0,4396204778.14,4396204778.14,0,473374653.01,1409732320.00,105537717.26,2407560087.87
Feb 25 2028,SUI,0,4395754494.23,4395754494.23,0,473374653.01,1409732320.00,105537717.26,2407109803.96
Feb 22 2028,SUI,0,4395304210.32,4395304210.32,0,473374653.01,1409732320.00,105537717.26,2406659520.06
Feb 19 2028,SUI,0,4394853926.42,4394853926.42,0,473374653.01,1409732320.00,105537717.26,2406209236.15
Feb 15 2028,SUI,0,4394253547.88,4394253547.88,0,473374653.01,1409732320.00,105537717.26,2405608857.61
Feb 12 2028,SUI,0,4393803263.97,4393803263.97,0,473374653.01,1409732320.00,105537717.26,2405158573.71
Feb 09 2028,SUI,0,4393352980.06,4393352980.06,0,473374653.01,1409732320.00,105537717.26,2404708289.80
Feb 06 2028,SUI,0,4392902696.16,4392902696.16,0,473374653.01,1409732320.00,105537717.26,2404258005.89
Feb 03 2028,SUI,0,4392452412.25,4392452412.25,0,473374653.01,1409732320.00,105537717.26,2403807721.99
Jan 31 2028,SUI,0,4392002128.35,4392002128.35,0,473374653.01,1409732320.00,105537717.26,2403357438.08
Jan 27 2028,SUI,0,4380332382.80,4380332382.80,0,468374653.01,1409732320.00,103468350.25,2398757059.54
Jan 24 2028,SUI,0,4379882098.89,4379882098.89,0,468374653.01,1409732320.00,103468350.25,2398306775.63
Jan 21 2028,SUI,0,4379431814.99,4379431814.99,0,468374653.01,1409732320.00,103468350.25,2397856491.73
Jan 18 2028,SUI,0,4378981531.08,4378981531.08,0,468374653.01,1409732320.00,103468350.25,2397406207.82
Jan 15 2028,SUI,0,4378531247.18,4378531247.18,0,468374653.01,1409732320.00,103468350.25,2396955923.92
Jan 11 2028,SUI,0,4377930868.64,4377930868.64,0,468374653.01,1409732320.00,103468350.25,2396355545.38
Jan 08 2028,SUI,0,4377480584.73,4377480584.73,0,468374653.01,1409732320.00,103468350.25,2395905261.47
Jan 05 2028,SUI,0,4377001810.64,4377001810.64,0,468374653.01,1409732320.00,103468350.25,2395426487.38
Jan 02 2028,SUI,0,4376501495.19,4376501495.19,0,468374653.01,1409732320.00,103468350.25,2394926171.93
Dec 30 2027,SUI,0,4364931812.73,4364931812.73,0,463374653.01,1409732320.00,101398983.25,2390425856.48
Dec 27 2027,SUI,0,4364431497.28,4364431497.28,0,463374653.01,1409732320.00,101398983.25,2389925541.03
Dec 23 2027,SUI,0,4363764410.01,4363764410.01,0,463374653.01,1409732320.00,101398983.25,2389258453.76
Dec 20 2027,SUI,0,4363264094.56,4363264094.56,0,463374653.01,1409732320.00,101398983.25,2388758138.31
Dec 17 2027,SUI,0,4362763779.11,4362763779.11,0,463374653.01,1409732320.00,101398983.25,2388257822.86
Dec 14 2027,SUI,0,4362263463.66,4362263463.66,0,463374653.01,1409732320.00,101398983.25,2387757507.40
Dec 11 2027,SUI,0,4361763148.21,4361763148.21,0,463374653.01,1409732320.00,101398983.25,2387257191.95
Dec 08 2027,SUI,0,4361262832.76,4361262832.76,0,463374653.01,1409732320.00,101398983.25,2386756876.50
Dec 04 2027,SUI,0,4360595745.49,4360595745.49,0,463374653.01,1409732320.00,101398983.25,2386089789.23
Dec 01 2027,SUI,0,4360095430.04,4360095430.04,0,463374653.01,1409732320.00,101398983.25,2385589473.78
Nov 28 2027,SUI,0,4348525747.58,4348525747.58,0,458374653.01,1409732320.00,99329616.24,2381089158.33
Nov 25 2027,SUI,0,4348025432.13,4348025432.13,0,458374653.01,1409732320.00,99329616.24,2380588842.88
Nov 22 2027,SUI,0,4347525116.68,4347525116.68,0,458374653.01,1409732320.00,99329616.24,2380088527.43
Nov 18 2027,SUI,0,4346858029.41,4346858029.41,0,458374653.01,1409732320.00,99329616.24,2379421440.16
Nov 15 2027,SUI,0,4346357713.96,4346357713.96,0,458374653.01,1409732320.00,99329616.24,2378921124.71
Nov 12 2027,SUI,0,4345857398.51,4345857398.51,0,458374653.01,1409732320.00,99329616.24,2378420809.26
Nov 09 2027,SUI,0,4345357083.06,4345357083.06,0,458374653.01,1409732320.00,99329616.24,2377920493.81
Nov 06 2027,SUI,0,4344856767.61,4344856767.61,0,458374653.01,1409732320.00,99329616.24,2377420178.36
Nov 03 2027,SUI,0,4344356452.16,4344356452.16,0,458374653.01,1409732320.00,99329616.24,2376919862.91
Oct 30 2027,SUI,0,4332619997.88,4332619997.88,0,453374653.01,1409732320.00,97260249.24,2372252775.64
Oct 27 2027,SUI,0,4332119682.43,4332119682.43,0,453374653.01,1409732320.00,97260249.24,2371752460.19
Oct 24 2027,SUI,0,4331619366.98,4331619366.98,0,453374653.01,1409732320.00,97260249.24,2371252144.74
Oct 21 2027,SUI,0,4331119051.53,4331119051.53,0,453374653.01,1409732320.00,97260249.24,2370751829.29
Oct 18 2027,SUI,0,4330618736.08,4330618736.08,0,453374653.01,1409732320.00,97260249.24,2370251513.84
Oct 14 2027,SUI,0,4329951648.81,4329951648.81,0,453374653.01,1409732320.00,97260249.24,2369584426.57
Oct 11 2027,SUI,0,4329451333.36,4329451333.36,0,453374653.01,1409732320.00,97260249.24,2369084111.12
Oct 08 2027,SUI,0,4329069147.95,4329069147.95,0,453374653.01,1409732320.00,97260249.24,2368701925.70
Oct 05 2027,SUI,0,4328381986.29,4328381986.29,0,453374653.01,1409732320.00,97260249.24,2368014764.05
Oct 02 2027,SUI,0,4327826080.24,4327826080.24,0,453374653.01,1409732320.00,97260249.24,2367458857.99
Sep 29 2027,SUI,0,4316200807.18,4316200807.18,0,448374653.01,1409732320.00,95190882.23,2362902951.94
Sep 25 2027,SUI,0,4315459599.10,4315459599.10,0,448374653.01,1409732320.00,95190882.23,2362161743.86
Sep 22 2027,SUI,0,4314903693.04,4314903693.04,0,448374653.01,1409732320.00,95190882.23,2361605837.80
Sep 19 2027,SUI,0,4314347786.99,4314347786.99,0,448374653.01,1409732320.00,95190882.23,2361049931.75
Sep 16 2027,SUI,0,4313791880.93,4313791880.93,0,448374653.01,1409732320.00,95190882.23,2360494025.69
Sep 13 2027,SUI,0,4313235974.87,4313235974.87,0,448374653.01,1409732320.00,95190882.23,2359938119.63
Sep 10 2027,SUI,0,4312680068.82,4312680068.82,0,448374653.01,1409732320.00,95190882.23,2359382213.58
Sep 06 2027,SUI,0,4311938860.74,4311938860.74,0,448374653.01,1409732320.00,95190882.23,2358641005.50
Sep 03 2027,SUI,0,4311382954.69,4311382954.69,0,448374653.01,1409732320.00,95190882.23,2358085099.45
Aug 31 2027,SUI,0,4310827048.63,4310827048.63,0,448374653.01,1409732320.00,95190882.23,2357529193.39
Aug 28 2027,SUI,0,4299201775.57,4299201775.57,0,443374653.01,1409732320.00,93121515.23,2352973287.33
Aug 25 2027,SUI,0,4298645869.51,4298645869.51,0,443374653.01,1409732320.00,93121515.23,2352417381.28
Aug 21 2027,SUI,0,4297904661.43,4297904661.43,0,443374653.01,1409732320.00,93121515.23,2351676173.20
Aug 18 2027,SUI,0,4297348755.38,4297348755.38,0,443374653.01,1409732320.00,93121515.23,2351120267.14
Aug 15 2027,SUI,0,4296792849.32,4296792849.32,0,443374653.01,1409732320.00,93121515.23,2350564361.09
Aug 12 2027,SUI,0,4296236943.26,4296236943.26,0,443374653.01,1409732320.00,93121515.23,2350008455.03
Aug 09 2027,SUI,0,4295681037.21,4295681037.21,0,443374653.01,1409732320.00,93121515.23,2349452548.97
Aug 06 2027,SUI,0,4295125131.15,4295125131.15,0,443374653.01,1409732320.00,93121515.23,2348896642.92
Aug 02 2027,SUI,0,4294383923.08,4294383923.08,0,443374653.01,1409732320.00,93121515.23,2348155434.84
Jul 30 2027,SUI,0,4282758650.01,4282758650.01,0,438374653.01,1409732320.00,91052148.22,2343599528.78
Jul 27 2027,SUI,0,4282202743.96,4282202743.96,0,438374653.01,1409732320.00,91052148.22,2343043622.73
Jul 24 2027,SUI,0,4281646837.90,4281646837.90,0,438374653.01,1409732320.00,91052148.22,2342487716.67
Jul 21 2027,SUI,0,4281090931.84,4281090931.84,0,438374653.01,1409732320.00,91052148.22,2341931810.61
Jul 18 2027,SUI,0,4280535025.79,4280535025.79,0,438374653.01,1409732320.00,91052148.22,2341375904.56
Jul 14 2027,SUI,0,4279793817.71,4279793817.71,0,438374653.01,1409732320.00,91052148.22,2340634696.48
Jul 11 2027,SUI,0,4279237911.66,4279237911.66,0,438374653.01,1409732320.00,91052148.22,2340078790.43
Jul 08 2027,SUI,0,4278626243.42,4278626243.42,0,438374653.01,1409732320.00,91052148.22,2339467122.19
Jul 05 2027,SUI,0,4278008570.02,4278008570.02,0,438374653.01,1409732320.00,91052148.22,2338849448.79
Jul 02 2027,SUI,0,4277390896.62,4277390896.62,0,438374653.01,1409732320.00,91052148.22,2338231775.39
Jun 28 2027,SUI,0,4265417757.09,4265417757.09,0,433294445.01,1409732320.00,88982781.22,2333408210.87
Jun 25 2027,SUI,0,4264800083.70,4264800083.70,0,433294445.01,1409732320.00,88982781.22,2332790537.47
Jun 22 2027,SUI,0,4264182410.30,4264182410.30,0,433294445.01,1409732320.00,88982781.22,2332172864.07
Jun 19 2027,SUI,0,4263564736.90,4263564736.90,0,433294445.01,1409732320.00,88982781.22,2331555190.68
Jun 16 2027,SUI,0,4262947063.51,4262947063.51,0,433294445.01,1409732320.00,88982781.22,2330937517.28
Jun 13 2027,SUI,0,4262329390.11,4262329390.11,0,433294445.01,1409732320.00,88982781.22,2330319843.88
Jun 09 2027,SUI,0,4261505825.58,4261505825.58,0,433294445.01,1409732320.00,88982781.22,2329496279.36
Jun 06 2027,SUI,0,4260888152.19,4260888152.19,0,433294445.01,1409732320.00,88982781.22,2328878605.96
Jun 03 2027,SUI,0,4260270478.79,4260270478.79,0,433294445.01,1409732320.00,88982781.22,2328260932.56
May 31 2027,SUI,0,4259652805.39,4259652805.39,0,433294445.01,1409732320.00,88982781.22,2327643259.17
May 28 2027,SUI,0,4247785347.99,4247785347.99,0,428114028.01,1409732320.00,86913414.21,2323025585.77
May 25 2027,SUI,0,4247167674.60,4247167674.60,0,428114028.01,1409732320.00,86913414.21,2322407912.38
May 21 2027,SUI,0,4246344110.07,4246344110.07,0,428114028.01,1409732320.00,86913414.21,2321584347.85
May 18 2027,SUI,0,4245726436.67,4245726436.67,0,428114028.01,1409732320.00,86913414.21,2320966674.45
May 15 2027,SUI,0,4245108763.27,4245108763.27,0,428114028.01,1409732320.00,86913414.21,2320349001.05
May 12 2027,SUI,0,4244491089.88,4244491089.88,0,428114028.01,1409732320.00,86913414.21,2319731327.66
May 09 2027,SUI,0,4243873416.48,4243873416.48,0,428114028.01,1409732320.00,86913414.21,2319113654.26
May 05 2027,SUI,0,4243049851.95,4243049851.95,0,428114028.01,1409732320.00,86913414.21,2318290089.73
May 02 2027,SUI,0,4242432178.56,4242432178.56,0,428114028.01,1409732320.00,86913414.21,2317672416.34
Apr 29 2027,SUI,0,4229379590.16,4229379590.16,0,421748480.01,1409732320.00,84844047.21,2313054742.94
Apr 26 2027,SUI,0,4228761916.76,4228761916.76,0,421748480.01,1409732320.00,84844047.21,2312437069.54
Apr 23 2027,SUI,0,4228144243.36,4228144243.36,0,421748480.01,1409732320.00,84844047.21,2311819396.15
Apr 20 2027,SUI,0,4227526569.97,4227526569.97,0,421748480.01,1409732320.00,84844047.21,2311201722.75
Apr 16 2027,SUI,0,4226703005.44,4226703005.44,0,421748480.01,1409732320.00,84844047.21,2310378158.22
Apr 13 2027,SUI,0,4226085332.04,4226085332.04,0,421748480.01,1409732320.00,84844047.21,2309760484.83
Apr 10 2027,SUI,0,4225428577.46,4225428577.46,0,421748480.01,1409732320.00,84844047.21,2309103730.24
Apr 07 2027,SUI,0,4224742273.69,4224742273.69,0,421748480.01,1409732320.00,84844047.21,2308417426.47
Apr 04 2027,SUI,0,4224055969.91,4224055969.91,0,421748480.01,1409732320.00,84844047.21,2307731122.70
Apr 01 2027,SUI,0,4223369666.14,4223369666.14,0,421748480.01,1409732320.00,84844047.21,2307044818.92
Mar 28 2027,SUI,0,4209959470.43,4209959470.43,0,415322723.01,1409732320.00,82774680.20,2302129747.22
Mar 25 2027,SUI,0,4209273166.66,4209273166.66,0,415322723.01,1409732320.00,82774680.20,2301443443.45
Mar 22 2027,SUI,0,4208586862.89,4208586862.89,0,415322723.01,1409732320.00,82774680.20,2300757139.68
Mar 19 2027,SUI,0,4207900559.11,4207900559.11,0,415322723.01,1409732320.00,82774680.20,2300070835.90
Mar 16 2027,SUI,0,4207214255.34,4207214255.34,0,415322723.01,1409732320.00,82774680.20,2299384532.13
Mar 12 2027,SUI,0,4206299183.64,4206299183.64,0,415322723.01,1409732320.00,82774680.20,2298469460.43
Mar 09 2027,SUI,0,4205612879.87,4205612879.87,0,415322723.01,1409732320.00,82774680.20,2297783156.66
Mar 06 2027,SUI,0,4204926576.09,4204926576.09,0,415322723.01,1409732320.00,82774680.20,2297096852.88
Mar 03 2027,SUI,0,4204240272.32,4204240272.32,0,415322723.01,1409732320.00,82774680.20,2296410549.11
Feb 28 2027,SUI,0,4203553968.55,4203553968.55,0,415322723.01,1409732320.00,82774680.20,2295724245.34
Feb 25 2027,SUI,0,4190239957.77,4190239957.77,0,408764383.01,1409732320.00,80705313.20,2291037941.56
Feb 21 2027,SUI,0,4189324886.07,4189324886.07,0,408764383.01,1409732320.00,80705313.20,2290122869.87
Feb 18 2027,SUI,0,4188638582.30,4188638582.30,0,408764383.01,1409732320.00,80705313.20,2289436566.09
Feb 15 2027,SUI,0,4187952278.52,4187952278.52,0,408764383.01,1409732320.00,80705313.20,2288750262.32
Feb 12 2027,SUI,0,4187265974.75,4187265974.75,0,408764383.01,1409732320.00,80705313.20,2288063958.54
Feb 09 2027,SUI,0,4186579670.98,4186579670.98,0,408764383.01,1409732320.00,80705313.20,2287377654.77
Feb 06 2027,SUI,0,4185893367.20,4185893367.20,0,408764383.01,1409732320.00,80705313.20,2286691351.00
Feb 02 2027,SUI,0,4184978295.50,4184978295.50,0,408764383.01,1409732320.00,80705313.20,2285776279.30
Jan 30 2027,SUI,0,4171450742.73,4171450742.73,0,401992501.01,1409732320.00,78635946.19,2281089975.53
Jan 27 2027,SUI,0,4170764438.95,4170764438.95,0,401992501.01,1409732320.00,78635946.19,2280403671.75
Jan 24 2027,SUI,0,4170078135.18,4170078135.18,0,401992501.01,1409732320.00,78635946.19,2279717367.98
Jan 21 2027,SUI,0,4169391831.40,4169391831.40,0,401992501.01,1409732320.00,78635946.19,2279031064.20
Jan 17 2027,SUI,0,4168476759.71,4168476759.71,0,401992501.01,1409732320.00,78635946.19,2278115992.51
Jan 14 2027,SUI,0,4167790455.93,4167790455.93,0,401992501.01,1409732320.00,78635946.19,2277429688.73
Jan 11 2027,SUI,0,4167266196.11,4167266196.11,0,401992501.01,1409732320.00,78635946.19,2276905428.91
Jan 08 2027,SUI,0,4166323587.53,4166323587.53,0,401992501.01,1409732320.00,78635946.19,2275962820.33
Jan 05 2027,SUI,0,4165561027.78,4165561027.78,0,401992501.01,1409732320.00,78635946.19,2275200260.58
Jan 02 2027,SUI,0,4164798468.03,4164798468.03,0,401992501.01,1409732320.00,78635946.19,2274437700.83
Jan 02 2027,SUI,0,4164798468.03,4164798468.03,0,401992501.01,1409732320.00,78635946.19,2274437700.83
Dec 29 2026,SUI,0,4150810264.69,4150810264.69,0,395090411.01,1409732320.00,76566579.19,2269420954.50
Dec 26 2026,SUI,0,4150047704.95,4150047704.95,0,395090411.01,1409732320.00,76566579.19,2268658394.75
Dec 23 2026,SUI,0,4149285145.20,4149285145.20,0,395090411.01,1409732320.00,76566579.19,2267895835.00
Dec 20 2026,SUI,0,4148522585.45,4148522585.45,0,395090411.01,1409732320.00,76566579.19,2267133275.25
Dec 17 2026,SUI,0,4147760025.70,4147760025.70,0,395090411.01,1409732320.00,76566579.19,2266370715.51
Dec 14 2026,SUI,0,4146997465.95,4146997465.95,0,395090411.01,1409732320.00,76566579.19,2265608155.76
Dec 10 2026,SUI,0,4145980719.62,4145980719.62,0,395090411.01,1409732320.00,76566579.19,2264591409.43
Dec 07 2026,SUI,0,4145218159.87,4145218159.87,0,395090411.01,1409732320.00,76566579.19,2263828849.68
Dec 04 2026,SUI,0,4144455600.12,4144455600.12,0,395090411.01,1409732320.00,76566579.19,2263066289.93
Dec 01 2026,SUI,0,4143693040.37,4143693040.37,0,395090411.01,1409732320.00,76566579.19,2262303730.18
Nov 28 2026,SUI,0,4129782981.62,4129782981.62,0,388012279.01,1409732320.00,74497212.18,2257541170.43
Nov 24 2026,SUI,0,4128766235.29,4128766235.29,0,388012279.01,1409732320.00,74497212.18,2256524424.10
Nov 21 2026,SUI,0,4128003675.54,4128003675.54,0,388012279.01,1409732320.00,74497212.18,2255761864.35
Nov 18 2026,SUI,0,4127241115.79,4127241115.79,0,388012279.01,1409732320.00,74497212.18,2254999304.60
Nov 15 2026,SUI,0,4126478556.04,4126478556.04,0,388012279.01,1409732320.00,74497212.18,2254236744.85
Nov 12 2026,SUI,0,4125715996.30,4125715996.30,0,388012279.01,1409732320.00,74497212.18,2253474185.11
Nov 09 2026,SUI,0,4124953436.55,4124953436.55,0,388012279.01,1409732320.00,74497212.18,2252711625.36
Nov 05 2026,SUI,0,4123936690.22,4123936690.22,0,388012279.01,1409732320.00,74497212.18,2251694879.03
Nov 02 2026,SUI,0,4123174130.47,4123174130.47,0,388012279.01,1409732320.00,74497212.18,2250932319.28
Oct 30 2026,SUI,0,4109151155.71,4109151155.71,0,380821231.01,1409732320.00,72427845.18,2246169759.53
Oct 27 2026,SUI,0,4108388595.97,4108388595.97,0,380821231.01,1409732320.00,72427845.18,2245407199.78
Oct 24 2026,SUI,0,4107626036.22,4107626036.22,0,380821231.01,1409732320.00,72427845.18,2244644640.03
Oct 21 2026,SUI,0,4106863476.47,4106863476.47,0,380821231.01,1409732320.00,72427845.18,2243882080.28
Oct 17 2026,SUI,0,4105846730.14,4105846730.14,0,380821231.01,1409732320.00,72427845.18,2242865333.95
Oct 14 2026,SUI,0,4105084170.39,4105084170.39,0,380821231.01,1409732320.00,72427845.18,2242102774.20
Oct 11 2026,SUI,0,4104245119.31,4104245119.31,0,380821231.01,1409732320.00,72427845.18,2241263723.12
Oct 08 2026,SUI,0,4103397830.70,4103397830.70,0,380821231.01,1409732320.00,72427845.18,2240416434.51
Oct 05 2026,SUI,0,4102550542.09,4102550542.09,0,380821231.01,1409732320.00,72427845.18,2239569145.90
Oct 01 2026,SUI,0,4101420823.94,4101420823.94,0,380821231.01,1409732320.00,72427845.18,2238439427.76
Sep 28 2026,SUI,0,4087039161.33,4087039161.33,0,373356224.01,1409732320.00,70358478.17,2233592139.15
Sep 25 2026,SUI,0,4086191872.72,4086191872.72,0,373356224.01,1409732320.00,70358478.17,2232744850.54
Sep 22 2026,SUI,0,4085344584.11,4085344584.11,0,373356224.01,1409732320.00,70358478.17,2231897561.93
Sep 19 2026,SUI,0,4084497295.50,4084497295.50,0,373356224.01,1409732320.00,70358478.17,2231050273.32
Sep 16 2026,SUI,0,4083650006.89,4083650006.89,0,373356224.01,1409732320.00,70358478.17,2230202984.71
Sep 12 2026,SUI,0,4082520288.74,4082520288.74,0,373356224.01,1409732320.00,70358478.17,2229073266.56
Sep 09 2026,SUI,0,4081673000.14,4081673000.14,0,373356224.01,1409732320.00,70358478.17,2228225977.96
Sep 06 2026,SUI,0,4080825711.53,4080825711.53,0,373356224.01,1409732320.00,70358478.17,2227378689.35
Sep 03 2026,SUI,0,4079978422.92,4079978422.92,0,373356224.01,1409732320.00,70358478.17,2226531400.74
Aug 31 2026,SUI,0,4079131134.31,4079131134.31,0,373356224.01,1409732320.00,70358478.17,2225684112.13
Aug 28 2026,SUI,0,4064560930.69,4064560930.69,0,365702676.01,1409732320.00,68289111.17,2220836823.52
Aug 24 2026,SUI,0,4063431212.55,4063431212.55,0,365702676.01,1409732320.00,68289111.17,2219707105.37
Aug 21 2026,SUI,0,4062583923.94,4062583923.94,0,365702676.01,1409732320.00,68289111.17,2218859816.76
Aug 18 2026,SUI,0,4061736635.33,4061736635.33,0,365702676.01,1409732320.00,68289111.17,2218012528.15
Aug 15 2026,SUI,0,4060889346.72,4060889346.72,0,365702676.01,1409732320.00,68289111.17,2217165239.54
Aug 12 2026,SUI,0,4060042058.11,4060042058.11,0,365702676.01,1409732320.00,68289111.17,2216317950.93
Aug 08 2026,SUI,0,4058912339.96,4058912339.96,0,365702676.01,1409732320.00,68289111.17,2215188232.79
Aug 05 2026,SUI,0,4058065051.35,4058065051.35,0,365702676.01,1409732320.00,68289111.17,2214340944.18
Aug 02 2026,SUI,0,4057217762.74,4057217762.74,0,365702676.01,1409732320.00,68289111.17,2213493655.57
Jul 30 2026,SUI,0,4042647559.13,4042647559.13,0,358049128.01,1409732320.00,66219744.16,2208646366.96
Jul 27 2026,SUI,0,4041800270.52,4041800270.52,0,358049128.01,1409732320.00,66219744.16,2207799078.35
Jul 24 2026,SUI,0,4040952981.91,4040952981.91,0,358049128.01,1409732320.00,66219744.16,2206951789.74
Jul 20 2026,SUI,0,4039823263.76,4039823263.76,0,358049128.01,1409732320.00,66219744.16,2205822071.59
Jul 17 2026,SUI,0,4038975975.16,4038975975.16,0,358049128.01,1409732320.00,66219744.16,2204974782.99
Jul 14 2026,SUI,0,4038075077.24,4038075077.24,0,358049128.01,1409732320.00,66219744.16,2204073885.07
Jul 11 2026,SUI,0,4037133645.45,4037133645.45,0,358049128.01,1409732320.00,66219744.16,2203132453.28
Jul 08 2026,SUI,0,4036192213.66,4036192213.66,0,358049128.01,1409732320.00,66219744.16,2202191021.49
Jul 05 2026,SUI,0,4035250781.87,4035250781.87,0,358049128.01,1409732320.00,66219744.16,2201249589.70
Jul 01 2026,SUI,0,4033995539.49,4033995539.49,0,358049128.01,1409732320.00,66219744.16,2199994347.32
Jun 28 2026,SUI,0,4018689942.69,4018689942.69,0,349754330.01,1409732320.00,64150377.16,2195052915.53
Jun 25 2026,SUI,0,4017748510.90,4017748510.90,0,349754330.01,1409732320.00,64150377.16,2194111483.74
Jun 22 2026,SUI,0,4016807079.12,4016807079.12,0,349754330.01,1409732320.00,64150377.16,2193170051.95
Jun 19 2026,SUI,0,4015865647.33,4015865647.33,0,349754330.01,1409732320.00,64150377.16,2192228620.16
Jun 15 2026,SUI,0,4014610404.94,4014610404.94,0,349754330.01,1409732320.00,64150377.16,2190973377.78
Jun 12 2026,SUI,0,4013668973.16,4013668973.16,0,349754330.01,1409732320.00,64150377.16,2190031945.99
Jun 09 2026,SUI,0,4012727541.37,4012727541.37,0,349754330.01,1409732320.00,64150377.16,2189090514.20
Jun 06 2026,SUI,0,4011786109.58,4011786109.58,0,349754330.01,1409732320.00,64150377.16,2188149082.41
Jun 03 2026,SUI,0,4010844677.79,4010844677.79,0,349754330.01,1409732320.00,64150377.16,2187207650.63
May 31 2026,SUI,0,4009903246.00,4009903246.00,0,349754330.01,1409732320.00,64150377.16,2186266218.84
May 27 2026,SUI,0,3966032884.01,3966032884.01,0,341157448.68,1390411112.86,62081010.15,2172383312.31
May 24 2026,SUI,0,3965091452.22,3965091452.22,0,341157448.68,1390411112.86,62081010.15,2171441880.53
May 21 2026,SUI,0,3964150020.43,3964150020.43,0,341157448.68,1390411112.86,62081010.15,2170500448.74
May 18 2026,SUI,0,3963208588.64,3963208588.64,0,341157448.68,1390411112.86,62081010.15,2169559016.95
May 15 2026,SUI,0,3962267156.85,3962267156.85,0,341157448.68,1390411112.86,62081010.15,2168617585.16
May 12 2026,SUI,0,3961325725.06,3961325725.06,0,341157448.68,1390411112.86,62081010.15,2167676153.37
May 08 2026,SUI,0,3960070482.68,3960070482.68,0,341157448.68,1390411112.86,62081010.15,2166420910.99
May 05 2026,SUI,0,3959129050.89,3959129050.89,0,341157448.68,1390411112.86,62081010.15,2165479479.20
May 02 2026,SUI,0,3958187619.10,3958187619.10,0,341157448.68,1390411112.86,62081010.15,2164538047.41
Apr 29 2026,SUI,0,3914302296.86,3914302296.86,0,332231796.51,1371089905.72,60011643.15,2150968951.48
Apr 26 2026,SUI,0,3913360865.07,3913360865.07,0,332231796.51,1371089905.72,60011643.15,2150027519.70
Apr 22 2026,SUI,0,3912105622.69,3912105622.69,0,332231796.51,1371089905.72,60011643.15,2148772277.31
Apr 19 2026,SUI,0,3911164190.90,3911164190.90,0,332231796.51,1371089905.72,60011643.15,2147830845.52
Apr 16 2026,SUI,0,3910445041.62,3910445041.62,0,332231796.51,1371089905.72,60011643.15,2147111696.24
Apr 13 2026,SUI,0,3909152025.74,3909152025.74,0,332231796.51,1371089905.72,60011643.15,2145818680.36
Apr 10 2026,SUI,0,3908105990.42,3908105990.42,0,332231796.51,1371089905.72,60011643.15,2144772645.04
Apr 07 2026,SUI,0,3907059955.10,3907059955.10,0,332231796.51,1371089905.72,60011643.15,2143726609.72
Apr 03 2026,SUI,0,3905665241.34,3905665241.34,0,332231796.51,1371089905.72,60011643.15,2142331895.96
Mar 31 2026,SUI,0,3904619206.02,3904619206.02,0,332231796.51,1371089905.72,60011643.15,2141285860.64
Mar 28 2026,SUI,0,3860221362.91,3860221362.91,0,322898227.01,1351768698.58,57942276.14,2127612161.18
Mar 25 2026,SUI,0,3859175327.59,3859175327.59,0,322898227.01,1351768698.58,57942276.14,2126566125.86
Mar 22 2026,SUI,0,3858129292.27,3858129292.27,0,322898227.01,1351768698.58,57942276.14,2125520090.54
Mar 19 2026,SUI,0,3857083256.95,3857083256.95,0,322898227.01,1351768698.58,57942276.14,2124474055.22
Mar 15 2026,SUI,0,3855688543.19,3855688543.19,0,322898227.01,1351768698.58,57942276.14,2123079341.46
Mar 12 2026,SUI,0,3854642507.87,3854642507.87,0,322898227.01,1351768698.58,57942276.14,2122033306.14
Mar 09 2026,SUI,0,3853596472.55,3853596472.55,0,322898227.01,1351768698.58,57942276.14,2120987270.82
Mar 06 2026,SUI,0,3852550437.23,3852550437.23,0,322898227.01,1351768698.58,57942276.14,2119941235.50
Mar 03 2026,SUI,0,3851504401.91,3851504401.91,0,322898227.01,1351768698.58,57942276.14,2118895200.18
Feb 27 2026,SUI,0,3806580588.70,3806580588.70,0,313387365.84,1332447491.44,55872909.14,2104872822.28
Feb 24 2026,SUI,0,3805534553.38,3805534553.38,0,313387365.84,1332447491.44,55872909.14,2103826786.96
Feb 21 2026,SUI,0,3804488518.06,3804488518.06,0,313387365.84,1332447491.44,55872909.14,2102780751.64
Feb 18 2026,SUI,0,3803442482.74,3803442482.74,0,313387365.84,1332447491.44,55872909.14,2101734716.32
Feb 15 2026,SUI,0,3802396447.42,3802396447.42,0,313387365.84,1332447491.44,55872909.14,2100688681.00
Feb 12 2026,SUI,0,3801350412.09,3801350412.09,0,313387365.84,1332447491.44,55872909.14,2099642645.68
Feb 08 2026,SUI,0,3799955698.33,3799955698.33,0,313387365.84,1332447491.44,55872909.14,2098247931.92
Feb 05 2026,SUI,0,3798909663.01,3798909663.01,0,313387365.84,1332447491.44,55872909.14,2097201896.59
Feb 02 2026,SUI,0,3797863627.69,3797863627.69,0,313387365.84,1332447491.44,55872909.14,2096155861.27
Jan 30 2026,SUI,0,3753123492.92,3753123492.92,0,303711504.67,1313126284.31,53803542.13,2082482161.82
Jan 27 2026,SUI,0,3752077457.60,3752077457.60,0,303711504.67,1313126284.31,53803542.13,2081436126.49
Jan 23 2026,SUI,0,3750682743.84,3750682743.84,0,303711504.67,1313126284.31,53803542.13,2080041412.73
Jan 20 2026,SUI,0,3749636708.52,3749636708.52,0,303711504.67,1313126284.31,53803542.13,2078995377.41
Jan 17 2026,SUI,0,3748590673.20,3748590673.20,0,303711504.67,1313126284.31,53803542.13,2077949342.09
Jan 14 2026,SUI,0,3747439711.50,3747439711.50,0,303711504.67,1313126284.31,53803542.13,2076798380.39
Jan 11 2026,SUI,0,3746277450.03,3746277450.03,0,303711504.67,1313126284.31,53803542.13,2075636118.92
Jan 08 2026,SUI,0,3745115188.56,3745115188.56,0,303711504.67,1313126284.31,53803542.13,2074473857.46
Jan 04 2026,SUI,0,3743565506.61,3743565506.61,0,303711504.67,1313126284.31,53803542.13,2072924175.50
Jan 01 2026,SUI,0,3742403245.14,3742403245.14,0,303711504.67,1313126284.31,53803542.13,2071761914.03
Dec 29 2025,SUI,0,3697322717.89,3697322717.89,0,293811477.17,1293805077.17,51734175.13,2057971988.43
Dec 26 2025,SUI,0,3696160456.42,3696160456.42,0,293811477.17,1293805077.17,51734175.13,2056809726.96
Dec 23 2025,SUI,0,3694998194.96,3694998194.96,0,293811477.17,1293805077.17,51734175.13,2055647465.49
Dec 20 2025,SUI,0,3693835933.49,3693835933.49,0,293811477.17,1293805077.17,51734175.13,2054485204.03
Dec 16 2025,SUI,0,3692286251.53,3692286251.53,0,293811477.17,1293805077.17,51734175.13,2052935522.07
Dec 13 2025,SUI,0,3691123990.07,3691123990.07,0,293811477.17,1293805077.17,51734175.13,2051773260.60
Dec 10 2025,SUI,0,3689961728.60,3689961728.60,0,293811477.17,1293805077.17,51734175.13,2050610999.14
Dec 07 2025,SUI,0,3688799467.13,3688799467.13,0,293811477.17,1293805077.17,51734175.13,2049448737.67
Dec 04 2025,SUI,0,3687637205.66,3687637205.66,0,293811477.17,1293805077.17,51734175.13,2048286476.20
Nov 30 2025,SUI,0,3686087523.71,3686087523.71,0,293811477.17,1293805077.17,51734175.13,2046736794.25
Nov 27 2025,SUI,0,3640965329.79,3640965329.79,0,283869783.00,1274483870.03,49664808.12,2032946868.64
Nov 24 2025,SUI,0,3639803068.32,3639803068.32,0,283869783.00,1274483870.03,49664808.12,2031784607.17
Nov 21 2025,SUI,0,3638640806.86,3638640806.86,0,283869783.00,1274483870.03,49664808.12,2030622345.71
Nov 18 2025,SUI,0,3637478545.39,3637478545.39,0,283869783.00,1274483870.03,49664808.12,2029460084.24
Nov 15 2025,SUI,0,3636316283.92,3636316283.92,0,283869783.00,1274483870.03,49664808.12,2028297822.77
Nov 11 2025,SUI,0,3634766601.97,3634766601.97,0,283869783.00,1274483870.03,49664808.12,2026748140.82
Nov 08 2025,SUI,0,3633604340.50,3633604340.50,0,283869783.00,1274483870.03,49664808.12,2025585879.35
Nov 05 2025,SUI,0,3632442079.03,3632442079.03,0,283869783.00,1274483870.03,49664808.12,2024423617.88
Nov 02 2025,SUI,0,3631279817.56,3631279817.56,0,283869783.00,1274483870.03,49664808.12,2023261356.42
Oct 30 2025,SUI,0,3586122345.64,3586122345.64,0,273892810.83,1255162662.89,47595441.12,2009471430.81
Oct 27 2025,SUI,0,3584960084.18,3584960084.18,0,273892810.83,1255162662.89,47595441.12,2008309169.34
Oct 23 2025,SUI,0,3583410402.22,3583410402.22,0,273892810.83,1255162662.89,47595441.12,2006759487.39
Oct 20 2025,SUI,0,3582248140.75,3582248140.75,0,273892810.83,1255162662.89,47595441.12,2005597225.92
Oct 17 2025,SUI,0,3581012341.14,3581012341.14,0,273892810.83,1255162662.89,47595441.12,2004361426.31
Oct 14 2025,SUI,0,3579720939.51,3579720939.51,0,273892810.83,1255162662.89,47595441.12,2003070024.68
Oct 11 2025,SUI,0,3578429537.88,3578429537.88,0,273892810.83,1255162662.89,47595441.12,2001778623.05
Oct 07 2025,SUI,0,3576707669.04,3576707669.04,0,273892810.83,1255162662.89,47595441.12,2000056754.21
Oct 04 2025,SUI,0,3575416267.41,3575416267.41,0,273892810.83,1255162662.89,47595441.12,1998765352.58
Oct 01 2025,SUI,0,3574124865.78,3574124865.78,0,273892810.83,1255162662.89,47595441.12,1997473950.95
Sep 28 2025,SUI,0,3528838253.70,3528838253.70,0,263915838.66,1235841455.75,45526074.11,1983554885.18
Sep 25 2025,SUI,0,3527546852.07,3527546852.07,0,263915838.66,1235841455.75,45526074.11,1982263483.55
Sep 22 2025,SUI,0,3526255450.44,3526255450.44,0,263915838.66,1235841455.75,45526074.11,1980972081.92
Sep 18 2025,SUI,0,3524533581.60,3524533581.60,0,263915838.66,1235841455.75,45526074.11,1979250213.08
Sep 15 2025,SUI,0,3523242179.97,3523242179.97,0,263915838.66,1235841455.75,45526074.11,1977958811.45
Sep 12 2025,SUI,0,3521950778.34,3521950778.34,0,263915838.66,1235841455.75,45526074.11,1976667409.82
Sep 09 2025,SUI,0,3520659376.71,3520659376.71,0,263915838.66,1235841455.75,45526074.11,1975376008.19
Sep 06 2025,SUI,0,3519367975.08,3519367975.08,0,263915838.66,1235841455.75,45526074.11,1974084606.56
Sep 03 2025,SUI,0,3518076573.45,3518076573.45,0,263915838.66,1235841455.75,45526074.11,1972793204.93
Aug 30 2025,SUI,0,3472359494.15,3472359494.15,0,253938866.49,1216520248.61,43456707.11,1958443671.95
Aug 27 2025,SUI,0,3471068092.52,3471068092.52,0,253938866.49,1216520248.61,43456707.11,1957152270.32
Aug 24 2025,SUI,0,3469776690.89,3469776690.89,0,253938866.49,1216520248.61,43456707.11,1955860868.69
Aug 21 2025,SUI,0,3468485289.26,3468485289.26,0,253938866.49,1216520248.61,43456707.11,1954569467.06
Aug 18 2025,SUI,0,3467193887.63,3467193887.63,0,253938866.49,1216520248.61,43456707.11,1953278065.43
Aug 14 2025,SUI,0,3465472018.79,3465472018.79,0,253938866.49,1216520248.61,43456707.11,1951556196.59
Aug 11 2025,SUI,0,3464180617.16,3464180617.16,0,253938866.49,1216520248.61,43456707.11,1950264794.96
Aug 08 2025,SUI,0,3462889215.53,3462889215.53,0,253938866.49,1216520248.61,43456707.11,1948973393.33
Aug 05 2025,SUI,0,3461597813.90,3461597813.90,0,253938866.49,1216520248.61,43456707.11,1947681991.70
Aug 02 2025,SUI,0,3460306412.27,3460306412.27,0,253938866.49,1216520248.61,43456707.11,1946390590.07
Jul 30 2025,SUI,0,3415019800.19,3415019800.19,0,243961894.32,1197199041.47,41387340.10,1932471524.30
Jul 26 2025,SUI,0,3413297931.35,3413297931.35,0,243961894.32,1197199041.47,41387340.10,1930749655.46
Jul 23 2025,SUI,0,3412006529.72,3412006529.72,0,243961894.32,1197199041.47,41387340.10,1929458253.83
Jul 20 2025,SUI,0,3411020042.36,3411020042.36,0,243961894.32,1197199041.47,41387340.10,1928471766.47
Jul 17 2025,SUI,0,3409246358.03,3409246358.03,0,243961894.32,1197199041.47,41387340.10,1926698082.13
Jul 14 2025,SUI,0,3407811467.33,3407811467.33,0,243961894.32,1197199041.47,41387340.10,1925263191.43
Jul 11 2025,SUI,0,3406376576.63,3406376576.63,0,243961894.32,1197199041.47,41387340.10,1923828300.73
Jul 07 2025,SUI,0,3404463389.03,3404463389.03,0,243961894.32,1197199041.47,41387340.10,1921915113.13
Jul 04 2025,SUI,0,3403028498.33,3403028498.33,0,243961894.32,1197199041.47,41387340.10,1920480222.43
Jul 01 2025,SUI,0,3401593607.63,3401593607.63,0,243961894.32,1197199041.47,41387340.10,1919045331.73
Jun 28 2025,SUI,0,3356163506.47,3356163506.47,0,233984922.15,1177877834.33,39317973.10,1904982776.90
Jun 25 2025,SUI,0,3354728615.77,3354728615.77,0,233984922.15,1177877834.33,39317973.10,1903547886.20
Jun 21 2025,SUI,0,3352815428.17,3352815428.17,0,233984922.15,1177877834.33,39317973.10,1901634698.60
Jun 18 2025,SUI,0,3351380537.47,3351380537.47,0,233984922.15,1177877834.33,39317973.10,1900199807.90
Jun 15 2025,SUI,0,3349945646.77,3349945646.77,0,233984922.15,1177877834.33,39317973.10,1898764917.20
Jun 12 2025,SUI,0,3348510756.07,3348510756.07,0,233984922.15,1177877834.33,39317973.10,1897330026.50
Jun 09 2025,SUI,0,3347075865.37,3347075865.37,0,233984922.15,1177877834.33,39317973.10,1895895135.80
Jun 06 2025,SUI,0,3345640974.67,3345640974.67,0,233984922.15,1177877834.33,39317973.10,1894460245.10
Jun 02 2025,SUI,0,3343727787.07,3343727787.07,0,233984922.15,1177877834.33,39317973.10,1892547057.50
May 30 2025,SUI,0,3268297685.92,3268297685.92,0,224007949.98,1158556627.19,37248606.09,1848484502.66
May 27 2025,SUI,0,3266862795.22,3266862795.22,0,224007949.98,1158556627.19,37248606.09,1847049611.96
May 24 2025,SUI,0,3265427904.52,3265427904.52,0,224007949.98,1158556627.19,37248606.09,1845614721.26
May 21 2025,SUI,0,3263993013.82,3263993013.82,0,224007949.98,1158556627.19,37248606.09,1844179830.56
May 18 2025,SUI,0,3262558123.12,3262558123.12,0,224007949.98,1158556627.19,37248606.09,1842744939.86
May 14 2025,SUI,0,3260644935.52,3260644935.52,0,224007949.98,1158556627.19,37248606.09,1840831752.26
May 11 2025,SUI,0,3259210044.82,3259210044.82,0,224007949.98,1158556627.19,37248606.09,1839396861.56
May 08 2025,SUI,0,3257775154.12,3257775154.12,0,224007949.98,1158556627.19,37248606.09,1837961970.86
May 05 2025,SUI,0,3256340263.42,3256340263.42,0,224007949.98,1158556627.19,37248606.09,1836527080.16
May 02 2025,SUI,0,3254905372.72,3254905372.72,0,224007949.98,1158556627.19,37248606.09,1835092189.46
Apr 28 2025,SUI,0,3188797562.15,3188797562.15,0,213669589.26,1119397396.08,35179239.09,1820551337.72
Apr 25 2025,SUI,0,3187362671.45,3187362671.45,0,213669589.26,1119397396.08,35179239.09,1819116447.02
Apr 22 2025,SUI,0,3185927780.75,3185927780.75,0,213669589.26,1119397396.08,35179239.09,1817681556.32
Apr 19 2025,SUI,0,3184348958.11,3184348958.11,0,213669589.26,1119397396.08,35179239.09,1816102733.68
Apr 16 2025,SUI,0,3182754635.11,3182754635.11,0,213669589.26,1119397396.08,35179239.09,1814508410.68
Apr 13 2025,SUI,0,3181160312.11,3181160312.11,0,213669589.26,1119397396.08,35179239.09,1812914087.68
Apr 09 2025,SUI,0,3179034548.11,3179034548.11,0,213669589.26,1119397396.08,35179239.09,1810788323.68
Apr 06 2025,SUI,0,3177440225.11,3177440225.11,0,213669589.26,1119397396.08,35179239.09,1809194000.68
Apr 03 2025,SUI,0,3175845902.11,3175845902.11,0,213669589.26,1119397396.08,35179239.09,1807599677.68
Mar 31 2025,SUI,0,3174251579.11,3174251579.11,0,213669589.26,1119397396.08,35179239.09,1806005354.68
Mar 28 2025,SUI,0,3108462633.13,3108462633.13,0,203331228.54,1080238164.97,33109872.08,1791783367.54
Mar 25 2025,SUI,0,3106868310.13,3106868310.13,0,203331228.54,1080238164.97,33109872.08,1790189044.54
Mar 21 2025,SUI,0,3104742546.13,3104742546.13,0,203331228.54,1080238164.97,33109872.08,1788063280.54
Mar 18 2025,SUI,0,3103148223.13,3103148223.13,0,203331228.54,1080238164.97,33109872.08,1786468957.54
Mar 15 2025,SUI,0,3101553900.13,3101553900.13,0,203331228.54,1080238164.97,33109872.08,1784874634.54
Mar 12 2025,SUI,0,3099959577.13,3099959577.13,0,203331228.54,1080238164.97,33109872.08,1783280311.54
Mar 09 2025,SUI,0,3098365254.13,3098365254.13,0,203331228.54,1080238164.97,33109872.08,1781685988.54
Mar 05 2025,SUI,0,3096239490.13,3096239490.13,0,203331228.54,1080238164.97,33109872.08,1779560224.54
Mar 02 2025,SUI,0,3094645167.13,3094645167.13,0,203331228.54,1080238164.97,33109872.08,1777965901.54
Feb 27 2025,SUI,0,3028856221.16,3028856221.16,0,192992867.82,1041078933.86,31040505.08,1763743914.40
Feb 24 2025,SUI,0,3027261898.16,3027261898.16,0,192992867.82,1041078933.86,31040505.08,1762149591.40
Feb 21 2025,SUI,0,3025667575.16,3025667575.16,0,192992867.82,1041078933.86,31040505.08,1760555268.40
Feb 18 2025,SUI,0,3024073252.16,3024073252.16,0,192992867.82,1041078933.86,31040505.08,1758960945.40
Feb 14 2025,SUI,0,3021947488.16,3021947488.16,0,192992867.82,1041078933.86,31040505.08,1756835181.40
Feb 11 2025,SUI,0,3020353165.16,3020353165.16,0,192992867.82,1041078933.86,31040505.08,1755240858.40
Feb 08 2025,SUI,0,3018758842.16,3018758842.16,0,192992867.82,1041078933.86,31040505.08,1753646535.40
Feb 05 2025,SUI,0,3017164519.16,3017164519.16,0,192992867.82,1041078933.86,31040505.08,1752052212.40
Feb 02 2025,SUI,0,3015570196.16,3015570196.16,0,192992867.82,1041078933.86,31040505.08,1750457889.40
Jan 30 2025,SUI,0,2949781250.18,2949781250.18,0,182654507.10,1001919702.75,28971138.07,1736235902.26
Jan 26 2025,SUI,0,2947655486.18,2947655486.18,0,182654507.10,1001919702.75,28971138.07,1734110138.26
Jan 23 2025,SUI,0,2946061163.18,2946061163.18,0,182654507.10,1001919702.75,28971138.07,1732515815.26
Jan 20 2025,SUI,0,2944365964.81,2944365964.81,0,182654507.10,1001919702.75,28971138.07,1730820616.89
Jan 17 2025,SUI,0,2942594494.81,2942594494.81,0,182654507.10,1001919702.75,28971138.07,1729049146.89
Jan 14 2025,SUI,0,2940823024.81,2940823024.81,0,182654507.10,1001919702.75,28971138.07,1727277676.89
Jan 10 2025,SUI,0,2938461064.81,2938461064.81,0,182654507.10,1001919702.75,28971138.07,1724915716.89
Jan 07 2025,SUI,0,2936689594.81,2936689594.81,0,182654507.10,1001919702.75,28971138.07,1723144246.89
Jan 04 2025,SUI,0,2934918124.81,2934918124.81,0,182654507.10,1001919702.75,28971138.07,1721372776.89
Jan 01 2025,SUI,0,2933146654.81,2933146654.81,0,182654507.10,1001919702.75,28971138.07,1719601306.89
Dec 29 2024,SUI,0,2867180561.83,2867180561.83,0,172316146.38,962760471.64,26901771.07,1705202172.75
Dec 26 2024,SUI,0,2865409091.83,2865409091.83,0,172316146.38,962760471.64,26901771.07,1703430702.75
Dec 22 2024,SUI,0,2863047131.83,2863047131.83,0,172316146.38,962760471.64,26901771.07,1701068742.75
Dec 19 2024,SUI,0,2861275661.83,2861275661.83,0,172316146.38,962760471.64,26901771.07,1699297272.75
Dec 16 2024,SUI,0,2859504191.83,2859504191.83,0,172316146.38,962760471.64,26901771.07,1697525802.75
Dec 13 2024,SUI,0,2857732721.83,2857732721.83,0,172316146.38,962760471.64,26901771.07,1695754332.75
Dec 10 2024,SUI,0,2855961251.83,2855961251.83,0,172316146.38,962760471.64,26901771.07,1693982862.75
Dec 07 2024,SUI,0,2854189781.83,2854189781.83,0,172316146.38,962760471.64,26901771.07,1692211392.75
Dec 03 2024,SUI,0,2851827821.83,2851827821.83,0,172316146.38,962760471.64,26901771.07,1689849432.75
Nov 30 2024,SUI,0,2850056351.83,2850056351.83,0,172316146.38,962760471.64,26901771.07,1688077962.75
Nov 27 2024,SUI,0,2784090258.86,2784090258.86,0,161977785.66,923601240.53,24832404.06,1673678828.61
Nov 24 2024,SUI,0,2782318788.86,2782318788.86,0,161977785.66,923601240.53,24832404.06,1671907358.61
Nov 21 2024,SUI,0,2780547318.86,2780547318.86,0,161977785.66,923601240.53,24832404.06,1670135888.61
Nov 17 2024,SUI,0,2778185358.86,2778185358.86,0,161977785.66,923601240.53,24832404.06,1667773928.61
Nov 14 2024,SUI,0,2776413888.86,2776413888.86,0,161977785.66,923601240.53,24832404.06,1666002458.61
Nov 11 2024,SUI,0,2774642418.86,2774642418.86,0,161977785.66,923601240.53,24832404.06,1664230988.61
Nov 08 2024,SUI,0,2772870948.86,2772870948.86,0,161977785.66,923601240.53,24832404.06,1662459518.61
Nov 05 2024,SUI,0,2771099478.86,2771099478.86,0,161977785.66,923601240.53,24832404.06,1660688048.61
Nov 02 2024,SUI,0,2769328008.86,2769328008.86,0,161977785.66,923601240.53,24832404.06,1658916578.61
Oct 29 2024,SUI,0,2702771425.88,2702771425.88,0,151639424.94,884442009.42,22763037.06,1643926954.47
Oct 26 2024,SUI,0,2700999955.88,2700999955.88,0,151639424.94,884442009.42,22763037.06,1642155484.47
Oct 23 2024,SUI,0,2699646749.63,2699646749.63,0,151639424.94,884442009.42,22763037.06,1640802278.22
Oct 20 2024,SUI,0,2697213712.13,2697213712.13,0,151639424.94,884442009.42,22763037.06,1638369240.72
Oct 17 2024,SUI,0,2695245412.13,2695245412.13,0,151639424.94,884442009.42,22763037.06,1636400940.72
Oct 14 2024,SUI,0,2693277112.13,2693277112.13,0,151639424.94,884442009.42,22763037.06,1634432640.72
Oct 10 2024,SUI,0,2690652712.13,2690652712.13,0,151639424.94,884442009.42,22763037.06,1631808240.72
Oct 07 2024,SUI,0,2688684412.13,2688684412.13,0,151639424.94,884442009.42,22763037.06,1629839940.72
Oct 04 2024,SUI,0,2686716112.13,2686716112.13,0,151639424.94,884442009.42,22763037.06,1627871640.72
Oct 01 2024,SUI,0,2684747812.13,2684747812.13,0,151639424.94,884442009.42,22763037.06,1625903340.72
Sep 28 2024,SUI,0,2618584889.16,2618584889.16,0,141301064.22,845282778.31,20693670.05,1611307376.58
Sep 24 2024,SUI,0,2615960489.16,2615960489.16,0,141301064.22,845282778.31,20693670.05,1608682976.58
Sep 21 2024,SUI,0,2613992189.16,2613992189.16,0,141301064.22,845282778.31,20693670.05,1606714676.58
Sep 18 2024,SUI,0,2612023889.16,2612023889.16,0,141301064.22,845282778.31,20693670.05,1604746376.58
Sep 15 2024,SUI,0,2610055589.16,2610055589.16,0,141301064.22,845282778.31,20693670.05,1602778076.58
Sep 12 2024,SUI,0,2608087289.16,2608087289.16,0,141301064.22,845282778.31,20693670.05,1600809776.58
Sep 09 2024,SUI,0,2606118989.16,2606118989.16,0,141301064.22,845282778.31,20693670.05,1598841476.58
Sep 05 2024,SUI,0,2603494589.16,2603494589.16,0,141301064.22,845282778.31,20693670.05,1596217076.58
Sep 02 2024,SUI,0,2601526289.16,2601526289.16,0,141301064.22,845282778.31,20693670.05,1594248776.58
Aug 30 2024,SUI,0,2535363366.18,2535363366.18,0,130962703.50,806123547.19,18624303.05,1579652812.44
Aug 27 2024,SUI,0,2533395066.18,2533395066.18,0,130962703.50,806123547.19,18624303.05,1577684512.44
Aug 24 2024,SUI,0,2531426766.18,2531426766.18,0,130962703.50,806123547.19,18624303.05,1575716212.44
Aug 21 2024,SUI,0,2529458466.18,2529458466.18,0,130962703.50,806123547.19,18624303.05,1573747912.44
Aug 17 2024,SUI,0,2526834066.18,2526834066.18,0,130962703.50,806123547.19,18624303.05,1571123512.44
Aug 14 2024,SUI,0,2524865766.18,2524865766.18,0,130962703.50,806123547.19,18624303.05,1569155212.44
Aug 11 2024,SUI,0,2522897466.18,2522897466.18,0,130962703.50,806123547.19,18624303.05,1567186912.44
Aug 08 2024,SUI,0,2520929166.18,2520929166.18,0,130962703.50,806123547.19,18624303.05,1565218612.44
Aug 05 2024,SUI,0,2518960866.18,2518960866.18,0,130962703.50,806123547.19,18624303.05,1563250312.44
Aug 01 2024,SUI,0,2516336466.18,2516336466.18,0,130962703.50,806123547.19,18624303.05,1560625912.44
Jul 29 2024,SUI,0,2450173543.21,2450173543.21,0,120624342.78,766964316.08,16554936.04,1546029948.31
Jul 26 2024,SUI,0,2448205243.21,2448205243.21,0,120624342.78,766964316.08,16554936.04,1544061648.31
Jul 23 2024,SUI,0,2446039505.71,2446039505.71,0,120624342.78,766964316.08,16554936.04,1541895910.81
Jul 20 2024,SUI,0,2443852505.71,2443852505.71,0,120624342.78,766964316.08,16554936.04,1539708910.81
Jul 17 2024,SUI,0,2441665505.71,2441665505.71,0,120624342.78,766964316.08,16554936.04,1537521910.81
Jul 13 2024,SUI,0,2438749505.71,2438749505.71,0,120624342.78,766964316.08,16554936.04,1534605910.81
Jul 10 2024,SUI,0,2436562505.71,2436562505.71,0,120624342.78,766964316.08,16554936.04,1532418910.81
Jul 07 2024,SUI,0,2434375505.71,2434375505.71,0,120624342.78,766964316.08,16554936.04,1530231910.81
Jul 04 2024,SUI,0,2432188505.71,2432188505.71,0,120624342.78,766964316.08,16554936.04,1528044910.81
Jul 01 2024,SUI,0,2430001505.71,2430001505.71,0,120624342.78,766964316.08,16554936.04,1525857910.81
Jun 28 2024,SUI,0,2362737590.73,2362737590.73,0,109403690.06,727805084.97,14485569.04,1511043246.67
Jun 24 2024,SUI,0,2359821590.73,2359821590.73,0,109403690.06,727805084.97,14485569.04,1508127246.67
Jun 21 2024,SUI,0,2357634590.73,2357634590.73,0,109403690.06,727805084.97,14485569.04,1505940246.67
Jun 18 2024,SUI,0,2355447590.73,2355447590.73,0,109403690.06,727805084.97,14485569.04,1503753246.67
Jun 15 2024,SUI,0,2353260590.73,2353260590.73,0,109403690.06,727805084.97,14485569.04,1501566246.67
Jun 12 2024,SUI,0,2351073590.73,2351073590.73,0,109403690.06,727805084.97,14485569.04,1499379246.67
Jun 08 2024,SUI,0,2348157590.73,2348157590.73,0,109403690.06,727805084.97,14485569.04,1496463246.67
Jun 05 2024,SUI,0,2345970590.73,2345970590.73,0,109403690.06,727805084.97,14485569.04,1494276246.67
Jun 02 2024,SUI,0,2343783590.73,2343783590.73,0,109403690.06,727805084.97,14485569.04,1492089246.67
May 30 2024,SUI,0,1342370277.00,1342370277.00,0,0,0,0,1342370277.00
May 27 2024,SUI,0,1340183277.00,1340183277.00,0,0,0,0,1340183277.00
May 24 2024,SUI,0,1337996277.00,1337996277.00,0,0,0,0,1337996277.00
May 20 2024,SUI,0,1335080277.00,1335080277.00,0,0,0,0,1335080277.00
May 17 2024,SUI,0,1332893277.00,1332893277.00,0,0,0,0,1332893277.00
May 14 2024,SUI,0,1330706277.00,1330706277.00,0,0,0,0,1330706277.00
May 11 2024,SUI,0,1328519277.00,1328519277.00,0,0,0,0,1328519277.00
May 08 2024,SUI,0,1326332277.00,1326332277.00,0,0,0,0,1326332277.00
May 05 2024,SUI,0,1324145277.00,1324145277.00,0,0,0,0,1324145277.00
May 01 2024,SUI,0,1286613892.38,1286613892.38,0,0,0,0,1286613892.38
Apr 28 2024,SUI,0,1280426892.38,1280426892.38,0,0,0,0,1280426892.38
Apr 25 2024,SUI,0,1278101517.38,1278101517.38,0,0,0,0,1278101517.38
Apr 22 2024,SUI,0,1275671517.38,1275671517.38,0,0,0,0,1275671517.38
Apr 19 2024,SUI,0,1273241517.38,1273241517.38,0,0,0,0,1273241517.38
Apr 15 2024,SUI,0,1270001517.38,1270001517.38,0,0,0,0,1270001517.38
Apr 12 2024,SUI,0,1267571517.38,1267571517.38,0,0,0,0,1267571517.38
Apr 09 2024,SUI,0,1265141517.38,1265141517.38,0,0,0,0,1265141517.38
Apr 06 2024,SUI,0,1262711517.38,1262711517.38,0,0,0,0,1262711517.38
Apr 03 2024,SUI,0,1260281517.38,1260281517.38,0,0,0,0,1260281517.38
Mar 31 2024,SUI,$1.88,0,1223236132.77,0,0,0,0,1223236132.77
Mar 27 2024,SUI,$1.87,0,1215996132.77,0,0,0,0,1215996132.77
Mar 24 2024,SUI,$1.67,0,1213566132.77,0,0,0,0,1213566132.77
Mar 21 2024,SUI,$1.74,0,1211136132.77,0,0,0,0,1211136132.77
Mar 18 2024,SUI,$1.58,0,1208706132.77,0,0,0,0,1208706132.77
Mar 15 2024,SUI,$1.54,0,1206276132.77,0,0,0,0,1206276132.77
Mar 11 2024,SUI,$1.53,0,1203036132.77,0,0,0,0,1203036132.77
Mar 08 2024,SUI,$1.58,0,1200606132.77,0,0,0,0,1200606132.77
Mar 05 2024,SUI,$1.50,0,1198176132.77,0,0,0,0,1198176132.77
Mar 02 2024,SUI,$1.69,0,1161130748.15,0,0,0,0,1161130748.15
Feb 28 2024,SUI,$1.62,0,1154700748.15,0,0,0,0,1154700748.15
Feb 25 2024,SUI,$1.64,0,1152270748.15,0,0,0,0,1152270748.15
Feb 21 2024,SUI,$1.73,0,1149030748.15,0,0,0,0,1149030748.15
Feb 18 2024,SUI,$1.76,0,1146600748.15,0,0,0,0,1146600748.15
Feb 15 2024,SUI,$1.92,0,1144170748.15,0,0,0,0,1144170748.15
Feb 12 2024,SUI,$1.70,0,1141740748.15,0,0,0,0,1141740748.15
Feb 09 2024,SUI,$1.53,0,1139310748.15,0,0,0,0,1139310748.15
Feb 06 2024,SUI,$1.56,0,1136880748.15,0,0,0,0,1136880748.15
Feb 02 2024,SUI,$1.53,0,1099025363.54,0,0,0,0,1099025363.54
Jan 30 2024,SUI,$1.56,0,1092595363.54,0,0,0,0,1092595363.54
Jan 27 2024,SUI,$1.43,0,1090739113.54,0,0,0,0,1090739113.54
Jan 24 2024,SUI,$1.16,0,1087401613.54,0,0,0,0,1087401613.54
Jan 21 2024,SUI,$1.10,0,1084701613.54,0,0,0,0,1084701613.54
Jan 17 2024,SUI,$1.27,0,1081101613.54,0,0,0,0,1081101613.54
Jan 14 2024,SUI,$1.33,0,1078401613.54,0,0,0,0,1078401613.54
Jan 11 2024,SUI,$0.85,0,1075701613.54,0,0,0,0,1075701613.54
Jan 08 2024,SUI,$0.80,0,1073001613.54,0,0,0,0,1073001613.54
Jan 05 2024,SUI,$0.84,0,1070301613.54,0,0,0,0,1070301613.54
Jan 02 2024,SUI,$0.84,0,1032986228.92,0,0,0,0,1032986228.92
Dec 29 2023,SUI,$0.80,0,1025386228.92,0,0,0,0,1025386228.92
Dec 26 2023,SUI,$0.81,0,1022686228.92,0,0,0,0,1022686228.92
Dec 23 2023,SUI,$0.69,0,1019986228.92,0,0,0,0,1019986228.92
Dec 20 2023,SUI,$0.67,0,1017286228.92,0,0,0,0,1017286228.92
Dec 17 2023,SUI,$0.63,0,1014586228.92,0,0,0,0,1014586228.92
Dec 14 2023,SUI,$0.65,0,1011886228.92,0,0,0,0,1011886228.92
Dec 10 2023,SUI,$0.68,0,1008286228.92,0,0,0,0,1008286228.92
Dec 07 2023,SUI,$0.61,0,1005586228.92,0,0,0,0,1005586228.92
Dec 04 2023,SUI,$0.61,0,1002886228.92,0,0,0,0,1002886228.92
Dec 01 2023,SUI,$0.59,0,965570844.31,0,0,0,0,965570844.31
Nov 28 2023,SUI,$0.58,0,921370844.31,0,0,0,0,921370844.31
Nov 24 2023,SUI,$0.59,0,917770844.31,0,0,0,0,917770844.31
Nov 21 2023,SUI,$0.55,0,915070844.31,0,0,0,0,915070844.31
Nov 18 2023,SUI,$0.55,0,912370844.31,0,0,0,0,912370844.31
Nov 15 2023,SUI,$0.57,0,909670844.31,0,0,0,0,909670844.31
Nov 12 2023,SUI,$0.59,0,906970844.31,0,0,0,0,906970844.31
Nov 09 2023,SUI,$0.58,0,904270844.31,0,0,0,0,904270844.31
Nov 05 2023,SUI,$0.51,0,900670844.31,0,0,0,0,900670844.31
Nov 02 2023,SUI,$0.46,0,863355459.69,0,0,0,0,863355459.69
Oct 30 2023,SUI,$0.46,0,856655459.69,0,0,0,0,856655459.69
Oct 27 2023,SUI,$0.44,0,853684626.36,0,0,0,0,853684626.36
Oct 24 2023,SUI,$0.41,0,850684626.36,0,0,0,0,850684626.36
Oct 21 2023,SUI,$0.38,0,847684626.36,0,0,0,0,847684626.36
Oct 17 2023,SUI,$0.41,0,843684626.36,0,0,0,0,843684626.36
Oct 14 2023,SUI,$0.41,0,840684626.36,0,0,0,0,840684626.36
Oct 11 2023,SUI,$0.41,0,837684626.36,0,0,0,0,837684626.36
Oct 08 2023,SUI,$0.44,0,834684626.36,0,0,0,0,834684626.36
Oct 05 2023,SUI,$0.44,0,831684626.36,0,0,0,0,831684626.36
Oct 01 2023,SUI,$0.47,0,793069241.74,0,0,0,0,793069241.74
Sep 28 2023,SUI,$0.43,0,786069241.74,0,0,0,0,786069241.74
Sep 25 2023,SUI,$0.44,0,783069241.74,0,0,0,0,783069241.74
Sep 22 2023,SUI,$0.43,0,780069241.74,0,0,0,0,780069241.74
Sep 19 2023,SUI,$0.45,0,777069241.74,0,0,0,0,777069241.74
Sep 16 2023,SUI,$0.44,0,774069241.74,0,0,0,0,774069241.74
Sep 12 2023,SUI,$0.42,0,770069241.74,0,0,0,0,770069241.74
Sep 09 2023,SUI,$0.48,0,767069241.74,0,0,0,0,767069241.74
Sep 06 2023,SUI,$0.49,0,764069241.74,0,0,0,0,764069241.74
Sep 03 2023,SUI,$0.48,0,761069241.74,0,0,0,0,761069241.74
Aug 31 2023,SUI,$0.52,0,723453857.13,0,0,0,0,723453857.13
Aug 28 2023,SUI,$0.58,0,716453857.13,0,0,0,0,716453857.13
Aug 24 2023,SUI,$0.60,0,712453857.13,0,0,0,0,712453857.13
Aug 21 2023,SUI,$0.54,0,709453857.13,0,0,0,0,709453857.13
Aug 18 2023,SUI,$0.47,0,706453857.13,0,0,0,0,706453857.13
Aug 15 2023,SUI,$0.59,0,703453857.13,0,0,0,0,703453857.13
Aug 12 2023,SUI,$0.60,0,700453857.13,0,0,0,0,700453857.13
Aug 08 2023,SUI,$0.58,0,696453857.13,0,0,0,0,696453857.13
Aug 05 2023,SUI,$0.59,0,693453857.13,0,0,0,0,693453857.13
Aug 02 2023,SUI,$0.63,0,655838472.51,0,0,0,0,655838472.51
Jul 30 2023,SUI,$0.63,0,648648657.70,0,0,0,0,648648657.70
Jul 27 2023,SUI,$0.63,0,645315324.36,0,0,0,0,645315324.36
Jul 24 2023,SUI,$0.67,0,641981991.03,0,0,0,0,641981991.03
Jul 20 2023,SUI,$0.71,0,637537546.59,0,0,0,0,637537546.59
Jul 17 2023,SUI,$0.67,0,634204213.25,0,0,0,0,634204213.25
Jul 14 2023,SUI,$0.69,0,630870879.92,0,0,0,0,630870879.92
Jul 11 2023,SUI,$0.65,0,627537546.59,0,0,0,0,627537546.59
Jul 08 2023,SUI,$0.65,0,624204213.25,0,0,0,0,624204213.25
Jul 05 2023,SUI,$0.69,0,620870879.92,0,0,0,0,620870879.92
Jul 01 2023,SUI,$0.69,0,581811050.86,0,0,0,0,581811050.86
Jun 28 2023,SUI,$0.72,0,578477717.53,0,0,0,0,578477717.53
Jun 25 2023,SUI,$0.75,0,575144384.19,0,0,0,0,575144384.19
Jun 22 2023,SUI,$0.82,0,571811050.86,0,0,0,0,571811050.86
Jun 19 2023,SUI,$0.72,0,568477717.53,0,0,0,0,568477717.53
Jun 15 2023,SUI,$0.65,0,564033273.08,0,0,0,0,564033273.08
Jun 12 2023,SUI,$0.60,0,560699939.75,0,0,0,0,560699939.75
Jun 09 2023,SUI,$0.74,0,557366606.42,0,0,0,0,557366606.42
Jun 06 2023,SUI,$0.81,0,554033273.08,0,0,0,0,554033273.08
Jun 03 2023,SUI,$0.94,0,550699939.75,0,0,0,0,550699939.75
May 31 2023,SUI,$1.01,0,512751221.80,0,0,0,0,512751221.80
May 27 2023,SUI,$0.99,0,193606777.36,0,0,0,0,193606777.36
May 24 2023,SUI,$1.05,0,190273444.02,0,0,0,0,190273444.02
May 21 2023,SUI,$1.13,0,186940110.69,0,0,0,0,186940110.69
May 18 2023,SUI,$1.21,0,183606777.36,0,0,0,0,183606777.36
May 15 2023,SUI,$1.17,0,180273444.02,0,0,0,0,180273444.02
May 12 2023,SUI,$1.07,0,176940110.69,0,0,0,0,176940110.69
May 08 2023,SUI,$1.29,0,172495666.25,0,0,0,0,172495666.25
May 05 2023,SUI,$1.32,0,169162332.91,0,0,0,0,169162332.91
May 02 2023,SUI,0,0.00,0.00,0,0,0,0,0
